strategy,difficulty,comm_range,seed,outcome,success,wipeout,timeout,steps,survivors,rings_breached,messages_sent
lone_entry,low,4.0,10000,wipeout,0,1,0,18,0,4,0
lone_entry,low,4.0,10001,wipeout,0,1,0,37,0,2,0
lone_entry,low,4.0,10002,timeout,0,0,1,120,1,0,0
lone_entry,low,4.0,10003,wipeout,0,1,0,3,0,2,0
lone_entry,low,4.0,10004,wipeout,0,1,0,17,0,2,0
lone_entry,low,4.0,10005,wipeout,0,1,0,12,0,0,0
lone_entry,low,4.0,10006,timeout,0,0,1,120,1,2,0
lone_entry,low,4.0,10007,wipeout,0,1,0,34,0,2,0
lone_entry,low,4.0,10008,wipeout,0,1,0,12,0,0,0
lone_entry,low,4.0,10009,timeout,0,0,1,120,1,0,0
lone_entry,low,4.0,10010,wipeout,0,1,0,26,0,3,0
lone_entry,low,4.0,10011,wipeout,0,1,0,5,0,3,0
lone_entry,low,4.0,10012,wipeout,0,1,0,31,0,0,0
lone_entry,low,4.0,10013,wipeout,0,1,0,43,0,4,0
lone_entry,low,4.0,10014,wipeout,0,1,0,41,0,2,0
lone_entry,low,4.0,10015,wipeout,0,1,0,21,0,0,0
lone_entry,low,4.0,10016,wipeout,0,1,0,35,0,2,0
lone_entry,low,4.0,10017,timeout,0,0,1,120,1,2,0
lone_entry,low,4.0,10018,timeout,0,0,1,120,1,2,0
lone_entry,low,4.0,10019,wipeout,0,1,0,22,0,2,0
lone_entry,low,4.0,10020,wipeout,0,1,0,26,0,4,0
lone_entry,low,4.0,10021,timeout,0,0,1,120,1,0,0
lone_entry,low,4.0,10022,wipeout,0,1,0,23,0,3,0
lone_entry,low,4.0,10023,wipeout,0,1,0,9,0,0,0
lone_entry,low,4.0,10024,timeout,0,0,1,120,1,0,0
lone_entry,low,4.0,10025,wipeout,0,1,0,3,0,2,0
lone_entry,low,4.0,10026,wipeout,0,1,0,13,0,3,0
lone_entry,low,4.0,10027,wipeout,0,1,0,43,0,2,0
lone_entry,low,4.0,10028,timeout,0,0,1,120,1,0,0
lone_entry,low,4.0,10029,wipeout,0,1,0,17,0,3,0
lone_entry,low,4.0,10030,timeout,0,0,1,120,1,2,0
lone_entry,low,4.0,10031,wipeout,0,1,0,23,0,2,0
lone_entry,low,4.0,10032,wipeout,0,1,0,24,0,3,0
lone_entry,low,4.0,10033,wipeout,0,1,0,9,0,2,0
lone_entry,low,4.0,10034,wipeout,0,1,0,24,0,0,0
lone_entry,low,4.0,10035,wipeout,0,1,0,21,0,3,0
lone_entry,low,4.0,10036,wipeout,0,1,0,6,0,3,0
lone_entry,low,4.0,10037,wipeout,0,1,0,11,0,0,0
lone_entry,low,4.0,10038,timeout,0,0,1,120,1,2,0
lone_entry,low,4.0,10039,wipeout,0,1,0,16,0,0,0
lone_entry,low,4.0,10040,timeout,0,0,1,120,1,3,0
lone_entry,low,4.0,10041,wipeout,0,1,0,12,0,2,0
lone_entry,low,4.0,10042,wipeout,0,1,0,31,0,2,0
lone_entry,low,4.0,10043,wipeout,0,1,0,17,0,2,0
lone_entry,low,4.0,10044,wipeout,0,1,0,27,0,0,0
lone_entry,low,4.0,10045,wipeout,0,1,0,45,0,4,0
lone_entry,low,4.0,10046,timeout,0,0,1,120,1,0,0
lone_entry,low,4.0,10047,wipeout,0,1,0,28,0,4,0
lone_entry,low,4.0,10048,wipeout,0,1,0,32,0,3,0
lone_entry,low,4.0,10049,wipeout,0,1,0,15,0,4,0
lone_entry,low,4.0,10050,wipeout,0,1,0,17,0,3,0
lone_entry,low,4.0,10051,wipeout,0,1,0,14,0,0,0
lone_entry,low,4.0,10052,wipeout,0,1,0,44,0,4,0
lone_entry,low,4.0,10053,timeout,0,0,1,120,1,2,0
lone_entry,low,4.0,10054,timeout,0,0,1,120,1,0,0
lone_entry,low,4.0,10055,wipeout,0,1,0,6,0,3,0
lone_entry,low,4.0,10056,wipeout,0,1,0,22,0,3,0
lone_entry,low,4.0,10057,wipeout,0,1,0,6,0,2,0
lone_entry,low,4.0,10058,wipeout,0,1,0,56,0,3,0
lone_entry,low,4.0,10059,wipeout,0,1,0,14,0,2,0
lone_entry,low,4.0,10060,wipeout,0,1,0,41,0,3,0
lone_entry,low,4.0,10061,wipeout,0,1,0,16,0,2,0
lone_entry,low,4.0,10062,wipeout,0,1,0,18,0,2,0
lone_entry,low,4.0,10063,timeout,0,0,1,120,1,2,0
lone_entry,low,4.0,10064,wipeout,0,1,0,29,0,3,0
lone_entry,low,4.0,10065,timeout,0,0,1,120,1,0,0
lone_entry,low,4.0,10066,wipeout,0,1,0,36,0,3,0
lone_entry,low,4.0,10067,wipeout,0,1,0,20,0,0,0
lone_entry,low,4.0,10068,timeout,0,0,1,120,1,4,0
lone_entry,low,4.0,10069,wipeout,0,1,0,3,0,3,0
lone_entry,low,4.0,10070,wipeout,0,1,0,18,0,3,0
lone_entry,low,4.0,10071,wipeout,0,1,0,20,0,2,0
lone_entry,low,4.0,10072,timeout,0,0,1,120,1,4,0
lone_entry,low,4.0,10073,wipeout,0,1,0,8,0,2,0
lone_entry,low,4.0,10074,timeout,0,0,1,120,1,5,0
lone_entry,low,4.0,10075,wipeout,0,1,0,9,0,3,0
lone_entry,low,4.0,10076,wipeout,0,1,0,30,0,2,0
lone_entry,low,4.0,10077,wipeout,0,1,0,21,0,2,0
lone_entry,low,4.0,10078,timeout,0,0,1,120,1,2,0
lone_entry,low,4.0,10079,wipeout,0,1,0,9,0,2,0
lone_entry,low,4.0,10080,wipeout,0,1,0,10,0,2,0
lone_entry,low,4.0,10081,wipeout,0,1,0,6,0,3,0
lone_entry,low,4.0,10082,timeout,0,0,1,120,1,0,0
lone_entry,low,4.0,10083,wipeout,0,1,0,13,0,2,0
lone_entry,low,4.0,10084,wipeout,0,1,0,22,0,2,0
lone_entry,low,4.0,10085,wipeout,0,1,0,15,0,5,0
lone_entry,low,4.0,10086,timeout,0,0,1,120,1,0,0
lone_entry,low,4.0,10087,timeout,0,0,1,120,1,0,0
lone_entry,low,4.0,10088,wipeout,0,1,0,53,0,2,0
lone_entry,low,4.0,10089,timeout,0,0,1,120,1,0,0
lone_entry,low,4.0,10090,wipeout,0,1,0,16,0,3,0
lone_entry,low,4.0,10091,wipeout,0,1,0,42,0,6,0
lone_entry,low,4.0,10092,timeout,0,0,1,120,1,2,0
lone_entry,low,4.0,10093,wipeout,0,1,0,32,0,2,0
lone_entry,low,4.0,10094,wipeout,0,1,0,31,0,5,0
lone_entry,low,4.0,10095,wipeout,0,1,0,27,0,3,0
lone_entry,low,4.0,10096,wipeout,0,1,0,11,0,3,0
lone_entry,low,4.0,10097,wipeout,0,1,0,14,0,2,0
lone_entry,low,4.0,10098,wipeout,0,1,0,37,0,4,0
lone_entry,low,4.0,10099,wipeout,0,1,0,34,0,2,0
lone_entry,low,4.0,10100,wipeout,0,1,0,33,0,2,0
lone_entry,low,4.0,10101,wipeout,0,1,0,43,0,3,0
lone_entry,low,4.0,10102,wipeout,0,1,0,34,0,2,0
lone_entry,low,4.0,10103,timeout,0,0,1,120,1,3,0
lone_entry,low,4.0,10104,wipeout,0,1,0,29,0,2,0
lone_entry,low,4.0,10105,wipeout,0,1,0,32,0,2,0
lone_entry,low,4.0,10106,timeout,0,0,1,120,1,2,0
lone_entry,low,4.0,10107,wipeout,0,1,0,4,0,2,0
lone_entry,low,4.0,10108,wipeout,0,1,0,28,0,2,0
lone_entry,low,4.0,10109,timeout,0,0,1,120,1,2,0
lone_entry,low,4.0,10110,wipeout,0,1,0,3,0,2,0
lone_entry,low,4.0,10111,wipeout,0,1,0,14,0,3,0
lone_entry,low,4.0,10112,wipeout,0,1,0,5,0,2,0
lone_entry,low,4.0,10113,wipeout,0,1,0,14,0,4,0
lone_entry,low,4.0,10114,wipeout,0,1,0,37,0,4,0
lone_entry,low,4.0,10115,wipeout,0,1,0,13,0,0,0
lone_entry,low,4.0,10116,timeout,0,0,1,120,1,2,0
lone_entry,low,4.0,10117,wipeout,0,1,0,33,0,3,0
lone_entry,low,4.0,10118,wipeout,0,1,0,31,0,2,0
lone_entry,low,4.0,10119,wipeout,0,1,0,44,0,2,0
lone_entry,low,4.0,10120,wipeout,0,1,0,35,0,4,0
lone_entry,low,4.0,10121,timeout,0,0,1,120,1,0,0
lone_entry,low,4.0,10122,timeout,0,0,1,120,1,0,0
lone_entry,low,4.0,10123,wipeout,0,1,0,16,0,4,0
lone_entry,low,4.0,10124,wipeout,0,1,0,25,0,2,0
lone_entry,low,4.0,10125,timeout,0,0,1,120,1,4,0
lone_entry,low,4.0,10126,timeout,0,0,1,120,1,3,0
lone_entry,low,4.0,10127,timeout,0,0,1,120,1,2,0
lone_entry,low,4.0,10128,timeout,0,0,1,120,1,2,0
lone_entry,low,4.0,10129,wipeout,0,1,0,39,0,4,0
lone_entry,low,4.0,10130,wipeout,0,1,0,22,0,3,0
lone_entry,low,4.0,10131,wipeout,0,1,0,14,0,3,0
lone_entry,low,4.0,10132,wipeout,0,1,0,4,0,2,0
lone_entry,low,4.0,10133,wipeout,0,1,0,9,0,2,0
lone_entry,low,4.0,10134,wipeout,0,1,0,36,0,2,0
lone_entry,low,4.0,10135,wipeout,0,1,0,39,0,3,0
lone_entry,low,4.0,10136,wipeout,0,1,0,22,0,2,0
lone_entry,low,4.0,10137,wipeout,0,1,0,19,0,2,0
lone_entry,low,4.0,10138,wipeout,0,1,0,29,0,2,0
lone_entry,low,4.0,10139,wipeout,0,1,0,18,0,0,0
lone_entry,low,4.0,10140,wipeout,0,1,0,8,0,3,0
lone_entry,low,4.0,10141,wipeout,0,1,0,25,0,0,0
lone_entry,low,4.0,10142,timeout,0,0,1,120,1,4,0
lone_entry,low,4.0,10143,wipeout,0,1,0,22,0,0,0
lone_entry,low,4.0,10144,wipeout,0,1,0,43,0,3,0
lone_entry,low,4.0,10145,wipeout,0,1,0,22,0,3,0
lone_entry,low,4.0,10146,wipeout,0,1,0,17,0,2,0
lone_entry,low,4.0,10147,wipeout,0,1,0,16,0,0,0
lone_entry,low,4.0,10148,wipeout,0,1,0,15,0,3,0
lone_entry,low,4.0,10149,wipeout,0,1,0,70,0,6,0
lone_entry,low,4.0,10150,wipeout,0,1,0,39,0,4,0
lone_entry,low,4.0,10151,wipeout,0,1,0,7,0,3,0
lone_entry,low,4.0,10152,wipeout,0,1,0,24,0,0,0
lone_entry,low,4.0,10153,timeout,0,0,1,120,1,0,0
lone_entry,low,4.0,10154,wipeout,0,1,0,32,0,5,0
lone_entry,low,4.0,10155,wipeout,0,1,0,46,0,3,0
lone_entry,low,4.0,10156,wipeout,0,1,0,22,0,3,0
lone_entry,low,4.0,10157,wipeout,0,1,0,26,0,2,0
lone_entry,low,4.0,10158,wipeout,0,1,0,51,0,3,0
lone_entry,low,4.0,10159,wipeout,0,1,0,24,0,0,0
lone_entry,low,4.0,10160,timeout,0,0,1,120,1,2,0
lone_entry,low,4.0,10161,timeout,0,0,1,120,1,3,0
lone_entry,low,4.0,10162,wipeout,0,1,0,22,0,0,0
lone_entry,low,4.0,10163,wipeout,0,1,0,20,0,0,0
lone_entry,low,4.0,10164,wipeout,0,1,0,14,0,3,0
lone_entry,low,4.0,10165,wipeout,0,1,0,9,0,0,0
lone_entry,low,4.0,10166,wipeout,0,1,0,16,0,2,0
lone_entry,low,4.0,10167,wipeout,0,1,0,53,0,3,0
lone_entry,low,4.0,10168,wipeout,0,1,0,23,0,3,0
lone_entry,low,4.0,10169,timeout,0,0,1,120,1,0,0
lone_entry,low,4.0,10170,wipeout,0,1,0,19,0,3,0
lone_entry,low,4.0,10171,timeout,0,0,1,120,1,2,0
lone_entry,low,4.0,10172,timeout,0,0,1,120,1,0,0
lone_entry,low,4.0,10173,wipeout,0,1,0,10,0,2,0
lone_entry,low,4.0,10174,wipeout,0,1,0,15,0,2,0
lone_entry,low,4.0,10175,wipeout,0,1,0,33,0,4,0
lone_entry,low,4.0,10176,timeout,0,0,1,120,1,0,0
lone_entry,low,4.0,10177,wipeout,0,1,0,18,0,2,0
lone_entry,low,4.0,10178,wipeout,0,1,0,31,0,3,0
lone_entry,low,4.0,10179,timeout,0,0,1,120,1,2,0
lone_entry,low,4.0,10180,wipeout,0,1,0,17,0,0,0
lone_entry,low,4.0,10181,timeout,0,0,1,120,1,2,0
lone_entry,low,4.0,10182,timeout,0,0,1,120,1,2,0
lone_entry,low,4.0,10183,timeout,0,0,1,120,1,3,0
lone_entry,low,4.0,10184,wipeout,0,1,0,16,0,2,0
lone_entry,low,4.0,10185,timeout,0,0,1,120,1,3,0
lone_entry,low,4.0,10186,wipeout,0,1,0,17,0,0,0
lone_entry,low,4.0,10187,wipeout,0,1,0,41,0,6,0
lone_entry,low,4.0,10188,wipeout,0,1,0,12,0,3,0
lone_entry,low,4.0,10189,timeout,0,0,1,120,1,0,0
lone_entry,low,4.0,10190,timeout,0,0,1,120,1,0,0
lone_entry,low,4.0,10191,wipeout,0,1,0,9,0,3,0
lone_entry,low,4.0,10192,wipeout,0,1,0,46,0,3,0
lone_entry,low,4.0,10193,wipeout,0,1,0,55,0,4,0
lone_entry,low,4.0,10194,wipeout,0,1,0,50,0,7,0
lone_entry,low,4.0,10195,wipeout,0,1,0,6,0,3,0
lone_entry,low,4.0,10196,wipeout,0,1,0,33,0,3,0
lone_entry,low,4.0,10197,wipeout,0,1,0,11,0,2,0
lone_entry,low,4.0,10198,wipeout,0,1,0,23,0,2,0
lone_entry,low,4.0,10199,wipeout,0,1,0,4,0,2,0
lone_entry,low,4.0,10200,wipeout,0,1,0,37,0,5,0
lone_entry,low,4.0,10201,wipeout,0,1,0,13,0,2,0
lone_entry,low,4.0,10202,wipeout,0,1,0,25,0,0,0
lone_entry,low,4.0,10203,wipeout,0,1,0,8,0,3,0
lone_entry,low,4.0,10204,wipeout,0,1,0,23,0,2,0
lone_entry,low,4.0,10205,wipeout,0,1,0,22,0,0,0
lone_entry,low,4.0,10206,wipeout,0,1,0,21,0,0,0
lone_entry,low,4.0,10207,wipeout,0,1,0,10,0,2,0
lone_entry,low,4.0,10208,wipeout,0,1,0,18,0,4,0
lone_entry,low,4.0,10209,timeout,0,0,1,120,1,0,0
lone_entry,low,4.0,10210,wipeout,0,1,0,45,0,2,0
lone_entry,low,4.0,10211,timeout,0,0,1,120,1,0,0
lone_entry,low,4.0,10212,wipeout,0,1,0,20,0,4,0
lone_entry,low,4.0,10213,wipeout,0,1,0,24,0,2,0
lone_entry,low,4.0,10214,timeout,0,0,1,120,1,0,0
lone_entry,low,4.0,10215,wipeout,0,1,0,41,0,2,0
lone_entry,low,4.0,10216,wipeout,0,1,0,28,0,2,0
lone_entry,low,4.0,10217,timeout,0,0,1,120,1,0,0
lone_entry,low,4.0,10218,wipeout,0,1,0,21,0,2,0
lone_entry,low,4.0,10219,wipeout,0,1,0,44,0,3,0
lone_entry,low,4.0,10220,wipeout,0,1,0,18,0,0,0
lone_entry,low,4.0,10221,wipeout,0,1,0,13,0,0,0
lone_entry,low,4.0,10222,wipeout,0,1,0,8,0,2,0
lone_entry,low,4.0,10223,wipeout,0,1,0,4,0,2,0
lone_entry,low,4.0,10224,timeout,0,0,1,120,1,0,0
lone_entry,low,4.0,10225,wipeout,0,1,0,24,0,2,0
lone_entry,low,4.0,10226,wipeout,0,1,0,49,0,4,0
lone_entry,low,4.0,10227,timeout,0,0,1,120,1,2,0
lone_entry,low,4.0,10228,wipeout,0,1,0,14,0,0,0
lone_entry,low,4.0,10229,wipeout,0,1,0,32,0,3,0
lone_entry,low,4.0,10230,wipeout,0,1,0,27,0,6,0
lone_entry,low,4.0,10231,timeout,0,0,1,120,1,2,0
lone_entry,low,4.0,10232,wipeout,0,1,0,3,0,3,0
lone_entry,low,4.0,10233,wipeout,0,1,0,33,0,3,0
lone_entry,low,4.0,10234,timeout,0,0,1,120,1,3,0
lone_entry,low,4.0,10235,wipeout,0,1,0,36,0,2,0
lone_entry,low,4.0,10236,timeout,0,0,1,120,1,3,0
lone_entry,low,4.0,10237,wipeout,0,1,0,25,0,2,0
lone_entry,low,4.0,10238,wipeout,0,1,0,5,0,3,0
lone_entry,low,4.0,10239,wipeout,0,1,0,26,0,2,0
lone_entry,low,4.0,10240,timeout,0,0,1,120,1,2,0
lone_entry,low,4.0,10241,wipeout,0,1,0,39,0,4,0
lone_entry,low,4.0,10242,wipeout,0,1,0,15,0,2,0
lone_entry,low,4.0,10243,wipeout,0,1,0,51,0,5,0
lone_entry,low,4.0,10244,wipeout,0,1,0,11,0,4,0
lone_entry,low,4.0,10245,timeout,0,0,1,120,1,2,0
lone_entry,low,4.0,10246,wipeout,0,1,0,7,0,2,0
lone_entry,low,4.0,10247,wipeout,0,1,0,27,0,3,0
lone_entry,low,4.0,10248,wipeout,0,1,0,53,0,4,0
lone_entry,low,4.0,10249,wipeout,0,1,0,30,0,3,0
lone_entry,low,4.0,10250,wipeout,0,1,0,23,0,3,0
lone_entry,low,4.0,10251,timeout,0,0,1,120,1,3,0
lone_entry,low,4.0,10252,timeout,0,0,1,120,1,3,0
lone_entry,low,4.0,10253,wipeout,0,1,0,61,0,4,0
lone_entry,low,4.0,10254,timeout,0,0,1,120,1,0,0
lone_entry,low,4.0,10255,wipeout,0,1,0,15,0,0,0
lone_entry,low,4.0,10256,wipeout,0,1,0,28,0,3,0
lone_entry,low,4.0,10257,wipeout,0,1,0,21,0,0,0
lone_entry,low,4.0,10258,wipeout,0,1,0,24,0,2,0
lone_entry,low,4.0,10259,timeout,0,0,1,120,1,0,0
lone_entry,low,4.0,10260,wipeout,0,1,0,44,0,4,0
lone_entry,low,4.0,10261,wipeout,0,1,0,45,0,0,0
lone_entry,low,4.0,10262,wipeout,0,1,0,22,0,2,0
lone_entry,low,4.0,10263,wipeout,0,1,0,12,0,0,0
lone_entry,low,4.0,10264,wipeout,0,1,0,17,0,2,0
lone_entry,low,4.0,10265,wipeout,0,1,0,28,0,3,0
lone_entry,low,4.0,10266,timeout,0,0,1,120,1,0,0
lone_entry,low,4.0,10267,timeout,0,0,1,120,1,0,0
lone_entry,low,4.0,10268,wipeout,0,1,0,36,0,3,0
lone_entry,low,4.0,10269,wipeout,0,1,0,47,0,3,0
lone_entry,low,4.0,10270,timeout,0,0,1,120,1,0,0
lone_entry,low,4.0,10271,wipeout,0,1,0,41,0,3,0
lone_entry,low,4.0,10272,wipeout,0,1,0,21,0,2,0
lone_entry,low,4.0,10273,timeout,0,0,1,120,1,0,0
lone_entry,low,4.0,10274,timeout,0,0,1,120,1,2,0
lone_entry,low,4.0,10275,wipeout,0,1,0,73,0,5,0
lone_entry,low,4.0,10276,timeout,0,0,1,120,1,3,0
lone_entry,low,4.0,10277,timeout,0,0,1,120,1,0,0
lone_entry,low,4.0,10278,wipeout,0,1,0,25,0,2,0
lone_entry,low,4.0,10279,wipeout,0,1,0,22,0,0,0
lone_entry,low,4.0,10280,wipeout,0,1,0,27,0,4,0
lone_entry,low,4.0,10281,wipeout,0,1,0,46,0,5,0
lone_entry,low,4.0,10282,wipeout,0,1,0,17,0,3,0
lone_entry,low,4.0,10283,wipeout,0,1,0,16,0,0,0
lone_entry,low,4.0,10284,wipeout,0,1,0,12,0,0,0
lone_entry,low,4.0,10285,wipeout,0,1,0,41,0,4,0
lone_entry,low,4.0,10286,wipeout,0,1,0,46,0,5,0
lone_entry,low,4.0,10287,wipeout,0,1,0,38,0,2,0
lone_entry,low,4.0,10288,wipeout,0,1,0,14,0,2,0
lone_entry,low,4.0,10289,wipeout,0,1,0,34,0,2,0
lone_entry,low,4.0,10290,wipeout,0,1,0,35,0,2,0
lone_entry,low,4.0,10291,wipeout,0,1,0,9,0,3,0
lone_entry,low,4.0,10292,wipeout,0,1,0,16,0,3,0
lone_entry,low,4.0,10293,wipeout,0,1,0,39,0,3,0
lone_entry,low,4.0,10294,wipeout,0,1,0,15,0,3,0
lone_entry,low,4.0,10295,wipeout,0,1,0,30,0,4,0
lone_entry,low,4.0,10296,wipeout,0,1,0,16,0,0,0
lone_entry,low,4.0,10297,wipeout,0,1,0,17,0,2,0
lone_entry,low,4.0,10298,wipeout,0,1,0,6,0,2,0
lone_entry,low,4.0,10299,wipeout,0,1,0,27,0,3,0
lone_entry,low,4.0,10300,wipeout,0,1,0,7,0,3,0
lone_entry,low,4.0,10301,wipeout,0,1,0,15,0,0,0
lone_entry,low,4.0,10302,wipeout,0,1,0,30,0,2,0
lone_entry,low,4.0,10303,timeout,0,0,1,120,1,3,0
lone_entry,low,4.0,10304,wipeout,0,1,0,21,0,2,0
lone_entry,low,4.0,10305,timeout,0,0,1,120,1,2,0
lone_entry,low,4.0,10306,wipeout,0,1,0,17,0,0,0
lone_entry,low,4.0,10307,wipeout,0,1,0,42,0,3,0
lone_entry,low,4.0,10308,timeout,0,0,1,120,1,0,0
lone_entry,low,4.0,10309,wipeout,0,1,0,7,0,2,0
lone_entry,low,4.0,10310,timeout,0,0,1,120,1,2,0
lone_entry,low,4.0,10311,wipeout,0,1,0,15,0,0,0
lone_entry,low,4.0,10312,timeout,0,0,1,120,1,2,0
lone_entry,low,4.0,10313,wipeout,0,1,0,40,0,4,0
lone_entry,low,4.0,10314,wipeout,0,1,0,32,0,2,0
lone_entry,low,4.0,10315,wipeout,0,1,0,10,0,2,0
lone_entry,low,4.0,10316,timeout,0,0,1,120,1,0,0
lone_entry,low,4.0,10317,wipeout,0,1,0,11,0,2,0
lone_entry,low,4.0,10318,wipeout,0,1,0,19,0,3,0
lone_entry,low,4.0,10319,wipeout,0,1,0,26,0,0,0
lone_entry,low,4.0,10320,wipeout,0,1,0,28,0,4,0
lone_entry,low,4.0,10321,timeout,0,0,1,120,1,3,0
lone_entry,low,4.0,10322,wipeout,0,1,0,29,0,2,0
lone_entry,low,4.0,10323,timeout,0,0,1,120,1,0,0
lone_entry,low,4.0,10324,timeout,0,0,1,120,1,0,0
lone_entry,low,4.0,10325,timeout,0,0,1,120,1,3,0
lone_entry,low,4.0,10326,wipeout,0,1,0,17,0,3,0
lone_entry,low,4.0,10327,wipeout,0,1,0,33,0,2,0
lone_entry,low,4.0,10328,wipeout,0,1,0,17,0,4,0
lone_entry,low,4.0,10329,wipeout,0,1,0,10,0,2,0
lone_entry,low,4.0,10330,wipeout,0,1,0,41,0,2,0
lone_entry,low,4.0,10331,timeout,0,0,1,120,1,0,0
lone_entry,low,4.0,10332,wipeout,0,1,0,5,0,2,0
lone_entry,low,4.0,10333,wipeout,0,1,0,43,0,2,0
lone_entry,low,4.0,10334,wipeout,0,1,0,16,0,3,0
lone_entry,low,4.0,10335,timeout,0,0,1,120,1,2,0
lone_entry,low,4.0,10336,wipeout,0,1,0,27,0,2,0
lone_entry,low,4.0,10337,wipeout,0,1,0,9,0,3,0
lone_entry,low,4.0,10338,wipeout,0,1,0,14,0,2,0
lone_entry,low,4.0,10339,timeout,0,0,1,120,1,2,0
lone_entry,low,4.0,10340,timeout,0,0,1,120,1,0,0
lone_entry,low,4.0,10341,timeout,0,0,1,120,1,2,0
lone_entry,low,4.0,10342,wipeout,0,1,0,16,0,4,0
lone_entry,low,4.0,10343,timeout,0,0,1,120,1,2,0
lone_entry,low,4.0,10344,wipeout,0,1,0,41,0,2,0
lone_entry,low,4.0,10345,wipeout,0,1,0,26,0,0,0
lone_entry,low,4.0,10346,wipeout,0,1,0,4,0,2,0
lone_entry,low,4.0,10347,wipeout,0,1,0,10,0,2,0
lone_entry,low,4.0,10348,wipeout,0,1,0,11,0,0,0
lone_entry,low,4.0,10349,wipeout,0,1,0,16,0,2,0
lone_entry,low,4.0,10350,wipeout,0,1,0,11,0,2,0
lone_entry,low,4.0,10351,wipeout,0,1,0,15,0,3,0
lone_entry,low,4.0,10352,wipeout,0,1,0,27,0,5,0
lone_entry,low,4.0,10353,wipeout,0,1,0,44,0,4,0
lone_entry,low,4.0,10354,wipeout,0,1,0,25,0,4,0
lone_entry,low,4.0,10355,timeout,0,0,1,120,1,2,0
lone_entry,low,4.0,10356,wipeout,0,1,0,9,0,0,0
lone_entry,low,4.0,10357,timeout,0,0,1,120,1,2,0
lone_entry,low,4.0,10358,timeout,0,0,1,120,1,0,0
lone_entry,low,4.0,10359,wipeout,0,1,0,47,0,5,0
lone_entry,low,4.0,10360,timeout,0,0,1,120,1,2,0
lone_entry,low,4.0,10361,timeout,0,0,1,120,1,2,0
lone_entry,low,4.0,10362,wipeout,0,1,0,54,0,4,0
lone_entry,low,4.0,10363,timeout,0,0,1,120,1,2,0
lone_entry,low,4.0,10364,timeout,0,0,1,120,1,0,0
lone_entry,low,4.0,10365,wipeout,0,1,0,23,0,3,0
lone_entry,low,4.0,10366,wipeout,0,1,0,13,0,0,0
lone_entry,low,4.0,10367,timeout,0,0,1,120,1,0,0
lone_entry,low,4.0,10368,wipeout,0,1,0,18,0,0,0
lone_entry,low,4.0,10369,wipeout,0,1,0,30,0,4,0
lone_entry,low,4.0,10370,wipeout,0,1,0,42,0,2,0
lone_entry,low,4.0,10371,wipeout,0,1,0,38,0,3,0
lone_entry,low,4.0,10372,wipeout,0,1,0,18,0,2,0
lone_entry,low,4.0,10373,wipeout,0,1,0,9,0,3,0
lone_entry,low,4.0,10374,timeout,0,0,1,120,1,2,0
lone_entry,low,4.0,10375,timeout,0,0,1,120,1,2,0
lone_entry,low,4.0,10376,wipeout,0,1,0,10,0,0,0
lone_entry,low,4.0,10377,wipeout,0,1,0,12,0,2,0
lone_entry,low,4.0,10378,wipeout,0,1,0,15,0,2,0
lone_entry,low,4.0,10379,wipeout,0,1,0,5,0,3,0
lone_entry,low,4.0,10380,timeout,0,0,1,120,1,0,0
lone_entry,low,4.0,10381,wipeout,0,1,0,58,0,4,0
lone_entry,low,4.0,10382,wipeout,0,1,0,50,0,4,0
lone_entry,low,4.0,10383,wipeout,0,1,0,25,0,2,0
lone_entry,low,4.0,10384,wipeout,0,1,0,17,0,2,0
lone_entry,low,4.0,10385,wipeout,0,1,0,6,0,3,0
lone_entry,low,4.0,10386,wipeout,0,1,0,11,0,2,0
lone_entry,low,4.0,10387,wipeout,0,1,0,17,0,2,0
lone_entry,low,4.0,10388,timeout,0,0,1,120,1,0,0
lone_entry,low,4.0,10389,timeout,0,0,1,120,1,0,0
lone_entry,low,4.0,10390,wipeout,0,1,0,18,0,3,0
lone_entry,low,4.0,10391,wipeout,0,1,0,7,0,2,0
lone_entry,low,4.0,10392,timeout,0,0,1,120,1,3,0
lone_entry,low,4.0,10393,wipeout,0,1,0,8,0,2,0
lone_entry,low,4.0,10394,wipeout,0,1,0,13,0,0,0
lone_entry,low,4.0,10395,timeout,0,0,1,120,1,0,0
lone_entry,low,4.0,10396,wipeout,0,1,0,48,0,3,0
lone_entry,low,4.0,10397,wipeout,0,1,0,7,0,2,0
lone_entry,low,4.0,10398,timeout,0,0,1,120,1,4,0
lone_entry,low,4.0,10399,wipeout,0,1,0,31,0,0,0
lone_entry,low,4.0,10400,wipeout,0,1,0,14,0,2,0
lone_entry,low,4.0,10401,wipeout,0,1,0,26,0,3,0
lone_entry,low,4.0,10402,wipeout,0,1,0,12,0,0,0
lone_entry,low,4.0,10403,timeout,0,0,1,120,1,2,0
lone_entry,low,4.0,10404,timeout,0,0,1,120,1,2,0
lone_entry,low,4.0,10405,wipeout,0,1,0,8,0,3,0
lone_entry,low,4.0,10406,timeout,0,0,1,120,1,3,0
lone_entry,low,4.0,10407,wipeout,0,1,0,34,0,2,0
lone_entry,low,4.0,10408,wipeout,0,1,0,13,0,4,0
lone_entry,low,4.0,10409,wipeout,0,1,0,13,0,0,0
lone_entry,low,4.0,10410,wipeout,0,1,0,20,0,0,0
lone_entry,low,4.0,10411,timeout,0,0,1,120,1,0,0
lone_entry,low,4.0,10412,wipeout,0,1,0,52,0,5,0
lone_entry,low,4.0,10413,wipeout,0,1,0,4,0,2,0
lone_entry,low,4.0,10414,wipeout,0,1,0,4,0,3,0
lone_entry,low,4.0,10415,wipeout,0,1,0,43,0,6,0
lone_entry,low,4.0,10416,wipeout,0,1,0,33,0,0,0
lone_entry,low,4.0,10417,timeout,0,0,1,120,1,3,0
lone_entry,low,4.0,10418,timeout,0,0,1,120,1,0,0
lone_entry,low,4.0,10419,wipeout,0,1,0,18,0,2,0
lone_entry,low,4.0,10420,wipeout,0,1,0,6,0,2,0
lone_entry,low,4.0,10421,timeout,0,0,1,120,1,3,0
lone_entry,low,4.0,10422,wipeout,0,1,0,13,0,2,0
lone_entry,low,4.0,10423,wipeout,0,1,0,20,0,3,0
lone_entry,low,4.0,10424,wipeout,0,1,0,24,0,3,0
lone_entry,low,4.0,10425,wipeout,0,1,0,9,0,2,0
lone_entry,low,4.0,10426,timeout,0,0,1,120,1,3,0
lone_entry,low,4.0,10427,timeout,0,0,1,120,1,2,0
lone_entry,low,4.0,10428,wipeout,0,1,0,6,0,2,0
lone_entry,low,4.0,10429,timeout,0,0,1,120,1,0,0
lone_entry,low,4.0,10430,wipeout,0,1,0,3,0,2,0
lone_entry,low,4.0,10431,wipeout,0,1,0,29,0,2,0
lone_entry,low,4.0,10432,wipeout,0,1,0,34,0,6,0
lone_entry,low,4.0,10433,timeout,0,0,1,120,1,3,0
lone_entry,low,4.0,10434,timeout,0,0,1,120,1,0,0
lone_entry,low,4.0,10435,wipeout,0,1,0,22,0,0,0
lone_entry,low,4.0,10436,wipeout,0,1,0,14,0,2,0
lone_entry,low,4.0,10437,wipeout,0,1,0,24,0,2,0
lone_entry,low,4.0,10438,wipeout,0,1,0,29,0,3,0
lone_entry,low,4.0,10439,wipeout,0,1,0,10,0,0,0
lone_entry,low,4.0,10440,wipeout,0,1,0,15,0,2,0
lone_entry,low,4.0,10441,timeout,0,0,1,120,1,0,0
lone_entry,low,4.0,10442,timeout,0,0,1,120,1,2,0
lone_entry,low,4.0,10443,wipeout,0,1,0,39,0,5,0
lone_entry,low,4.0,10444,timeout,0,0,1,120,1,0,0
lone_entry,low,4.0,10445,timeout,0,0,1,120,1,2,0
lone_entry,low,4.0,10446,timeout,0,0,1,120,1,2,0
lone_entry,low,4.0,10447,timeout,0,0,1,120,1,0,0
lone_entry,low,4.0,10448,wipeout,0,1,0,25,0,7,0
lone_entry,low,4.0,10449,wipeout,0,1,0,9,0,2,0
lone_entry,low,4.0,10450,wipeout,0,1,0,26,0,4,0
lone_entry,low,4.0,10451,wipeout,0,1,0,42,0,5,0
lone_entry,low,4.0,10452,timeout,0,0,1,120,1,0,0
lone_entry,low,4.0,10453,wipeout,0,1,0,6,0,2,0
lone_entry,low,4.0,10454,wipeout,0,1,0,7,0,3,0
lone_entry,low,4.0,10455,wipeout,0,1,0,22,0,2,0
lone_entry,low,4.0,10456,timeout,0,0,1,120,1,2,0
lone_entry,low,4.0,10457,wipeout,0,1,0,9,0,0,0
lone_entry,low,4.0,10458,timeout,0,0,1,120,1,0,0
lone_entry,low,4.0,10459,wipeout,0,1,0,46,0,3,0
lone_entry,low,4.0,10460,wipeout,0,1,0,17,0,2,0
lone_entry,low,4.0,10461,timeout,0,0,1,120,1,3,0
lone_entry,low,4.0,10462,wipeout,0,1,0,13,0,0,0
lone_entry,low,4.0,10463,timeout,0,0,1,120,1,0,0
lone_entry,low,4.0,10464,wipeout,0,1,0,47,0,4,0
lone_entry,low,4.0,10465,timeout,0,0,1,120,1,0,0
lone_entry,low,4.0,10466,wipeout,0,1,0,11,0,0,0
lone_entry,low,4.0,10467,wipeout,0,1,0,4,0,2,0
lone_entry,low,4.0,10468,wipeout,0,1,0,9,0,3,0
lone_entry,low,4.0,10469,wipeout,0,1,0,15,0,0,0
lone_entry,low,4.0,10470,wipeout,0,1,0,23,0,4,0
lone_entry,low,4.0,10471,wipeout,0,1,0,46,0,3,0
lone_entry,low,4.0,10472,wipeout,0,1,0,9,0,2,0
lone_entry,low,4.0,10473,wipeout,0,1,0,27,0,0,0
lone_entry,low,4.0,10474,timeout,0,0,1,120,1,2,0
lone_entry,low,4.0,10475,wipeout,0,1,0,42,0,2,0
lone_entry,low,4.0,10476,wipeout,0,1,0,8,0,2,0
lone_entry,low,4.0,10477,timeout,0,0,1,120,1,3,0
lone_entry,low,4.0,10478,wipeout,0,1,0,30,0,2,0
lone_entry,low,4.0,10479,wipeout,0,1,0,18,0,2,0
lone_entry,low,4.0,10480,wipeout,0,1,0,11,0,0,0
lone_entry,low,4.0,10481,wipeout,0,1,0,16,0,0,0
lone_entry,low,4.0,10482,timeout,0,0,1,120,1,0,0
lone_entry,low,4.0,10483,timeout,0,0,1,120,1,0,0
lone_entry,low,4.0,10484,timeout,0,0,1,120,1,0,0
lone_entry,low,4.0,10485,timeout,0,0,1,120,1,0,0
lone_entry,low,4.0,10486,wipeout,0,1,0,9,0,3,0
lone_entry,low,4.0,10487,wipeout,0,1,0,21,0,0,0
lone_entry,low,4.0,10488,wipeout,0,1,0,55,0,4,0
lone_entry,low,4.0,10489,timeout,0,0,1,120,1,2,0
lone_entry,low,4.0,10490,wipeout,0,1,0,50,0,5,0
lone_entry,low,4.0,10491,wipeout,0,1,0,26,0,4,0
lone_entry,low,4.0,10492,wipeout,0,1,0,30,0,2,0
lone_entry,low,4.0,10493,wipeout,0,1,0,25,0,3,0
lone_entry,low,4.0,10494,wipeout,0,1,0,16,0,3,0
lone_entry,low,4.0,10495,wipeout,0,1,0,11,0,0,0
lone_entry,low,4.0,10496,wipeout,0,1,0,24,0,2,0
lone_entry,low,4.0,10497,wipeout,0,1,0,21,0,2,0
lone_entry,low,4.0,10498,wipeout,0,1,0,31,0,4,0
lone_entry,low,4.0,10499,timeout,0,0,1,120,1,2,0
blind_follow,low,4.0,10000,wipeout,0,1,0,26,0,5,0
blind_follow,low,4.0,10001,timeout,0,0,1,120,4,2,0
blind_follow,low,4.0,10002,timeout,0,0,1,120,5,0,0
blind_follow,low,4.0,10003,wipeout,0,1,0,13,0,3,0
blind_follow,low,4.0,10004,timeout,0,0,1,120,1,4,0
blind_follow,low,4.0,10005,timeout,0,0,1,120,3,3,0
blind_follow,low,4.0,10006,timeout,0,0,1,120,4,2,0
blind_follow,low,4.0,10007,timeout,0,0,1,120,4,2,0
blind_follow,low,4.0,10008,timeout,0,0,1,120,3,0,0
blind_follow,low,4.0,10009,timeout,0,0,1,120,5,0,0
blind_follow,low,4.0,10010,timeout,0,0,1,120,3,3,0
blind_follow,low,4.0,10011,timeout,0,0,1,120,2,4,0
blind_follow,low,4.0,10012,timeout,0,0,1,120,4,0,0
blind_follow,low,4.0,10013,timeout,0,0,1,120,2,4,0
blind_follow,low,4.0,10014,timeout,0,0,1,120,3,3,0
blind_follow,low,4.0,10015,timeout,0,0,1,120,1,2,0
blind_follow,low,4.0,10016,timeout,0,0,1,120,4,2,0
blind_follow,low,4.0,10017,timeout,0,0,1,120,5,2,0
blind_follow,low,4.0,10018,timeout,0,0,1,120,5,2,0
blind_follow,low,4.0,10019,timeout,0,0,1,120,4,2,0
blind_follow,low,4.0,10020,timeout,0,0,1,120,4,4,0
blind_follow,low,4.0,10021,timeout,0,0,1,120,4,0,0
blind_follow,low,4.0,10022,timeout,0,0,1,120,2,3,0
blind_follow,low,4.0,10023,timeout,0,0,1,120,4,0,0
blind_follow,low,4.0,10024,timeout,0,0,1,120,5,0,0
blind_follow,low,4.0,10025,timeout,0,0,1,120,2,2,0
blind_follow,low,4.0,10026,timeout,0,0,1,120,2,3,0
blind_follow,low,4.0,10027,timeout,0,0,1,120,4,2,0
blind_follow,low,4.0,10028,timeout,0,0,1,120,5,0,0
blind_follow,low,4.0,10029,timeout,0,0,1,120,5,4,0
blind_follow,low,4.0,10030,timeout,0,0,1,120,5,2,0
blind_follow,low,4.0,10031,timeout,0,0,1,120,2,3,0
blind_follow,low,4.0,10032,timeout,0,0,1,120,3,4,0
blind_follow,low,4.0,10033,timeout,0,0,1,120,3,3,0
blind_follow,low,4.0,10034,timeout,0,0,1,120,4,4,0
blind_follow,low,4.0,10035,timeout,0,0,1,120,4,3,0
blind_follow,low,4.0,10036,timeout,0,0,1,120,2,3,0
blind_follow,low,4.0,10037,timeout,0,0,1,120,3,2,0
blind_follow,low,4.0,10038,timeout,0,0,1,120,3,2,0
blind_follow,low,4.0,10039,timeout,0,0,1,120,3,3,0
blind_follow,low,4.0,10040,timeout,0,0,1,120,5,3,0
blind_follow,low,4.0,10041,timeout,0,0,1,120,3,2,0
blind_follow,low,4.0,10042,timeout,0,0,1,120,2,2,0
blind_follow,low,4.0,10043,timeout,0,0,1,120,2,3,0
blind_follow,low,4.0,10044,timeout,0,0,1,120,4,0,0
blind_follow,low,4.0,10045,timeout,0,0,1,120,4,4,0
blind_follow,low,4.0,10046,timeout,0,0,1,120,4,0,0
blind_follow,low,4.0,10047,timeout,0,0,1,120,4,4,0
blind_follow,low,4.0,10048,timeout,0,0,1,120,3,3,0
blind_follow,low,4.0,10049,timeout,0,0,1,120,4,4,0
blind_follow,low,4.0,10050,wipeout,0,1,0,44,0,6,0
blind_follow,low,4.0,10051,timeout,0,0,1,120,4,0,0
blind_follow,low,4.0,10052,timeout,0,0,1,120,4,4,0
blind_follow,low,4.0,10053,timeout,0,0,1,120,5,2,0
blind_follow,low,4.0,10054,timeout,0,0,1,120,5,0,0
blind_follow,low,4.0,10055,timeout,0,0,1,120,2,4,0
blind_follow,low,4.0,10056,timeout,0,0,1,120,2,5,0
blind_follow,low,4.0,10057,timeout,0,0,1,120,5,3,0
blind_follow,low,4.0,10058,timeout,0,0,1,120,4,3,0
blind_follow,low,4.0,10059,timeout,0,0,1,120,4,2,0
blind_follow,low,4.0,10060,timeout,0,0,1,120,4,3,0
blind_follow,low,4.0,10061,timeout,0,0,1,120,1,3,0
blind_follow,low,4.0,10062,timeout,0,0,1,120,4,2,0
blind_follow,low,4.0,10063,timeout,0,0,1,120,4,2,0
blind_follow,low,4.0,10064,timeout,0,0,1,120,3,3,0
blind_follow,low,4.0,10065,timeout,0,0,1,120,4,0,0
blind_follow,low,4.0,10066,timeout,0,0,1,120,4,3,0
blind_follow,low,4.0,10067,timeout,0,0,1,120,5,4,0
blind_follow,low,4.0,10068,timeout,0,0,1,120,5,4,0
blind_follow,low,4.0,10069,timeout,0,0,1,120,2,3,0
blind_follow,low,4.0,10070,timeout,0,0,1,120,3,4,0
blind_follow,low,4.0,10071,timeout,0,0,1,120,3,3,0
blind_follow,low,4.0,10072,timeout,0,0,1,120,5,4,0
blind_follow,low,4.0,10073,timeout,0,0,1,120,4,2,0
blind_follow,low,4.0,10074,timeout,0,0,1,120,4,5,0
blind_follow,low,4.0,10075,wipeout,0,1,0,31,0,3,0
blind_follow,low,4.0,10076,timeout,0,0,1,120,1,3,0
blind_follow,low,4.0,10077,timeout,0,0,1,120,1,3,0
blind_follow,low,4.0,10078,timeout,0,0,1,120,5,2,0
blind_follow,low,4.0,10079,timeout,0,0,1,120,2,4,0
blind_follow,low,4.0,10080,timeout,0,0,1,120,4,2,0
blind_follow,low,4.0,10081,wipeout,0,1,0,10,0,3,0
blind_follow,low,4.0,10082,timeout,0,0,1,120,5,0,0
blind_follow,low,4.0,10083,wipeout,0,1,0,29,0,4,0
blind_follow,low,4.0,10084,timeout,0,0,1,120,2,2,0
blind_follow,low,4.0,10085,timeout,0,0,1,120,2,5,0
blind_follow,low,4.0,10086,timeout,0,0,1,120,4,0,0
blind_follow,low,4.0,10087,timeout,0,0,1,120,5,0,0
blind_follow,low,4.0,10088,timeout,0,0,1,120,4,2,0
blind_follow,low,4.0,10089,timeout,0,0,1,120,5,0,0
blind_follow,low,4.0,10090,timeout,0,0,1,120,2,4,0
blind_follow,low,4.0,10091,timeout,0,0,1,120,4,6,0
blind_follow,low,4.0,10092,timeout,0,0,1,120,4,2,0
blind_follow,low,4.0,10093,timeout,0,0,1,120,2,4,0
blind_follow,low,4.0,10094,timeout,0,0,1,120,2,6,0
blind_follow,low,4.0,10095,timeout,0,0,1,120,3,5,0
blind_follow,low,4.0,10096,timeout,0,0,1,120,2,4,0
blind_follow,low,4.0,10097,timeout,0,0,1,120,4,2,0
blind_follow,low,4.0,10098,timeout,0,0,1,120,4,4,0
blind_follow,low,4.0,10099,timeout,0,0,1,120,4,2,0
blind_follow,low,4.0,10100,timeout,0,0,1,120,4,2,0
blind_follow,low,4.0,10101,timeout,0,0,1,120,2,3,0
blind_follow,low,4.0,10102,timeout,0,0,1,120,4,2,0
blind_follow,low,4.0,10103,timeout,0,0,1,120,5,3,0
blind_follow,low,4.0,10104,timeout,0,0,1,120,4,2,0
blind_follow,low,4.0,10105,timeout,0,0,1,120,3,3,0
blind_follow,low,4.0,10106,timeout,0,0,1,120,4,2,0
blind_follow,low,4.0,10107,timeout,0,0,1,120,1,3,0
blind_follow,low,4.0,10108,timeout,0,0,1,120,4,2,0
blind_follow,low,4.0,10109,timeout,0,0,1,120,4,2,0
blind_follow,low,4.0,10110,wipeout,0,1,0,15,0,3,0
blind_follow,low,4.0,10111,timeout,0,0,1,120,2,5,0
blind_follow,low,4.0,10112,timeout,0,0,1,120,1,4,0
blind_follow,low,4.0,10113,timeout,0,0,1,120,2,4,0
blind_follow,low,4.0,10114,timeout,0,0,1,120,4,4,0
blind_follow,low,4.0,10115,timeout,0,0,1,120,5,2,0
blind_follow,low,4.0,10116,timeout,0,0,1,120,5,2,0
blind_follow,low,4.0,10117,timeout,0,0,1,120,1,5,0
blind_follow,low,4.0,10118,timeout,0,0,1,120,4,2,0
blind_follow,low,4.0,10119,timeout,0,0,1,120,1,2,0
blind_follow,low,4.0,10120,timeout,0,0,1,120,2,4,0
blind_follow,low,4.0,10121,timeout,0,0,1,120,3,0,0
blind_follow,low,4.0,10122,timeout,0,0,1,120,5,0,0
blind_follow,low,4.0,10123,timeout,0,0,1,120,1,4,0
blind_follow,low,4.0,10124,timeout,0,0,1,120,2,3,0
blind_follow,low,4.0,10125,timeout,0,0,1,120,5,4,0
blind_follow,low,4.0,10126,timeout,0,0,1,120,5,3,0
blind_follow,low,4.0,10127,timeout,0,0,1,120,5,2,0
blind_follow,low,4.0,10128,timeout,0,0,1,120,5,2,0
blind_follow,low,4.0,10129,timeout,0,0,1,120,5,4,0
blind_follow,low,4.0,10130,timeout,0,0,1,120,3,3,0
blind_follow,low,4.0,10131,timeout,0,0,1,120,1,3,0
blind_follow,low,4.0,10132,timeout,0,0,1,120,2,4,0
blind_follow,low,4.0,10133,timeout,0,0,1,120,2,2,0
blind_follow,low,4.0,10134,timeout,0,0,1,120,4,2,0
blind_follow,low,4.0,10135,timeout,0,0,1,120,2,4,0
blind_follow,low,4.0,10136,timeout,0,0,1,120,2,2,0
blind_follow,low,4.0,10137,timeout,0,0,1,120,4,2,0
blind_follow,low,4.0,10138,timeout,0,0,1,120,4,2,0
blind_follow,low,4.0,10139,timeout,0,0,1,120,2,3,0
blind_follow,low,4.0,10140,timeout,0,0,1,120,2,3,0
blind_follow,low,4.0,10141,timeout,0,0,1,120,4,0,0
blind_follow,low,4.0,10142,timeout,0,0,1,120,5,4,0
blind_follow,low,4.0,10143,timeout,0,0,1,120,4,0,0
blind_follow,low,4.0,10144,timeout,0,0,1,120,4,3,0
blind_follow,low,4.0,10145,wipeout,0,1,0,33,0,3,0
blind_follow,low,4.0,10146,wipeout,0,1,0,28,0,3,0
blind_follow,low,4.0,10147,timeout,0,0,1,120,3,2,0
blind_follow,low,4.0,10148,wipeout,0,1,0,40,0,5,0
blind_follow,low,4.0,10149,timeout,0,0,1,120,2,6,0
blind_follow,low,4.0,10150,timeout,0,0,1,120,4,4,0
blind_follow,low,4.0,10151,timeout,0,0,1,120,2,4,0
blind_follow,low,4.0,10152,timeout,0,0,1,120,4,0,0
blind_follow,low,4.0,10153,timeout,0,0,1,120,5,0,0
blind_follow,low,4.0,10154,timeout,0,0,1,120,2,5,0
blind_follow,low,4.0,10155,timeout,0,0,1,120,2,4,0
blind_follow,low,4.0,10156,timeout,0,0,1,120,2,5,0
blind_follow,low,4.0,10157,timeout,0,0,1,120,4,2,0
blind_follow,low,4.0,10158,timeout,0,0,1,120,4,3,0
blind_follow,low,4.0,10159,timeout,0,0,1,120,2,4,0
blind_follow,low,4.0,10160,timeout,0,0,1,120,5,2,0
blind_follow,low,4.0,10161,timeout,0,0,1,120,5,3,0
blind_follow,low,4.0,10162,timeout,0,0,1,120,1,2,0
blind_follow,low,4.0,10163,timeout,0,0,1,120,3,3,0
blind_follow,low,4.0,10164,timeout,0,0,1,120,4,3,0
blind_follow,low,4.0,10165,timeout,0,0,1,120,4,0,0
blind_follow,low,4.0,10166,timeout,0,0,1,120,3,2,0
blind_follow,low,4.0,10167,timeout,0,0,1,120,3,6,0
blind_follow,low,4.0,10168,timeout,0,0,1,120,4,3,0
blind_follow,low,4.0,10169,timeout,0,0,1,120,5,0,0
blind_follow,low,4.0,10170,timeout,0,0,1,120,1,3,0
blind_follow,low,4.0,10171,timeout,0,0,1,120,4,2,0
blind_follow,low,4.0,10172,timeout,0,0,1,120,5,0,0
blind_follow,low,4.0,10173,timeout,0,0,1,120,1,3,0
blind_follow,low,4.0,10174,timeout,0,0,1,120,2,2,0
blind_follow,low,4.0,10175,timeout,0,0,1,120,1,5,0
blind_follow,low,4.0,10176,timeout,0,0,1,120,5,0,0
blind_follow,low,4.0,10177,timeout,0,0,1,120,4,2,0
blind_follow,low,4.0,10178,timeout,0,0,1,120,2,4,0
blind_follow,low,4.0,10179,timeout,0,0,1,120,4,2,0
blind_follow,low,4.0,10180,timeout,0,0,1,120,3,0,0
blind_follow,low,4.0,10181,timeout,0,0,1,120,5,2,0
blind_follow,low,4.0,10182,timeout,0,0,1,120,5,2,0
blind_follow,low,4.0,10183,timeout,0,0,1,120,5,3,0
blind_follow,low,4.0,10184,timeout,0,0,1,120,1,2,0
blind_follow,low,4.0,10185,timeout,0,0,1,120,5,3,0
blind_follow,low,4.0,10186,timeout,0,0,1,120,2,2,0
blind_follow,low,4.0,10187,timeout,0,0,1,120,3,6,0
blind_follow,low,4.0,10188,timeout,0,0,1,120,1,3,0
blind_follow,low,4.0,10189,timeout,0,0,1,120,5,0,0
blind_follow,low,4.0,10190,timeout,0,0,1,120,5,0,0
blind_follow,low,4.0,10191,timeout,0,0,1,120,2,3,0
blind_follow,low,4.0,10192,timeout,0,0,1,120,3,3,0
blind_follow,low,4.0,10193,timeout,0,0,1,120,3,4,0
blind_follow,low,4.0,10194,timeout,0,0,1,120,3,7,0
blind_follow,low,4.0,10195,timeout,0,0,1,120,2,4,0
blind_follow,low,4.0,10196,timeout,0,0,1,120,2,4,0
blind_follow,low,4.0,10197,timeout,0,0,1,120,3,2,0
blind_follow,low,4.0,10198,timeout,0,0,1,120,4,2,0
blind_follow,low,4.0,10199,timeout,0,0,1,120,1,3,0
blind_follow,low,4.0,10200,timeout,0,0,1,120,4,5,0
blind_follow,low,4.0,10201,wipeout,0,1,0,24,0,3,0
blind_follow,low,4.0,10202,timeout,0,0,1,120,4,0,0
blind_follow,low,4.0,10203,timeout,0,0,1,120,2,4,0
blind_follow,low,4.0,10204,timeout,0,0,1,120,3,3,0
blind_follow,low,4.0,10205,timeout,0,0,1,120,4,0,0
blind_follow,low,4.0,10206,timeout,0,0,1,120,4,0,0
blind_follow,low,4.0,10207,timeout,0,0,1,120,1,2,0
blind_follow,low,4.0,10208,timeout,0,0,1,120,4,4,0
blind_follow,low,4.0,10209,timeout,0,0,1,120,5,0,0
blind_follow,low,4.0,10210,timeout,0,0,1,120,4,2,0
blind_follow,low,4.0,10211,timeout,0,0,1,120,5,0,0
blind_follow,low,4.0,10212,timeout,0,0,1,120,2,4,0
blind_follow,low,4.0,10213,timeout,0,0,1,120,4,2,0
blind_follow,low,4.0,10214,timeout,0,0,1,120,5,0,0
blind_follow,low,4.0,10215,timeout,0,0,1,120,4,2,0
blind_follow,low,4.0,10216,timeout,0,0,1,120,4,2,0
blind_follow,low,4.0,10217,timeout,0,0,1,120,5,0,0
blind_follow,low,4.0,10218,timeout,0,0,1,120,1,3,0
blind_follow,low,4.0,10219,timeout,0,0,1,120,3,4,0
blind_follow,low,4.0,10220,timeout,0,0,1,120,4,0,0
blind_follow,low,4.0,10221,timeout,0,0,1,120,5,2,0
blind_follow,low,4.0,10222,timeout,0,0,1,120,3,2,0
blind_follow,low,4.0,10223,timeout,0,0,1,120,2,3,0
blind_follow,low,4.0,10224,timeout,0,0,1,120,5,0,0
blind_follow,low,4.0,10225,timeout,0,0,1,120,2,3,0
blind_follow,low,4.0,10226,timeout,0,0,1,120,2,5,0
blind_follow,low,4.0,10227,timeout,0,0,1,120,5,2,0
blind_follow,low,4.0,10228,timeout,0,0,1,120,2,3,0
blind_follow,low,4.0,10229,timeout,0,0,1,120,2,4,0
blind_follow,low,4.0,10230,timeout,0,0,1,120,1,6,0
blind_follow,low,4.0,10231,timeout,0,0,1,120,4,2,0
blind_follow,low,4.0,10232,timeout,0,0,1,120,1,3,0
blind_follow,low,4.0,10233,timeout,0,0,1,120,2,3,0
blind_follow,low,4.0,10234,timeout,0,0,1,120,5,3,0
blind_follow,low,4.0,10235,timeout,0,0,1,120,4,2,0
blind_follow,low,4.0,10236,timeout,0,0,1,120,5,3,0
blind_follow,low,4.0,10237,timeout,0,0,1,120,4,2,0
blind_follow,low,4.0,10238,timeout,0,0,1,120,4,3,0
blind_follow,low,4.0,10239,timeout,0,0,1,120,2,3,0
blind_follow,low,4.0,10240,timeout,0,0,1,120,4,2,0
blind_follow,low,4.0,10241,timeout,0,0,1,120,3,6,0
blind_follow,low,4.0,10242,timeout,0,0,1,120,5,2,0
blind_follow,low,4.0,10243,timeout,0,0,1,120,4,5,0
blind_follow,low,4.0,10244,timeout,0,0,1,120,2,4,0
blind_follow,low,4.0,10245,timeout,0,0,1,120,5,2,0
blind_follow,low,4.0,10246,wipeout,0,1,0,26,0,4,0
blind_follow,low,4.0,10247,timeout,0,0,1,120,2,3,0
blind_follow,low,4.0,10248,timeout,0,0,1,120,2,4,0
blind_follow,low,4.0,10249,timeout,0,0,1,120,3,3,0
blind_follow,low,4.0,10250,timeout,0,0,1,120,4,3,0
blind_follow,low,4.0,10251,timeout,0,0,1,120,5,3,0
blind_follow,low,4.0,10252,timeout,0,0,1,120,5,3,0
blind_follow,low,4.0,10253,timeout,0,0,1,120,3,4,0
blind_follow,low,4.0,10254,timeout,0,0,1,120,4,0,0
blind_follow,low,4.0,10255,timeout,0,0,1,120,4,0,0
blind_follow,low,4.0,10256,timeout,0,0,1,120,4,3,0
blind_follow,low,4.0,10257,timeout,0,0,1,120,3,0,0
blind_follow,low,4.0,10258,timeout,0,0,1,120,4,2,0
blind_follow,low,4.0,10259,timeout,0,0,1,120,5,0,0
blind_follow,low,4.0,10260,timeout,0,0,1,120,4,4,0
blind_follow,low,4.0,10261,timeout,0,0,1,120,4,0,0
blind_follow,low,4.0,10262,timeout,0,0,1,120,1,4,0
blind_follow,low,4.0,10263,timeout,0,0,1,120,3,2,0
blind_follow,low,4.0,10264,wipeout,0,1,0,27,0,3,0
blind_follow,low,4.0,10265,timeout,0,0,1,120,2,3,0
blind_follow,low,4.0,10266,timeout,0,0,1,120,4,0,0
blind_follow,low,4.0,10267,timeout,0,0,1,120,5,0,0
blind_follow,low,4.0,10268,timeout,0,0,1,120,4,3,0
blind_follow,low,4.0,10269,timeout,0,0,1,120,1,3,0
blind_follow,low,4.0,10270,timeout,0,0,1,120,5,0,0
blind_follow,low,4.0,10271,timeout,0,0,1,120,3,5,0
blind_follow,low,4.0,10272,timeout,0,0,1,120,4,2,0
blind_follow,low,4.0,10273,timeout,0,0,1,120,5,0,0
blind_follow,low,4.0,10274,timeout,0,0,1,120,5,2,0
blind_follow,low,4.0,10275,timeout,0,0,1,120,4,5,0
blind_follow,low,4.0,10276,timeout,0,0,1,120,5,3,0
blind_follow,low,4.0,10277,timeout,0,0,1,120,5,0,0
blind_follow,low,4.0,10278,timeout,0,0,1,120,3,2,0
blind_follow,low,4.0,10279,timeout,0,0,1,120,2,2,0
blind_follow,low,4.0,10280,timeout,0,0,1,120,2,5,0
blind_follow,low,4.0,10281,timeout,0,0,1,120,2,5,0
blind_follow,low,4.0,10282,timeout,0,0,1,120,3,3,0
blind_follow,low,4.0,10283,timeout,0,0,1,120,5,0,0
blind_follow,low,4.0,10284,timeout,0,0,1,120,1,2,0
blind_follow,low,4.0,10285,timeout,0,0,1,120,4,4,0
blind_follow,low,4.0,10286,timeout,0,0,1,120,4,5,0
blind_follow,low,4.0,10287,timeout,0,0,1,120,4,2,0
blind_follow,low,4.0,10288,timeout,0,0,1,120,4,2,0
blind_follow,low,4.0,10289,timeout,0,0,1,120,4,2,0
blind_follow,low,4.0,10290,timeout,0,0,1,120,4,2,0
blind_follow,low,4.0,10291,timeout,0,0,1,120,2,5,0
blind_follow,low,4.0,10292,wipeout,0,1,0,29,0,4,0
blind_follow,low,4.0,10293,timeout,0,0,1,120,4,3,0
blind_follow,low,4.0,10294,timeout,0,0,1,120,3,3,0
blind_follow,low,4.0,10295,timeout,0,0,1,120,1,4,0
blind_follow,low,4.0,10296,timeout,0,0,1,120,3,2,0
blind_follow,low,4.0,10297,timeout,0,0,1,120,4,2,0
blind_follow,low,4.0,10298,timeout,0,0,1,120,2,2,0
blind_follow,low,4.0,10299,timeout,0,0,1,120,4,3,0
blind_follow,low,4.0,10300,timeout,0,0,1,120,1,3,0
blind_follow,low,4.0,10301,timeout,0,0,1,120,4,0,0
blind_follow,low,4.0,10302,timeout,0,0,1,120,4,3,0
blind_follow,low,4.0,10303,timeout,0,0,1,120,3,3,0
blind_follow,low,4.0,10304,timeout,0,0,1,120,1,3,0
blind_follow,low,4.0,10305,timeout,0,0,1,120,5,2,0
blind_follow,low,4.0,10306,timeout,0,0,1,120,3,0,0
blind_follow,low,4.0,10307,timeout,0,0,1,120,3,4,0
blind_follow,low,4.0,10308,timeout,0,0,1,120,5,0,0
blind_follow,low,4.0,10309,timeout,0,0,1,120,3,2,0
blind_follow,low,4.0,10310,timeout,0,0,1,120,2,2,0
blind_follow,low,4.0,10311,timeout,0,0,1,120,4,0,0
blind_follow,low,4.0,10312,timeout,0,0,1,120,5,2,0
blind_follow,low,4.0,10313,timeout,0,0,1,120,4,4,0
blind_follow,low,4.0,10314,timeout,0,0,1,120,4,2,0
blind_follow,low,4.0,10315,timeout,0,0,1,120,3,3,0
blind_follow,low,4.0,10316,timeout,0,0,1,120,5,0,0
blind_follow,low,4.0,10317,timeout,0,0,1,120,1,2,0
blind_follow,low,4.0,10318,timeout,0,0,1,120,1,5,0
blind_follow,low,4.0,10319,timeout,0,0,1,120,4,0,0
blind_follow,low,4.0,10320,timeout,0,0,1,120,4,4,0
blind_follow,low,4.0,10321,timeout,0,0,1,120,5,3,0
blind_follow,low,4.0,10322,timeout,0,0,1,120,4,2,0
blind_follow,low,4.0,10323,timeout,0,0,1,120,5,0,0
blind_follow,low,4.0,10324,timeout,0,0,1,120,4,0,0
blind_follow,low,4.0,10325,timeout,0,0,1,120,5,3,0
blind_follow,low,4.0,10326,timeout,0,0,1,120,3,3,0
blind_follow,low,4.0,10327,timeout,0,0,1,120,4,2,0
blind_follow,low,4.0,10328,timeout,0,0,1,120,2,4,0
blind_follow,low,4.0,10329,timeout,0,0,1,120,2,2,0
blind_follow,low,4.0,10330,timeout,0,0,1,120,4,2,0
blind_follow,low,4.0,10331,timeout,0,0,1,120,5,0,0
blind_follow,low,4.0,10332,wipeout,0,1,0,22,0,3,0
blind_follow,low,4.0,10333,timeout,0,0,1,120,2,2,0
blind_follow,low,4.0,10334,timeout,0,0,1,120,3,3,0
blind_follow,low,4.0,10335,timeout,0,0,1,120,5,2,0
blind_follow,low,4.0,10336,timeout,0,0,1,120,2,2,0
blind_follow,low,4.0,10337,timeout,0,0,1,120,2,3,0
blind_follow,low,4.0,10338,timeout,0,0,1,120,2,4,0
blind_follow,low,4.0,10339,timeout,0,0,1,120,5,2,0
blind_follow,low,4.0,10340,timeout,0,0,1,120,5,0,0
blind_follow,low,4.0,10341,timeout,0,0,1,120,5,2,0
blind_follow,low,4.0,10342,timeout,0,0,1,120,4,4,0
blind_follow,low,4.0,10343,timeout,0,0,1,120,3,2,0
blind_follow,low,4.0,10344,timeout,0,0,1,120,4,2,0
blind_follow,low,4.0,10345,timeout,0,0,1,120,4,0,0
blind_follow,low,4.0,10346,timeout,0,0,1,120,2,2,0
blind_follow,low,4.0,10347,timeout,0,0,1,120,3,3,0
blind_follow,low,4.0,10348,timeout,0,0,1,120,3,0,0
blind_follow,low,4.0,10349,timeout,0,0,1,120,1,4,0
blind_follow,low,4.0,10350,timeout,0,0,1,120,5,2,0
blind_follow,low,4.0,10351,timeout,0,0,1,120,2,3,0
blind_follow,low,4.0,10352,timeout,0,0,1,120,4,5,0
blind_follow,low,4.0,10353,timeout,0,0,1,120,4,4,0
blind_follow,low,4.0,10354,timeout,0,0,1,120,4,4,0
blind_follow,low,4.0,10355,timeout,0,0,1,120,5,2,0
blind_follow,low,4.0,10356,timeout,0,0,1,120,2,3,0
blind_follow,low,4.0,10357,timeout,0,0,1,120,3,2,0
blind_follow,low,4.0,10358,timeout,0,0,1,120,4,0,0
blind_follow,low,4.0,10359,timeout,0,0,1,120,4,5,0
blind_follow,low,4.0,10360,timeout,0,0,1,120,5,2,0
blind_follow,low,4.0,10361,timeout,0,0,1,120,4,2,0
blind_follow,low,4.0,10362,timeout,0,0,1,120,4,4,0
blind_follow,low,4.0,10363,timeout,0,0,1,120,5,2,0
blind_follow,low,4.0,10364,timeout,0,0,1,120,5,0,0
blind_follow,low,4.0,10365,timeout,0,0,1,120,1,3,0
blind_follow,low,4.0,10366,timeout,0,0,1,120,3,2,0
blind_follow,low,4.0,10367,timeout,0,0,1,120,5,0,0
blind_follow,low,4.0,10368,timeout,0,0,1,120,3,0,0
blind_follow,low,4.0,10369,timeout,0,0,1,120,2,4,0
blind_follow,low,4.0,10370,timeout,0,0,1,120,4,2,0
blind_follow,low,4.0,10371,timeout,0,0,1,120,3,3,0
blind_follow,low,4.0,10372,timeout,0,0,1,120,3,3,0
blind_follow,low,4.0,10373,timeout,0,0,1,120,1,4,0
blind_follow,low,4.0,10374,timeout,0,0,1,120,5,2,0
blind_follow,low,4.0,10375,timeout,0,0,1,120,4,2,0
blind_follow,low,4.0,10376,timeout,0,0,1,120,2,5,0
blind_follow,low,4.0,10377,timeout,0,0,1,120,3,2,0
blind_follow,low,4.0,10378,timeout,0,0,1,120,1,4,0
blind_follow,low,4.0,10379,wipeout,0,1,0,15,0,4,0
blind_follow,low,4.0,10380,timeout,0,0,1,120,4,0,0
blind_follow,low,4.0,10381,timeout,0,0,1,120,2,4,0
blind_follow,low,4.0,10382,timeout,0,0,1,120,3,4,0
blind_follow,low,4.0,10383,timeout,0,0,1,120,3,3,0
blind_follow,low,4.0,10384,wipeout,0,1,0,58,0,5,0
blind_follow,low,4.0,10385,timeout,0,0,1,120,1,5,0
blind_follow,low,4.0,10386,timeout,0,0,1,120,2,6,0
blind_follow,low,4.0,10387,timeout,0,0,1,120,4,2,0
blind_follow,low,4.0,10388,timeout,0,0,1,120,5,0,0
blind_follow,low,4.0,10389,timeout,0,0,1,120,5,0,0
blind_follow,low,4.0,10390,timeout,0,0,1,120,1,3,0
blind_follow,low,4.0,10391,wipeout,0,1,0,24,0,4,0
blind_follow,low,4.0,10392,timeout,0,0,1,120,5,3,0
blind_follow,low,4.0,10393,timeout,0,0,1,120,3,2,0
blind_follow,low,4.0,10394,timeout,0,0,1,120,4,2,0
blind_follow,low,4.0,10395,timeout,0,0,1,120,5,0,0
blind_follow,low,4.0,10396,timeout,0,0,1,120,3,3,0
blind_follow,low,4.0,10397,timeout,0,0,1,120,3,2,0
blind_follow,low,4.0,10398,timeout,0,0,1,120,5,4,0
blind_follow,low,4.0,10399,timeout,0,0,1,120,3,3,0
blind_follow,low,4.0,10400,timeout,0,0,1,120,5,2,0
blind_follow,low,4.0,10401,timeout,0,0,1,120,4,3,0
blind_follow,low,4.0,10402,timeout,0,0,1,120,5,2,0
blind_follow,low,4.0,10403,timeout,0,0,1,120,5,2,0
blind_follow,low,4.0,10404,timeout,0,0,1,120,5,2,0
blind_follow,low,4.0,10405,timeout,0,0,1,120,1,3,0
blind_follow,low,4.0,10406,timeout,0,0,1,120,4,3,0
blind_follow,low,4.0,10407,timeout,0,0,1,120,3,4,0
blind_follow,low,4.0,10408,timeout,0,0,1,120,2,4,0
blind_follow,low,4.0,10409,timeout,0,0,1,120,4,0,0
blind_follow,low,4.0,10410,timeout,0,0,1,120,4,2,0
blind_follow,low,4.0,10411,timeout,0,0,1,120,5,0,0
blind_follow,low,4.0,10412,timeout,0,0,1,120,4,5,0
blind_follow,low,4.0,10413,timeout,0,0,1,120,3,3,0
blind_follow,low,4.0,10414,timeout,0,0,1,120,3,3,0
blind_follow,low,4.0,10415,timeout,0,0,1,120,4,6,0
blind_follow,low,4.0,10416,timeout,0,0,1,120,2,2,0
blind_follow,low,4.0,10417,timeout,0,0,1,120,4,3,0
blind_follow,low,4.0,10418,timeout,0,0,1,120,5,0,0
blind_follow,low,4.0,10419,wipeout,0,1,0,32,0,3,0
blind_follow,low,4.0,10420,timeout,0,0,1,120,3,3,0
blind_follow,low,4.0,10421,timeout,0,0,1,120,4,3,0
blind_follow,low,4.0,10422,timeout,0,0,1,120,3,3,0
blind_follow,low,4.0,10423,timeout,0,0,1,120,4,3,0
blind_follow,low,4.0,10424,timeout,0,0,1,120,4,3,0
blind_follow,low,4.0,10425,timeout,0,0,1,120,4,2,0
blind_follow,low,4.0,10426,timeout,0,0,1,120,5,3,0
blind_follow,low,4.0,10427,timeout,0,0,1,120,4,2,0
blind_follow,low,4.0,10428,timeout,0,0,1,120,2,3,0
blind_follow,low,4.0,10429,timeout,0,0,1,120,5,0,0
blind_follow,low,4.0,10430,wipeout,0,1,0,34,0,4,0
blind_follow,low,4.0,10431,timeout,0,0,1,120,2,2,0
blind_follow,low,4.0,10432,timeout,0,0,1,120,4,6,0
blind_follow,low,4.0,10433,timeout,0,0,1,120,4,3,0
blind_follow,low,4.0,10434,timeout,0,0,1,120,5,0,0
blind_follow,low,4.0,10435,timeout,0,0,1,120,1,2,0
blind_follow,low,4.0,10436,timeout,0,0,1,120,1,3,0
blind_follow,low,4.0,10437,timeout,0,0,1,120,4,2,0
blind_follow,low,4.0,10438,timeout,0,0,1,120,2,4,0
blind_follow,low,4.0,10439,timeout,0,0,1,120,2,0,0
blind_follow,low,4.0,10440,timeout,0,0,1,120,2,3,0
blind_follow,low,4.0,10441,timeout,0,0,1,120,5,0,0
blind_follow,low,4.0,10442,timeout,0,0,1,120,5,2,0
blind_follow,low,4.0,10443,timeout,0,0,1,120,1,6,0
blind_follow,low,4.0,10444,timeout,0,0,1,120,5,0,0
blind_follow,low,4.0,10445,timeout,0,0,1,120,5,2,0
blind_follow,low,4.0,10446,timeout,0,0,1,120,5,2,0
blind_follow,low,4.0,10447,timeout,0,0,1,120,5,0,0
blind_follow,low,4.0,10448,timeout,0,0,1,120,2,7,0
blind_follow,low,4.0,10449,timeout,0,0,1,120,4,2,0
blind_follow,low,4.0,10450,timeout,0,0,1,120,3,6,0
blind_follow,low,4.0,10451,timeout,0,0,1,120,2,5,0
blind_follow,low,4.0,10452,timeout,0,0,1,120,5,0,0
blind_follow,low,4.0,10453,timeout,0,0,1,120,3,2,0
blind_follow,low,4.0,10454,timeout,0,0,1,120,2,4,0
blind_follow,low,4.0,10455,timeout,0,0,1,120,2,6,0
blind_follow,low,4.0,10456,timeout,0,0,1,120,5,2,0
blind_follow,low,4.0,10457,timeout,0,0,1,120,3,3,0
blind_follow,low,4.0,10458,timeout,0,0,1,120,5,0,0
blind_follow,low,4.0,10459,timeout,0,0,1,120,4,5,0
blind_follow,low,4.0,10460,timeout,0,0,1,120,3,2,0
blind_follow,low,4.0,10461,timeout,0,0,1,120,5,3,0
blind_follow,low,4.0,10462,timeout,0,0,1,120,2,4,0
blind_follow,low,4.0,10463,timeout,0,0,1,120,4,0,0
blind_follow,low,4.0,10464,timeout,0,0,1,120,4,4,0
blind_follow,low,4.0,10465,timeout,0,0,1,120,4,0,0
blind_follow,low,4.0,10466,timeout,0,0,1,120,3,2,0
blind_follow,low,4.0,10467,timeout,0,0,1,120,3,2,0
blind_follow,low,4.0,10468,timeout,0,0,1,120,2,4,0
blind_follow,low,4.0,10469,timeout,0,0,1,120,4,0,0
blind_follow,low,4.0,10470,timeout,0,0,1,120,2,4,0
blind_follow,low,4.0,10471,timeout,0,0,1,120,2,3,0
blind_follow,low,4.0,10472,timeout,0,0,1,120,3,2,0
blind_follow,low,4.0,10473,timeout,0,0,1,120,3,0,0
blind_follow,low,4.0,10474,timeout,0,0,1,120,5,2,0
blind_follow,low,4.0,10475,timeout,0,0,1,120,4,2,0
blind_follow,low,4.0,10476,timeout,0,0,1,120,4,2,0
blind_follow,low,4.0,10477,timeout,0,0,1,120,5,3,0
blind_follow,low,4.0,10478,timeout,0,0,1,120,3,2,0
blind_follow,low,4.0,10479,timeout,0,0,1,120,4,3,0
blind_follow,low,4.0,10480,timeout,0,0,1,120,3,3,0
blind_follow,low,4.0,10481,timeout,0,0,1,120,3,2,0
blind_follow,low,4.0,10482,timeout,0,0,1,120,4,0,0
blind_follow,low,4.0,10483,timeout,0,0,1,120,5,0,0
blind_follow,low,4.0,10484,timeout,0,0,1,120,5,0,0
blind_follow,low,4.0,10485,timeout,0,0,1,120,4,0,0
blind_follow,low,4.0,10486,timeout,0,0,1,120,5,3,0
blind_follow,low,4.0,10487,timeout,0,0,1,120,1,4,0
blind_follow,low,4.0,10488,timeout,0,0,1,120,4,4,0
blind_follow,low,4.0,10489,timeout,0,0,1,120,4,2,0
blind_follow,low,4.0,10490,timeout,0,0,1,120,2,5,0
blind_follow,low,4.0,10491,timeout,0,0,1,120,4,4,0
blind_follow,low,4.0,10492,timeout,0,0,1,120,2,2,0
blind_follow,low,4.0,10493,timeout,0,0,1,120,4,3,0
blind_follow,low,4.0,10494,timeout,0,0,1,120,1,6,0
blind_follow,low,4.0,10495,timeout,0,0,1,120,3,2,0
blind_follow,low,4.0,10496,timeout,0,0,1,120,1,2,0
blind_follow,low,4.0,10497,wipeout,0,1,0,32,0,3,0
blind_follow,low,4.0,10498,timeout,0,0,1,120,2,4,0
blind_follow,low,4.0,10499,timeout,0,0,1,120,5,2,0
shared_map,low,4.0,10000,timeout,0,0,1,120,3,3,822
shared_map,low,4.0,10001,timeout,0,0,1,120,5,0,2400
shared_map,low,4.0,10002,timeout,0,0,1,120,5,0,2400
shared_map,low,4.0,10003,timeout,0,0,1,120,4,2,1568
shared_map,low,4.0,10004,wipeout,0,1,0,20,0,2,236
shared_map,low,4.0,10005,timeout,0,0,1,120,4,2,1454
shared_map,low,4.0,10006,timeout,0,0,1,120,5,2,2400
shared_map,low,4.0,10007,timeout,0,0,1,120,4,2,1454
shared_map,low,4.0,10008,timeout,0,0,1,120,5,0,2400
shared_map,low,4.0,10009,timeout,0,0,1,120,5,0,2400
shared_map,low,4.0,10010,timeout,0,0,1,120,5,2,1458
shared_map,low,4.0,10011,timeout,0,0,1,120,5,2,998
shared_map,low,4.0,10012,timeout,0,0,1,120,5,0,2400
shared_map,low,4.0,10013,timeout,0,0,1,120,5,0,1440
shared_map,low,4.0,10014,timeout,0,0,1,120,4,0,1440
shared_map,low,4.0,10015,timeout,0,0,1,120,4,0,1440
shared_map,low,4.0,10016,timeout,0,0,1,120,5,0,2400
shared_map,low,4.0,10017,timeout,0,0,1,120,5,2,2400
shared_map,low,4.0,10018,timeout,0,0,1,120,4,0,1440
shared_map,low,4.0,10019,timeout,0,0,1,120,5,0,2400
shared_map,low,4.0,10020,timeout,0,0,1,120,5,0,1440
shared_map,low,4.0,10021,timeout,0,0,1,120,5,0,1440
shared_map,low,4.0,10022,timeout,0,0,1,120,4,0,1440
shared_map,low,4.0,10023,timeout,0,0,1,120,4,2,1454
shared_map,low,4.0,10024,timeout,0,0,1,120,4,2,1454
shared_map,low,4.0,10025,wipeout,0,1,0,35,0,3,248
shared_map,low,4.0,10026,timeout,0,0,1,120,5,3,980
shared_map,low,4.0,10027,timeout,0,0,1,120,5,0,2400
shared_map,low,4.0,10028,timeout,0,0,1,120,4,2,1454
shared_map,low,4.0,10029,timeout,0,0,1,120,4,0,1440
shared_map,low,4.0,10030,timeout,0,0,1,120,5,0,2400
shared_map,low,4.0,10031,timeout,0,0,1,120,4,0,1440
shared_map,low,4.0,10032,timeout,0,0,1,120,4,2,1496
shared_map,low,4.0,10033,timeout,0,0,1,120,4,2,1478
shared_map,low,4.0,10034,timeout,0,0,1,120,4,2,1454
shared_map,low,4.0,10035,timeout,0,0,1,120,5,0,2400
shared_map,low,4.0,10036,timeout,0,0,1,120,3,2,458
shared_map,low,4.0,10037,timeout,0,0,1,120,3,2,748
shared_map,low,4.0,10038,timeout,0,0,1,120,5,2,2400
shared_map,low,4.0,10039,timeout,0,0,1,120,4,2,1454
shared_map,low,4.0,10040,timeout,0,0,1,120,3,3,894
shared_map,low,4.0,10041,timeout,0,0,1,120,5,2,1710
shared_map,low,4.0,10042,timeout,0,0,1,120,4,2,1482
shared_map,low,4.0,10043,timeout,0,0,1,120,1,3,276
shared_map,low,4.0,10044,timeout,0,0,1,120,5,0,2400
shared_map,low,4.0,10045,timeout,0,0,1,120,5,0,2400
shared_map,low,4.0,10046,timeout,0,0,1,120,3,0,750
shared_map,low,4.0,10047,timeout,0,0,1,120,5,0,2400
shared_map,low,4.0,10048,timeout,0,0,1,120,5,2,1454
shared_map,low,4.0,10049,timeout,0,0,1,120,5,0,2400
shared_map,low,4.0,10050,timeout,0,0,1,120,4,2,1452
shared_map,low,4.0,10051,timeout,0,0,1,120,5,0,2400
shared_map,low,4.0,10052,timeout,0,0,1,120,5,0,2400
shared_map,low,4.0,10053,timeout,0,0,1,120,5,0,2400
shared_map,low,4.0,10054,timeout,0,0,1,120,5,0,2400
shared_map,low,4.0,10055,timeout,0,0,1,120,4,3,1472
shared_map,low,4.0,10056,timeout,0,0,1,120,4,0,1440
shared_map,low,4.0,10057,timeout,0,0,1,120,4,2,1456
shared_map,low,4.0,10058,timeout,0,0,1,120,5,0,2400
shared_map,low,4.0,10059,timeout,0,0,1,120,5,0,2400
shared_map,low,4.0,10060,timeout,0,0,1,120,5,0,2400
shared_map,low,4.0,10061,timeout,0,0,1,120,5,0,1440
shared_map,low,4.0,10062,timeout,0,0,1,120,5,0,2400
shared_map,low,4.0,10063,timeout,0,0,1,120,5,0,1440
shared_map,low,4.0,10064,timeout,0,0,1,120,5,0,1440
shared_map,low,4.0,10065,timeout,0,0,1,120,5,0,1440
shared_map,low,4.0,10066,timeout,0,0,1,120,5,0,2400
shared_map,low,4.0,10067,timeout,0,0,1,120,4,2,1454
shared_map,low,4.0,10068,timeout,0,0,1,120,5,0,2400
shared_map,low,4.0,10069,timeout,0,0,1,120,2,3,442
shared_map,low,4.0,10070,timeout,0,0,1,120,3,3,326
shared_map,low,4.0,10071,timeout,0,0,1,120,5,0,2400
shared_map,low,4.0,10072,timeout,0,0,1,120,5,0,2400
shared_map,low,4.0,10073,timeout,0,0,1,120,4,2,1454
shared_map,low,4.0,10074,timeout,0,0,1,120,5,2,2400
shared_map,low,4.0,10075,timeout,0,0,1,120,3,3,838
shared_map,low,4.0,10076,timeout,0,0,1,120,4,0,1440
shared_map,low,4.0,10077,timeout,0,0,1,120,4,0,1440
shared_map,low,4.0,10078,timeout,0,0,1,120,5,0,2400
shared_map,low,4.0,10079,timeout,0,0,1,120,3,0,738
shared_map,low,4.0,10080,timeout,0,0,1,120,4,2,1464
shared_map,low,4.0,10081,timeout,0,0,1,120,4,2,1464
shared_map,low,4.0,10082,timeout,0,0,1,120,5,0,2400
shared_map,low,4.0,10083,timeout,0,0,1,120,2,3,578
shared_map,low,4.0,10084,timeout,0,0,1,120,3,0,750
shared_map,low,4.0,10085,timeout,0,0,1,120,3,3,350
shared_map,low,4.0,10086,timeout,0,0,1,120,4,0,1440
shared_map,low,4.0,10087,timeout,0,0,1,120,5,0,2400
shared_map,low,4.0,10088,timeout,0,0,1,120,5,0,2400
shared_map,low,4.0,10089,timeout,0,0,1,120,5,0,2400
shared_map,low,4.0,10090,timeout,0,0,1,120,1,3,112
shared_map,low,4.0,10091,timeout,0,0,1,120,5,0,2400
shared_map,low,4.0,10092,timeout,0,0,1,120,5,2,2282
shared_map,low,4.0,10093,timeout,0,0,1,120,4,2,1454
shared_map,low,4.0,10094,timeout,0,0,1,120,4,2,1464
shared_map,low,4.0,10095,timeout,0,0,1,120,5,0,1440
shared_map,low,4.0,10096,timeout,0,0,1,120,5,2,2400
shared_map,low,4.0,10097,timeout,0,0,1,120,5,0,2400
shared_map,low,4.0,10098,timeout,0,0,1,120,5,0,2400
shared_map,low,4.0,10099,timeout,0,0,1,120,5,0,1440
shared_map,low,4.0,10100,timeout,0,0,1,120,5,0,2400
shared_map,low,4.0,10101,timeout,0,0,1,120,5,0,1440
shared_map,low,4.0,10102,timeout,0,0,1,120,5,0,2400
shared_map,low,4.0,10103,timeout,0,0,1,120,5,0,2400
shared_map,low,4.0,10104,timeout,0,0,1,120,5,0,2400
shared_map,low,4.0,10105,timeout,0,0,1,120,5,0,2400
shared_map,low,4.0,10106,timeout,0,0,1,120,5,0,1440
shared_map,low,4.0,10107,timeout,0,0,1,120,5,2,2400
shared_map,low,4.0,10108,timeout,0,0,1,120,5,0,2400
shared_map,low,4.0,10109,timeout,0,0,1,120,4,0,1440
shared_map,low,4.0,10110,wipeout,0,1,0,39,0,3,148
shared_map,low,4.0,10111,timeout,0,0,1,120,4,2,1472
shared_map,low,4.0,10112,timeout,0,0,1,120,4,2,1462
shared_map,low,4.0,10113,timeout,0,0,1,120,4,2,1464
shared_map,low,4.0,10114,timeout,0,0,1,120,5,0,2400
shared_map,low,4.0,10115,timeout,0,0,1,120,4,2,1454
shared_map,low,4.0,10116,wipeout,0,1,0,32,0,2,294
shared_map,low,4.0,10117,timeout,0,0,1,120,4,2,1454
shared_map,low,4.0,10118,timeout,0,0,1,120,5,0,2400
shared_map,low,4.0,10119,timeout,0,0,1,120,5,0,1440
shared_map,low,4.0,10120,timeout,0,0,1,120,5,0,1440
shared_map,low,4.0,10121,timeout,0,0,1,120,3,0,750
shared_map,low,4.0,10122,timeout,0,0,1,120,4,0,738
shared_map,low,4.0,10123,timeout,0,0,1,120,5,2,2400
shared_map,low,4.0,10124,timeout,0,0,1,120,4,2,1464
shared_map,low,4.0,10125,timeout,0,0,1,120,5,0,2400
shared_map,low,4.0,10126,timeout,0,0,1,120,5,0,2400
shared_map,low,4.0,10127,timeout,0,0,1,120,1,2,368
shared_map,low,4.0,10128,timeout,0,0,1,120,5,0,2400
shared_map,low,4.0,10129,timeout,0,0,1,120,5,2,2164
shared_map,low,4.0,10130,timeout,0,0,1,120,5,3,2400
shared_map,low,4.0,10131,timeout,0,0,1,120,4,2,1456
shared_map,low,4.0,10132,timeout,0,0,1,120,1,2,102
shared_map,low,4.0,10133,timeout,0,0,1,120,4,2,1454
shared_map,low,4.0,10134,timeout,0,0,1,120,3,2,774
shared_map,low,4.0,10135,timeout,0,0,1,120,5,0,1440
shared_map,low,4.0,10136,timeout,0,0,1,120,4,0,1440
shared_map,low,4.0,10137,timeout,0,0,1,120,5,0,2400
shared_map,low,4.0,10138,timeout,0,0,1,120,5,0,2400
shared_map,low,4.0,10139,timeout,0,0,1,120,4,2,1464
shared_map,low,4.0,10140,timeout,0,0,1,120,5,2,2400
shared_map,low,4.0,10141,timeout,0,0,1,120,5,0,2400
shared_map,low,4.0,10142,timeout,0,0,1,120,5,0,2400
shared_map,low,4.0,10143,timeout,0,0,1,120,5,0,2400
shared_map,low,4.0,10144,timeout,0,0,1,120,5,0,2400
shared_map,low,4.0,10145,timeout,0,0,1,120,5,2,2400
shared_map,low,4.0,10146,timeout,0,0,1,120,5,2,2400
shared_map,low,4.0,10147,timeout,0,0,1,120,4,2,1472
shared_map,low,4.0,10148,timeout,0,0,1,120,3,2,874
shared_map,low,4.0,10149,timeout,0,0,1,120,4,0,1440
shared_map,low,4.0,10150,timeout,0,0,1,120,5,0,2400
shared_map,low,4.0,10151,timeout,0,0,1,120,1,2,450
shared_map,low,4.0,10152,timeout,0,0,1,120,5,0,2400
shared_map,low,4.0,10153,timeout,0,0,1,120,5,0,2400
shared_map,low,4.0,10154,timeout,0,0,1,120,5,0,2400
shared_map,low,4.0,10155,timeout,0,0,1,120,4,0,1440
shared_map,low,4.0,10156,timeout,0,0,1,120,5,2,1466
shared_map,low,4.0,10157,timeout,0,0,1,120,5,0,2400
shared_map,low,4.0,10158,timeout,0,0,1,120,5,0,2400
shared_map,low,4.0,10159,timeout,0,0,1,120,4,2,1456
shared_map,low,4.0,10160,timeout,0,0,1,120,5,0,2400
shared_map,low,4.0,10161,timeout,0,0,1,120,5,0,1440
shared_map,low,4.0,10162,timeout,0,0,1,120,4,0,1440
shared_map,low,4.0,10163,timeout,0,0,1,120,4,0,1440
shared_map,low,4.0,10164,timeout,0,0,1,120,1,3,266
shared_map,low,4.0,10165,timeout,0,0,1,120,4,2,1472
shared_map,low,4.0,10166,timeout,0,0,1,120,4,2,1454
shared_map,low,4.0,10167,timeout,0,0,1,120,5,0,1440
shared_map,low,4.0,10168,timeout,0,0,1,120,5,0,2400
shared_map,low,4.0,10169,timeout,0,0,1,120,5,2,2044
shared_map,low,4.0,10170,timeout,0,0,1,120,4,2,1462
shared_map,low,4.0,10171,timeout,0,0,1,120,4,0,1440
shared_map,low,4.0,10172,timeout,0,0,1,120,5,0,2400
shared_map,low,4.0,10173,timeout,0,0,1,120,3,2,748
shared_map,low,4.0,10174,timeout,0,0,1,120,4,2,1454
shared_map,low,4.0,10175,timeout,0,0,1,120,4,2,1454
shared_map,low,4.0,10176,timeout,0,0,1,120,5,0,2400
shared_map,low,4.0,10177,timeout,0,0,1,120,5,0,2400
shared_map,low,4.0,10178,timeout,0,0,1,120,4,0,1440
shared_map,low,4.0,10179,timeout,0,0,1,120,5,0,1440
shared_map,low,4.0,10180,timeout,0,0,1,120,4,2,1454
shared_map,low,4.0,10181,timeout,0,0,1,120,5,2,2400
shared_map,low,4.0,10182,wipeout,0,1,0,27,0,2,290
shared_map,low,4.0,10183,timeout,0,0,1,120,4,3,1454
shared_map,low,4.0,10184,timeout,0,0,1,120,4,2,1454
shared_map,low,4.0,10185,timeout,0,0,1,120,5,0,2400
shared_map,low,4.0,10186,timeout,0,0,1,120,3,2,796
shared_map,low,4.0,10187,timeout,0,0,1,120,5,0,2400
shared_map,low,4.0,10188,timeout,0,0,1,120,5,2,2400
shared_map,low,4.0,10189,timeout,0,0,1,120,5,0,2400
shared_map,low,4.0,10190,timeout,0,0,1,120,5,0,1440
shared_map,low,4.0,10191,timeout,0,0,1,120,5,2,2400
shared_map,low,4.0,10192,timeout,0,0,1,120,4,2,1454
shared_map,low,4.0,10193,timeout,0,0,1,120,5,0,2400
shared_map,low,4.0,10194,timeout,0,0,1,120,5,0,1440
shared_map,low,4.0,10195,timeout,0,0,1,120,4,2,1544
shared_map,low,4.0,10196,timeout,0,0,1,120,4,2,1472
shared_map,low,4.0,10197,timeout,0,0,1,120,4,2,1454
shared_map,low,4.0,10198,timeout,0,0,1,120,5,0,2400
shared_map,low,4.0,10199,timeout,0,0,1,120,5,2,2400
shared_map,low,4.0,10200,timeout,0,0,1,120,5,0,2400
shared_map,low,4.0,10201,timeout,0,0,1,120,3,2,882
shared_map,low,4.0,10202,timeout,0,0,1,120,5,0,1440
shared_map,low,4.0,10203,timeout,0,0,1,120,5,2,2400
shared_map,low,4.0,10204,timeout,0,0,1,120,4,0,1440
shared_map,low,4.0,10205,timeout,0,0,1,120,5,0,2400
shared_map,low,4.0,10206,timeout,0,0,1,120,4,0,1440
shared_map,low,4.0,10207,timeout,0,0,1,120,3,2,748
shared_map,low,4.0,10208,timeout,0,0,1,120,5,0,2400
shared_map,low,4.0,10209,timeout,0,0,1,120,4,0,744
shared_map,low,4.0,10210,timeout,0,0,1,120,5,0,2400
shared_map,low,4.0,10211,timeout,0,0,1,120,4,2,1454
shared_map,low,4.0,10212,timeout,0,0,1,120,4,2,1464
shared_map,low,4.0,10213,timeout,0,0,1,120,5,0,2400
shared_map,low,4.0,10214,timeout,0,0,1,120,5,0,2400
shared_map,low,4.0,10215,timeout,0,0,1,120,5,0,2400
shared_map,low,4.0,10216,timeout,0,0,1,120,5,0,2400
shared_map,low,4.0,10217,timeout,0,0,1,120,4,2,1472
shared_map,low,4.0,10218,timeout,0,0,1,120,4,0,1440
shared_map,low,4.0,10219,timeout,0,0,1,120,5,0,1440
shared_map,low,4.0,10220,timeout,0,0,1,120,4,2,1482
shared_map,low,4.0,10221,timeout,0,0,1,120,4,2,1454
shared_map,low,4.0,10222,timeout,0,0,1,120,4,2,1460
shared_map,low,4.0,10223,timeout,0,0,1,120,3,2,774
shared_map,low,4.0,10224,timeout,0,0,1,120,5,0,1440
shared_map,low,4.0,10225,timeout,0,0,1,120,5,0,1440
shared_map,low,4.0,10226,timeout,0,0,1,120,5,0,1440
shared_map,low,4.0,10227,timeout,0,0,1,120,5,2,1468
shared_map,low,4.0,10228,timeout,0,0,1,120,4,2,1454
shared_map,low,4.0,10229,timeout,0,0,1,120,4,3,1420
shared_map,low,4.0,10230,timeout,0,0,1,120,5,2,2400
shared_map,low,4.0,10231,timeout,0,0,1,120,4,0,1440
shared_map,low,4.0,10232,timeout,0,0,1,120,5,3,2400
shared_map,low,4.0,10233,timeout,0,0,1,120,5,0,1440
shared_map,low,4.0,10234,timeout,0,0,1,120,5,0,1440
shared_map,low,4.0,10235,timeout,0,0,1,120,5,0,2400
shared_map,low,4.0,10236,timeout,0,0,1,120,5,0,2400
shared_map,low,4.0,10237,timeout,0,0,1,120,5,0,2400
shared_map,low,4.0,10238,timeout,0,0,1,120,3,3,792
shared_map,low,4.0,10239,timeout,0,0,1,120,5,0,1440
shared_map,low,4.0,10240,timeout,0,0,1,120,5,2,2400
shared_map,low,4.0,10241,timeout,0,0,1,120,5,0,1440
shared_map,low,4.0,10242,timeout,0,0,1,120,4,2,1472
shared_map,low,4.0,10243,timeout,0,0,1,120,5,0,2400
shared_map,low,4.0,10244,timeout,0,0,1,120,5,2,2400
shared_map,low,4.0,10245,timeout,0,0,1,120,5,0,2400
shared_map,low,4.0,10246,timeout,0,0,1,120,3,2,912
shared_map,low,4.0,10247,timeout,0,0,1,120,5,0,1440
shared_map,low,4.0,10248,timeout,0,0,1,120,5,0,1440
shared_map,low,4.0,10249,timeout,0,0,1,120,4,2,1464
shared_map,low,4.0,10250,timeout,0,0,1,120,5,0,2400
shared_map,low,4.0,10251,timeout,0,0,1,120,5,0,1440
shared_map,low,4.0,10252,timeout,0,0,1,120,5,0,2394
shared_map,low,4.0,10253,timeout,0,0,1,120,4,0,1440
shared_map,low,4.0,10254,timeout,0,0,1,120,5,0,1440
shared_map,low,4.0,10255,timeout,0,0,1,120,5,0,2400
shared_map,low,4.0,10256,timeout,0,0,1,120,5,0,1440
shared_map,low,4.0,10257,timeout,0,0,1,120,3,0,738
shared_map,low,4.0,10258,timeout,0,0,1,120,4,2,1456
shared_map,low,4.0,10259,timeout,0,0,1,120,5,0,2400
shared_map,low,4.0,10260,timeout,0,0,1,120,5,0,2400
shared_map,low,4.0,10261,timeout,0,0,1,120,5,0,2400
shared_map,low,4.0,10262,timeout,0,0,1,120,3,2,750
shared_map,low,4.0,10263,timeout,0,0,1,120,5,3,2052
shared_map,low,4.0,10264,timeout,0,0,1,120,5,2,2400
shared_map,low,4.0,10265,timeout,0,0,1,120,4,0,1440
shared_map,low,4.0,10266,timeout,0,0,1,120,4,0,1440
shared_map,low,4.0,10267,timeout,0,0,1,120,5,0,2400
shared_map,low,4.0,10268,timeout,0,0,1,120,5,0,2400
shared_map,low,4.0,10269,timeout,0,0,1,120,5,0,1440
shared_map,low,4.0,10270,timeout,0,0,1,120,5,0,2400
shared_map,low,4.0,10271,timeout,0,0,1,120,4,2,1458
shared_map,low,4.0,10272,timeout,0,0,1,120,5,0,2400
shared_map,low,4.0,10273,timeout,0,0,1,120,5,0,2400
shared_map,low,4.0,10274,timeout,0,0,1,120,5,0,2400
shared_map,low,4.0,10275,timeout,0,0,1,120,5,0,2400
shared_map,low,4.0,10276,timeout,0,0,1,120,5,0,2400
shared_map,low,4.0,10277,timeout,0,0,1,120,5,0,2400
shared_map,low,4.0,10278,timeout,0,0,1,120,4,0,1440
shared_map,low,4.0,10279,timeout,0,0,1,120,5,0,2400
shared_map,low,4.0,10280,timeout,0,0,1,120,5,0,1440
shared_map,low,4.0,10281,timeout,0,0,1,120,5,0,1440
shared_map,low,4.0,10282,timeout,0,0,1,120,5,2,2400
shared_map,low,4.0,10283,timeout,0,0,1,120,4,2,1482
shared_map,low,4.0,10284,timeout,0,0,1,120,5,0,1440
shared_map,low,4.0,10285,timeout,0,0,1,120,5,0,2400
shared_map,low,4.0,10286,timeout,0,0,1,120,5,0,2400
shared_map,low,4.0,10287,timeout,0,0,1,120,5,0,2400
shared_map,low,4.0,10288,timeout,0,0,1,120,5,0,2400
shared_map,low,4.0,10289,timeout,0,0,1,120,5,0,2400
shared_map,low,4.0,10290,timeout,0,0,1,120,5,0,2400
shared_map,low,4.0,10291,timeout,0,0,1,120,4,3,1520
shared_map,low,4.0,10292,timeout,0,0,1,120,1,2,326
shared_map,low,4.0,10293,timeout,0,0,1,120,5,0,2400
shared_map,low,4.0,10294,timeout,0,0,1,120,4,2,1488
shared_map,low,4.0,10295,timeout,0,0,1,120,2,2,434
shared_map,low,4.0,10296,timeout,0,0,1,120,4,2,1472
shared_map,low,4.0,10297,timeout,0,0,1,120,5,2,2400
shared_map,low,4.0,10298,timeout,0,0,1,120,4,2,1454
shared_map,low,4.0,10299,timeout,0,0,1,120,5,0,2400
shared_map,low,4.0,10300,timeout,0,0,1,120,4,2,1454
shared_map,low,4.0,10301,timeout,0,0,1,120,5,0,2400
shared_map,low,4.0,10302,timeout,0,0,1,120,5,0,2400
shared_map,low,4.0,10303,timeout,0,0,1,120,5,3,1500
shared_map,low,4.0,10304,timeout,0,0,1,120,4,0,1440
shared_map,low,4.0,10305,timeout,0,0,1,120,5,0,2400
shared_map,low,4.0,10306,timeout,0,0,1,120,4,2,1472
shared_map,low,4.0,10307,timeout,0,0,1,120,5,2,1454
shared_map,low,4.0,10308,timeout,0,0,1,120,5,0,1440
shared_map,low,4.0,10309,timeout,0,0,1,120,4,2,1454
shared_map,low,4.0,10310,timeout,0,0,1,120,5,2,2400
shared_map,low,4.0,10311,timeout,0,0,1,120,5,0,2400
shared_map,low,4.0,10312,timeout,0,0,1,120,4,2,1458
shared_map,low,4.0,10313,timeout,0,0,1,120,5,0,2400
shared_map,low,4.0,10314,timeout,0,0,1,120,5,0,2400
shared_map,low,4.0,10315,timeout,0,0,1,120,5,0,2400
shared_map,low,4.0,10316,timeout,0,0,1,120,4,2,1484
shared_map,low,4.0,10317,timeout,0,0,1,120,4,2,1460
shared_map,low,4.0,10318,wipeout,0,1,0,31,0,3,288
shared_map,low,4.0,10319,timeout,0,0,1,120,5,0,1440
shared_map,low,4.0,10320,timeout,0,0,1,120,5,0,2400
shared_map,low,4.0,10321,timeout,0,0,1,120,5,0,2400
shared_map,low,4.0,10322,timeout,0,0,1,120,5,0,2400
shared_map,low,4.0,10323,timeout,0,0,1,120,5,0,2400
shared_map,low,4.0,10324,timeout,0,0,1,120,4,2,1464
shared_map,low,4.0,10325,timeout,0,0,1,120,5,0,2400
shared_map,low,4.0,10326,timeout,0,0,1,120,4,3,570
shared_map,low,4.0,10327,timeout,0,0,1,120,5,0,2400
shared_map,low,4.0,10328,timeout,0,0,1,120,4,0,1440
shared_map,low,4.0,10329,timeout,0,0,1,120,4,2,1484
shared_map,low,4.0,10330,timeout,0,0,1,120,5,0,2400
shared_map,low,4.0,10331,timeout,0,0,1,120,5,0,2400
shared_map,low,4.0,10332,timeout,0,0,1,120,4,2,1472
shared_map,low,4.0,10333,timeout,0,0,1,120,4,0,1440
shared_map,low,4.0,10334,timeout,0,0,1,120,3,3,448
shared_map,low,4.0,10335,timeout,0,0,1,120,5,0,2400
shared_map,low,4.0,10336,timeout,0,0,1,120,4,0,1440
shared_map,low,4.0,10337,timeout,0,0,1,120,2,3,424
shared_map,low,4.0,10338,timeout,0,0,1,120,3,0,738
shared_map,low,4.0,10339,timeout,0,0,1,120,5,0,2400
shared_map,low,4.0,10340,timeout,0,0,1,120,5,0,2400
shared_map,low,4.0,10341,timeout,0,0,1,120,4,2,1454
shared_map,low,4.0,10342,timeout,0,0,1,120,5,0,2400
shared_map,low,4.0,10343,timeout,0,0,1,120,5,0,1440
shared_map,low,4.0,10344,timeout,0,0,1,120,5,0,2400
shared_map,low,4.0,10345,timeout,0,0,1,120,5,0,2400
shared_map,low,4.0,10346,timeout,0,0,1,120,4,2,1460
shared_map,low,4.0,10347,timeout,0,0,1,120,4,2,1454
shared_map,low,4.0,10348,timeout,0,0,1,120,4,2,1484
shared_map,low,4.0,10349,timeout,0,0,1,120,5,2,1710
shared_map,low,4.0,10350,timeout,0,0,1,120,4,2,1454
shared_map,low,4.0,10351,timeout,0,0,1,120,2,3,420
shared_map,low,4.0,10352,timeout,0,0,1,120,5,0,2400
shared_map,low,4.0,10353,timeout,0,0,1,120,5,0,2400
shared_map,low,4.0,10354,timeout,0,0,1,120,5,0,2400
shared_map,low,4.0,10355,timeout,0,0,1,120,5,0,2400
shared_map,low,4.0,10356,timeout,0,0,1,120,4,2,1472
shared_map,low,4.0,10357,timeout,0,0,1,120,3,0,738
shared_map,low,4.0,10358,timeout,0,0,1,120,5,0,1440
shared_map,low,4.0,10359,timeout,0,0,1,120,5,2,1458
shared_map,low,4.0,10360,timeout,0,0,1,120,5,0,2400
shared_map,low,4.0,10361,wipeout,0,1,0,32,0,2,502
shared_map,low,4.0,10362,timeout,0,0,1,120,5,0,2400
shared_map,low,4.0,10363,timeout,0,0,1,120,5,0,1440
shared_map,low,4.0,10364,timeout,0,0,1,120,5,0,2400
shared_map,low,4.0,10365,timeout,0,0,1,120,3,2,866
shared_map,low,4.0,10366,timeout,0,0,1,120,3,2,762
shared_map,low,4.0,10367,timeout,0,0,1,120,4,0,1440
shared_map,low,4.0,10368,timeout,0,0,1,120,4,3,1482
shared_map,low,4.0,10369,timeout,0,0,1,120,5,0,1440
shared_map,low,4.0,10370,timeout,0,0,1,120,5,0,2400
shared_map,low,4.0,10371,timeout,0,0,1,120,4,2,1454
shared_map,low,4.0,10372,timeout,0,0,1,120,3,3,838
shared_map,low,4.0,10373,timeout,0,0,1,120,5,2,2400
shared_map,low,4.0,10374,timeout,0,0,1,120,4,0,1440
shared_map,low,4.0,10375,timeout,0,0,1,120,4,0,1440
shared_map,low,4.0,10376,timeout,0,0,1,120,4,2,1478
shared_map,low,4.0,10377,timeout,0,0,1,120,5,2,2400
shared_map,low,4.0,10378,timeout,0,0,1,120,5,2,2400
shared_map,low,4.0,10379,timeout,0,0,1,120,4,3,1480
shared_map,low,4.0,10380,timeout,0,0,1,120,3,0,738
shared_map,low,4.0,10381,timeout,0,0,1,120,5,3,1454
shared_map,low,4.0,10382,timeout,0,0,1,120,5,0,1440
shared_map,low,4.0,10383,timeout,0,0,1,120,4,2,1456
shared_map,low,4.0,10384,timeout,0,0,1,120,5,2,996
shared_map,low,4.0,10385,timeout,0,0,1,120,5,2,2400
shared_map,low,4.0,10386,timeout,0,0,1,120,3,0,750
shared_map,low,4.0,10387,timeout,0,0,1,120,5,0,2400
shared_map,low,4.0,10388,timeout,0,0,1,120,4,0,1440
shared_map,low,4.0,10389,timeout,0,0,1,120,5,0,2400
shared_map,low,4.0,10390,timeout,0,0,1,120,3,0,738
shared_map,low,4.0,10391,timeout,0,0,1,120,3,2,912
shared_map,low,4.0,10392,timeout,0,0,1,120,5,0,2400
shared_map,low,4.0,10393,timeout,0,0,1,120,5,2,2400
shared_map,low,4.0,10394,timeout,0,0,1,120,4,2,1454
shared_map,low,4.0,10395,timeout,0,0,1,120,5,0,2400
shared_map,low,4.0,10396,timeout,0,0,1,120,5,0,1440
shared_map,low,4.0,10397,timeout,0,0,1,120,4,2,1464
shared_map,low,4.0,10398,timeout,0,0,1,120,5,0,2400
shared_map,low,4.0,10399,timeout,0,0,1,120,4,2,1482
shared_map,low,4.0,10400,timeout,0,0,1,120,4,2,1472
shared_map,low,4.0,10401,timeout,0,0,1,120,5,2,1454
shared_map,low,4.0,10402,timeout,0,0,1,120,4,2,1454
shared_map,low,4.0,10403,timeout,0,0,1,120,4,2,1456
shared_map,low,4.0,10404,wipeout,0,1,0,36,0,3,542
shared_map,low,4.0,10405,timeout,0,0,1,120,5,2,2400
shared_map,low,4.0,10406,wipeout,0,1,0,21,0,4,264
shared_map,low,4.0,10407,timeout,0,0,1,120,4,2,1458
shared_map,low,4.0,10408,timeout,0,0,1,120,5,2,2400
shared_map,low,4.0,10409,timeout,0,0,1,120,4,2,1484
shared_map,low,4.0,10410,timeout,0,0,1,120,5,0,2400
shared_map,low,4.0,10411,timeout,0,0,1,120,5,0,2400
shared_map,low,4.0,10412,timeout,0,0,1,120,5,0,2400
shared_map,low,4.0,10413,timeout,0,0,1,120,3,2,774
shared_map,low,4.0,10414,timeout,0,0,1,120,3,3,856
shared_map,low,4.0,10415,timeout,0,0,1,120,5,0,2400
shared_map,low,4.0,10416,timeout,0,0,1,120,5,0,1440
shared_map,low,4.0,10417,timeout,0,0,1,120,5,2,2400
shared_map,low,4.0,10418,timeout,0,0,1,120,4,2,1454
shared_map,low,4.0,10419,timeout,0,0,1,120,4,2,1576
shared_map,low,4.0,10420,timeout,0,0,1,120,4,3,1556
shared_map,low,4.0,10421,timeout,0,0,1,120,2,2,434
shared_map,low,4.0,10422,timeout,0,0,1,120,3,0,750
shared_map,low,4.0,10423,timeout,0,0,1,120,2,3,390
shared_map,low,4.0,10424,timeout,0,0,1,120,5,0,2400
shared_map,low,4.0,10425,timeout,0,0,1,120,5,0,2400
shared_map,low,4.0,10426,timeout,0,0,1,120,4,0,1440
shared_map,low,4.0,10427,timeout,0,0,1,120,4,4,556
shared_map,low,4.0,10428,timeout,0,0,1,120,4,2,1464
shared_map,low,4.0,10429,timeout,0,0,1,120,5,0,2400
shared_map,low,4.0,10430,timeout,0,0,1,120,5,3,2400
shared_map,low,4.0,10431,timeout,0,0,1,120,3,0,738
shared_map,low,4.0,10432,timeout,0,0,1,120,5,0,2400
shared_map,low,4.0,10433,timeout,0,0,1,120,4,0,1440
shared_map,low,4.0,10434,timeout,0,0,1,120,5,0,2400
shared_map,low,4.0,10435,timeout,0,0,1,120,4,2,1460
shared_map,low,4.0,10436,timeout,0,0,1,120,3,2,750
shared_map,low,4.0,10437,timeout,0,0,1,120,5,0,2400
shared_map,low,4.0,10438,timeout,0,0,1,120,4,0,1440
shared_map,low,4.0,10439,timeout,0,0,1,120,4,2,1454
shared_map,low,4.0,10440,timeout,0,0,1,120,2,3,428
shared_map,low,4.0,10441,timeout,0,0,1,120,4,2,1454
shared_map,low,4.0,10442,timeout,0,0,1,120,5,0,2400
shared_map,low,4.0,10443,timeout,0,0,1,120,4,3,788
shared_map,low,4.0,10444,timeout,0,0,1,120,4,0,1440
shared_map,low,4.0,10445,timeout,0,0,1,120,5,0,2400
shared_map,low,4.0,10446,timeout,0,0,1,120,5,2,2400
shared_map,low,4.0,10447,timeout,0,0,1,120,5,3,1460
shared_map,low,4.0,10448,timeout,0,0,1,120,3,0,744
shared_map,low,4.0,10449,timeout,0,0,1,120,5,0,2400
shared_map,low,4.0,10450,timeout,0,0,1,120,3,3,824
shared_map,low,4.0,10451,wipeout,0,1,0,34,0,4,264
shared_map,low,4.0,10452,timeout,0,0,1,120,4,2,1484
shared_map,low,4.0,10453,timeout,0,0,1,120,4,2,1104
shared_map,low,4.0,10454,timeout,0,0,1,120,5,0,2400
shared_map,low,4.0,10455,timeout,0,0,1,120,4,0,1440
shared_map,low,4.0,10456,timeout,0,0,1,120,5,0,2400
shared_map,low,4.0,10457,timeout,0,0,1,120,4,2,1454
shared_map,low,4.0,10458,timeout,0,0,1,120,5,0,1440
shared_map,low,4.0,10459,timeout,0,0,1,120,3,0,750
shared_map,low,4.0,10460,timeout,0,0,1,120,4,2,1478
shared_map,low,4.0,10461,timeout,0,0,1,120,5,0,1440
shared_map,low,4.0,10462,timeout,0,0,1,120,4,2,1464
shared_map,low,4.0,10463,timeout,0,0,1,120,4,0,1440
shared_map,low,4.0,10464,timeout,0,0,1,120,5,0,2400
shared_map,low,4.0,10465,timeout,0,0,1,120,4,2,1454
shared_map,low,4.0,10466,timeout,0,0,1,120,4,2,1454
shared_map,low,4.0,10467,timeout,0,0,1,120,4,2,1464
shared_map,low,4.0,10468,timeout,0,0,1,120,5,2,2400
shared_map,low,4.0,10469,timeout,0,0,1,120,5,0,2400
shared_map,low,4.0,10470,timeout,0,0,1,120,4,0,1440
shared_map,low,4.0,10471,timeout,0,0,1,120,5,0,1440
shared_map,low,4.0,10472,timeout,0,0,1,120,4,2,1454
shared_map,low,4.0,10473,timeout,0,0,1,120,4,0,1440
shared_map,low,4.0,10474,timeout,0,0,1,120,5,0,2400
shared_map,low,4.0,10475,timeout,0,0,1,120,5,0,2400
shared_map,low,4.0,10476,timeout,0,0,1,120,5,0,2400
shared_map,low,4.0,10477,timeout,0,0,1,120,5,2,1454
shared_map,low,4.0,10478,timeout,0,0,1,120,3,0,738
shared_map,low,4.0,10479,timeout,0,0,1,120,4,3,574
shared_map,low,4.0,10480,timeout,0,0,1,120,4,2,1482
shared_map,low,4.0,10481,timeout,0,0,1,120,4,2,1472
shared_map,low,4.0,10482,timeout,0,0,1,120,5,0,1440
shared_map,low,4.0,10483,timeout,0,0,1,120,5,0,2400
shared_map,low,4.0,10484,timeout,0,0,1,120,4,2,1454
shared_map,low,4.0,10485,timeout,0,0,1,120,5,0,1440
shared_map,low,4.0,10486,timeout,0,0,1,120,5,3,1516
shared_map,low,4.0,10487,timeout,0,0,1,120,4,0,1440
shared_map,low,4.0,10488,timeout,0,0,1,120,5,0,2400
shared_map,low,4.0,10489,timeout,0,0,1,120,4,0,1440
shared_map,low,4.0,10490,timeout,0,0,1,120,5,0,1440
shared_map,low,4.0,10491,timeout,0,0,1,120,5,0,2400
shared_map,low,4.0,10492,timeout,0,0,1,120,4,2,1472
shared_map,low,4.0,10493,timeout,0,0,1,120,5,0,2400
shared_map,low,4.0,10494,timeout,0,0,1,120,5,3,2400
shared_map,low,4.0,10495,timeout,0,0,1,120,4,2,1484
shared_map,low,4.0,10496,timeout,0,0,1,120,3,0,738
shared_map,low,4.0,10497,timeout,0,0,1,120,3,2,750
shared_map,low,4.0,10498,timeout,0,0,1,120,4,0,1440
shared_map,low,4.0,10499,timeout,0,0,1,120,5,0,2400
split_exit,low,4.0,10000,timeout,0,0,1,120,3,2,357
split_exit,low,4.0,10001,timeout,0,0,1,120,5,0,969
split_exit,low,4.0,10002,timeout,0,0,1,120,5,0,2384
split_exit,low,4.0,10003,timeout,0,0,1,120,2,2,158
split_exit,low,4.0,10004,timeout,0,0,1,120,1,2,83
split_exit,low,4.0,10005,timeout,0,0,1,120,4,2,488
split_exit,low,4.0,10006,timeout,0,0,1,120,5,2,1073
split_exit,low,4.0,10007,timeout,0,0,1,120,4,2,488
split_exit,low,4.0,10008,timeout,0,0,1,120,3,2,726
split_exit,low,4.0,10009,timeout,0,0,1,120,4,0,834
split_exit,low,4.0,10010,timeout,0,0,1,120,4,2,254
split_exit,low,4.0,10011,timeout,0,0,1,120,5,2,964
split_exit,low,4.0,10012,timeout,0,0,1,120,5,0,1559
split_exit,low,4.0,10013,timeout,0,0,1,120,4,4,259
split_exit,low,4.0,10014,timeout,0,0,1,120,4,2,485
split_exit,low,4.0,10015,timeout,0,0,1,120,4,4,427
split_exit,low,4.0,10016,timeout,0,0,1,120,5,2,2032
split_exit,low,4.0,10017,timeout,0,0,1,120,5,2,966
split_exit,low,4.0,10018,timeout,0,0,1,120,4,4,256
split_exit,low,4.0,10019,timeout,0,0,1,120,5,0,2384
split_exit,low,4.0,10020,timeout,0,0,1,120,4,3,624
split_exit,low,4.0,10021,timeout,0,0,1,120,3,5,259
split_exit,low,4.0,10022,timeout,0,0,1,120,3,4,259
split_exit,low,4.0,10023,timeout,0,0,1,120,2,2,254
split_exit,low,4.0,10024,timeout,0,0,1,120,4,2,488
split_exit,low,4.0,10025,wipeout,0,1,0,25,0,3,112
split_exit,low,4.0,10026,timeout,0,0,1,120,5,3,812
split_exit,low,4.0,10027,timeout,0,0,1,120,4,2,1047
split_exit,low,4.0,10028,timeout,0,0,1,120,2,4,252
split_exit,low,4.0,10029,timeout,0,0,1,120,3,4,252
split_exit,low,4.0,10030,timeout,0,0,1,120,5,0,1205
split_exit,low,4.0,10031,timeout,0,0,1,120,5,4,256
split_exit,low,4.0,10032,timeout,0,0,1,120,4,2,516
split_exit,low,4.0,10033,timeout,0,0,1,120,4,2,500
split_exit,low,4.0,10034,timeout,0,0,1,120,2,2,252
split_exit,low,4.0,10035,timeout,0,0,1,120,5,0,2384
split_exit,low,4.0,10036,timeout,0,0,1,120,3,2,393
split_exit,low,4.0,10037,timeout,0,0,1,120,2,2,16
split_exit,low,4.0,10038,timeout,0,0,1,120,4,2,756
split_exit,low,4.0,10039,timeout,0,0,1,120,2,2,262
split_exit,low,4.0,10040,timeout,0,0,1,120,2,3,318
split_exit,low,4.0,10041,timeout,0,0,1,120,5,2,732
split_exit,low,4.0,10042,timeout,0,0,1,120,3,2,272
split_exit,low,4.0,10043,timeout,0,0,1,120,2,2,364
split_exit,low,4.0,10044,timeout,0,0,1,120,5,0,969
split_exit,low,4.0,10045,timeout,0,0,1,120,5,0,969
split_exit,low,4.0,10046,timeout,0,0,1,120,3,3,254
split_exit,low,4.0,10047,timeout,0,0,1,120,5,2,971
split_exit,low,4.0,10048,timeout,0,0,1,120,5,2,488
split_exit,low,4.0,10049,timeout,0,0,1,120,5,2,971
split_exit,low,4.0,10050,timeout,0,0,1,120,4,2,1271
split_exit,low,4.0,10051,timeout,0,0,1,120,4,2,734
split_exit,low,4.0,10052,timeout,0,0,1,120,4,2,803
split_exit,low,4.0,10053,timeout,0,0,1,120,5,0,969
split_exit,low,4.0,10054,timeout,0,0,1,120,5,0,2267
split_exit,low,4.0,10055,timeout,0,0,1,120,4,2,561
split_exit,low,4.0,10056,timeout,0,0,1,120,5,3,256
split_exit,low,4.0,10057,timeout,0,0,1,120,5,0,970
split_exit,low,4.0,10058,timeout,0,0,1,120,5,0,1062
split_exit,low,4.0,10059,timeout,0,0,1,120,5,3,1042
split_exit,low,4.0,10060,timeout,0,0,1,120,4,0,774
split_exit,low,4.0,10061,timeout,0,0,1,120,4,4,489
split_exit,low,4.0,10062,timeout,0,0,1,120,5,0,1062
split_exit,low,4.0,10063,timeout,0,0,1,120,4,4,490
split_exit,low,4.0,10064,timeout,0,0,1,120,4,6,256
split_exit,low,4.0,10065,timeout,0,0,1,120,3,4,267
split_exit,low,4.0,10066,timeout,0,0,1,120,5,2,1559
split_exit,low,4.0,10067,timeout,0,0,1,120,3,3,254
split_exit,low,4.0,10068,timeout,0,0,1,120,5,0,969
split_exit,low,4.0,10069,timeout,0,0,1,120,2,3,260
split_exit,low,4.0,10070,timeout,0,0,1,120,4,3,562
split_exit,low,4.0,10071,timeout,0,0,1,120,4,2,736
split_exit,low,4.0,10072,timeout,0,0,1,120,5,0,1205
split_exit,low,4.0,10073,timeout,0,0,1,120,2,2,252
split_exit,low,4.0,10074,timeout,0,0,1,120,5,2,968
split_exit,low,4.0,10075,timeout,0,0,1,120,4,2,561
split_exit,low,4.0,10076,timeout,0,0,1,120,4,4,254
split_exit,low,4.0,10077,timeout,0,0,1,120,3,0,249
split_exit,low,4.0,10078,timeout,0,0,1,120,5,0,1205
split_exit,low,4.0,10079,timeout,0,0,1,120,3,3,249
split_exit,low,4.0,10080,timeout,0,0,1,120,4,2,492
split_exit,low,4.0,10081,timeout,0,0,1,120,5,2,960
split_exit,low,4.0,10082,timeout,0,0,1,120,4,0,734
split_exit,low,4.0,10083,timeout,0,0,1,120,2,2,411
split_exit,low,4.0,10084,timeout,0,0,1,120,2,2,249
split_exit,low,4.0,10085,timeout,0,0,1,120,4,2,554
split_exit,low,4.0,10086,timeout,0,0,1,120,3,4,253
split_exit,low,4.0,10087,timeout,0,0,1,120,5,0,1205
split_exit,low,4.0,10088,timeout,0,0,1,120,5,0,726
split_exit,low,4.0,10089,timeout,0,0,1,120,5,0,2384
split_exit,low,4.0,10090,timeout,0,0,1,120,3,3,299
split_exit,low,4.0,10091,timeout,0,0,1,120,4,2,726
split_exit,low,4.0,10092,timeout,0,0,1,120,4,2,728
split_exit,low,4.0,10093,timeout,0,0,1,120,3,3,256
split_exit,low,4.0,10094,timeout,0,0,1,120,4,2,497
split_exit,low,4.0,10095,timeout,0,0,1,120,3,4,262
split_exit,low,4.0,10096,timeout,0,0,1,120,4,2,623
split_exit,low,4.0,10097,timeout,0,0,1,120,5,0,726
split_exit,low,4.0,10098,timeout,0,0,1,120,3,0,737
split_exit,low,4.0,10099,timeout,0,0,1,120,4,2,636
split_exit,low,4.0,10100,timeout,0,0,1,120,5,0,969
split_exit,low,4.0,10101,timeout,0,0,1,120,4,4,312
split_exit,low,4.0,10102,timeout,0,0,1,120,5,0,969
split_exit,low,4.0,10103,timeout,0,0,1,120,5,0,2384
split_exit,low,4.0,10104,timeout,0,0,1,120,5,2,968
split_exit,low,4.0,10105,timeout,0,0,1,120,5,0,2267
split_exit,low,4.0,10106,timeout,0,0,1,120,4,4,488
split_exit,low,4.0,10107,timeout,0,0,1,120,4,2,753
split_exit,low,4.0,10108,timeout,0,0,1,120,5,0,768
split_exit,low,4.0,10109,timeout,0,0,1,120,3,4,259
split_exit,low,4.0,10110,wipeout,0,1,0,41,0,2,152
split_exit,low,4.0,10111,timeout,0,0,1,120,4,2,514
split_exit,low,4.0,10112,timeout,0,0,1,120,4,2,748
split_exit,low,4.0,10113,timeout,0,0,1,120,4,3,1426
split_exit,low,4.0,10114,timeout,0,0,1,120,5,2,1027
split_exit,low,4.0,10115,timeout,0,0,1,120,3,2,270
split_exit,low,4.0,10116,timeout,0,0,1,120,2,2,349
split_exit,low,4.0,10117,timeout,0,0,1,120,3,2,256
split_exit,low,4.0,10118,timeout,0,0,1,120,5,0,969
split_exit,low,4.0,10119,timeout,0,0,1,120,4,4,604
split_exit,low,4.0,10120,timeout,0,0,1,120,4,4,486
split_exit,low,4.0,10121,timeout,0,0,1,120,2,2,249
split_exit,low,4.0,10122,timeout,0,0,1,120,3,3,249
split_exit,low,4.0,10123,timeout,0,0,1,120,5,2,2377
split_exit,low,4.0,10124,timeout,0,0,1,120,3,3,268
split_exit,low,4.0,10125,timeout,0,0,1,120,5,3,1090
split_exit,low,4.0,10126,timeout,0,0,1,120,5,0,2160
split_exit,low,4.0,10127,timeout,0,0,1,120,2,2,380
split_exit,low,4.0,10128,timeout,0,0,1,120,5,0,2267
split_exit,low,4.0,10129,timeout,0,0,1,120,5,2,960
split_exit,low,4.0,10130,timeout,0,0,1,120,3,3,740
split_exit,low,4.0,10131,timeout,0,0,1,120,4,2,493
split_exit,low,4.0,10132,wipeout,0,1,0,14,0,2,62
split_exit,low,4.0,10133,timeout,0,0,1,120,4,2,488
split_exit,low,4.0,10134,timeout,0,0,1,120,4,2,488
split_exit,low,4.0,10135,timeout,0,0,1,120,4,5,259
split_exit,low,4.0,10136,timeout,0,0,1,120,3,2,253
split_exit,low,4.0,10137,timeout,0,0,1,120,5,0,2160
split_exit,low,4.0,10138,timeout,0,0,1,120,5,2,969
split_exit,low,4.0,10139,timeout,0,0,1,120,3,4,274
split_exit,low,4.0,10140,timeout,0,0,1,120,4,2,1267
split_exit,low,4.0,10141,timeout,0,0,1,120,5,0,2160
split_exit,low,4.0,10142,timeout,0,0,1,120,5,3,1038
split_exit,low,4.0,10143,timeout,0,0,1,120,4,2,885
split_exit,low,4.0,10144,timeout,0,0,1,120,5,0,969
split_exit,low,4.0,10145,timeout,0,0,1,120,4,2,772
split_exit,low,4.0,10146,timeout,0,0,1,120,5,2,965
split_exit,low,4.0,10147,timeout,0,0,1,120,4,2,496
split_exit,low,4.0,10148,timeout,0,0,1,120,2,2,107
split_exit,low,4.0,10149,timeout,0,0,1,120,3,5,262
split_exit,low,4.0,10150,timeout,0,0,1,120,5,2,728
split_exit,low,4.0,10151,timeout,0,0,1,120,2,2,458
split_exit,low,4.0,10152,timeout,0,0,1,120,5,0,2160
split_exit,low,4.0,10153,timeout,0,0,1,120,5,0,1913
split_exit,low,4.0,10154,timeout,0,0,1,120,3,2,736
split_exit,low,4.0,10155,timeout,0,0,1,120,4,5,265
split_exit,low,4.0,10156,timeout,0,0,1,120,5,2,1057
split_exit,low,4.0,10157,timeout,0,0,1,120,5,0,1497
split_exit,low,4.0,10158,timeout,0,0,1,120,5,0,2384
split_exit,low,4.0,10159,timeout,0,0,1,120,3,2,252
split_exit,low,4.0,10160,timeout,0,0,1,120,5,2,1567
split_exit,low,4.0,10161,timeout,0,0,1,120,5,2,880
split_exit,low,4.0,10162,timeout,0,0,1,120,3,4,255
split_exit,low,4.0,10163,timeout,0,0,1,120,2,0,249
split_exit,low,4.0,10164,timeout,0,0,1,120,3,3,322
split_exit,low,4.0,10165,timeout,0,0,1,120,4,3,496
split_exit,low,4.0,10166,timeout,0,0,1,120,2,2,254
split_exit,low,4.0,10167,timeout,0,0,1,120,4,4,488
split_exit,low,4.0,10168,timeout,0,0,1,120,5,2,1794
split_exit,low,4.0,10169,timeout,0,0,1,120,5,2,842
split_exit,low,4.0,10170,timeout,0,0,1,120,5,0,970
split_exit,low,4.0,10171,timeout,0,0,1,120,3,4,257
split_exit,low,4.0,10172,timeout,0,0,1,120,5,0,1559
split_exit,low,4.0,10173,timeout,0,0,1,120,2,2,16
split_exit,low,4.0,10174,timeout,0,0,1,120,4,2,488
split_exit,low,4.0,10175,timeout,0,0,1,120,3,4,256
split_exit,low,4.0,10176,timeout,0,0,1,120,5,0,969
split_exit,low,4.0,10177,timeout,0,0,1,120,4,0,1162
split_exit,low,4.0,10178,timeout,0,0,1,120,4,4,256
split_exit,low,4.0,10179,timeout,0,0,1,120,4,4,257
split_exit,low,4.0,10180,timeout,0,0,1,120,2,2,254
split_exit,low,4.0,10181,timeout,0,0,1,120,4,2,1277
split_exit,low,4.0,10182,timeout,0,0,1,120,2,2,359
split_exit,low,4.0,10183,timeout,0,0,1,120,4,2,497
split_exit,low,4.0,10184,timeout,0,0,1,120,3,2,252
split_exit,low,4.0,10185,timeout,0,0,1,120,4,0,779
split_exit,low,4.0,10186,timeout,0,0,1,120,4,2,496
split_exit,low,4.0,10187,timeout,0,0,1,120,3,2,726
split_exit,low,4.0,10188,timeout,0,0,1,120,5,2,2367
split_exit,low,4.0,10189,timeout,0,0,1,120,4,0,774
split_exit,low,4.0,10190,timeout,0,0,1,120,3,4,251
split_exit,low,4.0,10191,timeout,0,0,1,120,4,2,631
split_exit,low,4.0,10192,timeout,0,0,1,120,4,2,488
split_exit,low,4.0,10193,timeout,0,0,1,120,5,2,728
split_exit,low,4.0,10194,timeout,0,0,1,120,4,4,489
split_exit,low,4.0,10195,timeout,0,0,1,120,3,2,350
split_exit,low,4.0,10196,timeout,0,0,1,120,5,2,960
split_exit,low,4.0,10197,timeout,0,0,1,120,3,2,252
split_exit,low,4.0,10198,timeout,0,0,1,120,4,0,726
split_exit,low,4.0,10199,timeout,0,0,1,120,3,2,740
split_exit,low,4.0,10200,timeout,0,0,1,120,5,2,1088
split_exit,low,4.0,10201,timeout,0,0,1,120,2,2,308
split_exit,low,4.0,10202,timeout,0,0,1,120,4,0,643
split_exit,low,4.0,10203,timeout,0,0,1,120,5,2,2004
split_exit,low,4.0,10204,timeout,0,0,1,120,4,4,259
split_exit,low,4.0,10205,timeout,0,0,1,120,5,2,1062
split_exit,low,4.0,10206,timeout,0,0,1,120,3,2,249
split_exit,low,4.0,10207,timeout,0,0,1,120,2,2,16
split_exit,low,4.0,10208,timeout,0,0,1,120,5,2,968
split_exit,low,4.0,10209,timeout,0,0,1,120,3,3,254
split_exit,low,4.0,10210,timeout,0,0,1,120,4,0,728
split_exit,low,4.0,10211,timeout,0,0,1,120,3,2,276
split_exit,low,4.0,10212,timeout,0,0,1,120,4,2,497
split_exit,low,4.0,10213,timeout,0,0,1,120,5,2,969
split_exit,low,4.0,10214,timeout,0,0,1,120,3,0,734
split_exit,low,4.0,10215,timeout,0,0,1,120,5,0,2384
split_exit,low,4.0,10216,timeout,0,0,1,120,5,0,2384
split_exit,low,4.0,10217,timeout,0,0,1,120,4,2,496
split_exit,low,4.0,10218,timeout,0,0,1,120,3,2,249
split_exit,low,4.0,10219,timeout,0,0,1,120,3,4,266
split_exit,low,4.0,10220,timeout,0,0,1,120,3,2,284
split_exit,low,4.0,10221,timeout,0,0,1,120,3,2,256
split_exit,low,4.0,10222,timeout,0,0,1,120,3,2,254
split_exit,low,4.0,10223,timeout,0,0,1,120,1,2,57
split_exit,low,4.0,10224,timeout,0,0,1,120,4,4,257
split_exit,low,4.0,10225,timeout,0,0,1,120,4,4,547
split_exit,low,4.0,10226,timeout,0,0,1,120,4,4,314
split_exit,low,4.0,10227,timeout,0,0,1,120,5,2,500
split_exit,low,4.0,10228,timeout,0,0,1,120,4,2,488
split_exit,low,4.0,10229,timeout,0,0,1,120,3,2,326
split_exit,low,4.0,10230,timeout,0,0,1,120,5,2,2382
split_exit,low,4.0,10231,timeout,0,0,1,120,3,4,257
split_exit,low,4.0,10232,timeout,0,0,1,120,3,3,292
split_exit,low,4.0,10233,timeout,0,0,1,120,4,4,258
split_exit,low,4.0,10234,timeout,0,0,1,120,4,3,619
split_exit,low,4.0,10235,timeout,0,0,1,120,5,0,2160
split_exit,low,4.0,10236,timeout,0,0,1,120,4,0,726
split_exit,low,4.0,10237,timeout,0,0,1,120,5,0,969
split_exit,low,4.0,10238,timeout,0,0,1,120,2,3,274
split_exit,low,4.0,10239,timeout,0,0,1,120,4,4,492
split_exit,low,4.0,10240,timeout,0,0,1,120,4,2,1279
split_exit,low,4.0,10241,timeout,0,0,1,120,4,4,605
split_exit,low,4.0,10242,timeout,0,0,1,120,3,4,272
split_exit,low,4.0,10243,timeout,0,0,1,120,5,0,969
split_exit,low,4.0,10244,timeout,0,0,1,120,5,2,2384
split_exit,low,4.0,10245,timeout,0,0,1,120,4,2,1278
split_exit,low,4.0,10246,timeout,0,0,1,120,2,2,116
split_exit,low,4.0,10247,timeout,0,0,1,120,4,4,487
split_exit,low,4.0,10248,timeout,0,0,1,120,3,4,257
split_exit,low,4.0,10249,timeout,0,0,1,120,2,2,260
split_exit,low,4.0,10250,timeout,0,0,1,120,5,0,969
split_exit,low,4.0,10251,timeout,0,0,1,120,4,4,260
split_exit,low,4.0,10252,timeout,0,0,1,120,3,2,724
split_exit,low,4.0,10253,timeout,0,0,1,120,3,2,251
split_exit,low,4.0,10254,timeout,0,0,1,120,4,4,429
split_exit,low,4.0,10255,timeout,0,0,1,120,4,0,728
split_exit,low,4.0,10256,timeout,0,0,1,120,4,2,645
split_exit,low,4.0,10257,timeout,0,0,1,120,3,4,264
split_exit,low,4.0,10258,timeout,0,0,1,120,3,2,254
split_exit,low,4.0,10259,timeout,0,0,1,120,5,0,1913
split_exit,low,4.0,10260,timeout,0,0,1,120,5,0,969
split_exit,low,4.0,10261,timeout,0,0,1,120,3,2,741
split_exit,low,4.0,10262,timeout,0,0,1,120,2,2,18
split_exit,low,4.0,10263,timeout,0,0,1,120,5,3,960
split_exit,low,4.0,10264,timeout,0,0,1,120,4,2,1424
split_exit,low,4.0,10265,timeout,0,0,1,120,5,3,256
split_exit,low,4.0,10266,timeout,0,0,1,120,4,4,257
split_exit,low,4.0,10267,timeout,0,0,1,120,5,0,2267
split_exit,low,4.0,10268,timeout,0,0,1,120,4,2,726
split_exit,low,4.0,10269,timeout,0,0,1,120,4,4,546
split_exit,low,4.0,10270,timeout,0,0,1,120,5,0,2384
split_exit,low,4.0,10271,timeout,0,0,1,120,3,2,258
split_exit,low,4.0,10272,timeout,0,0,1,120,4,0,1449
split_exit,low,4.0,10273,timeout,0,0,1,120,3,5,726
split_exit,low,4.0,10274,timeout,0,0,1,120,5,0,969
split_exit,low,4.0,10275,timeout,0,0,1,120,4,0,779
split_exit,low,4.0,10276,timeout,0,0,1,120,5,0,2267
split_exit,low,4.0,10277,timeout,0,0,1,120,5,0,969
split_exit,low,4.0,10278,timeout,0,0,1,120,4,2,485
split_exit,low,4.0,10279,timeout,0,0,1,120,3,2,726
split_exit,low,4.0,10280,timeout,0,0,1,120,3,4,258
split_exit,low,4.0,10281,timeout,0,0,1,120,3,4,265
split_exit,low,4.0,10282,timeout,0,0,1,120,4,2,505
split_exit,low,4.0,10283,timeout,0,0,1,120,3,2,272
split_exit,low,4.0,10284,timeout,0,0,1,120,3,4,254
split_exit,low,4.0,10285,timeout,0,0,1,120,5,0,1913
split_exit,low,4.0,10286,timeout,0,0,1,120,3,0,734
split_exit,low,4.0,10287,timeout,0,0,1,120,5,2,1692
split_exit,low,4.0,10288,timeout,0,0,1,120,4,0,726
split_exit,low,4.0,10289,timeout,0,0,1,120,5,0,969
split_exit,low,4.0,10290,timeout,0,0,1,120,4,0,728
split_exit,low,4.0,10291,timeout,0,0,1,120,4,3,771
split_exit,low,4.0,10292,timeout,0,0,1,120,2,2,333
split_exit,low,4.0,10293,timeout,0,0,1,120,4,3,726
split_exit,low,4.0,10294,timeout,0,0,1,120,4,2,522
split_exit,low,4.0,10295,timeout,0,0,1,120,2,2,349
split_exit,low,4.0,10296,timeout,0,0,1,120,4,2,496
split_exit,low,4.0,10297,timeout,0,0,1,120,5,2,965
split_exit,low,4.0,10298,timeout,0,0,1,120,4,3,488
split_exit,low,4.0,10299,timeout,0,0,1,120,5,0,1913
split_exit,low,4.0,10300,timeout,0,0,1,120,3,2,252
split_exit,low,4.0,10301,timeout,0,0,1,120,4,0,726
split_exit,low,4.0,10302,timeout,0,0,1,120,4,0,736
split_exit,low,4.0,10303,timeout,0,0,1,120,4,2,597
split_exit,low,4.0,10304,timeout,0,0,1,120,3,0,249
split_exit,low,4.0,10305,timeout,0,0,1,120,5,0,969
split_exit,low,4.0,10306,timeout,0,0,1,120,4,2,496
split_exit,low,4.0,10307,timeout,0,0,1,120,5,2,488
split_exit,low,4.0,10308,timeout,0,0,1,120,4,4,547
split_exit,low,4.0,10309,timeout,0,0,1,120,3,2,274
split_exit,low,4.0,10310,timeout,0,0,1,120,3,2,292
split_exit,low,4.0,10311,timeout,0,0,1,120,4,0,726
split_exit,low,4.0,10312,timeout,0,0,1,120,4,2,490
split_exit,low,4.0,10313,timeout,0,0,1,120,5,0,1827
split_exit,low,4.0,10314,timeout,0,0,1,120,4,0,734
split_exit,low,4.0,10315,timeout,0,0,1,120,4,2,726
split_exit,low,4.0,10316,timeout,0,0,1,120,3,2,274
split_exit,low,4.0,10317,timeout,0,0,1,120,2,2,258
split_exit,low,4.0,10318,wipeout,0,1,0,29,0,3,116
split_exit,low,4.0,10319,timeout,0,0,1,120,4,0,648
split_exit,low,4.0,10320,timeout,0,0,1,120,5,0,969
split_exit,low,4.0,10321,timeout,0,0,1,120,5,0,2384
split_exit,low,4.0,10322,timeout,0,0,1,120,5,2,2252
split_exit,low,4.0,10323,timeout,0,0,1,120,5,0,2384
split_exit,low,4.0,10324,timeout,0,0,1,120,4,3,492
split_exit,low,4.0,10325,timeout,0,0,1,120,5,0,2160
split_exit,low,4.0,10326,timeout,0,0,1,120,5,2,856
split_exit,low,4.0,10327,timeout,0,0,1,120,5,0,969
split_exit,low,4.0,10328,timeout,0,0,1,120,3,4,254
split_exit,low,4.0,10329,timeout,0,0,1,120,4,2,506
split_exit,low,4.0,10330,timeout,0,0,1,120,3,6,801
split_exit,low,4.0,10331,timeout,0,0,1,120,4,0,779
split_exit,low,4.0,10332,timeout,0,0,1,120,4,2,762
split_exit,low,4.0,10333,timeout,0,0,1,120,4,3,256
split_exit,low,4.0,10334,timeout,0,0,1,120,4,2,494
split_exit,low,4.0,10335,timeout,0,0,1,120,3,2,738
split_exit,low,4.0,10336,timeout,0,0,1,120,4,4,255
split_exit,low,4.0,10337,timeout,0,0,1,120,2,2,320
split_exit,low,4.0,10338,timeout,0,0,1,120,3,4,253
split_exit,low,4.0,10339,timeout,0,0,1,120,5,0,2160
split_exit,low,4.0,10340,timeout,0,0,1,120,4,0,779
split_exit,low,4.0,10341,timeout,0,0,1,120,4,2,488
split_exit,low,4.0,10342,timeout,0,0,1,120,5,3,1360
split_exit,low,4.0,10343,timeout,0,0,1,120,4,4,256
split_exit,low,4.0,10344,timeout,0,0,1,120,4,0,829
split_exit,low,4.0,10345,timeout,0,0,1,120,5,0,2384
split_exit,low,4.0,10346,timeout,0,0,1,120,3,2,728
split_exit,low,4.0,10347,timeout,0,0,1,120,2,2,254
split_exit,low,4.0,10348,timeout,0,0,1,120,3,2,272
split_exit,low,4.0,10349,timeout,0,0,1,120,5,2,732
split_exit,low,4.0,10350,timeout,0,0,1,120,3,2,256
split_exit,low,4.0,10351,timeout,0,0,1,120,3,3,414
split_exit,low,4.0,10352,timeout,0,0,1,120,5,2,971
split_exit,low,4.0,10353,timeout,0,0,1,120,5,0,969
split_exit,low,4.0,10354,timeout,0,0,1,120,5,0,969
split_exit,low,4.0,10355,timeout,0,0,1,120,4,2,1110
split_exit,low,4.0,10356,timeout,0,0,1,120,4,3,496
split_exit,low,4.0,10357,timeout,0,0,1,120,4,3,250
split_exit,low,4.0,10358,timeout,0,0,1,120,4,4,487
split_exit,low,4.0,10359,timeout,0,0,1,120,4,2,254
split_exit,low,4.0,10360,timeout,0,0,1,120,5,0,728
split_exit,low,4.0,10361,timeout,0,0,1,120,1,2,244
split_exit,low,4.0,10362,timeout,0,0,1,120,4,0,736
split_exit,low,4.0,10363,timeout,0,0,1,120,3,4,260
split_exit,low,4.0,10364,timeout,0,0,1,120,5,0,2384
split_exit,low,4.0,10365,timeout,0,0,1,120,3,2,308
split_exit,low,4.0,10366,timeout,0,0,1,120,4,2,492
split_exit,low,4.0,10367,timeout,0,0,1,120,3,4,257
split_exit,low,4.0,10368,timeout,0,0,1,120,3,3,272
split_exit,low,4.0,10369,timeout,0,0,1,120,4,4,485
split_exit,low,4.0,10370,timeout,0,0,1,120,5,0,969
split_exit,low,4.0,10371,timeout,0,0,1,120,4,3,488
split_exit,low,4.0,10372,timeout,0,0,1,120,3,3,308
split_exit,low,4.0,10373,timeout,0,0,1,120,5,2,2385
split_exit,low,4.0,10374,timeout,0,0,1,120,5,2,628
split_exit,low,4.0,10375,timeout,0,0,1,120,4,4,257
split_exit,low,4.0,10376,timeout,0,0,1,120,4,2,500
split_exit,low,4.0,10377,timeout,0,0,1,120,5,2,2377
split_exit,low,4.0,10378,timeout,0,0,1,120,5,2,1985
split_exit,low,4.0,10379,timeout,0,0,1,120,4,3,509
split_exit,low,4.0,10380,timeout,0,0,1,120,3,3,249
split_exit,low,4.0,10381,timeout,0,0,1,120,4,3,258
split_exit,low,4.0,10382,timeout,0,0,1,120,4,4,547
split_exit,low,4.0,10383,timeout,0,0,1,120,3,2,254
split_exit,low,4.0,10384,timeout,0,0,1,120,5,2,563
split_exit,low,4.0,10385,timeout,0,0,1,120,4,2,835
split_exit,low,4.0,10386,timeout,0,0,1,120,3,3,254
split_exit,low,4.0,10387,timeout,0,0,1,120,5,3,971
split_exit,low,4.0,10388,timeout,0,0,1,120,3,4,257
split_exit,low,4.0,10389,timeout,0,0,1,120,5,0,2384
split_exit,low,4.0,10390,timeout,0,0,1,120,4,2,250
split_exit,low,4.0,10391,timeout,0,0,1,120,1,2,124
split_exit,low,4.0,10392,timeout,0,0,1,120,5,3,969
split_exit,low,4.0,10393,timeout,0,0,1,120,4,2,561
split_exit,low,4.0,10394,timeout,0,0,1,120,3,3,272
split_exit,low,4.0,10395,timeout,0,0,1,120,5,0,969
split_exit,low,4.0,10396,timeout,0,0,1,120,4,4,311
split_exit,low,4.0,10397,timeout,0,0,1,120,4,3,488
split_exit,low,4.0,10398,timeout,0,0,1,120,4,2,728
split_exit,low,4.0,10399,timeout,0,0,1,120,3,2,272
split_exit,low,4.0,10400,timeout,0,0,1,120,4,2,496
split_exit,low,4.0,10401,timeout,0,0,1,120,5,2,488
split_exit,low,4.0,10402,timeout,0,0,1,120,4,2,488
split_exit,low,4.0,10403,timeout,0,0,1,120,3,2,737
split_exit,low,4.0,10404,timeout,0,0,1,120,2,2,464
split_exit,low,4.0,10405,timeout,0,0,1,120,5,2,1158
split_exit,low,4.0,10406,timeout,0,0,1,120,2,3,328
split_exit,low,4.0,10407,timeout,0,0,1,120,3,2,254
split_exit,low,4.0,10408,timeout,0,0,1,120,5,2,1092
split_exit,low,4.0,10409,timeout,0,0,1,120,4,2,506
split_exit,low,4.0,10410,timeout,0,0,1,120,4,2,774
split_exit,low,4.0,10411,timeout,0,0,1,120,3,0,753
split_exit,low,4.0,10412,timeout,0,0,1,120,4,0,1449
split_exit,low,4.0,10413,timeout,0,0,1,120,1,2,57
split_exit,low,4.0,10414,timeout,0,0,1,120,3,2,376
split_exit,low,4.0,10415,timeout,0,0,1,120,5,0,969
split_exit,low,4.0,10416,timeout,0,0,1,120,4,4,486
split_exit,low,4.0,10417,timeout,0,0,1,120,4,2,570
split_exit,low,4.0,10418,timeout,0,0,1,120,3,2,274
split_exit,low,4.0,10419,timeout,0,0,1,120,3,2,470
split_exit,low,4.0,10420,timeout,0,0,1,120,5,2,1082
split_exit,low,4.0,10421,timeout,0,0,1,120,2,2,349
split_exit,low,4.0,10422,timeout,0,0,1,120,3,3,254
split_exit,low,4.0,10423,timeout,0,0,1,120,4,3,546
split_exit,low,4.0,10424,timeout,0,0,1,120,5,0,969
split_exit,low,4.0,10425,timeout,0,0,1,120,4,0,734
split_exit,low,4.0,10426,timeout,0,0,1,120,4,4,261
split_exit,low,4.0,10427,timeout,0,0,1,120,5,2,506
split_exit,low,4.0,10428,timeout,0,0,1,120,4,2,492
split_exit,low,4.0,10429,timeout,0,0,1,120,4,0,726
split_exit,low,4.0,10430,timeout,0,0,1,120,3,3,728
split_exit,low,4.0,10431,timeout,0,0,1,120,3,4,249
split_exit,low,4.0,10432,timeout,0,0,1,120,5,0,969
split_exit,low,4.0,10433,timeout,0,0,1,120,3,4,253
split_exit,low,4.0,10434,timeout,0,0,1,120,5,0,969
split_exit,low,4.0,10435,timeout,0,0,1,120,2,2,258
split_exit,low,4.0,10436,timeout,0,0,1,120,2,2,18
split_exit,low,4.0,10437,timeout,0,0,1,120,5,0,969
split_exit,low,4.0,10438,timeout,0,0,1,120,4,4,262
split_exit,low,4.0,10439,timeout,0,0,1,120,3,2,252
split_exit,low,4.0,10440,timeout,0,0,1,120,3,3,749
split_exit,low,4.0,10441,timeout,0,0,1,120,2,2,252
split_exit,low,4.0,10442,timeout,0,0,1,120,3,2,753
split_exit,low,4.0,10443,timeout,0,0,1,120,4,2,522
split_exit,low,4.0,10444,timeout,0,0,1,120,4,4,259
split_exit,low,4.0,10445,timeout,0,0,1,120,5,2,1715
split_exit,low,4.0,10446,timeout,0,0,1,120,5,2,965
split_exit,low,4.0,10447,timeout,0,0,1,120,5,3,490
split_exit,low,4.0,10448,timeout,0,0,1,120,2,3,254
split_exit,low,4.0,10449,timeout,0,0,1,120,4,0,729
split_exit,low,4.0,10450,timeout,0,0,1,120,3,3,310
split_exit,low,4.0,10451,timeout,0,0,1,120,2,3,359
split_exit,low,4.0,10452,timeout,0,0,1,120,2,2,274
split_exit,low,4.0,10453,timeout,0,0,1,120,3,2,136
split_exit,low,4.0,10454,timeout,0,0,1,120,5,2,960
split_exit,low,4.0,10455,timeout,0,0,1,120,3,4,259
split_exit,low,4.0,10456,timeout,0,0,1,120,4,2,769
split_exit,low,4.0,10457,timeout,0,0,1,120,2,3,252
split_exit,low,4.0,10458,timeout,0,0,1,120,4,4,313
split_exit,low,4.0,10459,timeout,0,0,1,120,2,4,254
split_exit,low,4.0,10460,timeout,0,0,1,120,4,2,500
split_exit,low,4.0,10461,timeout,0,0,1,120,4,4,260
split_exit,low,4.0,10462,timeout,0,0,1,120,4,2,492
split_exit,low,4.0,10463,timeout,0,0,1,120,4,4,255
split_exit,low,4.0,10464,timeout,0,0,1,120,5,0,2384
split_exit,low,4.0,10465,timeout,0,0,1,120,3,2,254
split_exit,low,4.0,10466,timeout,0,0,1,120,2,2,254
split_exit,low,4.0,10467,timeout,0,0,1,120,3,2,252
split_exit,low,4.0,10468,timeout,0,0,1,120,5,2,2014
split_exit,low,4.0,10469,timeout,0,0,1,120,4,0,734
split_exit,low,4.0,10470,timeout,0,0,1,120,3,4,259
split_exit,low,4.0,10471,timeout,0,0,1,120,4,4,255
split_exit,low,4.0,10472,timeout,0,0,1,120,3,3,258
split_exit,low,4.0,10473,timeout,0,0,1,120,3,3,251
split_exit,low,4.0,10474,timeout,0,0,1,120,5,0,2160
split_exit,low,4.0,10475,timeout,0,0,1,120,4,0,779
split_exit,low,4.0,10476,timeout,0,0,1,120,5,2,728
split_exit,low,4.0,10477,timeout,0,0,1,120,4,2,258
split_exit,low,4.0,10478,timeout,0,0,1,120,3,4,253
split_exit,low,4.0,10479,timeout,0,0,1,120,5,2,506
split_exit,low,4.0,10480,timeout,0,0,1,120,4,2,504
split_exit,low,4.0,10481,timeout,0,0,1,120,4,2,496
split_exit,low,4.0,10482,timeout,0,0,1,120,4,4,261
split_exit,low,4.0,10483,timeout,0,0,1,120,5,0,969
split_exit,low,4.0,10484,timeout,0,0,1,120,3,3,260
split_exit,low,4.0,10485,timeout,0,0,1,120,4,4,259
split_exit,low,4.0,10486,timeout,0,0,1,120,5,2,965
split_exit,low,4.0,10487,timeout,0,0,1,120,4,4,262
split_exit,low,4.0,10488,timeout,0,0,1,120,4,2,726
split_exit,low,4.0,10489,timeout,0,0,1,120,4,5,256
split_exit,low,4.0,10490,timeout,0,0,1,120,4,4,545
split_exit,low,4.0,10491,timeout,0,0,1,120,4,2,739
split_exit,low,4.0,10492,timeout,0,0,1,120,3,2,278
split_exit,low,4.0,10493,timeout,0,0,1,120,5,0,969
split_exit,low,4.0,10494,timeout,0,0,1,120,4,3,1435
split_exit,low,4.0,10495,timeout,0,0,1,120,4,2,506
split_exit,low,4.0,10496,timeout,0,0,1,120,3,0,249
split_exit,low,4.0,10497,timeout,0,0,1,120,2,2,18
split_exit,low,4.0,10498,timeout,0,0,1,120,4,4,494
split_exit,low,4.0,10499,timeout,0,0,1,120,5,0,969
lone_entry,low,15.0,10000,wipeout,0,1,0,18,0,4,0
lone_entry,low,15.0,10001,wipeout,0,1,0,37,0,2,0
lone_entry,low,15.0,10002,timeout,0,0,1,120,1,0,0
lone_entry,low,15.0,10003,wipeout,0,1,0,3,0,2,0
lone_entry,low,15.0,10004,wipeout,0,1,0,17,0,2,0
lone_entry,low,15.0,10005,wipeout,0,1,0,12,0,0,0
lone_entry,low,15.0,10006,timeout,0,0,1,120,1,2,0
lone_entry,low,15.0,10007,wipeout,0,1,0,34,0,2,0
lone_entry,low,15.0,10008,wipeout,0,1,0,12,0,0,0
lone_entry,low,15.0,10009,timeout,0,0,1,120,1,0,0
lone_entry,low,15.0,10010,wipeout,0,1,0,26,0,3,0
lone_entry,low,15.0,10011,wipeout,0,1,0,5,0,3,0
lone_entry,low,15.0,10012,wipeout,0,1,0,31,0,0,0
lone_entry,low,15.0,10013,wipeout,0,1,0,43,0,4,0
lone_entry,low,15.0,10014,wipeout,0,1,0,41,0,2,0
lone_entry,low,15.0,10015,wipeout,0,1,0,21,0,0,0
lone_entry,low,15.0,10016,wipeout,0,1,0,35,0,2,0
lone_entry,low,15.0,10017,timeout,0,0,1,120,1,2,0
lone_entry,low,15.0,10018,timeout,0,0,1,120,1,2,0
lone_entry,low,15.0,10019,wipeout,0,1,0,22,0,2,0
lone_entry,low,15.0,10020,wipeout,0,1,0,26,0,4,0
lone_entry,low,15.0,10021,timeout,0,0,1,120,1,0,0
lone_entry,low,15.0,10022,wipeout,0,1,0,23,0,3,0
lone_entry,low,15.0,10023,wipeout,0,1,0,9,0,0,0
lone_entry,low,15.0,10024,timeout,0,0,1,120,1,0,0
lone_entry,low,15.0,10025,wipeout,0,1,0,3,0,2,0
lone_entry,low,15.0,10026,wipeout,0,1,0,13,0,3,0
lone_entry,low,15.0,10027,wipeout,0,1,0,43,0,2,0
lone_entry,low,15.0,10028,timeout,0,0,1,120,1,0,0
lone_entry,low,15.0,10029,wipeout,0,1,0,17,0,3,0
lone_entry,low,15.0,10030,timeout,0,0,1,120,1,2,0
lone_entry,low,15.0,10031,wipeout,0,1,0,23,0,2,0
lone_entry,low,15.0,10032,wipeout,0,1,0,24,0,3,0
lone_entry,low,15.0,10033,wipeout,0,1,0,9,0,2,0
lone_entry,low,15.0,10034,wipeout,0,1,0,24,0,0,0
lone_entry,low,15.0,10035,wipeout,0,1,0,21,0,3,0
lone_entry,low,15.0,10036,wipeout,0,1,0,6,0,3,0
lone_entry,low,15.0,10037,wipeout,0,1,0,11,0,0,0
lone_entry,low,15.0,10038,timeout,0,0,1,120,1,2,0
lone_entry,low,15.0,10039,wipeout,0,1,0,16,0,0,0
lone_entry,low,15.0,10040,timeout,0,0,1,120,1,3,0
lone_entry,low,15.0,10041,wipeout,0,1,0,12,0,2,0
lone_entry,low,15.0,10042,wipeout,0,1,0,31,0,2,0
lone_entry,low,15.0,10043,wipeout,0,1,0,17,0,2,0
lone_entry,low,15.0,10044,wipeout,0,1,0,27,0,0,0
lone_entry,low,15.0,10045,wipeout,0,1,0,45,0,4,0
lone_entry,low,15.0,10046,timeout,0,0,1,120,1,0,0
lone_entry,low,15.0,10047,wipeout,0,1,0,28,0,4,0
lone_entry,low,15.0,10048,wipeout,0,1,0,32,0,3,0
lone_entry,low,15.0,10049,wipeout,0,1,0,15,0,4,0
lone_entry,low,15.0,10050,wipeout,0,1,0,17,0,3,0
lone_entry,low,15.0,10051,wipeout,0,1,0,14,0,0,0
lone_entry,low,15.0,10052,wipeout,0,1,0,44,0,4,0
lone_entry,low,15.0,10053,timeout,0,0,1,120,1,2,0
lone_entry,low,15.0,10054,timeout,0,0,1,120,1,0,0
lone_entry,low,15.0,10055,wipeout,0,1,0,6,0,3,0
lone_entry,low,15.0,10056,wipeout,0,1,0,22,0,3,0
lone_entry,low,15.0,10057,wipeout,0,1,0,6,0,2,0
lone_entry,low,15.0,10058,wipeout,0,1,0,56,0,3,0
lone_entry,low,15.0,10059,wipeout,0,1,0,14,0,2,0
lone_entry,low,15.0,10060,wipeout,0,1,0,41,0,3,0
lone_entry,low,15.0,10061,wipeout,0,1,0,16,0,2,0
lone_entry,low,15.0,10062,wipeout,0,1,0,18,0,2,0
lone_entry,low,15.0,10063,timeout,0,0,1,120,1,2,0
lone_entry,low,15.0,10064,wipeout,0,1,0,29,0,3,0
lone_entry,low,15.0,10065,timeout,0,0,1,120,1,0,0
lone_entry,low,15.0,10066,wipeout,0,1,0,36,0,3,0
lone_entry,low,15.0,10067,wipeout,0,1,0,20,0,0,0
lone_entry,low,15.0,10068,timeout,0,0,1,120,1,4,0
lone_entry,low,15.0,10069,wipeout,0,1,0,3,0,3,0
lone_entry,low,15.0,10070,wipeout,0,1,0,18,0,3,0
lone_entry,low,15.0,10071,wipeout,0,1,0,20,0,2,0
lone_entry,low,15.0,10072,timeout,0,0,1,120,1,4,0
lone_entry,low,15.0,10073,wipeout,0,1,0,8,0,2,0
lone_entry,low,15.0,10074,timeout,0,0,1,120,1,5,0
lone_entry,low,15.0,10075,wipeout,0,1,0,9,0,3,0
lone_entry,low,15.0,10076,wipeout,0,1,0,30,0,2,0
lone_entry,low,15.0,10077,wipeout,0,1,0,21,0,2,0
lone_entry,low,15.0,10078,timeout,0,0,1,120,1,2,0
lone_entry,low,15.0,10079,wipeout,0,1,0,9,0,2,0
lone_entry,low,15.0,10080,wipeout,0,1,0,10,0,2,0
lone_entry,low,15.0,10081,wipeout,0,1,0,6,0,3,0
lone_entry,low,15.0,10082,timeout,0,0,1,120,1,0,0
lone_entry,low,15.0,10083,wipeout,0,1,0,13,0,2,0
lone_entry,low,15.0,10084,wipeout,0,1,0,22,0,2,0
lone_entry,low,15.0,10085,wipeout,0,1,0,15,0,5,0
lone_entry,low,15.0,10086,timeout,0,0,1,120,1,0,0
lone_entry,low,15.0,10087,timeout,0,0,1,120,1,0,0
lone_entry,low,15.0,10088,wipeout,0,1,0,53,0,2,0
lone_entry,low,15.0,10089,timeout,0,0,1,120,1,0,0
lone_entry,low,15.0,10090,wipeout,0,1,0,16,0,3,0
lone_entry,low,15.0,10091,wipeout,0,1,0,42,0,6,0
lone_entry,low,15.0,10092,timeout,0,0,1,120,1,2,0
lone_entry,low,15.0,10093,wipeout,0,1,0,32,0,2,0
lone_entry,low,15.0,10094,wipeout,0,1,0,31,0,5,0
lone_entry,low,15.0,10095,wipeout,0,1,0,27,0,3,0
lone_entry,low,15.0,10096,wipeout,0,1,0,11,0,3,0
lone_entry,low,15.0,10097,wipeout,0,1,0,14,0,2,0
lone_entry,low,15.0,10098,wipeout,0,1,0,37,0,4,0
lone_entry,low,15.0,10099,wipeout,0,1,0,34,0,2,0
lone_entry,low,15.0,10100,wipeout,0,1,0,33,0,2,0
lone_entry,low,15.0,10101,wipeout,0,1,0,43,0,3,0
lone_entry,low,15.0,10102,wipeout,0,1,0,34,0,2,0
lone_entry,low,15.0,10103,timeout,0,0,1,120,1,3,0
lone_entry,low,15.0,10104,wipeout,0,1,0,29,0,2,0
lone_entry,low,15.0,10105,wipeout,0,1,0,32,0,2,0
lone_entry,low,15.0,10106,timeout,0,0,1,120,1,2,0
lone_entry,low,15.0,10107,wipeout,0,1,0,4,0,2,0
lone_entry,low,15.0,10108,wipeout,0,1,0,28,0,2,0
lone_entry,low,15.0,10109,timeout,0,0,1,120,1,2,0
lone_entry,low,15.0,10110,wipeout,0,1,0,3,0,2,0
lone_entry,low,15.0,10111,wipeout,0,1,0,14,0,3,0
lone_entry,low,15.0,10112,wipeout,0,1,0,5,0,2,0
lone_entry,low,15.0,10113,wipeout,0,1,0,14,0,4,0
lone_entry,low,15.0,10114,wipeout,0,1,0,37,0,4,0
lone_entry,low,15.0,10115,wipeout,0,1,0,13,0,0,0
lone_entry,low,15.0,10116,timeout,0,0,1,120,1,2,0
lone_entry,low,15.0,10117,wipeout,0,1,0,33,0,3,0
lone_entry,low,15.0,10118,wipeout,0,1,0,31,0,2,0
lone_entry,low,15.0,10119,wipeout,0,1,0,44,0,2,0
lone_entry,low,15.0,10120,wipeout,0,1,0,35,0,4,0
lone_entry,low,15.0,10121,timeout,0,0,1,120,1,0,0
lone_entry,low,15.0,10122,timeout,0,0,1,120,1,0,0
lone_entry,low,15.0,10123,wipeout,0,1,0,16,0,4,0
lone_entry,low,15.0,10124,wipeout,0,1,0,25,0,2,0
lone_entry,low,15.0,10125,timeout,0,0,1,120,1,4,0
lone_entry,low,15.0,10126,timeout,0,0,1,120,1,3,0
lone_entry,low,15.0,10127,timeout,0,0,1,120,1,2,0
lone_entry,low,15.0,10128,timeout,0,0,1,120,1,2,0
lone_entry,low,15.0,10129,wipeout,0,1,0,39,0,4,0
lone_entry,low,15.0,10130,wipeout,0,1,0,22,0,3,0
lone_entry,low,15.0,10131,wipeout,0,1,0,14,0,3,0
lone_entry,low,15.0,10132,wipeout,0,1,0,4,0,2,0
lone_entry,low,15.0,10133,wipeout,0,1,0,9,0,2,0
lone_entry,low,15.0,10134,wipeout,0,1,0,36,0,2,0
lone_entry,low,15.0,10135,wipeout,0,1,0,39,0,3,0
lone_entry,low,15.0,10136,wipeout,0,1,0,22,0,2,0
lone_entry,low,15.0,10137,wipeout,0,1,0,19,0,2,0
lone_entry,low,15.0,10138,wipeout,0,1,0,29,0,2,0
lone_entry,low,15.0,10139,wipeout,0,1,0,18,0,0,0
lone_entry,low,15.0,10140,wipeout,0,1,0,8,0,3,0
lone_entry,low,15.0,10141,wipeout,0,1,0,25,0,0,0
lone_entry,low,15.0,10142,timeout,0,0,1,120,1,4,0
lone_entry,low,15.0,10143,wipeout,0,1,0,22,0,0,0
lone_entry,low,15.0,10144,wipeout,0,1,0,43,0,3,0
lone_entry,low,15.0,10145,wipeout,0,1,0,22,0,3,0
lone_entry,low,15.0,10146,wipeout,0,1,0,17,0,2,0
lone_entry,low,15.0,10147,wipeout,0,1,0,16,0,0,0
lone_entry,low,15.0,10148,wipeout,0,1,0,15,0,3,0
lone_entry,low,15.0,10149,wipeout,0,1,0,70,0,6,0
lone_entry,low,15.0,10150,wipeout,0,1,0,39,0,4,0
lone_entry,low,15.0,10151,wipeout,0,1,0,7,0,3,0
lone_entry,low,15.0,10152,wipeout,0,1,0,24,0,0,0
lone_entry,low,15.0,10153,timeout,0,0,1,120,1,0,0
lone_entry,low,15.0,10154,wipeout,0,1,0,32,0,5,0
lone_entry,low,15.0,10155,wipeout,0,1,0,46,0,3,0
lone_entry,low,15.0,10156,wipeout,0,1,0,22,0,3,0
lone_entry,low,15.0,10157,wipeout,0,1,0,26,0,2,0
lone_entry,low,15.0,10158,wipeout,0,1,0,51,0,3,0
lone_entry,low,15.0,10159,wipeout,0,1,0,24,0,0,0
lone_entry,low,15.0,10160,timeout,0,0,1,120,1,2,0
lone_entry,low,15.0,10161,timeout,0,0,1,120,1,3,0
lone_entry,low,15.0,10162,wipeout,0,1,0,22,0,0,0
lone_entry,low,15.0,10163,wipeout,0,1,0,20,0,0,0
lone_entry,low,15.0,10164,wipeout,0,1,0,14,0,3,0
lone_entry,low,15.0,10165,wipeout,0,1,0,9,0,0,0
lone_entry,low,15.0,10166,wipeout,0,1,0,16,0,2,0
lone_entry,low,15.0,10167,wipeout,0,1,0,53,0,3,0
lone_entry,low,15.0,10168,wipeout,0,1,0,23,0,3,0
lone_entry,low,15.0,10169,timeout,0,0,1,120,1,0,0
lone_entry,low,15.0,10170,wipeout,0,1,0,19,0,3,0
lone_entry,low,15.0,10171,timeout,0,0,1,120,1,2,0
lone_entry,low,15.0,10172,timeout,0,0,1,120,1,0,0
lone_entry,low,15.0,10173,wipeout,0,1,0,10,0,2,0
lone_entry,low,15.0,10174,wipeout,0,1,0,15,0,2,0
lone_entry,low,15.0,10175,wipeout,0,1,0,33,0,4,0
lone_entry,low,15.0,10176,timeout,0,0,1,120,1,0,0
lone_entry,low,15.0,10177,wipeout,0,1,0,18,0,2,0
lone_entry,low,15.0,10178,wipeout,0,1,0,31,0,3,0
lone_entry,low,15.0,10179,timeout,0,0,1,120,1,2,0
lone_entry,low,15.0,10180,wipeout,0,1,0,17,0,0,0
lone_entry,low,15.0,10181,timeout,0,0,1,120,1,2,0
lone_entry,low,15.0,10182,timeout,0,0,1,120,1,2,0
lone_entry,low,15.0,10183,timeout,0,0,1,120,1,3,0
lone_entry,low,15.0,10184,wipeout,0,1,0,16,0,2,0
lone_entry,low,15.0,10185,timeout,0,0,1,120,1,3,0
lone_entry,low,15.0,10186,wipeout,0,1,0,17,0,0,0
lone_entry,low,15.0,10187,wipeout,0,1,0,41,0,6,0
lone_entry,low,15.0,10188,wipeout,0,1,0,12,0,3,0
lone_entry,low,15.0,10189,timeout,0,0,1,120,1,0,0
lone_entry,low,15.0,10190,timeout,0,0,1,120,1,0,0
lone_entry,low,15.0,10191,wipeout,0,1,0,9,0,3,0
lone_entry,low,15.0,10192,wipeout,0,1,0,46,0,3,0
lone_entry,low,15.0,10193,wipeout,0,1,0,55,0,4,0
lone_entry,low,15.0,10194,wipeout,0,1,0,50,0,7,0
lone_entry,low,15.0,10195,wipeout,0,1,0,6,0,3,0
lone_entry,low,15.0,10196,wipeout,0,1,0,33,0,3,0
lone_entry,low,15.0,10197,wipeout,0,1,0,11,0,2,0
lone_entry,low,15.0,10198,wipeout,0,1,0,23,0,2,0
lone_entry,low,15.0,10199,wipeout,0,1,0,4,0,2,0
lone_entry,low,15.0,10200,wipeout,0,1,0,37,0,5,0
lone_entry,low,15.0,10201,wipeout,0,1,0,13,0,2,0
lone_entry,low,15.0,10202,wipeout,0,1,0,25,0,0,0
lone_entry,low,15.0,10203,wipeout,0,1,0,8,0,3,0
lone_entry,low,15.0,10204,wipeout,0,1,0,23,0,2,0
lone_entry,low,15.0,10205,wipeout,0,1,0,22,0,0,0
lone_entry,low,15.0,10206,wipeout,0,1,0,21,0,0,0
lone_entry,low,15.0,10207,wipeout,0,1,0,10,0,2,0
lone_entry,low,15.0,10208,wipeout,0,1,0,18,0,4,0
lone_entry,low,15.0,10209,timeout,0,0,1,120,1,0,0
lone_entry,low,15.0,10210,wipeout,0,1,0,45,0,2,0
lone_entry,low,15.0,10211,timeout,0,0,1,120,1,0,0
lone_entry,low,15.0,10212,wipeout,0,1,0,20,0,4,0
lone_entry,low,15.0,10213,wipeout,0,1,0,24,0,2,0
lone_entry,low,15.0,10214,timeout,0,0,1,120,1,0,0
lone_entry,low,15.0,10215,wipeout,0,1,0,41,0,2,0
lone_entry,low,15.0,10216,wipeout,0,1,0,28,0,2,0
lone_entry,low,15.0,10217,timeout,0,0,1,120,1,0,0
lone_entry,low,15.0,10218,wipeout,0,1,0,21,0,2,0
lone_entry,low,15.0,10219,wipeout,0,1,0,44,0,3,0
lone_entry,low,15.0,10220,wipeout,0,1,0,18,0,0,0
lone_entry,low,15.0,10221,wipeout,0,1,0,13,0,0,0
lone_entry,low,15.0,10222,wipeout,0,1,0,8,0,2,0
lone_entry,low,15.0,10223,wipeout,0,1,0,4,0,2,0
lone_entry,low,15.0,10224,timeout,0,0,1,120,1,0,0
lone_entry,low,15.0,10225,wipeout,0,1,0,24,0,2,0
lone_entry,low,15.0,10226,wipeout,0,1,0,49,0,4,0
lone_entry,low,15.0,10227,timeout,0,0,1,120,1,2,0
lone_entry,low,15.0,10228,wipeout,0,1,0,14,0,0,0
lone_entry,low,15.0,10229,wipeout,0,1,0,32,0,3,0
lone_entry,low,15.0,10230,wipeout,0,1,0,27,0,6,0
lone_entry,low,15.0,10231,timeout,0,0,1,120,1,2,0
lone_entry,low,15.0,10232,wipeout,0,1,0,3,0,3,0
lone_entry,low,15.0,10233,wipeout,0,1,0,33,0,3,0
lone_entry,low,15.0,10234,timeout,0,0,1,120,1,3,0
lone_entry,low,15.0,10235,wipeout,0,1,0,36,0,2,0
lone_entry,low,15.0,10236,timeout,0,0,1,120,1,3,0
lone_entry,low,15.0,10237,wipeout,0,1,0,25,0,2,0
lone_entry,low,15.0,10238,wipeout,0,1,0,5,0,3,0
lone_entry,low,15.0,10239,wipeout,0,1,0,26,0,2,0
lone_entry,low,15.0,10240,timeout,0,0,1,120,1,2,0
lone_entry,low,15.0,10241,wipeout,0,1,0,39,0,4,0
lone_entry,low,15.0,10242,wipeout,0,1,0,15,0,2,0
lone_entry,low,15.0,10243,wipeout,0,1,0,51,0,5,0
lone_entry,low,15.0,10244,wipeout,0,1,0,11,0,4,0
lone_entry,low,15.0,10245,timeout,0,0,1,120,1,2,0
lone_entry,low,15.0,10246,wipeout,0,1,0,7,0,2,0
lone_entry,low,15.0,10247,wipeout,0,1,0,27,0,3,0
lone_entry,low,15.0,10248,wipeout,0,1,0,53,0,4,0
lone_entry,low,15.0,10249,wipeout,0,1,0,30,0,3,0
lone_entry,low,15.0,10250,wipeout,0,1,0,23,0,3,0
lone_entry,low,15.0,10251,timeout,0,0,1,120,1,3,0
lone_entry,low,15.0,10252,timeout,0,0,1,120,1,3,0
lone_entry,low,15.0,10253,wipeout,0,1,0,61,0,4,0
lone_entry,low,15.0,10254,timeout,0,0,1,120,1,0,0
lone_entry,low,15.0,10255,wipeout,0,1,0,15,0,0,0
lone_entry,low,15.0,10256,wipeout,0,1,0,28,0,3,0
lone_entry,low,15.0,10257,wipeout,0,1,0,21,0,0,0
lone_entry,low,15.0,10258,wipeout,0,1,0,24,0,2,0
lone_entry,low,15.0,10259,timeout,0,0,1,120,1,0,0
lone_entry,low,15.0,10260,wipeout,0,1,0,44,0,4,0
lone_entry,low,15.0,10261,wipeout,0,1,0,45,0,0,0
lone_entry,low,15.0,10262,wipeout,0,1,0,22,0,2,0
lone_entry,low,15.0,10263,wipeout,0,1,0,12,0,0,0
lone_entry,low,15.0,10264,wipeout,0,1,0,17,0,2,0
lone_entry,low,15.0,10265,wipeout,0,1,0,28,0,3,0
lone_entry,low,15.0,10266,timeout,0,0,1,120,1,0,0
lone_entry,low,15.0,10267,timeout,0,0,1,120,1,0,0
lone_entry,low,15.0,10268,wipeout,0,1,0,36,0,3,0
lone_entry,low,15.0,10269,wipeout,0,1,0,47,0,3,0
lone_entry,low,15.0,10270,timeout,0,0,1,120,1,0,0
lone_entry,low,15.0,10271,wipeout,0,1,0,41,0,3,0
lone_entry,low,15.0,10272,wipeout,0,1,0,21,0,2,0
lone_entry,low,15.0,10273,timeout,0,0,1,120,1,0,0
lone_entry,low,15.0,10274,timeout,0,0,1,120,1,2,0
lone_entry,low,15.0,10275,wipeout,0,1,0,73,0,5,0
lone_entry,low,15.0,10276,timeout,0,0,1,120,1,3,0
lone_entry,low,15.0,10277,timeout,0,0,1,120,1,0,0
lone_entry,low,15.0,10278,wipeout,0,1,0,25,0,2,0
lone_entry,low,15.0,10279,wipeout,0,1,0,22,0,0,0
lone_entry,low,15.0,10280,wipeout,0,1,0,27,0,4,0
lone_entry,low,15.0,10281,wipeout,0,1,0,46,0,5,0
lone_entry,low,15.0,10282,wipeout,0,1,0,17,0,3,0
lone_entry,low,15.0,10283,wipeout,0,1,0,16,0,0,0
lone_entry,low,15.0,10284,wipeout,0,1,0,12,0,0,0
lone_entry,low,15.0,10285,wipeout,0,1,0,41,0,4,0
lone_entry,low,15.0,10286,wipeout,0,1,0,46,0,5,0
lone_entry,low,15.0,10287,wipeout,0,1,0,38,0,2,0
lone_entry,low,15.0,10288,wipeout,0,1,0,14,0,2,0
lone_entry,low,15.0,10289,wipeout,0,1,0,34,0,2,0
lone_entry,low,15.0,10290,wipeout,0,1,0,35,0,2,0
lone_entry,low,15.0,10291,wipeout,0,1,0,9,0,3,0
lone_entry,low,15.0,10292,wipeout,0,1,0,16,0,3,0
lone_entry,low,15.0,10293,wipeout,0,1,0,39,0,3,0
lone_entry,low,15.0,10294,wipeout,0,1,0,15,0,3,0
lone_entry,low,15.0,10295,wipeout,0,1,0,30,0,4,0
lone_entry,low,15.0,10296,wipeout,0,1,0,16,0,0,0
lone_entry,low,15.0,10297,wipeout,0,1,0,17,0,2,0
lone_entry,low,15.0,10298,wipeout,0,1,0,6,0,2,0
lone_entry,low,15.0,10299,wipeout,0,1,0,27,0,3,0
lone_entry,low,15.0,10300,wipeout,0,1,0,7,0,3,0
lone_entry,low,15.0,10301,wipeout,0,1,0,15,0,0,0
lone_entry,low,15.0,10302,wipeout,0,1,0,30,0,2,0
lone_entry,low,15.0,10303,timeout,0,0,1,120,1,3,0
lone_entry,low,15.0,10304,wipeout,0,1,0,21,0,2,0
lone_entry,low,15.0,10305,timeout,0,0,1,120,1,2,0
lone_entry,low,15.0,10306,wipeout,0,1,0,17,0,0,0
lone_entry,low,15.0,10307,wipeout,0,1,0,42,0,3,0
lone_entry,low,15.0,10308,timeout,0,0,1,120,1,0,0
lone_entry,low,15.0,10309,wipeout,0,1,0,7,0,2,0
lone_entry,low,15.0,10310,timeout,0,0,1,120,1,2,0
lone_entry,low,15.0,10311,wipeout,0,1,0,15,0,0,0
lone_entry,low,15.0,10312,timeout,0,0,1,120,1,2,0
lone_entry,low,15.0,10313,wipeout,0,1,0,40,0,4,0
lone_entry,low,15.0,10314,wipeout,0,1,0,32,0,2,0
lone_entry,low,15.0,10315,wipeout,0,1,0,10,0,2,0
lone_entry,low,15.0,10316,timeout,0,0,1,120,1,0,0
lone_entry,low,15.0,10317,wipeout,0,1,0,11,0,2,0
lone_entry,low,15.0,10318,wipeout,0,1,0,19,0,3,0
lone_entry,low,15.0,10319,wipeout,0,1,0,26,0,0,0
lone_entry,low,15.0,10320,wipeout,0,1,0,28,0,4,0
lone_entry,low,15.0,10321,timeout,0,0,1,120,1,3,0
lone_entry,low,15.0,10322,wipeout,0,1,0,29,0,2,0
lone_entry,low,15.0,10323,timeout,0,0,1,120,1,0,0
lone_entry,low,15.0,10324,timeout,0,0,1,120,1,0,0
lone_entry,low,15.0,10325,timeout,0,0,1,120,1,3,0
lone_entry,low,15.0,10326,wipeout,0,1,0,17,0,3,0
lone_entry,low,15.0,10327,wipeout,0,1,0,33,0,2,0
lone_entry,low,15.0,10328,wipeout,0,1,0,17,0,4,0
lone_entry,low,15.0,10329,wipeout,0,1,0,10,0,2,0
lone_entry,low,15.0,10330,wipeout,0,1,0,41,0,2,0
lone_entry,low,15.0,10331,timeout,0,0,1,120,1,0,0
lone_entry,low,15.0,10332,wipeout,0,1,0,5,0,2,0
lone_entry,low,15.0,10333,wipeout,0,1,0,43,0,2,0
lone_entry,low,15.0,10334,wipeout,0,1,0,16,0,3,0
lone_entry,low,15.0,10335,timeout,0,0,1,120,1,2,0
lone_entry,low,15.0,10336,wipeout,0,1,0,27,0,2,0
lone_entry,low,15.0,10337,wipeout,0,1,0,9,0,3,0
lone_entry,low,15.0,10338,wipeout,0,1,0,14,0,2,0
lone_entry,low,15.0,10339,timeout,0,0,1,120,1,2,0
lone_entry,low,15.0,10340,timeout,0,0,1,120,1,0,0
lone_entry,low,15.0,10341,timeout,0,0,1,120,1,2,0
lone_entry,low,15.0,10342,wipeout,0,1,0,16,0,4,0
lone_entry,low,15.0,10343,timeout,0,0,1,120,1,2,0
lone_entry,low,15.0,10344,wipeout,0,1,0,41,0,2,0
lone_entry,low,15.0,10345,wipeout,0,1,0,26,0,0,0
lone_entry,low,15.0,10346,wipeout,0,1,0,4,0,2,0
lone_entry,low,15.0,10347,wipeout,0,1,0,10,0,2,0
lone_entry,low,15.0,10348,wipeout,0,1,0,11,0,0,0
lone_entry,low,15.0,10349,wipeout,0,1,0,16,0,2,0
lone_entry,low,15.0,10350,wipeout,0,1,0,11,0,2,0
lone_entry,low,15.0,10351,wipeout,0,1,0,15,0,3,0
lone_entry,low,15.0,10352,wipeout,0,1,0,27,0,5,0
lone_entry,low,15.0,10353,wipeout,0,1,0,44,0,4,0
lone_entry,low,15.0,10354,wipeout,0,1,0,25,0,4,0
lone_entry,low,15.0,10355,timeout,0,0,1,120,1,2,0
lone_entry,low,15.0,10356,wipeout,0,1,0,9,0,0,0
lone_entry,low,15.0,10357,timeout,0,0,1,120,1,2,0
lone_entry,low,15.0,10358,timeout,0,0,1,120,1,0,0
lone_entry,low,15.0,10359,wipeout,0,1,0,47,0,5,0
lone_entry,low,15.0,10360,timeout,0,0,1,120,1,2,0
lone_entry,low,15.0,10361,timeout,0,0,1,120,1,2,0
lone_entry,low,15.0,10362,wipeout,0,1,0,54,0,4,0
lone_entry,low,15.0,10363,timeout,0,0,1,120,1,2,0
lone_entry,low,15.0,10364,timeout,0,0,1,120,1,0,0
lone_entry,low,15.0,10365,wipeout,0,1,0,23,0,3,0
lone_entry,low,15.0,10366,wipeout,0,1,0,13,0,0,0
lone_entry,low,15.0,10367,timeout,0,0,1,120,1,0,0
lone_entry,low,15.0,10368,wipeout,0,1,0,18,0,0,0
lone_entry,low,15.0,10369,wipeout,0,1,0,30,0,4,0
lone_entry,low,15.0,10370,wipeout,0,1,0,42,0,2,0
lone_entry,low,15.0,10371,wipeout,0,1,0,38,0,3,0
lone_entry,low,15.0,10372,wipeout,0,1,0,18,0,2,0
lone_entry,low,15.0,10373,wipeout,0,1,0,9,0,3,0
lone_entry,low,15.0,10374,timeout,0,0,1,120,1,2,0
lone_entry,low,15.0,10375,timeout,0,0,1,120,1,2,0
lone_entry,low,15.0,10376,wipeout,0,1,0,10,0,0,0
lone_entry,low,15.0,10377,wipeout,0,1,0,12,0,2,0
lone_entry,low,15.0,10378,wipeout,0,1,0,15,0,2,0
lone_entry,low,15.0,10379,wipeout,0,1,0,5,0,3,0
lone_entry,low,15.0,10380,timeout,0,0,1,120,1,0,0
lone_entry,low,15.0,10381,wipeout,0,1,0,58,0,4,0
lone_entry,low,15.0,10382,wipeout,0,1,0,50,0,4,0
lone_entry,low,15.0,10383,wipeout,0,1,0,25,0,2,0
lone_entry,low,15.0,10384,wipeout,0,1,0,17,0,2,0
lone_entry,low,15.0,10385,wipeout,0,1,0,6,0,3,0
lone_entry,low,15.0,10386,wipeout,0,1,0,11,0,2,0
lone_entry,low,15.0,10387,wipeout,0,1,0,17,0,2,0
lone_entry,low,15.0,10388,timeout,0,0,1,120,1,0,0
lone_entry,low,15.0,10389,timeout,0,0,1,120,1,0,0
lone_entry,low,15.0,10390,wipeout,0,1,0,18,0,3,0
lone_entry,low,15.0,10391,wipeout,0,1,0,7,0,2,0
lone_entry,low,15.0,10392,timeout,0,0,1,120,1,3,0
lone_entry,low,15.0,10393,wipeout,0,1,0,8,0,2,0
lone_entry,low,15.0,10394,wipeout,0,1,0,13,0,0,0
lone_entry,low,15.0,10395,timeout,0,0,1,120,1,0,0
lone_entry,low,15.0,10396,wipeout,0,1,0,48,0,3,0
lone_entry,low,15.0,10397,wipeout,0,1,0,7,0,2,0
lone_entry,low,15.0,10398,timeout,0,0,1,120,1,4,0
lone_entry,low,15.0,10399,wipeout,0,1,0,31,0,0,0
lone_entry,low,15.0,10400,wipeout,0,1,0,14,0,2,0
lone_entry,low,15.0,10401,wipeout,0,1,0,26,0,3,0
lone_entry,low,15.0,10402,wipeout,0,1,0,12,0,0,0
lone_entry,low,15.0,10403,timeout,0,0,1,120,1,2,0
lone_entry,low,15.0,10404,timeout,0,0,1,120,1,2,0
lone_entry,low,15.0,10405,wipeout,0,1,0,8,0,3,0
lone_entry,low,15.0,10406,timeout,0,0,1,120,1,3,0
lone_entry,low,15.0,10407,wipeout,0,1,0,34,0,2,0
lone_entry,low,15.0,10408,wipeout,0,1,0,13,0,4,0
lone_entry,low,15.0,10409,wipeout,0,1,0,13,0,0,0
lone_entry,low,15.0,10410,wipeout,0,1,0,20,0,0,0
lone_entry,low,15.0,10411,timeout,0,0,1,120,1,0,0
lone_entry,low,15.0,10412,wipeout,0,1,0,52,0,5,0
lone_entry,low,15.0,10413,wipeout,0,1,0,4,0,2,0
lone_entry,low,15.0,10414,wipeout,0,1,0,4,0,3,0
lone_entry,low,15.0,10415,wipeout,0,1,0,43,0,6,0
lone_entry,low,15.0,10416,wipeout,0,1,0,33,0,0,0
lone_entry,low,15.0,10417,timeout,0,0,1,120,1,3,0
lone_entry,low,15.0,10418,timeout,0,0,1,120,1,0,0
lone_entry,low,15.0,10419,wipeout,0,1,0,18,0,2,0
lone_entry,low,15.0,10420,wipeout,0,1,0,6,0,2,0
lone_entry,low,15.0,10421,timeout,0,0,1,120,1,3,0
lone_entry,low,15.0,10422,wipeout,0,1,0,13,0,2,0
lone_entry,low,15.0,10423,wipeout,0,1,0,20,0,3,0
lone_entry,low,15.0,10424,wipeout,0,1,0,24,0,3,0
lone_entry,low,15.0,10425,wipeout,0,1,0,9,0,2,0
lone_entry,low,15.0,10426,timeout,0,0,1,120,1,3,0
lone_entry,low,15.0,10427,timeout,0,0,1,120,1,2,0
lone_entry,low,15.0,10428,wipeout,0,1,0,6,0,2,0
lone_entry,low,15.0,10429,timeout,0,0,1,120,1,0,0
lone_entry,low,15.0,10430,wipeout,0,1,0,3,0,2,0
lone_entry,low,15.0,10431,wipeout,0,1,0,29,0,2,0
lone_entry,low,15.0,10432,wipeout,0,1,0,34,0,6,0
lone_entry,low,15.0,10433,timeout,0,0,1,120,1,3,0
lone_entry,low,15.0,10434,timeout,0,0,1,120,1,0,0
lone_entry,low,15.0,10435,wipeout,0,1,0,22,0,0,0
lone_entry,low,15.0,10436,wipeout,0,1,0,14,0,2,0
lone_entry,low,15.0,10437,wipeout,0,1,0,24,0,2,0
lone_entry,low,15.0,10438,wipeout,0,1,0,29,0,3,0
lone_entry,low,15.0,10439,wipeout,0,1,0,10,0,0,0
lone_entry,low,15.0,10440,wipeout,0,1,0,15,0,2,0
lone_entry,low,15.0,10441,timeout,0,0,1,120,1,0,0
lone_entry,low,15.0,10442,timeout,0,0,1,120,1,2,0
lone_entry,low,15.0,10443,wipeout,0,1,0,39,0,5,0
lone_entry,low,15.0,10444,timeout,0,0,1,120,1,0,0
lone_entry,low,15.0,10445,timeout,0,0,1,120,1,2,0
lone_entry,low,15.0,10446,timeout,0,0,1,120,1,2,0
lone_entry,low,15.0,10447,timeout,0,0,1,120,1,0,0
lone_entry,low,15.0,10448,wipeout,0,1,0,25,0,7,0
lone_entry,low,15.0,10449,wipeout,0,1,0,9,0,2,0
lone_entry,low,15.0,10450,wipeout,0,1,0,26,0,4,0
lone_entry,low,15.0,10451,wipeout,0,1,0,42,0,5,0
lone_entry,low,15.0,10452,timeout,0,0,1,120,1,0,0
lone_entry,low,15.0,10453,wipeout,0,1,0,6,0,2,0
lone_entry,low,15.0,10454,wipeout,0,1,0,7,0,3,0
lone_entry,low,15.0,10455,wipeout,0,1,0,22,0,2,0
lone_entry,low,15.0,10456,timeout,0,0,1,120,1,2,0
lone_entry,low,15.0,10457,wipeout,0,1,0,9,0,0,0
lone_entry,low,15.0,10458,timeout,0,0,1,120,1,0,0
lone_entry,low,15.0,10459,wipeout,0,1,0,46,0,3,0
lone_entry,low,15.0,10460,wipeout,0,1,0,17,0,2,0
lone_entry,low,15.0,10461,timeout,0,0,1,120,1,3,0
lone_entry,low,15.0,10462,wipeout,0,1,0,13,0,0,0
lone_entry,low,15.0,10463,timeout,0,0,1,120,1,0,0
lone_entry,low,15.0,10464,wipeout,0,1,0,47,0,4,0
lone_entry,low,15.0,10465,timeout,0,0,1,120,1,0,0
lone_entry,low,15.0,10466,wipeout,0,1,0,11,0,0,0
lone_entry,low,15.0,10467,wipeout,0,1,0,4,0,2,0
lone_entry,low,15.0,10468,wipeout,0,1,0,9,0,3,0
lone_entry,low,15.0,10469,wipeout,0,1,0,15,0,0,0
lone_entry,low,15.0,10470,wipeout,0,1,0,23,0,4,0
lone_entry,low,15.0,10471,wipeout,0,1,0,46,0,3,0
lone_entry,low,15.0,10472,wipeout,0,1,0,9,0,2,0
lone_entry,low,15.0,10473,wipeout,0,1,0,27,0,0,0
lone_entry,low,15.0,10474,timeout,0,0,1,120,1,2,0
lone_entry,low,15.0,10475,wipeout,0,1,0,42,0,2,0
lone_entry,low,15.0,10476,wipeout,0,1,0,8,0,2,0
lone_entry,low,15.0,10477,timeout,0,0,1,120,1,3,0
lone_entry,low,15.0,10478,wipeout,0,1,0,30,0,2,0
lone_entry,low,15.0,10479,wipeout,0,1,0,18,0,2,0
lone_entry,low,15.0,10480,wipeout,0,1,0,11,0,0,0
lone_entry,low,15.0,10481,wipeout,0,1,0,16,0,0,0
lone_entry,low,15.0,10482,timeout,0,0,1,120,1,0,0
lone_entry,low,15.0,10483,timeout,0,0,1,120,1,0,0
lone_entry,low,15.0,10484,timeout,0,0,1,120,1,0,0
lone_entry,low,15.0,10485,timeout,0,0,1,120,1,0,0
lone_entry,low,15.0,10486,wipeout,0,1,0,9,0,3,0
lone_entry,low,15.0,10487,wipeout,0,1,0,21,0,0,0
lone_entry,low,15.0,10488,wipeout,0,1,0,55,0,4,0
lone_entry,low,15.0,10489,timeout,0,0,1,120,1,2,0
lone_entry,low,15.0,10490,wipeout,0,1,0,50,0,5,0
lone_entry,low,15.0,10491,wipeout,0,1,0,26,0,4,0
lone_entry,low,15.0,10492,wipeout,0,1,0,30,0,2,0
lone_entry,low,15.0,10493,wipeout,0,1,0,25,0,3,0
lone_entry,low,15.0,10494,wipeout,0,1,0,16,0,3,0
lone_entry,low,15.0,10495,wipeout,0,1,0,11,0,0,0
lone_entry,low,15.0,10496,wipeout,0,1,0,24,0,2,0
lone_entry,low,15.0,10497,wipeout,0,1,0,21,0,2,0
lone_entry,low,15.0,10498,wipeout,0,1,0,31,0,4,0
lone_entry,low,15.0,10499,timeout,0,0,1,120,1,2,0
blind_follow,low,15.0,10000,wipeout,0,1,0,26,0,5,0
blind_follow,low,15.0,10001,timeout,0,0,1,120,4,2,0
blind_follow,low,15.0,10002,timeout,0,0,1,120,5,0,0
blind_follow,low,15.0,10003,wipeout,0,1,0,13,0,3,0
blind_follow,low,15.0,10004,timeout,0,0,1,120,1,4,0
blind_follow,low,15.0,10005,timeout,0,0,1,120,3,3,0
blind_follow,low,15.0,10006,timeout,0,0,1,120,4,2,0
blind_follow,low,15.0,10007,timeout,0,0,1,120,4,2,0
blind_follow,low,15.0,10008,timeout,0,0,1,120,3,0,0
blind_follow,low,15.0,10009,timeout,0,0,1,120,5,0,0
blind_follow,low,15.0,10010,timeout,0,0,1,120,3,3,0
blind_follow,low,15.0,10011,timeout,0,0,1,120,2,4,0
blind_follow,low,15.0,10012,timeout,0,0,1,120,4,0,0
blind_follow,low,15.0,10013,timeout,0,0,1,120,2,4,0
blind_follow,low,15.0,10014,timeout,0,0,1,120,3,3,0
blind_follow,low,15.0,10015,timeout,0,0,1,120,1,2,0
blind_follow,low,15.0,10016,timeout,0,0,1,120,4,2,0
blind_follow,low,15.0,10017,timeout,0,0,1,120,5,2,0
blind_follow,low,15.0,10018,timeout,0,0,1,120,5,2,0
blind_follow,low,15.0,10019,timeout,0,0,1,120,4,2,0
blind_follow,low,15.0,10020,timeout,0,0,1,120,4,4,0
blind_follow,low,15.0,10021,timeout,0,0,1,120,4,0,0
blind_follow,low,15.0,10022,timeout,0,0,1,120,2,3,0
blind_follow,low,15.0,10023,timeout,0,0,1,120,4,0,0
blind_follow,low,15.0,10024,timeout,0,0,1,120,5,0,0
blind_follow,low,15.0,10025,timeout,0,0,1,120,2,2,0
blind_follow,low,15.0,10026,timeout,0,0,1,120,2,3,0
blind_follow,low,15.0,10027,timeout,0,0,1,120,4,2,0
blind_follow,low,15.0,10028,timeout,0,0,1,120,5,0,0
blind_follow,low,15.0,10029,timeout,0,0,1,120,5,4,0
blind_follow,low,15.0,10030,timeout,0,0,1,120,5,2,0
blind_follow,low,15.0,10031,timeout,0,0,1,120,2,3,0
blind_follow,low,15.0,10032,timeout,0,0,1,120,3,4,0
blind_follow,low,15.0,10033,timeout,0,0,1,120,3,3,0
blind_follow,low,15.0,10034,timeout,0,0,1,120,4,4,0
blind_follow,low,15.0,10035,timeout,0,0,1,120,4,3,0
blind_follow,low,15.0,10036,timeout,0,0,1,120,2,3,0
blind_follow,low,15.0,10037,timeout,0,0,1,120,3,2,0
blind_follow,low,15.0,10038,timeout,0,0,1,120,3,2,0
blind_follow,low,15.0,10039,timeout,0,0,1,120,3,3,0
blind_follow,low,15.0,10040,timeout,0,0,1,120,5,3,0
blind_follow,low,15.0,10041,timeout,0,0,1,120,3,2,0
blind_follow,low,15.0,10042,timeout,0,0,1,120,2,2,0
blind_follow,low,15.0,10043,timeout,0,0,1,120,2,3,0
blind_follow,low,15.0,10044,timeout,0,0,1,120,4,0,0
blind_follow,low,15.0,10045,timeout,0,0,1,120,4,4,0
blind_follow,low,15.0,10046,timeout,0,0,1,120,4,0,0
blind_follow,low,15.0,10047,timeout,0,0,1,120,4,4,0
blind_follow,low,15.0,10048,timeout,0,0,1,120,3,3,0
blind_follow,low,15.0,10049,timeout,0,0,1,120,4,4,0
blind_follow,low,15.0,10050,wipeout,0,1,0,44,0,6,0
blind_follow,low,15.0,10051,timeout,0,0,1,120,4,0,0
blind_follow,low,15.0,10052,timeout,0,0,1,120,4,4,0
blind_follow,low,15.0,10053,timeout,0,0,1,120,5,2,0
blind_follow,low,15.0,10054,timeout,0,0,1,120,5,0,0
blind_follow,low,15.0,10055,timeout,0,0,1,120,2,4,0
blind_follow,low,15.0,10056,timeout,0,0,1,120,2,5,0
blind_follow,low,15.0,10057,timeout,0,0,1,120,5,3,0
blind_follow,low,15.0,10058,timeout,0,0,1,120,4,3,0
blind_follow,low,15.0,10059,timeout,0,0,1,120,4,2,0
blind_follow,low,15.0,10060,timeout,0,0,1,120,4,3,0
blind_follow,low,15.0,10061,timeout,0,0,1,120,1,3,0
blind_follow,low,15.0,10062,timeout,0,0,1,120,4,2,0
blind_follow,low,15.0,10063,timeout,0,0,1,120,4,2,0
blind_follow,low,15.0,10064,timeout,0,0,1,120,3,3,0
blind_follow,low,15.0,10065,timeout,0,0,1,120,4,0,0
blind_follow,low,15.0,10066,timeout,0,0,1,120,4,3,0
blind_follow,low,15.0,10067,timeout,0,0,1,120,5,4,0
blind_follow,low,15.0,10068,timeout,0,0,1,120,5,4,0
blind_follow,low,15.0,10069,timeout,0,0,1,120,2,3,0
blind_follow,low,15.0,10070,timeout,0,0,1,120,3,4,0
blind_follow,low,15.0,10071,timeout,0,0,1,120,3,3,0
blind_follow,low,15.0,10072,timeout,0,0,1,120,5,4,0
blind_follow,low,15.0,10073,timeout,0,0,1,120,4,2,0
blind_follow,low,15.0,10074,timeout,0,0,1,120,4,5,0
blind_follow,low,15.0,10075,wipeout,0,1,0,31,0,3,0
blind_follow,low,15.0,10076,timeout,0,0,1,120,1,3,0
blind_follow,low,15.0,10077,timeout,0,0,1,120,1,3,0
blind_follow,low,15.0,10078,timeout,0,0,1,120,5,2,0
blind_follow,low,15.0,10079,timeout,0,0,1,120,2,4,0
blind_follow,low,15.0,10080,timeout,0,0,1,120,4,2,0
blind_follow,low,15.0,10081,wipeout,0,1,0,10,0,3,0
blind_follow,low,15.0,10082,timeout,0,0,1,120,5,0,0
blind_follow,low,15.0,10083,wipeout,0,1,0,29,0,4,0
blind_follow,low,15.0,10084,timeout,0,0,1,120,2,2,0
blind_follow,low,15.0,10085,timeout,0,0,1,120,2,5,0
blind_follow,low,15.0,10086,timeout,0,0,1,120,4,0,0
blind_follow,low,15.0,10087,timeout,0,0,1,120,5,0,0
blind_follow,low,15.0,10088,timeout,0,0,1,120,4,2,0
blind_follow,low,15.0,10089,timeout,0,0,1,120,5,0,0
blind_follow,low,15.0,10090,timeout,0,0,1,120,2,4,0
blind_follow,low,15.0,10091,timeout,0,0,1,120,4,6,0
blind_follow,low,15.0,10092,timeout,0,0,1,120,4,2,0
blind_follow,low,15.0,10093,timeout,0,0,1,120,2,4,0
blind_follow,low,15.0,10094,timeout,0,0,1,120,2,6,0
blind_follow,low,15.0,10095,timeout,0,0,1,120,3,5,0
blind_follow,low,15.0,10096,timeout,0,0,1,120,2,4,0
blind_follow,low,15.0,10097,timeout,0,0,1,120,4,2,0
blind_follow,low,15.0,10098,timeout,0,0,1,120,4,4,0
blind_follow,low,15.0,10099,timeout,0,0,1,120,4,2,0
blind_follow,low,15.0,10100,timeout,0,0,1,120,4,2,0
blind_follow,low,15.0,10101,timeout,0,0,1,120,2,3,0
blind_follow,low,15.0,10102,timeout,0,0,1,120,4,2,0
blind_follow,low,15.0,10103,timeout,0,0,1,120,5,3,0
blind_follow,low,15.0,10104,timeout,0,0,1,120,4,2,0
blind_follow,low,15.0,10105,timeout,0,0,1,120,3,3,0
blind_follow,low,15.0,10106,timeout,0,0,1,120,4,2,0
blind_follow,low,15.0,10107,timeout,0,0,1,120,1,3,0
blind_follow,low,15.0,10108,timeout,0,0,1,120,4,2,0
blind_follow,low,15.0,10109,timeout,0,0,1,120,4,2,0
blind_follow,low,15.0,10110,wipeout,0,1,0,15,0,3,0
blind_follow,low,15.0,10111,timeout,0,0,1,120,2,5,0
blind_follow,low,15.0,10112,timeout,0,0,1,120,1,4,0
blind_follow,low,15.0,10113,timeout,0,0,1,120,2,4,0
blind_follow,low,15.0,10114,timeout,0,0,1,120,4,4,0
blind_follow,low,15.0,10115,timeout,0,0,1,120,5,2,0
blind_follow,low,15.0,10116,timeout,0,0,1,120,5,2,0
blind_follow,low,15.0,10117,timeout,0,0,1,120,1,5,0
blind_follow,low,15.0,10118,timeout,0,0,1,120,4,2,0
blind_follow,low,15.0,10119,timeout,0,0,1,120,1,2,0
blind_follow,low,15.0,10120,timeout,0,0,1,120,2,4,0
blind_follow,low,15.0,10121,timeout,0,0,1,120,3,0,0
blind_follow,low,15.0,10122,timeout,0,0,1,120,5,0,0
blind_follow,low,15.0,10123,timeout,0,0,1,120,1,4,0
blind_follow,low,15.0,10124,timeout,0,0,1,120,2,3,0
blind_follow,low,15.0,10125,timeout,0,0,1,120,5,4,0
blind_follow,low,15.0,10126,timeout,0,0,1,120,5,3,0
blind_follow,low,15.0,10127,timeout,0,0,1,120,5,2,0
blind_follow,low,15.0,10128,timeout,0,0,1,120,5,2,0
blind_follow,low,15.0,10129,timeout,0,0,1,120,5,4,0
blind_follow,low,15.0,10130,timeout,0,0,1,120,3,3,0
blind_follow,low,15.0,10131,timeout,0,0,1,120,1,3,0
blind_follow,low,15.0,10132,timeout,0,0,1,120,2,4,0
blind_follow,low,15.0,10133,timeout,0,0,1,120,2,2,0
blind_follow,low,15.0,10134,timeout,0,0,1,120,4,2,0
blind_follow,low,15.0,10135,timeout,0,0,1,120,2,4,0
blind_follow,low,15.0,10136,timeout,0,0,1,120,2,2,0
blind_follow,low,15.0,10137,timeout,0,0,1,120,4,2,0
blind_follow,low,15.0,10138,timeout,0,0,1,120,4,2,0
blind_follow,low,15.0,10139,timeout,0,0,1,120,2,3,0
blind_follow,low,15.0,10140,timeout,0,0,1,120,2,3,0
blind_follow,low,15.0,10141,timeout,0,0,1,120,4,0,0
blind_follow,low,15.0,10142,timeout,0,0,1,120,5,4,0
blind_follow,low,15.0,10143,timeout,0,0,1,120,4,0,0
blind_follow,low,15.0,10144,timeout,0,0,1,120,4,3,0
blind_follow,low,15.0,10145,wipeout,0,1,0,33,0,3,0
blind_follow,low,15.0,10146,wipeout,0,1,0,28,0,3,0
blind_follow,low,15.0,10147,timeout,0,0,1,120,3,2,0
blind_follow,low,15.0,10148,wipeout,0,1,0,40,0,5,0
blind_follow,low,15.0,10149,timeout,0,0,1,120,2,6,0
blind_follow,low,15.0,10150,timeout,0,0,1,120,4,4,0
blind_follow,low,15.0,10151,timeout,0,0,1,120,2,4,0
blind_follow,low,15.0,10152,timeout,0,0,1,120,4,0,0
blind_follow,low,15.0,10153,timeout,0,0,1,120,5,0,0
blind_follow,low,15.0,10154,timeout,0,0,1,120,2,5,0
blind_follow,low,15.0,10155,timeout,0,0,1,120,2,4,0
blind_follow,low,15.0,10156,timeout,0,0,1,120,2,5,0
blind_follow,low,15.0,10157,timeout,0,0,1,120,4,2,0
blind_follow,low,15.0,10158,timeout,0,0,1,120,4,3,0
blind_follow,low,15.0,10159,timeout,0,0,1,120,2,4,0
blind_follow,low,15.0,10160,timeout,0,0,1,120,5,2,0
blind_follow,low,15.0,10161,timeout,0,0,1,120,5,3,0
blind_follow,low,15.0,10162,timeout,0,0,1,120,1,2,0
blind_follow,low,15.0,10163,timeout,0,0,1,120,3,3,0
blind_follow,low,15.0,10164,timeout,0,0,1,120,4,3,0
blind_follow,low,15.0,10165,timeout,0,0,1,120,4,0,0
blind_follow,low,15.0,10166,timeout,0,0,1,120,3,2,0
blind_follow,low,15.0,10167,timeout,0,0,1,120,3,6,0
blind_follow,low,15.0,10168,timeout,0,0,1,120,4,3,0
blind_follow,low,15.0,10169,timeout,0,0,1,120,5,0,0
blind_follow,low,15.0,10170,timeout,0,0,1,120,1,3,0
blind_follow,low,15.0,10171,timeout,0,0,1,120,4,2,0
blind_follow,low,15.0,10172,timeout,0,0,1,120,5,0,0
blind_follow,low,15.0,10173,timeout,0,0,1,120,1,3,0
blind_follow,low,15.0,10174,timeout,0,0,1,120,2,2,0
blind_follow,low,15.0,10175,timeout,0,0,1,120,1,5,0
blind_follow,low,15.0,10176,timeout,0,0,1,120,5,0,0
blind_follow,low,15.0,10177,timeout,0,0,1,120,4,2,0
blind_follow,low,15.0,10178,timeout,0,0,1,120,2,4,0
blind_follow,low,15.0,10179,timeout,0,0,1,120,4,2,0
blind_follow,low,15.0,10180,timeout,0,0,1,120,3,0,0
blind_follow,low,15.0,10181,timeout,0,0,1,120,5,2,0
blind_follow,low,15.0,10182,timeout,0,0,1,120,5,2,0
blind_follow,low,15.0,10183,timeout,0,0,1,120,5,3,0
blind_follow,low,15.0,10184,timeout,0,0,1,120,1,2,0
blind_follow,low,15.0,10185,timeout,0,0,1,120,5,3,0
blind_follow,low,15.0,10186,timeout,0,0,1,120,2,2,0
blind_follow,low,15.0,10187,timeout,0,0,1,120,3,6,0
blind_follow,low,15.0,10188,timeout,0,0,1,120,1,3,0
blind_follow,low,15.0,10189,timeout,0,0,1,120,5,0,0
blind_follow,low,15.0,10190,timeout,0,0,1,120,5,0,0
blind_follow,low,15.0,10191,timeout,0,0,1,120,2,3,0
blind_follow,low,15.0,10192,timeout,0,0,1,120,3,3,0
blind_follow,low,15.0,10193,timeout,0,0,1,120,3,4,0
blind_follow,low,15.0,10194,timeout,0,0,1,120,3,7,0
blind_follow,low,15.0,10195,timeout,0,0,1,120,2,4,0
blind_follow,low,15.0,10196,timeout,0,0,1,120,2,4,0
blind_follow,low,15.0,10197,timeout,0,0,1,120,3,2,0
blind_follow,low,15.0,10198,timeout,0,0,1,120,4,2,0
blind_follow,low,15.0,10199,timeout,0,0,1,120,1,3,0
blind_follow,low,15.0,10200,timeout,0,0,1,120,4,5,0
blind_follow,low,15.0,10201,wipeout,0,1,0,24,0,3,0
blind_follow,low,15.0,10202,timeout,0,0,1,120,4,0,0
blind_follow,low,15.0,10203,timeout,0,0,1,120,2,4,0
blind_follow,low,15.0,10204,timeout,0,0,1,120,3,3,0
blind_follow,low,15.0,10205,timeout,0,0,1,120,4,0,0
blind_follow,low,15.0,10206,timeout,0,0,1,120,4,0,0
blind_follow,low,15.0,10207,timeout,0,0,1,120,1,2,0
blind_follow,low,15.0,10208,timeout,0,0,1,120,4,4,0
blind_follow,low,15.0,10209,timeout,0,0,1,120,5,0,0
blind_follow,low,15.0,10210,timeout,0,0,1,120,4,2,0
blind_follow,low,15.0,10211,timeout,0,0,1,120,5,0,0
blind_follow,low,15.0,10212,timeout,0,0,1,120,2,4,0
blind_follow,low,15.0,10213,timeout,0,0,1,120,4,2,0
blind_follow,low,15.0,10214,timeout,0,0,1,120,5,0,0
blind_follow,low,15.0,10215,timeout,0,0,1,120,4,2,0
blind_follow,low,15.0,10216,timeout,0,0,1,120,4,2,0
blind_follow,low,15.0,10217,timeout,0,0,1,120,5,0,0
blind_follow,low,15.0,10218,timeout,0,0,1,120,1,3,0
blind_follow,low,15.0,10219,timeout,0,0,1,120,3,4,0
blind_follow,low,15.0,10220,timeout,0,0,1,120,4,0,0
blind_follow,low,15.0,10221,timeout,0,0,1,120,5,2,0
blind_follow,low,15.0,10222,timeout,0,0,1,120,3,2,0
blind_follow,low,15.0,10223,timeout,0,0,1,120,2,3,0
blind_follow,low,15.0,10224,timeout,0,0,1,120,5,0,0
blind_follow,low,15.0,10225,timeout,0,0,1,120,2,3,0
blind_follow,low,15.0,10226,timeout,0,0,1,120,2,5,0
blind_follow,low,15.0,10227,timeout,0,0,1,120,5,2,0
blind_follow,low,15.0,10228,timeout,0,0,1,120,2,3,0
blind_follow,low,15.0,10229,timeout,0,0,1,120,2,4,0
blind_follow,low,15.0,10230,timeout,0,0,1,120,1,6,0
blind_follow,low,15.0,10231,timeout,0,0,1,120,4,2,0
blind_follow,low,15.0,10232,timeout,0,0,1,120,1,3,0
blind_follow,low,15.0,10233,timeout,0,0,1,120,2,3,0
blind_follow,low,15.0,10234,timeout,0,0,1,120,5,3,0
blind_follow,low,15.0,10235,timeout,0,0,1,120,4,2,0
blind_follow,low,15.0,10236,timeout,0,0,1,120,5,3,0
blind_follow,low,15.0,10237,timeout,0,0,1,120,4,2,0
blind_follow,low,15.0,10238,timeout,0,0,1,120,4,3,0
blind_follow,low,15.0,10239,timeout,0,0,1,120,2,3,0
blind_follow,low,15.0,10240,timeout,0,0,1,120,4,2,0
blind_follow,low,15.0,10241,timeout,0,0,1,120,3,6,0
blind_follow,low,15.0,10242,timeout,0,0,1,120,5,2,0
blind_follow,low,15.0,10243,timeout,0,0,1,120,4,5,0
blind_follow,low,15.0,10244,timeout,0,0,1,120,2,4,0
blind_follow,low,15.0,10245,timeout,0,0,1,120,5,2,0
blind_follow,low,15.0,10246,wipeout,0,1,0,26,0,4,0
blind_follow,low,15.0,10247,timeout,0,0,1,120,2,3,0
blind_follow,low,15.0,10248,timeout,0,0,1,120,2,4,0
blind_follow,low,15.0,10249,timeout,0,0,1,120,3,3,0
blind_follow,low,15.0,10250,timeout,0,0,1,120,4,3,0
blind_follow,low,15.0,10251,timeout,0,0,1,120,5,3,0
blind_follow,low,15.0,10252,timeout,0,0,1,120,5,3,0
blind_follow,low,15.0,10253,timeout,0,0,1,120,3,4,0
blind_follow,low,15.0,10254,timeout,0,0,1,120,4,0,0
blind_follow,low,15.0,10255,timeout,0,0,1,120,4,0,0
blind_follow,low,15.0,10256,timeout,0,0,1,120,4,3,0
blind_follow,low,15.0,10257,timeout,0,0,1,120,3,0,0
blind_follow,low,15.0,10258,timeout,0,0,1,120,4,2,0
blind_follow,low,15.0,10259,timeout,0,0,1,120,5,0,0
blind_follow,low,15.0,10260,timeout,0,0,1,120,4,4,0
blind_follow,low,15.0,10261,timeout,0,0,1,120,4,0,0
blind_follow,low,15.0,10262,timeout,0,0,1,120,1,4,0
blind_follow,low,15.0,10263,timeout,0,0,1,120,3,2,0
blind_follow,low,15.0,10264,wipeout,0,1,0,27,0,3,0
blind_follow,low,15.0,10265,timeout,0,0,1,120,2,3,0
blind_follow,low,15.0,10266,timeout,0,0,1,120,4,0,0
blind_follow,low,15.0,10267,timeout,0,0,1,120,5,0,0
blind_follow,low,15.0,10268,timeout,0,0,1,120,4,3,0
blind_follow,low,15.0,10269,timeout,0,0,1,120,1,3,0
blind_follow,low,15.0,10270,timeout,0,0,1,120,5,0,0
blind_follow,low,15.0,10271,timeout,0,0,1,120,3,5,0
blind_follow,low,15.0,10272,timeout,0,0,1,120,4,2,0
blind_follow,low,15.0,10273,timeout,0,0,1,120,5,0,0
blind_follow,low,15.0,10274,timeout,0,0,1,120,5,2,0
blind_follow,low,15.0,10275,timeout,0,0,1,120,4,5,0
blind_follow,low,15.0,10276,timeout,0,0,1,120,5,3,0
blind_follow,low,15.0,10277,timeout,0,0,1,120,5,0,0
blind_follow,low,15.0,10278,timeout,0,0,1,120,3,2,0
blind_follow,low,15.0,10279,timeout,0,0,1,120,2,2,0
blind_follow,low,15.0,10280,timeout,0,0,1,120,2,5,0
blind_follow,low,15.0,10281,timeout,0,0,1,120,2,5,0
blind_follow,low,15.0,10282,timeout,0,0,1,120,3,3,0
blind_follow,low,15.0,10283,timeout,0,0,1,120,5,0,0
blind_follow,low,15.0,10284,timeout,0,0,1,120,1,2,0
blind_follow,low,15.0,10285,timeout,0,0,1,120,4,4,0
blind_follow,low,15.0,10286,timeout,0,0,1,120,4,5,0
blind_follow,low,15.0,10287,timeout,0,0,1,120,4,2,0
blind_follow,low,15.0,10288,timeout,0,0,1,120,4,2,0
blind_follow,low,15.0,10289,timeout,0,0,1,120,4,2,0
blind_follow,low,15.0,10290,timeout,0,0,1,120,4,2,0
blind_follow,low,15.0,10291,timeout,0,0,1,120,2,5,0
blind_follow,low,15.0,10292,wipeout,0,1,0,29,0,4,0
blind_follow,low,15.0,10293,timeout,0,0,1,120,4,3,0
blind_follow,low,15.0,10294,timeout,0,0,1,120,3,3,0
blind_follow,low,15.0,10295,timeout,0,0,1,120,1,4,0
blind_follow,low,15.0,10296,timeout,0,0,1,120,3,2,0
blind_follow,low,15.0,10297,timeout,0,0,1,120,4,2,0
blind_follow,low,15.0,10298,timeout,0,0,1,120,2,2,0
blind_follow,low,15.0,10299,timeout,0,0,1,120,4,3,0
blind_follow,low,15.0,10300,timeout,0,0,1,120,1,3,0
blind_follow,low,15.0,10301,timeout,0,0,1,120,4,0,0
blind_follow,low,15.0,10302,timeout,0,0,1,120,4,3,0
blind_follow,low,15.0,10303,timeout,0,0,1,120,3,3,0
blind_follow,low,15.0,10304,timeout,0,0,1,120,1,3,0
blind_follow,low,15.0,10305,timeout,0,0,1,120,5,2,0
blind_follow,low,15.0,10306,timeout,0,0,1,120,3,0,0
blind_follow,low,15.0,10307,timeout,0,0,1,120,3,4,0
blind_follow,low,15.0,10308,timeout,0,0,1,120,5,0,0
blind_follow,low,15.0,10309,timeout,0,0,1,120,3,2,0
blind_follow,low,15.0,10310,timeout,0,0,1,120,2,2,0
blind_follow,low,15.0,10311,timeout,0,0,1,120,4,0,0
blind_follow,low,15.0,10312,timeout,0,0,1,120,5,2,0
blind_follow,low,15.0,10313,timeout,0,0,1,120,4,4,0
blind_follow,low,15.0,10314,timeout,0,0,1,120,4,2,0
blind_follow,low,15.0,10315,timeout,0,0,1,120,3,3,0
blind_follow,low,15.0,10316,timeout,0,0,1,120,5,0,0
blind_follow,low,15.0,10317,timeout,0,0,1,120,1,2,0
blind_follow,low,15.0,10318,timeout,0,0,1,120,1,5,0
blind_follow,low,15.0,10319,timeout,0,0,1,120,4,0,0
blind_follow,low,15.0,10320,timeout,0,0,1,120,4,4,0
blind_follow,low,15.0,10321,timeout,0,0,1,120,5,3,0
blind_follow,low,15.0,10322,timeout,0,0,1,120,4,2,0
blind_follow,low,15.0,10323,timeout,0,0,1,120,5,0,0
blind_follow,low,15.0,10324,timeout,0,0,1,120,4,0,0
blind_follow,low,15.0,10325,timeout,0,0,1,120,5,3,0
blind_follow,low,15.0,10326,timeout,0,0,1,120,3,3,0
blind_follow,low,15.0,10327,timeout,0,0,1,120,4,2,0
blind_follow,low,15.0,10328,timeout,0,0,1,120,2,4,0
blind_follow,low,15.0,10329,timeout,0,0,1,120,2,2,0
blind_follow,low,15.0,10330,timeout,0,0,1,120,4,2,0
blind_follow,low,15.0,10331,timeout,0,0,1,120,5,0,0
blind_follow,low,15.0,10332,wipeout,0,1,0,22,0,3,0
blind_follow,low,15.0,10333,timeout,0,0,1,120,2,2,0
blind_follow,low,15.0,10334,timeout,0,0,1,120,3,3,0
blind_follow,low,15.0,10335,timeout,0,0,1,120,5,2,0
blind_follow,low,15.0,10336,timeout,0,0,1,120,2,2,0
blind_follow,low,15.0,10337,timeout,0,0,1,120,2,3,0
blind_follow,low,15.0,10338,timeout,0,0,1,120,2,4,0
blind_follow,low,15.0,10339,timeout,0,0,1,120,5,2,0
blind_follow,low,15.0,10340,timeout,0,0,1,120,5,0,0
blind_follow,low,15.0,10341,timeout,0,0,1,120,5,2,0
blind_follow,low,15.0,10342,timeout,0,0,1,120,4,4,0
blind_follow,low,15.0,10343,timeout,0,0,1,120,3,2,0
blind_follow,low,15.0,10344,timeout,0,0,1,120,4,2,0
blind_follow,low,15.0,10345,timeout,0,0,1,120,4,0,0
blind_follow,low,15.0,10346,timeout,0,0,1,120,2,2,0
blind_follow,low,15.0,10347,timeout,0,0,1,120,3,3,0
blind_follow,low,15.0,10348,timeout,0,0,1,120,3,0,0
blind_follow,low,15.0,10349,timeout,0,0,1,120,1,4,0
blind_follow,low,15.0,10350,timeout,0,0,1,120,5,2,0
blind_follow,low,15.0,10351,timeout,0,0,1,120,2,3,0
blind_follow,low,15.0,10352,timeout,0,0,1,120,4,5,0
blind_follow,low,15.0,10353,timeout,0,0,1,120,4,4,0
blind_follow,low,15.0,10354,timeout,0,0,1,120,4,4,0
blind_follow,low,15.0,10355,timeout,0,0,1,120,5,2,0
blind_follow,low,15.0,10356,timeout,0,0,1,120,2,3,0
blind_follow,low,15.0,10357,timeout,0,0,1,120,3,2,0
blind_follow,low,15.0,10358,timeout,0,0,1,120,4,0,0
blind_follow,low,15.0,10359,timeout,0,0,1,120,4,5,0
blind_follow,low,15.0,10360,timeout,0,0,1,120,5,2,0
blind_follow,low,15.0,10361,timeout,0,0,1,120,4,2,0
blind_follow,low,15.0,10362,timeout,0,0,1,120,4,4,0
blind_follow,low,15.0,10363,timeout,0,0,1,120,5,2,0
blind_follow,low,15.0,10364,timeout,0,0,1,120,5,0,0
blind_follow,low,15.0,10365,timeout,0,0,1,120,1,3,0
blind_follow,low,15.0,10366,timeout,0,0,1,120,3,2,0
blind_follow,low,15.0,10367,timeout,0,0,1,120,5,0,0
blind_follow,low,15.0,10368,timeout,0,0,1,120,3,0,0
blind_follow,low,15.0,10369,timeout,0,0,1,120,2,4,0
blind_follow,low,15.0,10370,timeout,0,0,1,120,4,2,0
blind_follow,low,15.0,10371,timeout,0,0,1,120,3,3,0
blind_follow,low,15.0,10372,timeout,0,0,1,120,3,3,0
blind_follow,low,15.0,10373,timeout,0,0,1,120,1,4,0
blind_follow,low,15.0,10374,timeout,0,0,1,120,5,2,0
blind_follow,low,15.0,10375,timeout,0,0,1,120,4,2,0
blind_follow,low,15.0,10376,timeout,0,0,1,120,2,5,0
blind_follow,low,15.0,10377,timeout,0,0,1,120,3,2,0
blind_follow,low,15.0,10378,timeout,0,0,1,120,1,4,0
blind_follow,low,15.0,10379,wipeout,0,1,0,15,0,4,0
blind_follow,low,15.0,10380,timeout,0,0,1,120,4,0,0
blind_follow,low,15.0,10381,timeout,0,0,1,120,2,4,0
blind_follow,low,15.0,10382,timeout,0,0,1,120,3,4,0
blind_follow,low,15.0,10383,timeout,0,0,1,120,3,3,0
blind_follow,low,15.0,10384,wipeout,0,1,0,58,0,5,0
blind_follow,low,15.0,10385,timeout,0,0,1,120,1,5,0
blind_follow,low,15.0,10386,timeout,0,0,1,120,2,6,0
blind_follow,low,15.0,10387,timeout,0,0,1,120,4,2,0
blind_follow,low,15.0,10388,timeout,0,0,1,120,5,0,0
blind_follow,low,15.0,10389,timeout,0,0,1,120,5,0,0
blind_follow,low,15.0,10390,timeout,0,0,1,120,1,3,0
blind_follow,low,15.0,10391,wipeout,0,1,0,24,0,4,0
blind_follow,low,15.0,10392,timeout,0,0,1,120,5,3,0
blind_follow,low,15.0,10393,timeout,0,0,1,120,3,2,0
blind_follow,low,15.0,10394,timeout,0,0,1,120,4,2,0
blind_follow,low,15.0,10395,timeout,0,0,1,120,5,0,0
blind_follow,low,15.0,10396,timeout,0,0,1,120,3,3,0
blind_follow,low,15.0,10397,timeout,0,0,1,120,3,2,0
blind_follow,low,15.0,10398,timeout,0,0,1,120,5,4,0
blind_follow,low,15.0,10399,timeout,0,0,1,120,3,3,0
blind_follow,low,15.0,10400,timeout,0,0,1,120,5,2,0
blind_follow,low,15.0,10401,timeout,0,0,1,120,4,3,0
blind_follow,low,15.0,10402,timeout,0,0,1,120,5,2,0
blind_follow,low,15.0,10403,timeout,0,0,1,120,5,2,0
blind_follow,low,15.0,10404,timeout,0,0,1,120,5,2,0
blind_follow,low,15.0,10405,timeout,0,0,1,120,1,3,0
blind_follow,low,15.0,10406,timeout,0,0,1,120,4,3,0
blind_follow,low,15.0,10407,timeout,0,0,1,120,3,4,0
blind_follow,low,15.0,10408,timeout,0,0,1,120,2,4,0
blind_follow,low,15.0,10409,timeout,0,0,1,120,4,0,0
blind_follow,low,15.0,10410,timeout,0,0,1,120,4,2,0
blind_follow,low,15.0,10411,timeout,0,0,1,120,5,0,0
blind_follow,low,15.0,10412,timeout,0,0,1,120,4,5,0
blind_follow,low,15.0,10413,timeout,0,0,1,120,3,3,0
blind_follow,low,15.0,10414,timeout,0,0,1,120,3,3,0
blind_follow,low,15.0,10415,timeout,0,0,1,120,4,6,0
blind_follow,low,15.0,10416,timeout,0,0,1,120,2,2,0
blind_follow,low,15.0,10417,timeout,0,0,1,120,4,3,0
blind_follow,low,15.0,10418,timeout,0,0,1,120,5,0,0
blind_follow,low,15.0,10419,wipeout,0,1,0,32,0,3,0
blind_follow,low,15.0,10420,timeout,0,0,1,120,3,3,0
blind_follow,low,15.0,10421,timeout,0,0,1,120,4,3,0
blind_follow,low,15.0,10422,timeout,0,0,1,120,3,3,0
blind_follow,low,15.0,10423,timeout,0,0,1,120,4,3,0
blind_follow,low,15.0,10424,timeout,0,0,1,120,4,3,0
blind_follow,low,15.0,10425,timeout,0,0,1,120,4,2,0
blind_follow,low,15.0,10426,timeout,0,0,1,120,5,3,0
blind_follow,low,15.0,10427,timeout,0,0,1,120,4,2,0
blind_follow,low,15.0,10428,timeout,0,0,1,120,2,3,0
blind_follow,low,15.0,10429,timeout,0,0,1,120,5,0,0
blind_follow,low,15.0,10430,wipeout,0,1,0,34,0,4,0
blind_follow,low,15.0,10431,timeout,0,0,1,120,2,2,0
blind_follow,low,15.0,10432,timeout,0,0,1,120,4,6,0
blind_follow,low,15.0,10433,timeout,0,0,1,120,4,3,0
blind_follow,low,15.0,10434,timeout,0,0,1,120,5,0,0
blind_follow,low,15.0,10435,timeout,0,0,1,120,1,2,0
blind_follow,low,15.0,10436,timeout,0,0,1,120,1,3,0
blind_follow,low,15.0,10437,timeout,0,0,1,120,4,2,0
blind_follow,low,15.0,10438,timeout,0,0,1,120,2,4,0
blind_follow,low,15.0,10439,timeout,0,0,1,120,2,0,0
blind_follow,low,15.0,10440,timeout,0,0,1,120,2,3,0
blind_follow,low,15.0,10441,timeout,0,0,1,120,5,0,0
blind_follow,low,15.0,10442,timeout,0,0,1,120,5,2,0
blind_follow,low,15.0,10443,timeout,0,0,1,120,1,6,0
blind_follow,low,15.0,10444,timeout,0,0,1,120,5,0,0
blind_follow,low,15.0,10445,timeout,0,0,1,120,5,2,0
blind_follow,low,15.0,10446,timeout,0,0,1,120,5,2,0
blind_follow,low,15.0,10447,timeout,0,0,1,120,5,0,0
blind_follow,low,15.0,10448,timeout,0,0,1,120,2,7,0
blind_follow,low,15.0,10449,timeout,0,0,1,120,4,2,0
blind_follow,low,15.0,10450,timeout,0,0,1,120,3,6,0
blind_follow,low,15.0,10451,timeout,0,0,1,120,2,5,0
blind_follow,low,15.0,10452,timeout,0,0,1,120,5,0,0
blind_follow,low,15.0,10453,timeout,0,0,1,120,3,2,0
blind_follow,low,15.0,10454,timeout,0,0,1,120,2,4,0
blind_follow,low,15.0,10455,timeout,0,0,1,120,2,6,0
blind_follow,low,15.0,10456,timeout,0,0,1,120,5,2,0
blind_follow,low,15.0,10457,timeout,0,0,1,120,3,3,0
blind_follow,low,15.0,10458,timeout,0,0,1,120,5,0,0
blind_follow,low,15.0,10459,timeout,0,0,1,120,4,5,0
blind_follow,low,15.0,10460,timeout,0,0,1,120,3,2,0
blind_follow,low,15.0,10461,timeout,0,0,1,120,5,3,0
blind_follow,low,15.0,10462,timeout,0,0,1,120,2,4,0
blind_follow,low,15.0,10463,timeout,0,0,1,120,4,0,0
blind_follow,low,15.0,10464,timeout,0,0,1,120,4,4,0
blind_follow,low,15.0,10465,timeout,0,0,1,120,4,0,0
blind_follow,low,15.0,10466,timeout,0,0,1,120,3,2,0
blind_follow,low,15.0,10467,timeout,0,0,1,120,3,2,0
blind_follow,low,15.0,10468,timeout,0,0,1,120,2,4,0
blind_follow,low,15.0,10469,timeout,0,0,1,120,4,0,0
blind_follow,low,15.0,10470,timeout,0,0,1,120,2,4,0
blind_follow,low,15.0,10471,timeout,0,0,1,120,2,3,0
blind_follow,low,15.0,10472,timeout,0,0,1,120,3,2,0
blind_follow,low,15.0,10473,timeout,0,0,1,120,3,0,0
blind_follow,low,15.0,10474,timeout,0,0,1,120,5,2,0
blind_follow,low,15.0,10475,timeout,0,0,1,120,4,2,0
blind_follow,low,15.0,10476,timeout,0,0,1,120,4,2,0
blind_follow,low,15.0,10477,timeout,0,0,1,120,5,3,0
blind_follow,low,15.0,10478,timeout,0,0,1,120,3,2,0
blind_follow,low,15.0,10479,timeout,0,0,1,120,4,3,0
blind_follow,low,15.0,10480,timeout,0,0,1,120,3,3,0
blind_follow,low,15.0,10481,timeout,0,0,1,120,3,2,0
blind_follow,low,15.0,10482,timeout,0,0,1,120,4,0,0
blind_follow,low,15.0,10483,timeout,0,0,1,120,5,0,0
blind_follow,low,15.0,10484,timeout,0,0,1,120,5,0,0
blind_follow,low,15.0,10485,timeout,0,0,1,120,4,0,0
blind_follow,low,15.0,10486,timeout,0,0,1,120,5,3,0
blind_follow,low,15.0,10487,timeout,0,0,1,120,1,4,0
blind_follow,low,15.0,10488,timeout,0,0,1,120,4,4,0
blind_follow,low,15.0,10489,timeout,0,0,1,120,4,2,0
blind_follow,low,15.0,10490,timeout,0,0,1,120,2,5,0
blind_follow,low,15.0,10491,timeout,0,0,1,120,4,4,0
blind_follow,low,15.0,10492,timeout,0,0,1,120,2,2,0
blind_follow,low,15.0,10493,timeout,0,0,1,120,4,3,0
blind_follow,low,15.0,10494,timeout,0,0,1,120,1,6,0
blind_follow,low,15.0,10495,timeout,0,0,1,120,3,2,0
blind_follow,low,15.0,10496,timeout,0,0,1,120,1,2,0
blind_follow,low,15.0,10497,wipeout,0,1,0,32,0,3,0
blind_follow,low,15.0,10498,timeout,0,0,1,120,2,4,0
blind_follow,low,15.0,10499,timeout,0,0,1,120,5,2,0
shared_map,low,15.0,10000,timeout,0,0,1,120,3,3,822
shared_map,low,15.0,10001,timeout,0,0,1,120,5,0,2400
shared_map,low,15.0,10002,timeout,0,0,1,120,5,0,2400
shared_map,low,15.0,10003,timeout,0,0,1,120,4,2,1568
shared_map,low,15.0,10004,wipeout,0,1,0,20,0,2,236
shared_map,low,15.0,10005,timeout,0,0,1,120,4,2,1456
shared_map,low,15.0,10006,timeout,0,0,1,120,5,2,2400
shared_map,low,15.0,10007,timeout,0,0,1,120,4,2,1472
shared_map,low,15.0,10008,timeout,0,0,1,120,5,0,2400
shared_map,low,15.0,10009,timeout,0,0,1,120,5,0,2400
shared_map,low,15.0,10010,timeout,0,0,1,120,5,2,2400
shared_map,low,15.0,10011,timeout,0,0,1,120,5,2,2400
shared_map,low,15.0,10012,timeout,0,0,1,120,5,0,2400
shared_map,low,15.0,10013,timeout,0,0,1,120,5,0,1440
shared_map,low,15.0,10014,timeout,0,0,1,120,4,0,1440
shared_map,low,15.0,10015,timeout,0,0,1,120,4,0,1440
shared_map,low,15.0,10016,timeout,0,0,1,120,5,0,2400
shared_map,low,15.0,10017,timeout,0,0,1,120,5,2,2400
shared_map,low,15.0,10018,timeout,0,0,1,120,4,0,1440
shared_map,low,15.0,10019,timeout,0,0,1,120,5,0,2400
shared_map,low,15.0,10020,timeout,0,0,1,120,5,0,2274
shared_map,low,15.0,10021,timeout,0,0,1,120,5,0,1440
shared_map,low,15.0,10022,timeout,0,0,1,120,4,0,1440
shared_map,low,15.0,10023,timeout,0,0,1,120,4,2,1464
shared_map,low,15.0,10024,timeout,0,0,1,120,4,2,1472
shared_map,low,15.0,10025,wipeout,0,1,0,35,0,3,248
shared_map,low,15.0,10026,timeout,0,0,1,120,5,3,2400
shared_map,low,15.0,10027,timeout,0,0,1,120,5,0,2400
shared_map,low,15.0,10028,timeout,0,0,1,120,4,2,1456
shared_map,low,15.0,10029,timeout,0,0,1,120,4,0,1440
shared_map,low,15.0,10030,timeout,0,0,1,120,5,0,2400
shared_map,low,15.0,10031,timeout,0,0,1,120,4,0,1440
shared_map,low,15.0,10032,timeout,0,0,1,120,4,2,1496
shared_map,low,15.0,10033,timeout,0,0,1,120,4,2,1480
shared_map,low,15.0,10034,timeout,0,0,1,120,4,2,1456
shared_map,low,15.0,10035,timeout,0,0,1,120,5,0,2400
shared_map,low,15.0,10036,timeout,0,0,1,120,3,2,548
shared_map,low,15.0,10037,timeout,0,0,1,120,3,2,754
shared_map,low,15.0,10038,timeout,0,0,1,120,5,2,2400
shared_map,low,15.0,10039,timeout,0,0,1,120,4,2,1472
shared_map,low,15.0,10040,timeout,0,0,1,120,3,3,894
shared_map,low,15.0,10041,timeout,0,0,1,120,5,2,2400
shared_map,low,15.0,10042,timeout,0,0,1,120,4,2,1488
shared_map,low,15.0,10043,timeout,0,0,1,120,1,3,282
shared_map,low,15.0,10044,timeout,0,0,1,120,5,0,2400
shared_map,low,15.0,10045,timeout,0,0,1,120,5,0,2400
shared_map,low,15.0,10046,timeout,0,0,1,120,3,0,750
shared_map,low,15.0,10047,timeout,0,0,1,120,5,0,2400
shared_map,low,15.0,10048,timeout,0,0,1,120,5,2,1670
shared_map,low,15.0,10049,timeout,0,0,1,120,5,0,2400
shared_map,low,15.0,10050,timeout,0,0,1,120,4,2,1456
shared_map,low,15.0,10051,timeout,0,0,1,120,5,0,2400
shared_map,low,15.0,10052,timeout,0,0,1,120,5,0,2400
shared_map,low,15.0,10053,timeout,0,0,1,120,5,0,2400
shared_map,low,15.0,10054,timeout,0,0,1,120,5,0,2400
shared_map,low,15.0,10055,timeout,0,0,1,120,4,3,1472
shared_map,low,15.0,10056,timeout,0,0,1,120,4,0,1440
shared_map,low,15.0,10057,timeout,0,0,1,120,4,2,1456
shared_map,low,15.0,10058,timeout,0,0,1,120,5,0,2400
shared_map,low,15.0,10059,timeout,0,0,1,120,5,0,2400
shared_map,low,15.0,10060,timeout,0,0,1,120,5,0,2400
shared_map,low,15.0,10061,timeout,0,0,1,120,5,0,1440
shared_map,low,15.0,10062,timeout,0,0,1,120,5,0,2400
shared_map,low,15.0,10063,timeout,0,0,1,120,5,0,1440
shared_map,low,15.0,10064,timeout,0,0,1,120,5,0,1440
shared_map,low,15.0,10065,timeout,0,0,1,120,5,0,1440
shared_map,low,15.0,10066,timeout,0,0,1,120,5,0,2400
shared_map,low,15.0,10067,timeout,0,0,1,120,4,2,1464
shared_map,low,15.0,10068,timeout,0,0,1,120,5,0,2400
shared_map,low,15.0,10069,timeout,0,0,1,120,2,3,454
shared_map,low,15.0,10070,timeout,0,0,1,120,3,3,916
shared_map,low,15.0,10071,timeout,0,0,1,120,5,0,2400
shared_map,low,15.0,10072,timeout,0,0,1,120,5,0,2400
shared_map,low,15.0,10073,timeout,0,0,1,120,4,2,1464
shared_map,low,15.0,10074,timeout,0,0,1,120,5,2,2400
shared_map,low,15.0,10075,timeout,0,0,1,120,3,3,838
shared_map,low,15.0,10076,timeout,0,0,1,120,4,0,1440
shared_map,low,15.0,10077,timeout,0,0,1,120,4,0,1440
shared_map,low,15.0,10078,timeout,0,0,1,120,5,0,2400
shared_map,low,15.0,10079,timeout,0,0,1,120,3,0,738
shared_map,low,15.0,10080,timeout,0,0,1,120,4,2,1464
shared_map,low,15.0,10081,timeout,0,0,1,120,4,2,1464
shared_map,low,15.0,10082,timeout,0,0,1,120,5,0,2400
shared_map,low,15.0,10083,timeout,0,0,1,120,2,3,578
shared_map,low,15.0,10084,timeout,0,0,1,120,3,0,750
shared_map,low,15.0,10085,timeout,0,0,1,120,3,3,948
shared_map,low,15.0,10086,timeout,0,0,1,120,4,0,1440
shared_map,low,15.0,10087,timeout,0,0,1,120,5,0,2400
shared_map,low,15.0,10088,timeout,0,0,1,120,5,0,2400
shared_map,low,15.0,10089,timeout,0,0,1,120,5,0,2400
shared_map,low,15.0,10090,timeout,0,0,1,120,1,3,278
shared_map,low,15.0,10091,timeout,0,0,1,120,5,0,2400
shared_map,low,15.0,10092,timeout,0,0,1,120,5,2,2400
shared_map,low,15.0,10093,timeout,0,0,1,120,4,2,1472
shared_map,low,15.0,10094,timeout,0,0,1,120,4,2,1464
shared_map,low,15.0,10095,timeout,0,0,1,120,5,0,1440
shared_map,low,15.0,10096,timeout,0,0,1,120,5,2,2400
shared_map,low,15.0,10097,timeout,0,0,1,120,5,0,2400
shared_map,low,15.0,10098,timeout,0,0,1,120,5,0,2400
shared_map,low,15.0,10099,timeout,0,0,1,120,5,0,2280
shared_map,low,15.0,10100,timeout,0,0,1,120,5,0,2400
shared_map,low,15.0,10101,timeout,0,0,1,120,5,0,1440
shared_map,low,15.0,10102,timeout,0,0,1,120,5,0,2400
shared_map,low,15.0,10103,timeout,0,0,1,120,5,0,2400
shared_map,low,15.0,10104,timeout,0,0,1,120,5,0,2400
shared_map,low,15.0,10105,timeout,0,0,1,120,5,0,2400
shared_map,low,15.0,10106,timeout,0,0,1,120,5,0,1440
shared_map,low,15.0,10107,timeout,0,0,1,120,5,2,2400
shared_map,low,15.0,10108,timeout,0,0,1,120,5,0,2400
shared_map,low,15.0,10109,timeout,0,0,1,120,4,0,1440
shared_map,low,15.0,10110,wipeout,0,1,0,39,0,3,188
shared_map,low,15.0,10111,timeout,0,0,1,120,4,2,1472
shared_map,low,15.0,10112,timeout,0,0,1,120,4,2,1464
shared_map,low,15.0,10113,timeout,0,0,1,120,4,2,1464
shared_map,low,15.0,10114,timeout,0,0,1,120,5,0,2400
shared_map,low,15.0,10115,timeout,0,0,1,120,4,2,1456
shared_map,low,15.0,10116,wipeout,0,1,0,32,0,2,294
shared_map,low,15.0,10117,timeout,0,0,1,120,4,2,1488
shared_map,low,15.0,10118,timeout,0,0,1,120,5,0,2400
shared_map,low,15.0,10119,timeout,0,0,1,120,5,0,1440
shared_map,low,15.0,10120,timeout,0,0,1,120,5,0,1440
shared_map,low,15.0,10121,timeout,0,0,1,120,3,0,750
shared_map,low,15.0,10122,timeout,0,0,1,120,4,0,738
shared_map,low,15.0,10123,timeout,0,0,1,120,5,2,2400
shared_map,low,15.0,10124,timeout,0,0,1,120,4,2,1464
shared_map,low,15.0,10125,timeout,0,0,1,120,5,0,2400
shared_map,low,15.0,10126,timeout,0,0,1,120,5,0,2400
shared_map,low,15.0,10127,timeout,0,0,1,120,1,2,368
shared_map,low,15.0,10128,timeout,0,0,1,120,5,0,2400
shared_map,low,15.0,10129,timeout,0,0,1,120,5,2,2400
shared_map,low,15.0,10130,timeout,0,0,1,120,5,3,2400
shared_map,low,15.0,10131,timeout,0,0,1,120,4,2,1456
shared_map,low,15.0,10132,timeout,0,0,1,120,1,2,108
shared_map,low,15.0,10133,timeout,0,0,1,120,4,2,1464
shared_map,low,15.0,10134,timeout,0,0,1,120,3,2,910
shared_map,low,15.0,10135,timeout,0,0,1,120,5,0,1440
shared_map,low,15.0,10136,timeout,0,0,1,120,4,0,1440
shared_map,low,15.0,10137,timeout,0,0,1,120,5,0,2400
shared_map,low,15.0,10138,timeout,0,0,1,120,5,0,2400
shared_map,low,15.0,10139,timeout,0,0,1,120,4,2,1464
shared_map,low,15.0,10140,timeout,0,0,1,120,5,2,2400
shared_map,low,15.0,10141,timeout,0,0,1,120,5,0,2400
shared_map,low,15.0,10142,timeout,0,0,1,120,5,0,2400
shared_map,low,15.0,10143,timeout,0,0,1,120,5,0,2400
shared_map,low,15.0,10144,timeout,0,0,1,120,5,0,2400
shared_map,low,15.0,10145,timeout,0,0,1,120,5,2,2400
shared_map,low,15.0,10146,timeout,0,0,1,120,5,2,2400
shared_map,low,15.0,10147,timeout,0,0,1,120,4,2,1472
shared_map,low,15.0,10148,timeout,0,0,1,120,3,2,874
shared_map,low,15.0,10149,timeout,0,0,1,120,4,0,1440
shared_map,low,15.0,10150,timeout,0,0,1,120,5,0,2400
shared_map,low,15.0,10151,timeout,0,0,1,120,1,2,450
shared_map,low,15.0,10152,timeout,0,0,1,120,5,0,2400
shared_map,low,15.0,10153,timeout,0,0,1,120,5,0,2400
shared_map,low,15.0,10154,timeout,0,0,1,120,5,0,2400
shared_map,low,15.0,10155,timeout,0,0,1,120,4,0,1440
shared_map,low,15.0,10156,timeout,0,0,1,120,5,2,2400
shared_map,low,15.0,10157,timeout,0,0,1,120,5,0,2400
shared_map,low,15.0,10158,timeout,0,0,1,120,5,0,2400
shared_map,low,15.0,10159,timeout,0,0,1,120,4,2,1456
shared_map,low,15.0,10160,timeout,0,0,1,120,5,0,2400
shared_map,low,15.0,10161,timeout,0,0,1,120,5,0,1440
shared_map,low,15.0,10162,timeout,0,0,1,120,4,0,1440
shared_map,low,15.0,10163,timeout,0,0,1,120,4,0,1440
shared_map,low,15.0,10164,timeout,0,0,1,120,1,3,310
shared_map,low,15.0,10165,timeout,0,0,1,120,4,2,1472
shared_map,low,15.0,10166,timeout,0,0,1,120,4,2,1472
shared_map,low,15.0,10167,timeout,0,0,1,120,5,0,1440
shared_map,low,15.0,10168,timeout,0,0,1,120,5,0,2400
shared_map,low,15.0,10169,timeout,0,0,1,120,5,2,2400
shared_map,low,15.0,10170,timeout,0,0,1,120,4,2,1464
shared_map,low,15.0,10171,timeout,0,0,1,120,4,0,1440
shared_map,low,15.0,10172,timeout,0,0,1,120,5,0,2400
shared_map,low,15.0,10173,timeout,0,0,1,120,3,2,754
shared_map,low,15.0,10174,timeout,0,0,1,120,4,2,1472
shared_map,low,15.0,10175,timeout,0,0,1,120,4,2,1472
shared_map,low,15.0,10176,timeout,0,0,1,120,5,0,2400
shared_map,low,15.0,10177,timeout,0,0,1,120,5,0,2400
shared_map,low,15.0,10178,timeout,0,0,1,120,4,0,1440
shared_map,low,15.0,10179,timeout,0,0,1,120,5,0,1440
shared_map,low,15.0,10180,timeout,0,0,1,120,4,2,1464
shared_map,low,15.0,10181,timeout,0,0,1,120,5,2,2400
shared_map,low,15.0,10182,wipeout,0,1,0,27,0,2,290
shared_map,low,15.0,10183,timeout,0,0,1,120,4,3,1464
shared_map,low,15.0,10184,timeout,0,0,1,120,4,2,1480
shared_map,low,15.0,10185,timeout,0,0,1,120,5,0,2400
shared_map,low,15.0,10186,timeout,0,0,1,120,3,2,804
shared_map,low,15.0,10187,timeout,0,0,1,120,5,0,2400
shared_map,low,15.0,10188,timeout,0,0,1,120,5,2,2400
shared_map,low,15.0,10189,timeout,0,0,1,120,5,0,2400
shared_map,low,15.0,10190,timeout,0,0,1,120,5,0,1440
shared_map,low,15.0,10191,timeout,0,0,1,120,5,2,2400
shared_map,low,15.0,10192,timeout,0,0,1,120,4,2,1472
shared_map,low,15.0,10193,timeout,0,0,1,120,5,0,2400
shared_map,low,15.0,10194,timeout,0,0,1,120,5,0,1440
shared_map,low,15.0,10195,timeout,0,0,1,120,4,2,1544
shared_map,low,15.0,10196,timeout,0,0,1,120,4,2,1472
shared_map,low,15.0,10197,timeout,0,0,1,120,4,2,1480
shared_map,low,15.0,10198,timeout,0,0,1,120,5,0,2400
shared_map,low,15.0,10199,timeout,0,0,1,120,5,2,2400
shared_map,low,15.0,10200,timeout,0,0,1,120,5,0,2400
shared_map,low,15.0,10201,timeout,0,0,1,120,3,2,886
shared_map,low,15.0,10202,timeout,0,0,1,120,5,0,2274
shared_map,low,15.0,10203,timeout,0,0,1,120,5,2,2400
shared_map,low,15.0,10204,timeout,0,0,1,120,4,0,1440
shared_map,low,15.0,10205,timeout,0,0,1,120,5,0,2400
shared_map,low,15.0,10206,timeout,0,0,1,120,4,0,1440
shared_map,low,15.0,10207,timeout,0,0,1,120,3,2,754
shared_map,low,15.0,10208,timeout,0,0,1,120,5,0,2400
shared_map,low,15.0,10209,timeout,0,0,1,120,4,0,744
shared_map,low,15.0,10210,timeout,0,0,1,120,5,0,2400
shared_map,low,15.0,10211,timeout,0,0,1,120,4,2,1464
shared_map,low,15.0,10212,timeout,0,0,1,120,4,2,1464
shared_map,low,15.0,10213,timeout,0,0,1,120,5,0,2400
shared_map,low,15.0,10214,timeout,0,0,1,120,5,0,2400
shared_map,low,15.0,10215,timeout,0,0,1,120,5,0,2400
shared_map,low,15.0,10216,timeout,0,0,1,120,5,0,2400
shared_map,low,15.0,10217,timeout,0,0,1,120,4,2,1472
shared_map,low,15.0,10218,timeout,0,0,1,120,4,0,1440
shared_map,low,15.0,10219,timeout,0,0,1,120,5,0,1440
shared_map,low,15.0,10220,timeout,0,0,1,120,4,2,1488
shared_map,low,15.0,10221,timeout,0,0,1,120,4,2,1456
shared_map,low,15.0,10222,timeout,0,0,1,120,4,2,1464
shared_map,low,15.0,10223,timeout,0,0,1,120,3,2,780
shared_map,low,15.0,10224,timeout,0,0,1,120,5,0,1440
shared_map,low,15.0,10225,timeout,0,0,1,120,5,0,1440
shared_map,low,15.0,10226,timeout,0,0,1,120,5,0,1440
shared_map,low,15.0,10227,timeout,0,0,1,120,5,2,2400
shared_map,low,15.0,10228,timeout,0,0,1,120,4,2,1464
shared_map,low,15.0,10229,timeout,0,0,1,120,4,3,1520
shared_map,low,15.0,10230,timeout,0,0,1,120,5,2,2400
shared_map,low,15.0,10231,timeout,0,0,1,120,4,0,1440
shared_map,low,15.0,10232,timeout,0,0,1,120,5,3,2400
shared_map,low,15.0,10233,timeout,0,0,1,120,5,0,1440
shared_map,low,15.0,10234,timeout,0,0,1,120,5,0,2274
shared_map,low,15.0,10235,timeout,0,0,1,120,5,0,2400
shared_map,low,15.0,10236,timeout,0,0,1,120,5,0,2400
shared_map,low,15.0,10237,timeout,0,0,1,120,5,0,2400
shared_map,low,15.0,10238,timeout,0,0,1,120,3,3,924
shared_map,low,15.0,10239,timeout,0,0,1,120,5,0,1440
shared_map,low,15.0,10240,timeout,0,0,1,120,5,2,2400
shared_map,low,15.0,10241,timeout,0,0,1,120,5,0,1440
shared_map,low,15.0,10242,timeout,0,0,1,120,4,2,1472
shared_map,low,15.0,10243,timeout,0,0,1,120,5,0,2400
shared_map,low,15.0,10244,timeout,0,0,1,120,5,2,2400
shared_map,low,15.0,10245,timeout,0,0,1,120,5,0,2400
shared_map,low,15.0,10246,timeout,0,0,1,120,3,2,912
shared_map,low,15.0,10247,timeout,0,0,1,120,5,0,1440
shared_map,low,15.0,10248,timeout,0,0,1,120,5,0,1440
shared_map,low,15.0,10249,timeout,0,0,1,120,4,2,1464
shared_map,low,15.0,10250,timeout,0,0,1,120,5,0,2400
shared_map,low,15.0,10251,timeout,0,0,1,120,5,0,1440
shared_map,low,15.0,10252,timeout,0,0,1,120,5,0,2400
shared_map,low,15.0,10253,timeout,0,0,1,120,4,0,1440
shared_map,low,15.0,10254,timeout,0,0,1,120,5,0,1440
shared_map,low,15.0,10255,timeout,0,0,1,120,5,0,2400
shared_map,low,15.0,10256,timeout,0,0,1,120,5,0,2280
shared_map,low,15.0,10257,timeout,0,0,1,120,3,0,738
shared_map,low,15.0,10258,timeout,0,0,1,120,4,2,1456
shared_map,low,15.0,10259,timeout,0,0,1,120,5,0,2400
shared_map,low,15.0,10260,timeout,0,0,1,120,5,0,2400
shared_map,low,15.0,10261,timeout,0,0,1,120,5,0,2400
shared_map,low,15.0,10262,timeout,0,0,1,120,3,2,754
shared_map,low,15.0,10263,timeout,0,0,1,120,5,3,2400
shared_map,low,15.0,10264,timeout,0,0,1,120,5,2,2400
shared_map,low,15.0,10265,timeout,0,0,1,120,4,0,1440
shared_map,low,15.0,10266,timeout,0,0,1,120,4,0,1440
shared_map,low,15.0,10267,timeout,0,0,1,120,5,0,2400
shared_map,low,15.0,10268,timeout,0,0,1,120,5,0,2400
shared_map,low,15.0,10269,timeout,0,0,1,120,5,0,1440
shared_map,low,15.0,10270,timeout,0,0,1,120,5,0,2400
shared_map,low,15.0,10271,timeout,0,0,1,120,4,2,1472
shared_map,low,15.0,10272,timeout,0,0,1,120,5,0,2400
shared_map,low,15.0,10273,timeout,0,0,1,120,5,0,2400
shared_map,low,15.0,10274,timeout,0,0,1,120,5,0,2400
shared_map,low,15.0,10275,timeout,0,0,1,120,5,0,2400
shared_map,low,15.0,10276,timeout,0,0,1,120,5,0,2400
shared_map,low,15.0,10277,timeout,0,0,1,120,5,0,2400
shared_map,low,15.0,10278,timeout,0,0,1,120,4,0,1440
shared_map,low,15.0,10279,timeout,0,0,1,120,5,0,2400
shared_map,low,15.0,10280,timeout,0,0,1,120,5,0,1440
shared_map,low,15.0,10281,timeout,0,0,1,120,5,0,1440
shared_map,low,15.0,10282,timeout,0,0,1,120,5,2,2400
shared_map,low,15.0,10283,timeout,0,0,1,120,4,2,1488
shared_map,low,15.0,10284,timeout,0,0,1,120,5,0,1440
shared_map,low,15.0,10285,timeout,0,0,1,120,5,0,2400
shared_map,low,15.0,10286,timeout,0,0,1,120,5,0,2400
shared_map,low,15.0,10287,timeout,0,0,1,120,5,0,2400
shared_map,low,15.0,10288,timeout,0,0,1,120,5,0,2400
shared_map,low,15.0,10289,timeout,0,0,1,120,5,0,2400
shared_map,low,15.0,10290,timeout,0,0,1,120,5,0,2400
shared_map,low,15.0,10291,timeout,0,0,1,120,4,3,1520
shared_map,low,15.0,10292,timeout,0,0,1,120,1,2,326
shared_map,low,15.0,10293,timeout,0,0,1,120,5,0,2400
shared_map,low,15.0,10294,timeout,0,0,1,120,4,2,1488
shared_map,low,15.0,10295,timeout,0,0,1,120,2,2,434
shared_map,low,15.0,10296,timeout,0,0,1,120,4,2,1472
shared_map,low,15.0,10297,timeout,0,0,1,120,5,2,2400
shared_map,low,15.0,10298,timeout,0,0,1,120,4,2,1464
shared_map,low,15.0,10299,timeout,0,0,1,120,5,0,2400
shared_map,low,15.0,10300,timeout,0,0,1,120,4,2,1456
shared_map,low,15.0,10301,timeout,0,0,1,120,5,0,2400
shared_map,low,15.0,10302,timeout,0,0,1,120,5,0,2400
shared_map,low,15.0,10303,timeout,0,0,1,120,5,3,2400
shared_map,low,15.0,10304,timeout,0,0,1,120,4,0,1440
shared_map,low,15.0,10305,timeout,0,0,1,120,5,0,2400
shared_map,low,15.0,10306,timeout,0,0,1,120,4,2,1472
shared_map,low,15.0,10307,timeout,0,0,1,120,5,2,1564
shared_map,low,15.0,10308,timeout,0,0,1,120,5,0,1440
shared_map,low,15.0,10309,timeout,0,0,1,120,4,2,1464
shared_map,low,15.0,10310,timeout,0,0,1,120,5,2,2400
shared_map,low,15.0,10311,timeout,0,0,1,120,5,0,2400
shared_map,low,15.0,10312,timeout,0,0,1,120,4,2,1472
shared_map,low,15.0,10313,timeout,0,0,1,120,5,0,2400
shared_map,low,15.0,10314,timeout,0,0,1,120,5,0,2400
shared_map,low,15.0,10315,timeout,0,0,1,120,5,0,2400
shared_map,low,15.0,10316,timeout,0,0,1,120,4,2,1496
shared_map,low,15.0,10317,timeout,0,0,1,120,4,2,1464
shared_map,low,15.0,10318,wipeout,0,1,0,31,0,3,288
shared_map,low,15.0,10319,timeout,0,0,1,120,5,0,2280
shared_map,low,15.0,10320,timeout,0,0,1,120,5,0,2400
shared_map,low,15.0,10321,timeout,0,0,1,120,5,0,2400
shared_map,low,15.0,10322,timeout,0,0,1,120,5,0,2400
shared_map,low,15.0,10323,timeout,0,0,1,120,5,0,2400
shared_map,low,15.0,10324,timeout,0,0,1,120,4,2,1464
shared_map,low,15.0,10325,timeout,0,0,1,120,5,0,2400
shared_map,low,15.0,10326,timeout,0,0,1,120,4,3,1570
shared_map,low,15.0,10327,timeout,0,0,1,120,5,0,2400
shared_map,low,15.0,10328,timeout,0,0,1,120,4,0,1440
shared_map,low,15.0,10329,timeout,0,0,1,120,4,2,1520
shared_map,low,15.0,10330,timeout,0,0,1,120,5,0,2400
shared_map,low,15.0,10331,timeout,0,0,1,120,5,0,2400
shared_map,low,15.0,10332,timeout,0,0,1,120,4,2,1472
shared_map,low,15.0,10333,timeout,0,0,1,120,4,0,1440
shared_map,low,15.0,10334,timeout,0,0,1,120,3,3,538
shared_map,low,15.0,10335,timeout,0,0,1,120,5,0,2400
shared_map,low,15.0,10336,timeout,0,0,1,120,4,0,1440
shared_map,low,15.0,10337,timeout,0,0,1,120,2,3,436
shared_map,low,15.0,10338,timeout,0,0,1,120,3,0,738
shared_map,low,15.0,10339,timeout,0,0,1,120,5,0,2400
shared_map,low,15.0,10340,timeout,0,0,1,120,5,0,2400
shared_map,low,15.0,10341,timeout,0,0,1,120,4,2,1472
shared_map,low,15.0,10342,timeout,0,0,1,120,5,0,2400
shared_map,low,15.0,10343,timeout,0,0,1,120,5,0,1440
shared_map,low,15.0,10344,timeout,0,0,1,120,5,0,2400
shared_map,low,15.0,10345,timeout,0,0,1,120,5,0,2400
shared_map,low,15.0,10346,timeout,0,0,1,120,4,2,1464
shared_map,low,15.0,10347,timeout,0,0,1,120,4,2,1464
shared_map,low,15.0,10348,timeout,0,0,1,120,4,2,1504
shared_map,low,15.0,10349,timeout,0,0,1,120,5,2,2400
shared_map,low,15.0,10350,timeout,0,0,1,120,4,2,1464
shared_map,low,15.0,10351,timeout,0,0,1,120,2,3,428
shared_map,low,15.0,10352,timeout,0,0,1,120,5,0,2400
shared_map,low,15.0,10353,timeout,0,0,1,120,5,0,2400
shared_map,low,15.0,10354,timeout,0,0,1,120,5,0,2400
shared_map,low,15.0,10355,timeout,0,0,1,120,5,0,2400
shared_map,low,15.0,10356,timeout,0,0,1,120,4,2,1472
shared_map,low,15.0,10357,timeout,0,0,1,120,3,0,738
shared_map,low,15.0,10358,timeout,0,0,1,120,5,0,1440
shared_map,low,15.0,10359,timeout,0,0,1,120,5,2,2400
shared_map,low,15.0,10360,timeout,0,0,1,120,5,0,2400
shared_map,low,15.0,10361,wipeout,0,1,0,32,0,2,502
shared_map,low,15.0,10362,timeout,0,0,1,120,5,0,2400
shared_map,low,15.0,10363,timeout,0,0,1,120,5,0,1440
shared_map,low,15.0,10364,timeout,0,0,1,120,5,0,2400
shared_map,low,15.0,10365,timeout,0,0,1,120,3,2,866
shared_map,low,15.0,10366,timeout,0,0,1,120,3,2,762
shared_map,low,15.0,10367,timeout,0,0,1,120,4,0,1440
shared_map,low,15.0,10368,timeout,0,0,1,120,4,3,1496
shared_map,low,15.0,10369,timeout,0,0,1,120,5,0,1440
shared_map,low,15.0,10370,timeout,0,0,1,120,5,0,2400
shared_map,low,15.0,10371,timeout,0,0,1,120,4,2,1472
shared_map,low,15.0,10372,timeout,0,0,1,120,3,3,838
shared_map,low,15.0,10373,timeout,0,0,1,120,5,2,2400
shared_map,low,15.0,10374,timeout,0,0,1,120,4,0,1440
shared_map,low,15.0,10375,timeout,0,0,1,120,4,0,1440
shared_map,low,15.0,10376,timeout,0,0,1,120,4,2,1480
shared_map,low,15.0,10377,timeout,0,0,1,120,5,2,2400
shared_map,low,15.0,10378,timeout,0,0,1,120,5,2,2400
shared_map,low,15.0,10379,timeout,0,0,1,120,4,3,1480
shared_map,low,15.0,10380,timeout,0,0,1,120,3,0,738
shared_map,low,15.0,10381,timeout,0,0,1,120,5,3,2400
shared_map,low,15.0,10382,timeout,0,0,1,120,5,0,1440
shared_map,low,15.0,10383,timeout,0,0,1,120,4,2,1456
shared_map,low,15.0,10384,timeout,0,0,1,120,5,2,2400
shared_map,low,15.0,10385,timeout,0,0,1,120,5,2,2400
shared_map,low,15.0,10386,timeout,0,0,1,120,3,0,750
shared_map,low,15.0,10387,timeout,0,0,1,120,5,0,2400
shared_map,low,15.0,10388,timeout,0,0,1,120,4,0,1440
shared_map,low,15.0,10389,timeout,0,0,1,120,5,0,2400
shared_map,low,15.0,10390,timeout,0,0,1,120,3,0,738
shared_map,low,15.0,10391,timeout,0,0,1,120,3,2,912
shared_map,low,15.0,10392,timeout,0,0,1,120,5,0,2400
shared_map,low,15.0,10393,timeout,0,0,1,120,5,2,2400
shared_map,low,15.0,10394,timeout,0,0,1,120,4,2,1456
shared_map,low,15.0,10395,timeout,0,0,1,120,5,0,2400
shared_map,low,15.0,10396,timeout,0,0,1,120,5,0,1440
shared_map,low,15.0,10397,timeout,0,0,1,120,4,2,1464
shared_map,low,15.0,10398,timeout,0,0,1,120,5,0,2400
shared_map,low,15.0,10399,timeout,0,0,1,120,4,2,1488
shared_map,low,15.0,10400,timeout,0,0,1,120,4,2,1472
shared_map,low,15.0,10401,timeout,0,0,1,120,5,2,2400
shared_map,low,15.0,10402,timeout,0,0,1,120,4,2,1456
shared_map,low,15.0,10403,timeout,0,0,1,120,4,2,1464
shared_map,low,15.0,10404,wipeout,0,1,0,36,0,3,542
shared_map,low,15.0,10405,timeout,0,0,1,120,5,2,2400
shared_map,low,15.0,10406,wipeout,0,1,0,21,0,4,264
shared_map,low,15.0,10407,timeout,0,0,1,120,4,2,1480
shared_map,low,15.0,10408,timeout,0,0,1,120,5,2,2400
shared_map,low,15.0,10409,timeout,0,0,1,120,4,2,1504
shared_map,low,15.0,10410,timeout,0,0,1,120,5,0,2400
shared_map,low,15.0,10411,timeout,0,0,1,120,5,0,2400
shared_map,low,15.0,10412,timeout,0,0,1,120,5,0,2400
shared_map,low,15.0,10413,timeout,0,0,1,120,3,2,780
shared_map,low,15.0,10414,timeout,0,0,1,120,3,3,856
shared_map,low,15.0,10415,timeout,0,0,1,120,5,0,2400
shared_map,low,15.0,10416,timeout,0,0,1,120,5,0,1440
shared_map,low,15.0,10417,timeout,0,0,1,120,5,2,2400
shared_map,low,15.0,10418,timeout,0,0,1,120,4,2,1464
shared_map,low,15.0,10419,timeout,0,0,1,120,4,2,1576
shared_map,low,15.0,10420,timeout,0,0,1,120,4,3,1616
shared_map,low,15.0,10421,timeout,0,0,1,120,2,2,434
shared_map,low,15.0,10422,timeout,0,0,1,120,3,0,750
shared_map,low,15.0,10423,timeout,0,0,1,120,2,3,522
shared_map,low,15.0,10424,timeout,0,0,1,120,5,0,2400
shared_map,low,15.0,10425,timeout,0,0,1,120,5,0,2400
shared_map,low,15.0,10426,timeout,0,0,1,120,4,0,1440
shared_map,low,15.0,10427,timeout,0,0,1,120,4,4,1572
shared_map,low,15.0,10428,timeout,0,0,1,120,4,2,1464
shared_map,low,15.0,10429,timeout,0,0,1,120,5,0,2400
shared_map,low,15.0,10430,timeout,0,0,1,120,5,3,2400
shared_map,low,15.0,10431,timeout,0,0,1,120,3,0,738
shared_map,low,15.0,10432,timeout,0,0,1,120,5,0,2400
shared_map,low,15.0,10433,timeout,0,0,1,120,4,0,1440
shared_map,low,15.0,10434,timeout,0,0,1,120,5,0,2400
shared_map,low,15.0,10435,timeout,0,0,1,120,4,2,1464
shared_map,low,15.0,10436,timeout,0,0,1,120,3,2,754
shared_map,low,15.0,10437,timeout,0,0,1,120,5,0,2400
shared_map,low,15.0,10438,timeout,0,0,1,120,4,0,1440
shared_map,low,15.0,10439,timeout,0,0,1,120,4,2,1456
shared_map,low,15.0,10440,timeout,0,0,1,120,2,3,470
shared_map,low,15.0,10441,timeout,0,0,1,120,4,2,1464
shared_map,low,15.0,10442,timeout,0,0,1,120,5,0,2400
shared_map,low,15.0,10443,timeout,0,0,1,120,4,3,1496
shared_map,low,15.0,10444,timeout,0,0,1,120,4,0,1440
shared_map,low,15.0,10445,timeout,0,0,1,120,5,0,2400
shared_map,low,15.0,10446,timeout,0,0,1,120,5,2,2400
shared_map,low,15.0,10447,timeout,0,0,1,120,5,3,1548
shared_map,low,15.0,10448,timeout,0,0,1,120,3,0,744
shared_map,low,15.0,10449,timeout,0,0,1,120,5,0,2400
shared_map,low,15.0,10450,timeout,0,0,1,120,3,3,824
shared_map,low,15.0,10451,wipeout,0,1,0,34,0,4,264
shared_map,low,15.0,10452,timeout,0,0,1,120,4,2,1512
shared_map,low,15.0,10453,timeout,0,0,1,120,4,2,1464
shared_map,low,15.0,10454,timeout,0,0,1,120,5,0,2400
shared_map,low,15.0,10455,timeout,0,0,1,120,4,0,1440
shared_map,low,15.0,10456,timeout,0,0,1,120,5,0,2400
shared_map,low,15.0,10457,timeout,0,0,1,120,4,2,1464
shared_map,low,15.0,10458,timeout,0,0,1,120,5,0,1440
shared_map,low,15.0,10459,timeout,0,0,1,120,3,0,750
shared_map,low,15.0,10460,timeout,0,0,1,120,4,2,1480
shared_map,low,15.0,10461,timeout,0,0,1,120,5,0,1440
shared_map,low,15.0,10462,timeout,0,0,1,120,4,2,1464
shared_map,low,15.0,10463,timeout,0,0,1,120,4,0,1440
shared_map,low,15.0,10464,timeout,0,0,1,120,5,0,2400
shared_map,low,15.0,10465,timeout,0,0,1,120,4,2,1472
shared_map,low,15.0,10466,timeout,0,0,1,120,4,2,1480
shared_map,low,15.0,10467,timeout,0,0,1,120,4,2,1464
shared_map,low,15.0,10468,timeout,0,0,1,120,5,2,2400
shared_map,low,15.0,10469,timeout,0,0,1,120,5,0,2400
shared_map,low,15.0,10470,timeout,0,0,1,120,4,0,1440
shared_map,low,15.0,10471,timeout,0,0,1,120,5,0,1440
shared_map,low,15.0,10472,timeout,0,0,1,120,4,2,1472
shared_map,low,15.0,10473,timeout,0,0,1,120,4,0,1440
shared_map,low,15.0,10474,timeout,0,0,1,120,5,0,2400
shared_map,low,15.0,10475,timeout,0,0,1,120,5,0,2400
shared_map,low,15.0,10476,timeout,0,0,1,120,5,0,2400
shared_map,low,15.0,10477,timeout,0,0,1,120,5,2,2400
shared_map,low,15.0,10478,timeout,0,0,1,120,3,0,738
shared_map,low,15.0,10479,timeout,0,0,1,120,4,3,726
shared_map,low,15.0,10480,timeout,0,0,1,120,4,2,1488
shared_map,low,15.0,10481,timeout,0,0,1,120,4,2,1472
shared_map,low,15.0,10482,timeout,0,0,1,120,5,0,1440
shared_map,low,15.0,10483,timeout,0,0,1,120,5,0,2400
shared_map,low,15.0,10484,timeout,0,0,1,120,4,2,1480
shared_map,low,15.0,10485,timeout,0,0,1,120,5,0,1440
shared_map,low,15.0,10486,timeout,0,0,1,120,5,3,2400
shared_map,low,15.0,10487,timeout,0,0,1,120,4,0,1440
shared_map,low,15.0,10488,timeout,0,0,1,120,5,0,2400
shared_map,low,15.0,10489,timeout,0,0,1,120,4,0,1440
shared_map,low,15.0,10490,timeout,0,0,1,120,5,0,1440
shared_map,low,15.0,10491,timeout,0,0,1,120,5,0,2400
shared_map,low,15.0,10492,timeout,0,0,1,120,4,2,1472
shared_map,low,15.0,10493,timeout,0,0,1,120,5,0,2400
shared_map,low,15.0,10494,timeout,0,0,1,120,5,3,2400
shared_map,low,15.0,10495,timeout,0,0,1,120,4,2,1512
shared_map,low,15.0,10496,timeout,0,0,1,120,3,0,738
shared_map,low,15.0,10497,timeout,0,0,1,120,3,2,754
shared_map,low,15.0,10498,timeout,0,0,1,120,4,0,1440
shared_map,low,15.0,10499,timeout,0,0,1,120,5,0,2400
split_exit,low,15.0,10000,timeout,0,0,1,120,3,2,834
split_exit,low,15.0,10001,timeout,0,0,1,120,5,0,1959
split_exit,low,15.0,10002,timeout,0,0,1,120,5,0,2400
split_exit,low,15.0,10003,timeout,0,0,1,120,2,2,454
split_exit,low,15.0,10004,timeout,0,0,1,120,1,2,128
split_exit,low,15.0,10005,timeout,0,0,1,120,4,2,489
split_exit,low,15.0,10006,timeout,0,0,1,120,5,2,2400
split_exit,low,15.0,10007,timeout,0,0,1,120,4,2,499
split_exit,low,15.0,10008,timeout,0,0,1,120,3,2,726
split_exit,low,15.0,10009,timeout,0,0,1,120,4,0,1480
split_exit,low,15.0,10010,timeout,0,0,1,120,4,2,841
split_exit,low,15.0,10011,timeout,0,0,1,120,5,2,2289
split_exit,low,15.0,10012,timeout,0,0,1,120,5,0,2400
split_exit,low,15.0,10013,timeout,0,0,1,120,4,4,740
split_exit,low,15.0,10014,timeout,0,0,1,120,4,2,1454
split_exit,low,15.0,10015,timeout,0,0,1,120,4,4,733
split_exit,low,15.0,10016,timeout,0,0,1,120,5,2,2400
split_exit,low,15.0,10017,timeout,0,0,1,120,5,2,2400
split_exit,low,15.0,10018,timeout,0,0,1,120,4,4,740
split_exit,low,15.0,10019,timeout,0,0,1,120,5,0,2400
split_exit,low,15.0,10020,timeout,0,0,1,120,4,3,1389
split_exit,low,15.0,10021,timeout,0,0,1,120,3,5,304
split_exit,low,15.0,10022,timeout,0,0,1,120,3,4,308
split_exit,low,15.0,10023,timeout,0,0,1,120,2,2,260
split_exit,low,15.0,10024,timeout,0,0,1,120,4,2,496
split_exit,low,15.0,10025,wipeout,0,1,0,25,0,3,132
split_exit,low,15.0,10026,timeout,0,0,1,120,5,3,2400
split_exit,low,15.0,10027,timeout,0,0,1,120,4,2,1464
split_exit,low,15.0,10028,timeout,0,0,1,120,2,4,254
split_exit,low,15.0,10029,timeout,0,0,1,120,3,4,273
split_exit,low,15.0,10030,timeout,0,0,1,120,5,0,2400
split_exit,low,15.0,10031,timeout,0,0,1,120,5,4,1447
split_exit,low,15.0,10032,timeout,0,0,1,120,4,2,1068
split_exit,low,15.0,10033,timeout,0,0,1,120,4,2,504
split_exit,low,15.0,10034,timeout,0,0,1,120,2,2,253
split_exit,low,15.0,10035,timeout,0,0,1,120,5,0,2400
split_exit,low,15.0,10036,timeout,0,0,1,120,3,2,978
split_exit,low,15.0,10037,timeout,0,0,1,120,2,2,20
split_exit,low,15.0,10038,timeout,0,0,1,120,4,2,1456
split_exit,low,15.0,10039,timeout,0,0,1,120,2,2,274
split_exit,low,15.0,10040,timeout,0,0,1,120,2,3,468
split_exit,low,15.0,10041,timeout,0,0,1,120,5,2,965
split_exit,low,15.0,10042,timeout,0,0,1,120,3,2,275
split_exit,low,15.0,10043,timeout,0,0,1,120,2,2,432
split_exit,low,15.0,10044,timeout,0,0,1,120,5,0,2400
split_exit,low,15.0,10045,timeout,0,0,1,120,5,0,2400
split_exit,low,15.0,10046,timeout,0,0,1,120,3,3,743
split_exit,low,15.0,10047,timeout,0,0,1,120,5,2,2400
split_exit,low,15.0,10048,timeout,0,0,1,120,5,2,766
split_exit,low,15.0,10049,timeout,0,0,1,120,5,2,2400
split_exit,low,15.0,10050,timeout,0,0,1,120,4,2,1496
split_exit,low,15.0,10051,timeout,0,0,1,120,4,2,792
split_exit,low,15.0,10052,timeout,0,0,1,120,4,2,1472
split_exit,low,15.0,10053,timeout,0,0,1,120,5,0,2400
split_exit,low,15.0,10054,timeout,0,0,1,120,5,0,2400
split_exit,low,15.0,10055,timeout,0,0,1,120,4,2,1488
split_exit,low,15.0,10056,timeout,0,0,1,120,5,3,1503
split_exit,low,15.0,10057,timeout,0,0,1,120,5,0,2400
split_exit,low,15.0,10058,timeout,0,0,1,120,5,0,2400
split_exit,low,15.0,10059,timeout,0,0,1,120,5,3,2400
split_exit,low,15.0,10060,timeout,0,0,1,120,4,0,1536
split_exit,low,15.0,10061,timeout,0,0,1,120,4,4,747
split_exit,low,15.0,10062,timeout,0,0,1,120,5,0,2400
split_exit,low,15.0,10063,timeout,0,0,1,120,4,4,747
split_exit,low,15.0,10064,timeout,0,0,1,120,3,6,388
split_exit,low,15.0,10065,timeout,0,0,1,120,3,4,296
split_exit,low,15.0,10066,timeout,0,0,1,120,5,2,2400
split_exit,low,15.0,10067,timeout,0,0,1,120,3,3,262
split_exit,low,15.0,10068,timeout,0,0,1,120,5,0,2400
split_exit,low,15.0,10069,timeout,0,0,1,120,2,3,269
split_exit,low,15.0,10070,timeout,0,0,1,120,4,3,1466
split_exit,low,15.0,10071,timeout,0,0,1,120,4,2,1351
split_exit,low,15.0,10072,timeout,0,0,1,120,5,0,2400
split_exit,low,15.0,10073,timeout,0,0,1,120,2,2,257
split_exit,low,15.0,10074,timeout,0,0,1,120,5,2,2400
split_exit,low,15.0,10075,timeout,0,0,1,120,4,2,1488
split_exit,low,15.0,10076,timeout,0,0,1,120,4,4,733
split_exit,low,15.0,10077,timeout,0,0,1,120,3,0,735
split_exit,low,15.0,10078,timeout,0,0,1,120,5,0,2400
split_exit,low,15.0,10079,timeout,0,0,1,120,3,3,737
split_exit,low,15.0,10080,timeout,0,0,1,120,4,2,494
split_exit,low,15.0,10081,timeout,0,0,1,120,5,2,961
split_exit,low,15.0,10082,timeout,0,0,1,120,4,0,750
split_exit,low,15.0,10083,timeout,0,0,1,120,2,2,524
split_exit,low,15.0,10084,timeout,0,0,1,120,2,2,294
split_exit,low,15.0,10085,timeout,0,0,1,120,4,2,1582
split_exit,low,15.0,10086,timeout,0,0,1,120,3,4,517
split_exit,low,15.0,10087,timeout,0,0,1,120,5,0,2400
split_exit,low,15.0,10088,timeout,0,0,1,120,5,0,1640
split_exit,low,15.0,10089,timeout,0,0,1,120,5,0,2400
split_exit,low,15.0,10090,timeout,0,0,1,120,3,3,919
split_exit,low,15.0,10091,timeout,0,0,1,120,4,2,1400
split_exit,low,15.0,10092,timeout,0,0,1,120,4,2,729
split_exit,low,15.0,10093,timeout,0,0,1,120,3,3,271
split_exit,low,15.0,10094,timeout,0,0,1,120,4,2,1464
split_exit,low,15.0,10095,timeout,0,0,1,120,3,4,311
split_exit,low,15.0,10096,timeout,0,0,1,120,4,2,1528
split_exit,low,15.0,10097,timeout,0,0,1,120,5,0,1640
split_exit,low,15.0,10098,timeout,0,0,1,120,3,0,786
split_exit,low,15.0,10099,timeout,0,0,1,120,4,2,1225
split_exit,low,15.0,10100,timeout,0,0,1,120,5,0,2400
split_exit,low,15.0,10101,timeout,0,0,1,120,4,4,726
split_exit,low,15.0,10102,timeout,0,0,1,120,5,0,2400
split_exit,low,15.0,10103,timeout,0,0,1,120,5,0,2400
split_exit,low,15.0,10104,timeout,0,0,1,120,5,2,2400
split_exit,low,15.0,10105,timeout,0,0,1,120,5,0,2400
split_exit,low,15.0,10106,timeout,0,0,1,120,4,4,740
split_exit,low,15.0,10107,timeout,0,0,1,120,4,2,1186
split_exit,low,15.0,10108,timeout,0,0,1,120,5,0,1666
split_exit,low,15.0,10109,timeout,0,0,1,120,3,4,368
split_exit,low,15.0,10110,wipeout,0,1,0,41,0,2,161
split_exit,low,15.0,10111,timeout,0,0,1,120,4,2,1472
split_exit,low,15.0,10112,timeout,0,0,1,120,4,2,748
split_exit,low,15.0,10113,timeout,0,0,1,120,4,3,1464
split_exit,low,15.0,10114,timeout,0,0,1,120,5,2,2400
split_exit,low,15.0,10115,timeout,0,0,1,120,3,2,271
split_exit,low,15.0,10116,timeout,0,0,1,120,2,2,431
split_exit,low,15.0,10117,timeout,0,0,1,120,3,2,272
split_exit,low,15.0,10118,timeout,0,0,1,120,5,0,2400
split_exit,low,15.0,10119,timeout,0,0,1,120,4,4,733
split_exit,low,15.0,10120,timeout,0,0,1,120,4,4,733
split_exit,low,15.0,10121,timeout,0,0,1,120,2,2,283
split_exit,low,15.0,10122,timeout,0,0,1,120,3,3,513
split_exit,low,15.0,10123,timeout,0,0,1,120,5,2,2400
split_exit,low,15.0,10124,timeout,0,0,1,120,3,3,270
split_exit,low,15.0,10125,timeout,0,0,1,120,5,3,2400
split_exit,low,15.0,10126,timeout,0,0,1,120,5,0,2400
split_exit,low,15.0,10127,timeout,0,0,1,120,2,2,488
split_exit,low,15.0,10128,timeout,0,0,1,120,5,0,2400
split_exit,low,15.0,10129,timeout,0,0,1,120,5,2,960
split_exit,low,15.0,10130,timeout,0,0,1,120,3,3,760
split_exit,low,15.0,10131,timeout,0,0,1,120,4,2,1456
split_exit,low,15.0,10132,wipeout,0,1,0,14,0,2,84
split_exit,low,15.0,10133,timeout,0,0,1,120,4,2,494
split_exit,low,15.0,10134,timeout,0,0,1,120,4,2,502
split_exit,low,15.0,10135,timeout,0,0,1,120,4,5,754
split_exit,low,15.0,10136,timeout,0,0,1,120,3,2,578
split_exit,low,15.0,10137,timeout,0,0,1,120,5,0,2400
split_exit,low,15.0,10138,timeout,0,0,1,120,5,2,2289
split_exit,low,15.0,10139,timeout,0,0,1,120,3,4,286
split_exit,low,15.0,10140,timeout,0,0,1,120,4,2,1472
split_exit,low,15.0,10141,timeout,0,0,1,120,5,0,2400
split_exit,low,15.0,10142,timeout,0,0,1,120,5,3,2400
split_exit,low,15.0,10143,timeout,0,0,1,120,4,2,1528
split_exit,low,15.0,10144,timeout,0,0,1,120,5,0,2400
split_exit,low,15.0,10145,timeout,0,0,1,120,4,2,1456
split_exit,low,15.0,10146,timeout,0,0,1,120,5,2,1726
split_exit,low,15.0,10147,timeout,0,0,1,120,4,2,499
split_exit,low,15.0,10148,timeout,0,0,1,120,2,2,270
split_exit,low,15.0,10149,timeout,0,0,1,120,3,5,334
split_exit,low,15.0,10150,timeout,0,0,1,120,5,2,1309
split_exit,low,15.0,10151,timeout,0,0,1,120,2,2,595
split_exit,low,15.0,10152,timeout,0,0,1,120,5,0,2400
split_exit,low,15.0,10153,timeout,0,0,1,120,5,0,2400
split_exit,low,15.0,10154,timeout,0,0,1,120,3,2,814
split_exit,low,15.0,10155,timeout,0,0,1,120,4,5,761
split_exit,low,15.0,10156,timeout,0,0,1,120,5,2,2400
split_exit,low,15.0,10157,timeout,0,0,1,120,5,0,2400
split_exit,low,15.0,10158,timeout,0,0,1,120,5,0,2400
split_exit,low,15.0,10159,timeout,0,0,1,120,3,2,253
split_exit,low,15.0,10160,timeout,0,0,1,120,5,2,2400
split_exit,low,15.0,10161,timeout,0,0,1,120,5,2,1699
split_exit,low,15.0,10162,timeout,0,0,1,120,3,4,285
split_exit,low,15.0,10163,timeout,0,0,1,120,2,0,287
split_exit,low,15.0,10164,timeout,0,0,1,120,3,3,848
split_exit,low,15.0,10165,timeout,0,0,1,120,4,3,499
split_exit,low,15.0,10166,timeout,0,0,1,120,2,2,260
split_exit,low,15.0,10167,timeout,0,0,1,120,4,4,740
split_exit,low,15.0,10168,timeout,0,0,1,120,5,2,2400
split_exit,low,15.0,10169,timeout,0,0,1,120,5,2,1079
split_exit,low,15.0,10170,timeout,0,0,1,120,5,0,2400
split_exit,low,15.0,10171,timeout,0,0,1,120,3,4,281
split_exit,low,15.0,10172,timeout,0,0,1,120,5,0,2400
split_exit,low,15.0,10173,timeout,0,0,1,120,2,2,20
split_exit,low,15.0,10174,timeout,0,0,1,120,4,2,497
split_exit,low,15.0,10175,timeout,0,0,1,120,3,4,271
split_exit,low,15.0,10176,timeout,0,0,1,120,5,0,2400
split_exit,low,15.0,10177,timeout,0,0,1,120,4,0,1456
split_exit,low,15.0,10178,timeout,0,0,1,120,4,4,740
split_exit,low,15.0,10179,timeout,0,0,1,120,4,4,733
split_exit,low,15.0,10180,timeout,0,0,1,120,2,2,260
split_exit,low,15.0,10181,timeout,0,0,1,120,4,2,1472
split_exit,low,15.0,10182,timeout,0,0,1,120,2,2,422
split_exit,low,15.0,10183,timeout,0,0,1,120,4,2,632
split_exit,low,15.0,10184,timeout,0,0,1,120,3,2,265
split_exit,low,15.0,10185,timeout,0,0,1,120,4,0,1480
split_exit,low,15.0,10186,timeout,0,0,1,120,4,2,499
split_exit,low,15.0,10187,timeout,0,0,1,120,3,2,726
split_exit,low,15.0,10188,timeout,0,0,1,120,5,2,2400
split_exit,low,15.0,10189,timeout,0,0,1,120,4,0,1536
split_exit,low,15.0,10190,timeout,0,0,1,120,3,4,276
split_exit,low,15.0,10191,timeout,0,0,1,120,4,2,1528
split_exit,low,15.0,10192,timeout,0,0,1,120,4,2,498
split_exit,low,15.0,10193,timeout,0,0,1,120,5,2,1646
split_exit,low,15.0,10194,timeout,0,0,1,120,4,4,747
split_exit,low,15.0,10195,timeout,0,0,1,120,3,2,628
split_exit,low,15.0,10196,timeout,0,0,1,120,5,2,962
split_exit,low,15.0,10197,timeout,0,0,1,120,3,2,265
split_exit,low,15.0,10198,timeout,0,0,1,120,4,0,1347
split_exit,low,15.0,10199,timeout,0,0,1,120,3,2,760
split_exit,low,15.0,10200,timeout,0,0,1,120,5,2,2400
split_exit,low,15.0,10201,timeout,0,0,1,120,2,2,471
split_exit,low,15.0,10202,timeout,0,0,1,120,4,0,1074
split_exit,low,15.0,10203,timeout,0,0,1,120,5,2,2400
split_exit,low,15.0,10204,timeout,0,0,1,120,4,4,740
split_exit,low,15.0,10205,timeout,0,0,1,120,5,2,2400
split_exit,low,15.0,10206,timeout,0,0,1,120,3,2,735
split_exit,low,15.0,10207,timeout,0,0,1,120,2,2,20
split_exit,low,15.0,10208,timeout,0,0,1,120,5,2,2400
split_exit,low,15.0,10209,timeout,0,0,1,120,3,3,743
split_exit,low,15.0,10210,timeout,0,0,1,120,4,0,1080
split_exit,low,15.0,10211,timeout,0,0,1,120,3,2,282
split_exit,low,15.0,10212,timeout,0,0,1,120,4,2,1030
split_exit,low,15.0,10213,timeout,0,0,1,120,5,2,2400
split_exit,low,15.0,10214,timeout,0,0,1,120,3,0,792
split_exit,low,15.0,10215,timeout,0,0,1,120,5,0,2400
split_exit,low,15.0,10216,timeout,0,0,1,120,5,0,2400
split_exit,low,15.0,10217,timeout,0,0,1,120,4,2,499
split_exit,low,15.0,10218,timeout,0,0,1,120,3,2,512
split_exit,low,15.0,10219,timeout,0,0,1,120,3,4,296
split_exit,low,15.0,10220,timeout,0,0,1,120,3,2,289
split_exit,low,15.0,10221,timeout,0,0,1,120,3,2,257
split_exit,low,15.0,10222,timeout,0,0,1,120,3,2,257
split_exit,low,15.0,10223,timeout,0,0,1,120,1,2,77
split_exit,low,15.0,10224,timeout,0,0,1,120,4,4,747
split_exit,low,15.0,10225,timeout,0,0,1,120,4,4,740
split_exit,low,15.0,10226,timeout,0,0,1,120,4,4,733
split_exit,low,15.0,10227,timeout,0,0,1,120,5,2,2400
split_exit,low,15.0,10228,timeout,0,0,1,120,4,2,494
split_exit,low,15.0,10229,timeout,0,0,1,120,3,2,812
split_exit,low,15.0,10230,timeout,0,0,1,120,5,2,2400
split_exit,low,15.0,10231,timeout,0,0,1,120,3,4,301
split_exit,low,15.0,10232,timeout,0,0,1,120,3,3,725
split_exit,low,15.0,10233,timeout,0,0,1,120,4,4,747
split_exit,low,15.0,10234,timeout,0,0,1,120,4,3,1067
split_exit,low,15.0,10235,timeout,0,0,1,120,5,0,2400
split_exit,low,15.0,10236,timeout,0,0,1,120,4,0,1075
split_exit,low,15.0,10237,timeout,0,0,1,120,5,0,1959
split_exit,low,15.0,10238,timeout,0,0,1,120,2,3,336
split_exit,low,15.0,10239,timeout,0,0,1,120,4,4,754
split_exit,low,15.0,10240,timeout,0,0,1,120,4,2,1472
split_exit,low,15.0,10241,timeout,0,0,1,120,4,4,740
split_exit,low,15.0,10242,timeout,0,0,1,120,3,4,286
split_exit,low,15.0,10243,timeout,0,0,1,120,5,0,2400
split_exit,low,15.0,10244,timeout,0,0,1,120,5,2,2400
split_exit,low,15.0,10245,timeout,0,0,1,120,4,2,1464
split_exit,low,15.0,10246,timeout,0,0,1,120,2,2,301
split_exit,low,15.0,10247,timeout,0,0,1,120,4,4,740
split_exit,low,15.0,10248,timeout,0,0,1,120,3,4,297
split_exit,low,15.0,10249,timeout,0,0,1,120,2,2,262
split_exit,low,15.0,10250,timeout,0,0,1,120,5,0,2400
split_exit,low,15.0,10251,timeout,0,0,1,120,4,4,753
split_exit,low,15.0,10252,timeout,0,0,1,120,3,2,726
split_exit,low,15.0,10253,timeout,0,0,1,120,3,2,747
split_exit,low,15.0,10254,timeout,0,0,1,120,4,4,740
split_exit,low,15.0,10255,timeout,0,0,1,120,4,0,1080
split_exit,low,15.0,10256,timeout,0,0,1,120,4,2,1386
split_exit,low,15.0,10257,timeout,0,0,1,120,3,4,333
split_exit,low,15.0,10258,timeout,0,0,1,120,3,2,255
split_exit,low,15.0,10259,timeout,0,0,1,120,5,0,2400
split_exit,low,15.0,10260,timeout,0,0,1,120,5,0,2400
split_exit,low,15.0,10261,timeout,0,0,1,120,3,2,810
split_exit,low,15.0,10262,timeout,0,0,1,120,2,2,20
split_exit,low,15.0,10263,timeout,0,0,1,120,5,3,1194
split_exit,low,15.0,10264,timeout,0,0,1,120,4,2,1496
split_exit,low,15.0,10265,timeout,0,0,1,120,5,3,1446
split_exit,low,15.0,10266,timeout,0,0,1,120,4,4,733
split_exit,low,15.0,10267,timeout,0,0,1,120,5,0,2400
split_exit,low,15.0,10268,timeout,0,0,1,120,4,2,727
split_exit,low,15.0,10269,timeout,0,0,1,120,4,4,740
split_exit,low,15.0,10270,timeout,0,0,1,120,5,0,2400
split_exit,low,15.0,10271,timeout,0,0,1,120,3,2,267
split_exit,low,15.0,10272,timeout,0,0,1,120,4,0,1464
split_exit,low,15.0,10273,timeout,0,0,1,120,3,5,782
split_exit,low,15.0,10274,timeout,0,0,1,120,5,0,2400
split_exit,low,15.0,10275,timeout,0,0,1,120,4,0,1480
split_exit,low,15.0,10276,timeout,0,0,1,120,5,0,2400
split_exit,low,15.0,10277,timeout,0,0,1,120,5,0,2400
split_exit,low,15.0,10278,timeout,0,0,1,120,4,2,1454
split_exit,low,15.0,10279,timeout,0,0,1,120,3,2,726
split_exit,low,15.0,10280,timeout,0,0,1,120,3,4,288
split_exit,low,15.0,10281,timeout,0,0,1,120,3,4,281
split_exit,low,15.0,10282,timeout,0,0,1,120,4,2,1480
split_exit,low,15.0,10283,timeout,0,0,1,120,3,2,275
split_exit,low,15.0,10284,timeout,0,0,1,120,3,4,272
split_exit,low,15.0,10285,timeout,0,0,1,120,5,0,2400
split_exit,low,15.0,10286,timeout,0,0,1,120,3,0,792
split_exit,low,15.0,10287,timeout,0,0,1,120,5,2,2400
split_exit,low,15.0,10288,timeout,0,0,1,120,4,0,742
split_exit,low,15.0,10289,timeout,0,0,1,120,5,0,2400
split_exit,low,15.0,10290,timeout,0,0,1,120,4,0,1080
split_exit,low,15.0,10291,timeout,0,0,1,120,4,3,1480
split_exit,low,15.0,10292,timeout,0,0,1,120,2,2,430
split_exit,low,15.0,10293,timeout,0,0,1,120,4,3,727
split_exit,low,15.0,10294,timeout,0,0,1,120,4,2,1488
split_exit,low,15.0,10295,timeout,0,0,1,120,2,2,431
split_exit,low,15.0,10296,timeout,0,0,1,120,4,2,499
split_exit,low,15.0,10297,timeout,0,0,1,120,5,2,2400
split_exit,low,15.0,10298,timeout,0,0,1,120,4,3,667
split_exit,low,15.0,10299,timeout,0,0,1,120,5,0,2400
split_exit,low,15.0,10300,timeout,0,0,1,120,3,2,253
split_exit,low,15.0,10301,timeout,0,0,1,120,4,0,742
split_exit,low,15.0,10302,timeout,0,0,1,120,4,0,744
split_exit,low,15.0,10303,timeout,0,0,1,120,4,2,1520
split_exit,low,15.0,10304,timeout,0,0,1,120,3,0,512
split_exit,low,15.0,10305,timeout,0,0,1,120,5,0,2400
split_exit,low,15.0,10306,timeout,0,0,1,120,4,2,499
split_exit,low,15.0,10307,timeout,0,0,1,120,5,2,974
split_exit,low,15.0,10308,timeout,0,0,1,120,4,4,740
split_exit,low,15.0,10309,timeout,0,0,1,120,3,2,280
split_exit,low,15.0,10310,timeout,0,0,1,120,3,2,754
split_exit,low,15.0,10311,timeout,0,0,1,120,4,0,742
split_exit,low,15.0,10312,timeout,0,0,1,120,4,2,499
split_exit,low,15.0,10313,timeout,0,0,1,120,5,0,2400
split_exit,low,15.0,10314,timeout,0,0,1,120,4,0,786
split_exit,low,15.0,10315,timeout,0,0,1,120,4,2,726
split_exit,low,15.0,10316,timeout,0,0,1,120,3,2,279
split_exit,low,15.0,10317,timeout,0,0,1,120,2,2,262
split_exit,low,15.0,10318,wipeout,0,1,0,29,0,3,179
split_exit,low,15.0,10319,timeout,0,0,1,120,4,0,1225
split_exit,low,15.0,10320,timeout,0,0,1,120,5,0,2400
split_exit,low,15.0,10321,timeout,0,0,1,120,5,0,2400
split_exit,low,15.0,10322,timeout,0,0,1,120,5,2,2400
split_exit,low,15.0,10323,timeout,0,0,1,120,5,0,2400
split_exit,low,15.0,10324,timeout,0,0,1,120,4,3,834
split_exit,low,15.0,10325,timeout,0,0,1,120,5,0,2400
split_exit,low,15.0,10326,timeout,0,0,1,120,5,2,2289
split_exit,low,15.0,10327,timeout,0,0,1,120,5,0,2400
split_exit,low,15.0,10328,timeout,0,0,1,120,3,4,292
split_exit,low,15.0,10329,timeout,0,0,1,120,4,2,527
split_exit,low,15.0,10330,timeout,0,0,1,120,3,6,1027
split_exit,low,15.0,10331,timeout,0,0,1,120,4,0,1480
split_exit,low,15.0,10332,timeout,0,0,1,120,4,2,1456
split_exit,low,15.0,10333,timeout,0,0,1,120,4,3,1445
split_exit,low,15.0,10334,timeout,0,0,1,120,4,2,1374
split_exit,low,15.0,10335,timeout,0,0,1,120,3,2,810
split_exit,low,15.0,10336,timeout,0,0,1,120,4,4,726
split_exit,low,15.0,10337,timeout,0,0,1,120,2,2,340
split_exit,low,15.0,10338,timeout,0,0,1,120,3,4,278
split_exit,low,15.0,10339,timeout,0,0,1,120,5,0,2400
split_exit,low,15.0,10340,timeout,0,0,1,120,4,0,1480
split_exit,low,15.0,10341,timeout,0,0,1,120,4,2,498
split_exit,low,15.0,10342,timeout,0,0,1,120,5,3,2400
split_exit,low,15.0,10343,timeout,0,0,1,120,4,4,740
split_exit,low,15.0,10344,timeout,0,0,1,120,4,0,1456
split_exit,low,15.0,10345,timeout,0,0,1,120,5,0,2400
split_exit,low,15.0,10346,timeout,0,0,1,120,3,2,764
split_exit,low,15.0,10347,timeout,0,0,1,120,2,2,260
split_exit,low,15.0,10348,timeout,0,0,1,120,3,2,281
split_exit,low,15.0,10349,timeout,0,0,1,120,5,2,963
split_exit,low,15.0,10350,timeout,0,0,1,120,3,2,262
split_exit,low,15.0,10351,timeout,0,0,1,120,3,3,838
split_exit,low,15.0,10352,timeout,0,0,1,120,5,2,2400
split_exit,low,15.0,10353,timeout,0,0,1,120,5,0,2400
split_exit,low,15.0,10354,timeout,0,0,1,120,5,0,2400
split_exit,low,15.0,10355,timeout,0,0,1,120,4,2,1464
split_exit,low,15.0,10356,timeout,0,0,1,120,4,3,564
split_exit,low,15.0,10357,timeout,0,0,1,120,4,3,851
split_exit,low,15.0,10358,timeout,0,0,1,120,4,4,740
split_exit,low,15.0,10359,timeout,0,0,1,120,4,2,841
split_exit,low,15.0,10360,timeout,0,0,1,120,5,0,1581
split_exit,low,15.0,10361,timeout,0,0,1,120,1,2,332
split_exit,low,15.0,10362,timeout,0,0,1,120,4,0,738
split_exit,low,15.0,10363,timeout,0,0,1,120,3,4,321
split_exit,low,15.0,10364,timeout,0,0,1,120,5,0,2400
split_exit,low,15.0,10365,timeout,0,0,1,120,3,2,660
split_exit,low,15.0,10366,timeout,0,0,1,120,4,2,494
split_exit,low,15.0,10367,timeout,0,0,1,120,3,4,301
split_exit,low,15.0,10368,timeout,0,0,1,120,3,3,279
split_exit,low,15.0,10369,timeout,0,0,1,120,4,4,733
split_exit,low,15.0,10370,timeout,0,0,1,120,5,0,2400
split_exit,low,15.0,10371,timeout,0,0,1,120,4,3,960
split_exit,low,15.0,10372,timeout,0,0,1,120,3,3,779
split_exit,low,15.0,10373,timeout,0,0,1,120,5,2,2400
split_exit,low,15.0,10374,timeout,0,0,1,120,5,2,2304
split_exit,low,15.0,10375,timeout,0,0,1,120,4,4,733
split_exit,low,15.0,10376,timeout,0,0,1,120,4,2,504
split_exit,low,15.0,10377,timeout,0,0,1,120,5,2,2400
split_exit,low,15.0,10378,timeout,0,0,1,120,5,2,2400
split_exit,low,15.0,10379,timeout,0,0,1,120,4,3,1480
split_exit,low,15.0,10380,timeout,0,0,1,120,3,3,621
split_exit,low,15.0,10381,timeout,0,0,1,120,4,3,732
split_exit,low,15.0,10382,timeout,0,0,1,120,4,4,740
split_exit,low,15.0,10383,timeout,0,0,1,120,3,2,255
split_exit,low,15.0,10384,timeout,0,0,1,120,5,2,2184
split_exit,low,15.0,10385,timeout,0,0,1,120,4,2,1456
split_exit,low,15.0,10386,timeout,0,0,1,120,3,3,277
split_exit,low,15.0,10387,timeout,0,0,1,120,5,3,2400
split_exit,low,15.0,10388,timeout,0,0,1,120,3,4,289
split_exit,low,15.0,10389,timeout,0,0,1,120,5,0,2400
split_exit,low,15.0,10390,timeout,0,0,1,120,4,2,851
split_exit,low,15.0,10391,timeout,0,0,1,120,1,2,225
split_exit,low,15.0,10392,timeout,0,0,1,120,5,3,2400
split_exit,low,15.0,10393,timeout,0,0,1,120,4,2,1496
split_exit,low,15.0,10394,timeout,0,0,1,120,3,3,273
split_exit,low,15.0,10395,timeout,0,0,1,120,5,0,2400
split_exit,low,15.0,10396,timeout,0,0,1,120,4,4,733
split_exit,low,15.0,10397,timeout,0,0,1,120,4,3,489
split_exit,low,15.0,10398,timeout,0,0,1,120,4,2,729
split_exit,low,15.0,10399,timeout,0,0,1,120,3,2,275
split_exit,low,15.0,10400,timeout,0,0,1,120,4,2,499
split_exit,low,15.0,10401,timeout,0,0,1,120,5,2,960
split_exit,low,15.0,10402,timeout,0,0,1,120,4,2,489
split_exit,low,15.0,10403,timeout,0,0,1,120,3,2,762
split_exit,low,15.0,10404,timeout,0,0,1,120,2,2,570
split_exit,low,15.0,10405,timeout,0,0,1,120,5,2,2400
split_exit,low,15.0,10406,timeout,0,0,1,120,2,3,434
split_exit,low,15.0,10407,timeout,0,0,1,120,3,2,266
split_exit,low,15.0,10408,timeout,0,0,1,120,5,2,2400
split_exit,low,15.0,10409,timeout,0,0,1,120,4,2,519
split_exit,low,15.0,10410,timeout,0,0,1,120,4,2,1536
split_exit,low,15.0,10411,timeout,0,0,1,120,3,0,782
split_exit,low,15.0,10412,timeout,0,0,1,120,4,0,1464
split_exit,low,15.0,10413,timeout,0,0,1,120,1,2,77
split_exit,low,15.0,10414,timeout,0,0,1,120,3,2,872
split_exit,low,15.0,10415,timeout,0,0,1,120,5,0,2400
split_exit,low,15.0,10416,timeout,0,0,1,120,4,4,733
split_exit,low,15.0,10417,timeout,0,0,1,120,4,2,1504
split_exit,low,15.0,10418,timeout,0,0,1,120,3,2,280
split_exit,low,15.0,10419,timeout,0,0,1,120,3,2,976
split_exit,low,15.0,10420,timeout,0,0,1,120,5,2,2400
split_exit,low,15.0,10421,timeout,0,0,1,120,2,2,430
split_exit,low,15.0,10422,timeout,0,0,1,120,3,3,277
split_exit,low,15.0,10423,timeout,0,0,1,120,4,3,1572
split_exit,low,15.0,10424,timeout,0,0,1,120,5,0,2400
split_exit,low,15.0,10425,timeout,0,0,1,120,4,0,1482
split_exit,low,15.0,10426,timeout,0,0,1,120,4,4,765
split_exit,low,15.0,10427,timeout,0,0,1,120,5,2,2176
split_exit,low,15.0,10428,timeout,0,0,1,120,4,2,492
split_exit,low,15.0,10429,timeout,0,0,1,120,4,0,742
split_exit,low,15.0,10430,timeout,0,0,1,120,3,3,737
split_exit,low,15.0,10431,timeout,0,0,1,120,3,4,281
split_exit,low,15.0,10432,timeout,0,0,1,120,5,0,2400
split_exit,low,15.0,10433,timeout,0,0,1,120,3,4,277
split_exit,low,15.0,10434,timeout,0,0,1,120,5,0,2400
split_exit,low,15.0,10435,timeout,0,0,1,120,2,2,263
split_exit,low,15.0,10436,timeout,0,0,1,120,2,2,20
split_exit,low,15.0,10437,timeout,0,0,1,120,5,0,2400
split_exit,low,15.0,10438,timeout,0,0,1,120,4,4,759
split_exit,low,15.0,10439,timeout,0,0,1,120,3,2,253
split_exit,low,15.0,10440,timeout,0,0,1,120,3,3,888
split_exit,low,15.0,10441,timeout,0,0,1,120,2,2,257
split_exit,low,15.0,10442,timeout,0,0,1,120,3,2,818
split_exit,low,15.0,10443,timeout,0,0,1,120,4,2,1496
split_exit,low,15.0,10444,timeout,0,0,1,120,4,4,740
split_exit,low,15.0,10445,timeout,0,0,1,120,5,2,2400
split_exit,low,15.0,10446,timeout,0,0,1,120,5,2,2400
split_exit,low,15.0,10447,timeout,0,0,1,120,5,3,983
split_exit,low,15.0,10448,timeout,0,0,1,120,2,3,277
split_exit,low,15.0,10449,timeout,0,0,1,120,4,0,732
split_exit,low,15.0,10450,timeout,0,0,1,120,3,3,824
split_exit,low,15.0,10451,timeout,0,0,1,120,2,3,434
split_exit,low,15.0,10452,timeout,0,0,1,120,2,2,287
split_exit,low,15.0,10453,timeout,0,0,1,120,3,2,258
split_exit,low,15.0,10454,timeout,0,0,1,120,5,2,960
split_exit,low,15.0,10455,timeout,0,0,1,120,3,4,372
split_exit,low,15.0,10456,timeout,0,0,1,120,4,2,1464
split_exit,low,15.0,10457,timeout,0,0,1,120,2,3,257
split_exit,low,15.0,10458,timeout,0,0,1,120,4,4,740
split_exit,low,15.0,10459,timeout,0,0,1,120,2,4,303
split_exit,low,15.0,10460,timeout,0,0,1,120,4,2,504
split_exit,low,15.0,10461,timeout,0,0,1,120,4,4,753
split_exit,low,15.0,10462,timeout,0,0,1,120,4,2,494
split_exit,low,15.0,10463,timeout,0,0,1,120,4,4,726
split_exit,low,15.0,10464,timeout,0,0,1,120,5,0,2400
split_exit,low,15.0,10465,timeout,0,0,1,120,3,2,264
split_exit,low,15.0,10466,timeout,0,0,1,120,2,2,270
split_exit,low,15.0,10467,timeout,0,0,1,120,3,2,254
split_exit,low,15.0,10468,timeout,0,0,1,120,5,2,2400
split_exit,low,15.0,10469,timeout,0,0,1,120,4,0,1374
split_exit,low,15.0,10470,timeout,0,0,1,120,3,4,308
split_exit,low,15.0,10471,timeout,0,0,1,120,4,4,726
split_exit,low,15.0,10472,timeout,0,0,1,120,3,3,273
split_exit,low,15.0,10473,timeout,0,0,1,120,3,3,747
split_exit,low,15.0,10474,timeout,0,0,1,120,5,0,2400
split_exit,low,15.0,10475,timeout,0,0,1,120,4,0,1480
split_exit,low,15.0,10476,timeout,0,0,1,120,5,2,1636
split_exit,low,15.0,10477,timeout,0,0,1,120,4,2,730
split_exit,low,15.0,10478,timeout,0,0,1,120,3,4,272
split_exit,low,15.0,10479,timeout,0,0,1,120,5,2,1759
split_exit,low,15.0,10480,timeout,0,0,1,120,4,2,509
split_exit,low,15.0,10481,timeout,0,0,1,120,4,2,499
split_exit,low,15.0,10482,timeout,0,0,1,120,4,4,747
split_exit,low,15.0,10483,timeout,0,0,1,120,5,0,2400
split_exit,low,15.0,10484,timeout,0,0,1,120,3,3,282
split_exit,low,15.0,10485,timeout,0,0,1,120,4,4,740
split_exit,low,15.0,10486,timeout,0,0,1,120,5,2,2400
split_exit,low,15.0,10487,timeout,0,0,1,120,4,4,759
split_exit,low,15.0,10488,timeout,0,0,1,120,4,2,727
split_exit,low,15.0,10489,timeout,0,0,1,120,4,5,761
split_exit,low,15.0,10490,timeout,0,0,1,120,4,4,733
split_exit,low,15.0,10491,timeout,0,0,1,120,4,2,1472
split_exit,low,15.0,10492,timeout,0,0,1,120,3,2,281
split_exit,low,15.0,10493,timeout,0,0,1,120,5,0,2400
split_exit,low,15.0,10494,timeout,0,0,1,120,4,3,1472
split_exit,low,15.0,10495,timeout,0,0,1,120,4,2,522
split_exit,low,15.0,10496,timeout,0,0,1,120,3,0,512
split_exit,low,15.0,10497,timeout,0,0,1,120,2,2,20
split_exit,low,15.0,10498,timeout,0,0,1,120,4,4,761
split_exit,low,15.0,10499,timeout,0,0,1,120,5,0,2400
lone_entry,medium,4.0,10000,wipeout,0,1,0,4,0,2,0
lone_entry,medium,4.0,10001,wipeout,0,1,0,26,0,0,0
lone_entry,medium,4.0,10002,timeout,0,0,1,120,1,0,0
lone_entry,medium,4.0,10003,wipeout,0,1,0,3,0,2,0
lone_entry,medium,4.0,10004,wipeout,0,1,0,8,0,2,0
lone_entry,medium,4.0,10005,wipeout,0,1,0,22,0,3,0
lone_entry,medium,4.0,10006,timeout,0,0,1,120,1,2,0
lone_entry,medium,4.0,10007,wipeout,0,1,0,19,0,0,0
lone_entry,medium,4.0,10008,wipeout,0,1,0,11,0,0,0
lone_entry,medium,4.0,10009,timeout,0,0,1,120,1,0,0
lone_entry,medium,4.0,10010,wipeout,0,1,0,27,0,3,0
lone_entry,medium,4.0,10011,wipeout,0,1,0,10,0,4,0
lone_entry,medium,4.0,10012,wipeout,0,1,0,23,0,0,0
lone_entry,medium,4.0,10013,wipeout,0,1,0,27,0,3,0
lone_entry,medium,4.0,10014,wipeout,0,1,0,14,0,2,0
lone_entry,medium,4.0,10015,wipeout,0,1,0,11,0,0,0
lone_entry,medium,4.0,10016,wipeout,0,1,0,24,0,0,0
lone_entry,medium,4.0,10017,wipeout,0,1,0,5,0,2,0
lone_entry,medium,4.0,10018,timeout,0,0,1,120,1,2,0
lone_entry,medium,4.0,10019,wipeout,0,1,0,14,0,0,0
lone_entry,medium,4.0,10020,wipeout,0,1,0,19,0,3,0
lone_entry,medium,4.0,10021,timeout,0,0,1,120,1,0,0
lone_entry,medium,4.0,10022,wipeout,0,1,0,13,0,2,0
lone_entry,medium,4.0,10023,wipeout,0,1,0,3,0,0,0
lone_entry,medium,4.0,10024,wipeout,0,1,0,6,0,0,0
lone_entry,medium,4.0,10025,wipeout,0,1,0,3,0,2,0
lone_entry,medium,4.0,10026,wipeout,0,1,0,3,0,3,0
lone_entry,medium,4.0,10027,wipeout,0,1,0,21,0,0,0
lone_entry,medium,4.0,10028,timeout,0,0,1,120,1,0,0
lone_entry,medium,4.0,10029,wipeout,0,1,0,27,0,3,0
lone_entry,medium,4.0,10030,wipeout,0,1,0,18,0,2,0
lone_entry,medium,4.0,10031,wipeout,0,1,0,10,0,0,0
lone_entry,medium,4.0,10032,wipeout,0,1,0,4,0,2,0
lone_entry,medium,4.0,10033,wipeout,0,1,0,9,0,2,0
lone_entry,medium,4.0,10034,wipeout,0,1,0,17,0,0,0
lone_entry,medium,4.0,10035,wipeout,0,1,0,14,0,0,0
lone_entry,medium,4.0,10036,wipeout,0,1,0,11,0,3,0
lone_entry,medium,4.0,10037,wipeout,0,1,0,5,0,0,0
lone_entry,medium,4.0,10038,wipeout,0,1,0,8,0,2,0
lone_entry,medium,4.0,10039,wipeout,0,1,0,25,0,0,0
lone_entry,medium,4.0,10040,wipeout,0,1,0,3,0,3,0
lone_entry,medium,4.0,10041,wipeout,0,1,0,7,0,2,0
lone_entry,medium,4.0,10042,wipeout,0,1,0,7,0,0,0
lone_entry,medium,4.0,10043,wipeout,0,1,0,3,0,2,0
lone_entry,medium,4.0,10044,wipeout,0,1,0,16,0,0,0
lone_entry,medium,4.0,10045,wipeout,0,1,0,16,0,3,0
lone_entry,medium,4.0,10046,timeout,0,0,1,120,1,0,0
lone_entry,medium,4.0,10047,wipeout,0,1,0,15,0,0,0
lone_entry,medium,4.0,10048,wipeout,0,1,0,17,0,0,0
lone_entry,medium,4.0,10049,wipeout,0,1,0,20,0,5,0
lone_entry,medium,4.0,10050,wipeout,0,1,0,8,0,2,0
lone_entry,medium,4.0,10051,wipeout,0,1,0,20,0,0,0
lone_entry,medium,4.0,10052,wipeout,0,1,0,19,0,2,0
lone_entry,medium,4.0,10053,wipeout,0,1,0,16,0,2,0
lone_entry,medium,4.0,10054,timeout,0,0,1,120,1,0,0
lone_entry,medium,4.0,10055,wipeout,0,1,0,6,0,3,0
lone_entry,medium,4.0,10056,wipeout,0,1,0,15,0,3,0
lone_entry,medium,4.0,10057,wipeout,0,1,0,11,0,2,0
lone_entry,medium,4.0,10058,wipeout,0,1,0,47,0,3,0
lone_entry,medium,4.0,10059,wipeout,0,1,0,12,0,2,0
lone_entry,medium,4.0,10060,wipeout,0,1,0,22,0,2,0
lone_entry,medium,4.0,10061,wipeout,0,1,0,6,0,2,0
lone_entry,medium,4.0,10062,wipeout,0,1,0,18,0,2,0
lone_entry,medium,4.0,10063,wipeout,0,1,0,8,0,2,0
lone_entry,medium,4.0,10064,wipeout,0,1,0,15,0,2,0
lone_entry,medium,4.0,10065,wipeout,0,1,0,14,0,0,0
lone_entry,medium,4.0,10066,wipeout,0,1,0,24,0,0,0
lone_entry,medium,4.0,10067,wipeout,0,1,0,23,0,0,0
lone_entry,medium,4.0,10068,wipeout,0,1,0,42,0,4,0
lone_entry,medium,4.0,10069,wipeout,0,1,0,2,0,2,0
lone_entry,medium,4.0,10070,wipeout,0,1,0,15,0,3,0
lone_entry,medium,4.0,10071,wipeout,0,1,0,33,0,2,0
lone_entry,medium,4.0,10072,timeout,0,0,1,120,1,4,0
lone_entry,medium,4.0,10073,wipeout,0,1,0,4,0,0,0
lone_entry,medium,4.0,10074,wipeout,0,1,0,19,0,2,0
lone_entry,medium,4.0,10075,wipeout,0,1,0,9,0,3,0
lone_entry,medium,4.0,10076,wipeout,0,1,0,11,0,0,0
lone_entry,medium,4.0,10077,wipeout,0,1,0,21,0,2,0
lone_entry,medium,4.0,10078,timeout,0,0,1,120,1,2,0
lone_entry,medium,4.0,10079,wipeout,0,1,0,7,0,2,0
lone_entry,medium,4.0,10080,wipeout,0,1,0,10,0,2,0
lone_entry,medium,4.0,10081,wipeout,0,1,0,6,0,3,0
lone_entry,medium,4.0,10082,timeout,0,0,1,120,1,0,0
lone_entry,medium,4.0,10083,wipeout,0,1,0,9,0,2,0
lone_entry,medium,4.0,10084,wipeout,0,1,0,11,0,2,0
lone_entry,medium,4.0,10085,wipeout,0,1,0,7,0,3,0
lone_entry,medium,4.0,10086,timeout,0,0,1,120,1,0,0
lone_entry,medium,4.0,10087,timeout,0,0,1,120,1,0,0
lone_entry,medium,4.0,10088,wipeout,0,1,0,27,0,2,0
lone_entry,medium,4.0,10089,timeout,0,0,1,120,1,0,0
lone_entry,medium,4.0,10090,wipeout,0,1,0,6,0,2,0
lone_entry,medium,4.0,10091,wipeout,0,1,0,30,0,4,0
lone_entry,medium,4.0,10092,wipeout,0,1,0,5,0,2,0
lone_entry,medium,4.0,10093,wipeout,0,1,0,18,0,0,0
lone_entry,medium,4.0,10094,wipeout,0,1,0,10,0,2,0
lone_entry,medium,4.0,10095,wipeout,0,1,0,29,0,4,0
lone_entry,medium,4.0,10096,wipeout,0,1,0,3,0,3,0
lone_entry,medium,4.0,10097,wipeout,0,1,0,17,0,2,0
lone_entry,medium,4.0,10098,wipeout,0,1,0,9,0,2,0
lone_entry,medium,4.0,10099,wipeout,0,1,0,19,0,2,0
lone_entry,medium,4.0,10100,wipeout,0,1,0,21,0,0,0
lone_entry,medium,4.0,10101,wipeout,0,1,0,10,0,0,0
lone_entry,medium,4.0,10102,wipeout,0,1,0,27,0,2,0
lone_entry,medium,4.0,10103,wipeout,0,1,0,11,0,2,0
lone_entry,medium,4.0,10104,wipeout,0,1,0,18,0,2,0
lone_entry,medium,4.0,10105,wipeout,0,1,0,21,0,0,0
lone_entry,medium,4.0,10106,wipeout,0,1,0,23,0,2,0
lone_entry,medium,4.0,10107,wipeout,0,1,0,4,0,2,0
lone_entry,medium,4.0,10108,wipeout,0,1,0,24,0,2,0
lone_entry,medium,4.0,10109,wipeout,0,1,0,13,0,0,0
lone_entry,medium,4.0,10110,wipeout,0,1,0,3,0,2,0
lone_entry,medium,4.0,10111,wipeout,0,1,0,7,0,2,0
lone_entry,medium,4.0,10112,wipeout,0,1,0,5,0,2,0
lone_entry,medium,4.0,10113,wipeout,0,1,0,4,0,2,0
lone_entry,medium,4.0,10114,wipeout,0,1,0,22,0,3,0
lone_entry,medium,4.0,10115,wipeout,0,1,0,24,0,2,0
lone_entry,medium,4.0,10116,wipeout,0,1,0,4,0,2,0
lone_entry,medium,4.0,10117,wipeout,0,1,0,16,0,0,0
lone_entry,medium,4.0,10118,wipeout,0,1,0,21,0,0,0
lone_entry,medium,4.0,10119,wipeout,0,1,0,26,0,0,0
lone_entry,medium,4.0,10120,wipeout,0,1,0,19,0,0,0
lone_entry,medium,4.0,10121,timeout,0,0,1,120,1,0,0
lone_entry,medium,4.0,10122,timeout,0,0,1,120,1,0,0
lone_entry,medium,4.0,10123,wipeout,0,1,0,4,0,2,0
lone_entry,medium,4.0,10124,wipeout,0,1,0,6,0,0,0
lone_entry,medium,4.0,10125,wipeout,0,1,0,15,0,4,0
lone_entry,medium,4.0,10126,wipeout,0,1,0,15,0,2,0
lone_entry,medium,4.0,10127,wipeout,0,1,0,4,0,2,0
lone_entry,medium,4.0,10128,wipeout,0,1,0,23,0,2,0
lone_entry,medium,4.0,10129,wipeout,0,1,0,10,0,2,0
lone_entry,medium,4.0,10130,wipeout,0,1,0,8,0,2,0
lone_entry,medium,4.0,10131,wipeout,0,1,0,4,0,3,0
lone_entry,medium,4.0,10132,wipeout,0,1,0,3,0,2,0
lone_entry,medium,4.0,10133,wipeout,0,1,0,9,0,2,0
lone_entry,medium,4.0,10134,wipeout,0,1,0,19,0,0,0
lone_entry,medium,4.0,10135,wipeout,0,1,0,8,0,2,0
lone_entry,medium,4.0,10136,wipeout,0,1,0,12,0,2,0
lone_entry,medium,4.0,10137,wipeout,0,1,0,13,0,0,0
lone_entry,medium,4.0,10138,wipeout,0,1,0,18,0,2,0
lone_entry,medium,4.0,10139,wipeout,0,1,0,17,0,0,0
lone_entry,medium,4.0,10140,wipeout,0,1,0,7,0,3,0
lone_entry,medium,4.0,10141,wipeout,0,1,0,14,0,0,0
lone_entry,medium,4.0,10142,wipeout,0,1,0,6,0,2,0
lone_entry,medium,4.0,10143,wipeout,0,1,0,14,0,0,0
lone_entry,medium,4.0,10144,wipeout,0,1,0,17,0,2,0
lone_entry,medium,4.0,10145,wipeout,0,1,0,8,0,2,0
lone_entry,medium,4.0,10146,wipeout,0,1,0,7,0,2,0
lone_entry,medium,4.0,10147,wipeout,0,1,0,11,0,0,0
lone_entry,medium,4.0,10148,wipeout,0,1,0,8,0,2,0
lone_entry,medium,4.0,10149,wipeout,0,1,0,12,0,0,0
lone_entry,medium,4.0,10150,wipeout,0,1,0,26,0,2,0
lone_entry,medium,4.0,10151,wipeout,0,1,0,12,0,4,0
lone_entry,medium,4.0,10152,wipeout,0,1,0,20,0,0,0
lone_entry,medium,4.0,10153,timeout,0,0,1,120,1,0,0
lone_entry,medium,4.0,10154,wipeout,0,1,0,22,0,2,0
lone_entry,medium,4.0,10155,wipeout,0,1,0,13,0,0,0
lone_entry,medium,4.0,10156,wipeout,0,1,0,17,0,3,0
lone_entry,medium,4.0,10157,wipeout,0,1,0,15,0,0,0
lone_entry,medium,4.0,10158,wipeout,0,1,0,37,0,3,0
lone_entry,medium,4.0,10159,wipeout,0,1,0,3,0,0,0
lone_entry,medium,4.0,10160,wipeout,0,1,0,8,0,2,0
lone_entry,medium,4.0,10161,wipeout,0,1,0,19,0,2,0
lone_entry,medium,4.0,10162,wipeout,0,1,0,12,0,0,0
lone_entry,medium,4.0,10163,wipeout,0,1,0,6,0,0,0
lone_entry,medium,4.0,10164,wipeout,0,1,0,3,0,2,0
lone_entry,medium,4.0,10165,timeout,0,0,1,120,1,0,0
lone_entry,medium,4.0,10166,wipeout,0,1,0,17,0,2,0
lone_entry,medium,4.0,10167,wipeout,0,1,0,25,0,0,0
lone_entry,medium,4.0,10168,wipeout,0,1,0,11,0,3,0
lone_entry,medium,4.0,10169,timeout,0,0,1,120,1,0,0
lone_entry,medium,4.0,10170,wipeout,0,1,0,7,0,2,0
lone_entry,medium,4.0,10171,wipeout,0,1,0,7,0,2,0
lone_entry,medium,4.0,10172,timeout,0,0,1,120,1,0,0
lone_entry,medium,4.0,10173,wipeout,0,1,0,6,0,0,0
lone_entry,medium,4.0,10174,wipeout,0,1,0,13,0,2,0
lone_entry,medium,4.0,10175,wipeout,0,1,0,15,0,0,0
lone_entry,medium,4.0,10176,timeout,0,0,1,120,1,0,0
lone_entry,medium,4.0,10177,wipeout,0,1,0,18,0,2,0
lone_entry,medium,4.0,10178,wipeout,0,1,0,25,0,2,0
lone_entry,medium,4.0,10179,wipeout,0,1,0,9,0,2,0
lone_entry,medium,4.0,10180,wipeout,0,1,0,17,0,0,0
lone_entry,medium,4.0,10181,timeout,0,0,1,120,1,2,0
lone_entry,medium,4.0,10182,wipeout,0,1,0,6,0,2,0
lone_entry,medium,4.0,10183,wipeout,0,1,0,26,0,3,0
lone_entry,medium,4.0,10184,wipeout,0,1,0,8,0,0,0
lone_entry,medium,4.0,10185,wipeout,0,1,0,19,0,2,0
lone_entry,medium,4.0,10186,wipeout,0,1,0,12,0,0,0
lone_entry,medium,4.0,10187,wipeout,0,1,0,10,0,2,0
lone_entry,medium,4.0,10188,wipeout,0,1,0,6,0,2,0
lone_entry,medium,4.0,10189,timeout,0,0,1,120,1,0,0
lone_entry,medium,4.0,10190,timeout,0,0,1,120,1,0,0
lone_entry,medium,4.0,10191,wipeout,0,1,0,7,0,3,0
lone_entry,medium,4.0,10192,wipeout,0,1,0,16,0,0,0
lone_entry,medium,4.0,10193,wipeout,0,1,0,12,0,2,0
lone_entry,medium,4.0,10194,wipeout,0,1,0,21,0,0,0
lone_entry,medium,4.0,10195,wipeout,0,1,0,6,0,3,0
lone_entry,medium,4.0,10196,wipeout,0,1,0,6,0,2,0
lone_entry,medium,4.0,10197,wipeout,0,1,0,12,0,2,0
lone_entry,medium,4.0,10198,wipeout,0,1,0,20,0,0,0
lone_entry,medium,4.0,10199,wipeout,0,1,0,3,0,2,0
lone_entry,medium,4.0,10200,wipeout,0,1,0,9,0,2,0
lone_entry,medium,4.0,10201,wipeout,0,1,0,9,0,2,0
lone_entry,medium,4.0,10202,wipeout,0,1,0,18,0,0,0
lone_entry,medium,4.0,10203,wipeout,0,1,0,7,0,3,0
lone_entry,medium,4.0,10204,wipeout,0,1,0,27,0,3,0
lone_entry,medium,4.0,10205,wipeout,0,1,0,14,0,0,0
lone_entry,medium,4.0,10206,wipeout,0,1,0,22,0,0,0
lone_entry,medium,4.0,10207,wipeout,0,1,0,6,0,0,0
lone_entry,medium,4.0,10208,wipeout,0,1,0,13,0,2,0
lone_entry,medium,4.0,10209,timeout,0,0,1,120,1,0,0
lone_entry,medium,4.0,10210,wipeout,0,1,0,11,0,0,0
lone_entry,medium,4.0,10211,timeout,0,0,1,120,1,0,0
lone_entry,medium,4.0,10212,wipeout,0,1,0,3,0,2,0
lone_entry,medium,4.0,10213,wipeout,0,1,0,13,0,2,0
lone_entry,medium,4.0,10214,timeout,0,0,1,120,1,0,0
lone_entry,medium,4.0,10215,wipeout,0,1,0,18,0,0,0
lone_entry,medium,4.0,10216,wipeout,0,1,0,17,0,0,0
lone_entry,medium,4.0,10217,wipeout,0,1,0,9,0,0,0
lone_entry,medium,4.0,10218,wipeout,0,1,0,11,0,2,0
lone_entry,medium,4.0,10219,wipeout,0,1,0,25,0,0,0
lone_entry,medium,4.0,10220,wipeout,0,1,0,15,0,0,0
lone_entry,medium,4.0,10221,wipeout,0,1,0,21,0,2,0
lone_entry,medium,4.0,10222,wipeout,0,1,0,11,0,2,0
lone_entry,medium,4.0,10223,wipeout,0,1,0,4,0,2,0
lone_entry,medium,4.0,10224,timeout,0,0,1,120,1,0,0
lone_entry,medium,4.0,10225,wipeout,0,1,0,17,0,2,0
lone_entry,medium,4.0,10226,wipeout,0,1,0,27,0,2,0
lone_entry,medium,4.0,10227,wipeout,0,1,0,8,0,2,0
lone_entry,medium,4.0,10228,wipeout,0,1,0,23,0,0,0
lone_entry,medium,4.0,10229,wipeout,0,1,0,6,0,2,0
lone_entry,medium,4.0,10230,wipeout,0,1,0,9,0,3,0
lone_entry,medium,4.0,10231,wipeout,0,1,0,7,0,2,0
lone_entry,medium,4.0,10232,wipeout,0,1,0,3,0,3,0
lone_entry,medium,4.0,10233,wipeout,0,1,0,9,0,2,0
lone_entry,medium,4.0,10234,wipeout,0,1,0,35,0,2,0
lone_entry,medium,4.0,10235,wipeout,0,1,0,26,0,2,0
lone_entry,medium,4.0,10236,timeout,0,0,1,120,1,3,0
lone_entry,medium,4.0,10237,wipeout,0,1,0,30,0,4,0
lone_entry,medium,4.0,10238,wipeout,0,1,0,5,0,3,0
lone_entry,medium,4.0,10239,wipeout,0,1,0,14,0,2,0
lone_entry,medium,4.0,10240,wipeout,0,1,0,6,0,2,0
lone_entry,medium,4.0,10241,wipeout,0,1,0,26,0,3,0
lone_entry,medium,4.0,10242,wipeout,0,1,0,13,0,2,0
lone_entry,medium,4.0,10243,wipeout,0,1,0,33,0,3,0
lone_entry,medium,4.0,10244,wipeout,0,1,0,6,0,3,0
lone_entry,medium,4.0,10245,wipeout,0,1,0,9,0,2,0
lone_entry,medium,4.0,10246,wipeout,0,1,0,6,0,2,0
lone_entry,medium,4.0,10247,wipeout,0,1,0,11,0,0,0
lone_entry,medium,4.0,10248,wipeout,0,1,0,19,0,0,0
lone_entry,medium,4.0,10249,wipeout,0,1,0,4,0,0,0
lone_entry,medium,4.0,10250,wipeout,0,1,0,16,0,2,0
lone_entry,medium,4.0,10251,wipeout,0,1,0,20,0,0,0
lone_entry,medium,4.0,10252,timeout,0,0,1,120,1,3,0
lone_entry,medium,4.0,10253,wipeout,0,1,0,32,0,2,0
lone_entry,medium,4.0,10254,wipeout,0,1,0,14,0,0,0
lone_entry,medium,4.0,10255,wipeout,0,1,0,11,0,0,0
lone_entry,medium,4.0,10256,wipeout,0,1,0,18,0,3,0
lone_entry,medium,4.0,10257,wipeout,0,1,0,12,0,0,0
lone_entry,medium,4.0,10258,wipeout,0,1,0,5,0,0,0
lone_entry,medium,4.0,10259,timeout,0,0,1,120,1,0,0
lone_entry,medium,4.0,10260,wipeout,0,1,0,25,0,0,0
lone_entry,medium,4.0,10261,wipeout,0,1,0,23,0,0,0
lone_entry,medium,4.0,10262,wipeout,0,1,0,3,0,0,0
lone_entry,medium,4.0,10263,wipeout,0,1,0,12,0,0,0
lone_entry,medium,4.0,10264,wipeout,0,1,0,8,0,2,0
lone_entry,medium,4.0,10265,wipeout,0,1,0,17,0,2,0
lone_entry,medium,4.0,10266,timeout,0,0,1,120,1,0,0
lone_entry,medium,4.0,10267,timeout,0,0,1,120,1,0,0
lone_entry,medium,4.0,10268,wipeout,0,1,0,26,0,2,0
lone_entry,medium,4.0,10269,wipeout,0,1,0,23,0,0,0
lone_entry,medium,4.0,10270,timeout,0,0,1,120,1,0,0
lone_entry,medium,4.0,10271,wipeout,0,1,0,25,0,2,0
lone_entry,medium,4.0,10272,wipeout,0,1,0,10,0,0,0
lone_entry,medium,4.0,10273,wipeout,0,1,0,17,0,0,0
lone_entry,medium,4.0,10274,timeout,0,0,1,120,1,2,0
lone_entry,medium,4.0,10275,wipeout,0,1,0,52,0,2,0
lone_entry,medium,4.0,10276,timeout,0,0,1,120,1,3,0
lone_entry,medium,4.0,10277,timeout,0,0,1,120,1,0,0
lone_entry,medium,4.0,10278,wipeout,0,1,0,16,0,2,0
lone_entry,medium,4.0,10279,wipeout,0,1,0,19,0,0,0
lone_entry,medium,4.0,10280,wipeout,0,1,0,7,0,0,0
lone_entry,medium,4.0,10281,wipeout,0,1,0,24,0,2,0
lone_entry,medium,4.0,10282,wipeout,0,1,0,6,0,2,0
lone_entry,medium,4.0,10283,wipeout,0,1,0,11,0,0,0
lone_entry,medium,4.0,10284,wipeout,0,1,0,6,0,0,0
lone_entry,medium,4.0,10285,wipeout,0,1,0,15,0,2,0
lone_entry,medium,4.0,10286,wipeout,0,1,0,22,0,3,0
lone_entry,medium,4.0,10287,wipeout,0,1,0,17,0,0,0
lone_entry,medium,4.0,10288,wipeout,0,1,0,11,0,2,0
lone_entry,medium,4.0,10289,wipeout,0,1,0,23,0,0,0
lone_entry,medium,4.0,10290,wipeout,0,1,0,11,0,0,0
lone_entry,medium,4.0,10291,wipeout,0,1,0,8,0,3,0
lone_entry,medium,4.0,10292,wipeout,0,1,0,7,0,2,0
lone_entry,medium,4.0,10293,wipeout,0,1,0,21,0,2,0
lone_entry,medium,4.0,10294,wipeout,0,1,0,3,0,2,0
lone_entry,medium,4.0,10295,wipeout,0,1,0,10,0,2,0
lone_entry,medium,4.0,10296,wipeout,0,1,0,11,0,0,0
lone_entry,medium,4.0,10297,wipeout,0,1,0,7,0,2,0
lone_entry,medium,4.0,10298,wipeout,0,1,0,12,0,2,0
lone_entry,medium,4.0,10299,wipeout,0,1,0,21,0,2,0
lone_entry,medium,4.0,10300,wipeout,0,1,0,6,0,2,0
lone_entry,medium,4.0,10301,wipeout,0,1,0,11,0,0,0
lone_entry,medium,4.0,10302,wipeout,0,1,0,18,0,2,0
lone_entry,medium,4.0,10303,wipeout,0,1,0,6,0,3,0
lone_entry,medium,4.0,10304,wipeout,0,1,0,11,0,2,0
lone_entry,medium,4.0,10305,timeout,0,0,1,120,1,2,0
lone_entry,medium,4.0,10306,wipeout,0,1,0,12,0,0,0
lone_entry,medium,4.0,10307,wipeout,0,1,0,15,0,0,0
lone_entry,medium,4.0,10308,timeout,0,0,1,120,1,0,0
lone_entry,medium,4.0,10309,wipeout,0,1,0,3,0,2,0
lone_entry,medium,4.0,10310,wipeout,0,1,0,9,0,2,0
lone_entry,medium,4.0,10311,wipeout,0,1,0,11,0,0,0
lone_entry,medium,4.0,10312,wipeout,0,1,0,12,0,2,0
lone_entry,medium,4.0,10313,wipeout,0,1,0,17,0,0,0
lone_entry,medium,4.0,10314,wipeout,0,1,0,17,0,2,0
lone_entry,medium,4.0,10315,wipeout,0,1,0,8,0,2,0
lone_entry,medium,4.0,10316,wipeout,0,1,0,10,0,0,0
lone_entry,medium,4.0,10317,wipeout,0,1,0,3,0,0,0
lone_entry,medium,4.0,10318,wipeout,0,1,0,9,0,2,0
lone_entry,medium,4.0,10319,wipeout,0,1,0,17,0,0,0
lone_entry,medium,4.0,10320,wipeout,0,1,0,17,0,4,0
lone_entry,medium,4.0,10321,wipeout,0,1,0,20,0,3,0
lone_entry,medium,4.0,10322,wipeout,0,1,0,9,0,2,0
lone_entry,medium,4.0,10323,timeout,0,0,1,120,1,0,0
lone_entry,medium,4.0,10324,timeout,0,0,1,120,1,0,0
lone_entry,medium,4.0,10325,wipeout,0,1,0,26,0,0,0
lone_entry,medium,4.0,10326,wipeout,0,1,0,9,0,3,0
lone_entry,medium,4.0,10327,wipeout,0,1,0,26,0,2,0
lone_entry,medium,4.0,10328,wipeout,0,1,0,9,0,2,0
lone_entry,medium,4.0,10329,wipeout,0,1,0,10,0,2,0
lone_entry,medium,4.0,10330,wipeout,0,1,0,19,0,0,0
lone_entry,medium,4.0,10331,timeout,0,0,1,120,1,0,0
lone_entry,medium,4.0,10332,wipeout,0,1,0,5,0,2,0
lone_entry,medium,4.0,10333,wipeout,0,1,0,17,0,0,0
lone_entry,medium,4.0,10334,wipeout,0,1,0,8,0,3,0
lone_entry,medium,4.0,10335,wipeout,0,1,0,10,0,2,0
lone_entry,medium,4.0,10336,wipeout,0,1,0,16,0,0,0
lone_entry,medium,4.0,10337,wipeout,0,1,0,9,0,3,0
lone_entry,medium,4.0,10338,wipeout,0,1,0,17,0,2,0
lone_entry,medium,4.0,10339,wipeout,0,1,0,10,0,2,0
lone_entry,medium,4.0,10340,timeout,0,0,1,120,1,0,0
lone_entry,medium,4.0,10341,wipeout,0,1,0,20,0,2,0
lone_entry,medium,4.0,10342,wipeout,0,1,0,8,0,3,0
lone_entry,medium,4.0,10343,wipeout,0,1,0,14,0,2,0
lone_entry,medium,4.0,10344,wipeout,0,1,0,29,0,2,0
lone_entry,medium,4.0,10345,wipeout,0,1,0,14,0,0,0
lone_entry,medium,4.0,10346,wipeout,0,1,0,3,0,2,0
lone_entry,medium,4.0,10347,wipeout,0,1,0,9,0,2,0
lone_entry,medium,4.0,10348,wipeout,0,1,0,10,0,0,0
lone_entry,medium,4.0,10349,wipeout,0,1,0,16,0,2,0
lone_entry,medium,4.0,10350,wipeout,0,1,0,12,0,2,0
lone_entry,medium,4.0,10351,wipeout,0,1,0,6,0,2,0
lone_entry,medium,4.0,10352,wipeout,0,1,0,17,0,4,0
lone_entry,medium,4.0,10353,wipeout,0,1,0,17,0,2,0
lone_entry,medium,4.0,10354,wipeout,0,1,0,18,0,3,0
lone_entry,medium,4.0,10355,timeout,0,0,1,120,1,2,0
lone_entry,medium,4.0,10356,wipeout,0,1,0,9,0,0,0
lone_entry,medium,4.0,10357,wipeout,0,1,0,11,0,2,0
lone_entry,medium,4.0,10358,wipeout,0,1,0,13,0,0,0
lone_entry,medium,4.0,10359,wipeout,0,1,0,14,0,2,0
lone_entry,medium,4.0,10360,wipeout,0,1,0,14,0,2,0
lone_entry,medium,4.0,10361,wipeout,0,1,0,3,0,2,0
lone_entry,medium,4.0,10362,wipeout,0,1,0,29,0,2,0
lone_entry,medium,4.0,10363,wipeout,0,1,0,20,0,0,0
lone_entry,medium,4.0,10364,timeout,0,0,1,120,1,0,0
lone_entry,medium,4.0,10365,wipeout,0,1,0,3,0,2,0
lone_entry,medium,4.0,10366,wipeout,0,1,0,14,0,0,0
lone_entry,medium,4.0,10367,timeout,0,0,1,120,1,0,0
lone_entry,medium,4.0,10368,wipeout,0,1,0,17,0,0,0
lone_entry,medium,4.0,10369,wipeout,0,1,0,21,0,2,0
lone_entry,medium,4.0,10370,wipeout,0,1,0,26,0,0,0
lone_entry,medium,4.0,10371,wipeout,0,1,0,16,0,0,0
lone_entry,medium,4.0,10372,wipeout,0,1,0,9,0,2,0
lone_entry,medium,4.0,10373,wipeout,0,1,0,8,0,3,0
lone_entry,medium,4.0,10374,wipeout,0,1,0,17,0,2,0
lone_entry,medium,4.0,10375,wipeout,0,1,0,12,0,0,0
lone_entry,medium,4.0,10376,wipeout,0,1,0,9,0,0,0
lone_entry,medium,4.0,10377,wipeout,0,1,0,9,0,2,0
lone_entry,medium,4.0,10378,wipeout,0,1,0,3,0,2,0
lone_entry,medium,4.0,10379,wipeout,0,1,0,11,0,4,0
lone_entry,medium,4.0,10380,wipeout,0,1,0,17,0,0,0
lone_entry,medium,4.0,10381,wipeout,0,1,0,16,0,0,0
lone_entry,medium,4.0,10382,wipeout,0,1,0,25,0,2,0
lone_entry,medium,4.0,10383,wipeout,0,1,0,5,0,0,0
lone_entry,medium,4.0,10384,wipeout,0,1,0,11,0,2,0
lone_entry,medium,4.0,10385,wipeout,0,1,0,5,0,3,0
lone_entry,medium,4.0,10386,wipeout,0,1,0,19,0,3,0
lone_entry,medium,4.0,10387,wipeout,0,1,0,28,0,3,0
lone_entry,medium,4.0,10388,timeout,0,0,1,120,1,0,0
lone_entry,medium,4.0,10389,wipeout,0,1,0,11,0,0,0
lone_entry,medium,4.0,10390,wipeout,0,1,0,11,0,2,0
lone_entry,medium,4.0,10391,wipeout,0,1,0,6,0,2,0
lone_entry,medium,4.0,10392,timeout,0,0,1,120,1,3,0
lone_entry,medium,4.0,10393,wipeout,0,1,0,7,0,2,0
lone_entry,medium,4.0,10394,wipeout,0,1,0,23,0,2,0
lone_entry,medium,4.0,10395,timeout,0,0,1,120,1,0,0
lone_entry,medium,4.0,10396,wipeout,0,1,0,21,0,0,0
lone_entry,medium,4.0,10397,wipeout,0,1,0,17,0,2,0
lone_entry,medium,4.0,10398,wipeout,0,1,0,27,0,2,0
lone_entry,medium,4.0,10399,wipeout,0,1,0,7,0,0,0
lone_entry,medium,4.0,10400,wipeout,0,1,0,14,0,2,0
lone_entry,medium,4.0,10401,wipeout,0,1,0,5,0,2,0
lone_entry,medium,4.0,10402,wipeout,0,1,0,22,0,2,0
lone_entry,medium,4.0,10403,wipeout,0,1,0,10,0,2,0
lone_entry,medium,4.0,10404,wipeout,0,1,0,7,0,2,0
lone_entry,medium,4.0,10405,wipeout,0,1,0,8,0,3,0
lone_entry,medium,4.0,10406,wipeout,0,1,0,5,0,3,0
lone_entry,medium,4.0,10407,wipeout,0,1,0,28,0,0,0
lone_entry,medium,4.0,10408,wipeout,0,1,0,3,0,2,0
lone_entry,medium,4.0,10409,wipeout,0,1,0,12,0,0,0
lone_entry,medium,4.0,10410,wipeout,0,1,0,24,0,2,0
lone_entry,medium,4.0,10411,timeout,0,0,1,120,1,0,0
lone_entry,medium,4.0,10412,wipeout,0,1,0,23,0,2,0
lone_entry,medium,4.0,10413,wipeout,0,1,0,4,0,2,0
lone_entry,medium,4.0,10414,wipeout,0,1,0,4,0,3,0
lone_entry,medium,4.0,10415,wipeout,0,1,0,17,0,0,0
lone_entry,medium,4.0,10416,wipeout,0,1,0,20,0,0,0
lone_entry,medium,4.0,10417,wipeout,0,1,0,3,0,3,0
lone_entry,medium,4.0,10418,timeout,0,0,1,120,1,0,0
lone_entry,medium,4.0,10419,wipeout,0,1,0,7,0,2,0
lone_entry,medium,4.0,10420,wipeout,0,1,0,10,0,2,0
lone_entry,medium,4.0,10421,wipeout,0,1,0,9,0,2,0
lone_entry,medium,4.0,10422,wipeout,0,1,0,12,0,2,0
lone_entry,medium,4.0,10423,wipeout,0,1,0,11,0,3,0
lone_entry,medium,4.0,10424,wipeout,0,1,0,16,0,2,0
lone_entry,medium,4.0,10425,wipeout,0,1,0,12,0,2,0
lone_entry,medium,4.0,10426,wipeout,0,1,0,14,0,3,0
lone_entry,medium,4.0,10427,wipeout,0,1,0,7,0,2,0
lone_entry,medium,4.0,10428,wipeout,0,1,0,8,0,3,0
lone_entry,medium,4.0,10429,timeout,0,0,1,120,1,0,0
lone_entry,medium,4.0,10430,wipeout,0,1,0,3,0,2,0
lone_entry,medium,4.0,10431,wipeout,0,1,0,16,0,0,0
lone_entry,medium,4.0,10432,wipeout,0,1,0,19,0,3,0
lone_entry,medium,4.0,10433,wipeout,0,1,0,15,0,3,0
lone_entry,medium,4.0,10434,timeout,0,0,1,120,1,0,0
lone_entry,medium,4.0,10435,wipeout,0,1,0,3,0,0,0
lone_entry,medium,4.0,10436,wipeout,0,1,0,3,0,0,0
lone_entry,medium,4.0,10437,wipeout,0,1,0,22,0,2,0
lone_entry,medium,4.0,10438,wipeout,0,1,0,11,0,0,0
lone_entry,medium,4.0,10439,wipeout,0,1,0,4,0,0,0
lone_entry,medium,4.0,10440,wipeout,0,1,0,3,0,2,0
lone_entry,medium,4.0,10441,timeout,0,0,1,120,1,0,0
lone_entry,medium,4.0,10442,timeout,0,0,1,120,1,2,0
lone_entry,medium,4.0,10443,wipeout,0,1,0,4,0,3,0
lone_entry,medium,4.0,10444,timeout,0,0,1,120,1,0,0
lone_entry,medium,4.0,10445,timeout,0,0,1,120,1,2,0
lone_entry,medium,4.0,10446,wipeout,0,1,0,5,0,2,0
lone_entry,medium,4.0,10447,timeout,0,0,1,120,1,0,0
lone_entry,medium,4.0,10448,wipeout,0,1,0,12,0,3,0
lone_entry,medium,4.0,10449,wipeout,0,1,0,12,0,2,0
lone_entry,medium,4.0,10450,wipeout,0,1,0,4,0,2,0
lone_entry,medium,4.0,10451,wipeout,0,1,0,4,0,2,0
lone_entry,medium,4.0,10452,wipeout,0,1,0,12,0,0,0
lone_entry,medium,4.0,10453,wipeout,0,1,0,5,0,2,0
lone_entry,medium,4.0,10454,wipeout,0,1,0,13,0,3,0
lone_entry,medium,4.0,10455,wipeout,0,1,0,10,0,2,0
lone_entry,medium,4.0,10456,wipeout,0,1,0,19,0,0,0
lone_entry,medium,4.0,10457,wipeout,0,1,0,16,0,0,0
lone_entry,medium,4.0,10458,timeout,0,0,1,120,1,0,0
lone_entry,medium,4.0,10459,wipeout,0,1,0,8,0,0,0
lone_entry,medium,4.0,10460,wipeout,0,1,0,17,0,2,0
lone_entry,medium,4.0,10461,wipeout,0,1,0,20,0,2,0
lone_entry,medium,4.0,10462,wipeout,0,1,0,7,0,0,0
lone_entry,medium,4.0,10463,wipeout,0,1,0,12,0,0,0
lone_entry,medium,4.0,10464,wipeout,0,1,0,16,0,2,0
lone_entry,medium,4.0,10465,wipeout,0,1,0,14,0,0,0
lone_entry,medium,4.0,10466,wipeout,0,1,0,5,0,0,0
lone_entry,medium,4.0,10467,wipeout,0,1,0,3,0,2,0
lone_entry,medium,4.0,10468,wipeout,0,1,0,9,0,3,0
lone_entry,medium,4.0,10469,wipeout,0,1,0,24,0,0,0
lone_entry,medium,4.0,10470,wipeout,0,1,0,11,0,2,0
lone_entry,medium,4.0,10471,wipeout,0,1,0,11,0,0,0
lone_entry,medium,4.0,10472,wipeout,0,1,0,14,0,2,0
lone_entry,medium,4.0,10473,wipeout,0,1,0,17,0,0,0
lone_entry,medium,4.0,10474,timeout,0,0,1,120,1,2,0
lone_entry,medium,4.0,10475,wipeout,0,1,0,32,0,2,0
lone_entry,medium,4.0,10476,wipeout,0,1,0,16,0,3,0
lone_entry,medium,4.0,10477,wipeout,0,1,0,12,0,2,0
lone_entry,medium,4.0,10478,wipeout,0,1,0,17,0,0,0
lone_entry,medium,4.0,10479,wipeout,0,1,0,8,0,2,0
lone_entry,medium,4.0,10480,wipeout,0,1,0,20,0,2,0
lone_entry,medium,4.0,10481,wipeout,0,1,0,14,0,0,0
lone_entry,medium,4.0,10482,timeout,0,0,1,120,1,0,0
lone_entry,medium,4.0,10483,timeout,0,0,1,120,1,0,0
lone_entry,medium,4.0,10484,timeout,0,0,1,120,1,0,0
lone_entry,medium,4.0,10485,timeout,0,0,1,120,1,0,0
lone_entry,medium,4.0,10486,timeout,0,0,1,120,1,3,0
lone_entry,medium,4.0,10487,wipeout,0,1,0,14,0,0,0
lone_entry,medium,4.0,10488,wipeout,0,1,0,27,0,2,0
lone_entry,medium,4.0,10489,wipeout,0,1,0,8,0,2,0
lone_entry,medium,4.0,10490,wipeout,0,1,0,20,0,0,0
lone_entry,medium,4.0,10491,wipeout,0,1,0,16,0,3,0
lone_entry,medium,4.0,10492,wipeout,0,1,0,7,0,0,0
lone_entry,medium,4.0,10493,wipeout,0,1,0,21,0,3,0
lone_entry,medium,4.0,10494,wipeout,0,1,0,6,0,3,0
lone_entry,medium,4.0,10495,wipeout,0,1,0,11,0,0,0
lone_entry,medium,4.0,10496,wipeout,0,1,0,23,0,2,0
lone_entry,medium,4.0,10497,wipeout,0,1,0,3,0,0,0
lone_entry,medium,4.0,10498,wipeout,0,1,0,18,0,2,0
lone_entry,medium,4.0,10499,wipeout,0,1,0,17,0,2,0
blind_follow,medium,4.0,10000,wipeout,0,1,0,23,0,6,0
blind_follow,medium,4.0,10001,timeout,0,0,1,120,4,0,0
blind_follow,medium,4.0,10002,timeout,0,0,1,120,5,0,0
blind_follow,medium,4.0,10003,wipeout,0,1,0,17,0,3,0
blind_follow,medium,4.0,10004,wipeout,0,1,0,24,0,3,0
blind_follow,medium,4.0,10005,timeout,0,0,1,120,3,3,0
blind_follow,medium,4.0,10006,timeout,0,0,1,120,4,2,0
blind_follow,medium,4.0,10007,timeout,0,0,1,120,3,2,0
blind_follow,medium,4.0,10008,timeout,0,0,1,120,3,0,0
blind_follow,medium,4.0,10009,timeout,0,0,1,120,5,0,0
blind_follow,medium,4.0,10010,timeout,0,0,1,120,2,3,0
blind_follow,medium,4.0,10011,timeout,0,0,1,120,1,4,0
blind_follow,medium,4.0,10012,timeout,0,0,1,120,4,0,0
blind_follow,medium,4.0,10013,timeout,0,0,1,120,2,4,0
blind_follow,medium,4.0,10014,timeout,0,0,1,120,3,2,0
blind_follow,medium,4.0,10015,timeout,0,0,1,120,1,0,0
blind_follow,medium,4.0,10016,timeout,0,0,1,120,4,0,0
blind_follow,medium,4.0,10017,timeout,0,0,1,120,5,2,0
blind_follow,medium,4.0,10018,timeout,0,0,1,120,4,2,0
blind_follow,medium,4.0,10019,timeout,0,0,1,120,4,0,0
blind_follow,medium,4.0,10020,timeout,0,0,1,120,3,3,0
blind_follow,medium,4.0,10021,timeout,0,0,1,120,5,0,0
blind_follow,medium,4.0,10022,timeout,0,0,1,120,1,3,0
blind_follow,medium,4.0,10023,timeout,0,0,1,120,3,0,0
blind_follow,medium,4.0,10024,timeout,0,0,1,120,5,0,0
blind_follow,medium,4.0,10025,wipeout,0,1,0,18,0,2,0
blind_follow,medium,4.0,10026,wipeout,0,1,0,13,0,3,0
blind_follow,medium,4.0,10027,timeout,0,0,1,120,4,0,0
blind_follow,medium,4.0,10028,timeout,0,0,1,120,5,0,0
blind_follow,medium,4.0,10029,timeout,0,0,1,120,1,4,0
blind_follow,medium,4.0,10030,timeout,0,0,1,120,4,2,0
blind_follow,medium,4.0,10031,timeout,0,0,1,120,2,0,0
blind_follow,medium,4.0,10032,wipeout,0,1,0,25,0,2,0
blind_follow,medium,4.0,10033,timeout,0,0,1,120,3,2,0
blind_follow,medium,4.0,10034,timeout,0,0,1,120,2,2,0
blind_follow,medium,4.0,10035,timeout,0,0,1,120,4,0,0
blind_follow,medium,4.0,10036,timeout,0,0,1,120,1,3,0
blind_follow,medium,4.0,10037,timeout,0,0,1,120,3,2,0
blind_follow,medium,4.0,10038,timeout,0,0,1,120,2,2,0
blind_follow,medium,4.0,10039,timeout,0,0,1,120,2,2,0
blind_follow,medium,4.0,10040,timeout,0,0,1,120,3,3,0
blind_follow,medium,4.0,10041,timeout,0,0,1,120,3,2,0
blind_follow,medium,4.0,10042,timeout,0,0,1,120,1,2,0
blind_follow,medium,4.0,10043,timeout,0,0,1,120,3,2,0
blind_follow,medium,4.0,10044,timeout,0,0,1,120,4,0,0
blind_follow,medium,4.0,10045,timeout,0,0,1,120,4,3,0
blind_follow,medium,4.0,10046,timeout,0,0,1,120,4,0,0
blind_follow,medium,4.0,10047,timeout,0,0,1,120,4,0,0
blind_follow,medium,4.0,10048,timeout,0,0,1,120,3,3,0
blind_follow,medium,4.0,10049,timeout,0,0,1,120,4,5,0
blind_follow,medium,4.0,10050,timeout,0,0,1,120,1,2,0
blind_follow,medium,4.0,10051,timeout,0,0,1,120,4,0,0
blind_follow,medium,4.0,10052,timeout,0,0,1,120,4,2,0
blind_follow,medium,4.0,10053,timeout,0,0,1,120,4,2,0
blind_follow,medium,4.0,10054,timeout,0,0,1,120,5,0,0
blind_follow,medium,4.0,10055,wipeout,0,1,0,17,0,4,0
blind_follow,medium,4.0,10056,timeout,0,0,1,120,2,3,0
blind_follow,medium,4.0,10057,timeout,0,0,1,120,3,3,0
blind_follow,medium,4.0,10058,timeout,0,0,1,120,4,3,0
blind_follow,medium,4.0,10059,timeout,0,0,1,120,4,2,0
blind_follow,medium,4.0,10060,timeout,0,0,1,120,4,2,0
blind_follow,medium,4.0,10061,timeout,0,0,1,120,1,2,0
blind_follow,medium,4.0,10062,timeout,0,0,1,120,4,2,0
blind_follow,medium,4.0,10063,timeout,0,0,1,120,4,2,0
blind_follow,medium,4.0,10064,timeout,0,0,1,120,2,2,0
blind_follow,medium,4.0,10065,timeout,0,0,1,120,4,0,0
blind_follow,medium,4.0,10066,timeout,0,0,1,120,4,0,0
blind_follow,medium,4.0,10067,timeout,0,0,1,120,2,4,0
blind_follow,medium,4.0,10068,timeout,0,0,1,120,4,4,0
blind_follow,medium,4.0,10069,wipeout,0,1,0,17,0,3,0
blind_follow,medium,4.0,10070,timeout,0,0,1,120,2,4,0
blind_follow,medium,4.0,10071,timeout,0,0,1,120,3,2,0
blind_follow,medium,4.0,10072,timeout,0,0,1,120,5,4,0
blind_follow,medium,4.0,10073,timeout,0,0,1,120,1,2,0
blind_follow,medium,4.0,10074,timeout,0,0,1,120,1,3,0
blind_follow,medium,4.0,10075,wipeout,0,1,0,14,0,3,0
blind_follow,medium,4.0,10076,timeout,0,0,1,120,2,2,0
blind_follow,medium,4.0,10077,timeout,0,0,1,120,2,2,0
blind_follow,medium,4.0,10078,timeout,0,0,1,120,5,2,0
blind_follow,medium,4.0,10079,timeout,0,0,1,120,1,2,0
blind_follow,medium,4.0,10080,timeout,0,0,1,120,3,2,0
blind_follow,medium,4.0,10081,timeout,0,0,1,120,1,3,0
blind_follow,medium,4.0,10082,timeout,0,0,1,120,5,0,0
blind_follow,medium,4.0,10083,wipeout,0,1,0,19,0,2,0
blind_follow,medium,4.0,10084,timeout,0,0,1,120,2,2,0
blind_follow,medium,4.0,10085,wipeout,0,1,0,16,0,4,0
blind_follow,medium,4.0,10086,timeout,0,0,1,120,5,0,0
blind_follow,medium,4.0,10087,timeout,0,0,1,120,5,0,0
blind_follow,medium,4.0,10088,timeout,0,0,1,120,4,2,0
blind_follow,medium,4.0,10089,timeout,0,0,1,120,5,0,0
blind_follow,medium,4.0,10090,timeout,0,0,1,120,2,3,0
blind_follow,medium,4.0,10091,timeout,0,0,1,120,4,4,0
blind_follow,medium,4.0,10092,timeout,0,0,1,120,1,2,0
blind_follow,medium,4.0,10093,timeout,0,0,1,120,2,4,0
blind_follow,medium,4.0,10094,wipeout,0,1,0,26,0,3,0
blind_follow,medium,4.0,10095,timeout,0,0,1,120,1,4,0
blind_follow,medium,4.0,10096,wipeout,0,1,0,17,0,4,0
blind_follow,medium,4.0,10097,timeout,0,0,1,120,4,2,0
blind_follow,medium,4.0,10098,timeout,0,0,1,120,4,2,0
blind_follow,medium,4.0,10099,timeout,0,0,1,120,3,2,0
blind_follow,medium,4.0,10100,timeout,0,0,1,120,4,0,0
blind_follow,medium,4.0,10101,timeout,0,0,1,120,2,2,0
blind_follow,medium,4.0,10102,timeout,0,0,1,120,4,2,0
blind_follow,medium,4.0,10103,timeout,0,0,1,120,4,2,0
blind_follow,medium,4.0,10104,timeout,0,0,1,120,4,2,0
blind_follow,medium,4.0,10105,timeout,0,0,1,120,4,0,0
blind_follow,medium,4.0,10106,timeout,0,0,1,120,4,2,0
blind_follow,medium,4.0,10107,timeout,0,0,1,120,1,2,0
blind_follow,medium,4.0,10108,timeout,0,0,1,120,4,2,0
blind_follow,medium,4.0,10109,timeout,0,0,1,120,2,2,0
blind_follow,medium,4.0,10110,wipeout,0,1,0,12,0,3,0
blind_follow,medium,4.0,10111,timeout,0,0,1,120,1,3,0
blind_follow,medium,4.0,10112,wipeout,0,1,0,31,0,2,0
blind_follow,medium,4.0,10113,wipeout,0,1,0,20,0,4,0
blind_follow,medium,4.0,10114,timeout,0,0,1,120,4,3,0
blind_follow,medium,4.0,10115,timeout,0,0,1,120,4,2,0
blind_follow,medium,4.0,10116,timeout,0,0,1,120,5,2,0
blind_follow,medium,4.0,10117,timeout,0,0,1,120,3,5,0
blind_follow,medium,4.0,10118,timeout,0,0,1,120,4,0,0
blind_follow,medium,4.0,10119,timeout,0,0,1,120,2,2,0
blind_follow,medium,4.0,10120,timeout,0,0,1,120,2,3,0
blind_follow,medium,4.0,10121,timeout,0,0,1,120,4,0,0
blind_follow,medium,4.0,10122,timeout,0,0,1,120,5,0,0
blind_follow,medium,4.0,10123,timeout,0,0,1,120,1,4,0
blind_follow,medium,4.0,10124,timeout,0,0,1,120,2,0,0
blind_follow,medium,4.0,10125,timeout,0,0,1,120,4,4,0
blind_follow,medium,4.0,10126,timeout,0,0,1,120,4,2,0
blind_follow,medium,4.0,10127,timeout,0,0,1,120,5,2,0
blind_follow,medium,4.0,10128,timeout,0,0,1,120,4,2,0
blind_follow,medium,4.0,10129,timeout,0,0,1,120,2,2,0
blind_follow,medium,4.0,10130,timeout,0,0,1,120,1,3,0
blind_follow,medium,4.0,10131,wipeout,0,1,0,19,0,3,0
blind_follow,medium,4.0,10132,timeout,0,0,1,120,1,4,0
blind_follow,medium,4.0,10133,timeout,0,0,1,120,3,2,0
blind_follow,medium,4.0,10134,timeout,0,0,1,120,3,2,0
blind_follow,medium,4.0,10135,timeout,0,0,1,120,1,3,0
blind_follow,medium,4.0,10136,timeout,0,0,1,120,3,2,0
blind_follow,medium,4.0,10137,timeout,0,0,1,120,4,0,0
blind_follow,medium,4.0,10138,timeout,0,0,1,120,4,2,0
blind_follow,medium,4.0,10139,timeout,0,0,1,120,3,0,0
blind_follow,medium,4.0,10140,wipeout,0,1,0,19,0,3,0
blind_follow,medium,4.0,10141,timeout,0,0,1,120,4,0,0
blind_follow,medium,4.0,10142,timeout,0,0,1,120,4,4,0
blind_follow,medium,4.0,10143,timeout,0,0,1,120,4,0,0
blind_follow,medium,4.0,10144,timeout,0,0,1,120,4,2,0
blind_follow,medium,4.0,10145,timeout,0,0,1,120,1,3,0
blind_follow,medium,4.0,10146,timeout,0,0,1,120,3,2,0
blind_follow,medium,4.0,10147,timeout,0,0,1,120,2,0,0
blind_follow,medium,4.0,10148,wipeout,0,1,0,20,0,3,0
blind_follow,medium,4.0,10149,timeout,0,0,1,120,1,3,0
blind_follow,medium,4.0,10150,timeout,0,0,1,120,4,2,0
blind_follow,medium,4.0,10151,timeout,0,0,1,120,1,4,0
blind_follow,medium,4.0,10152,timeout,0,0,1,120,4,0,0
blind_follow,medium,4.0,10153,timeout,0,0,1,120,5,0,0
blind_follow,medium,4.0,10154,timeout,0,0,1,120,1,5,0
blind_follow,medium,4.0,10155,timeout,0,0,1,120,1,2,0
blind_follow,medium,4.0,10156,timeout,0,0,1,120,1,4,0
blind_follow,medium,4.0,10157,timeout,0,0,1,120,4,0,0
blind_follow,medium,4.0,10158,timeout,0,0,1,120,4,3,0
blind_follow,medium,4.0,10159,timeout,0,0,1,120,2,0,0
blind_follow,medium,4.0,10160,timeout,0,0,1,120,4,2,0
blind_follow,medium,4.0,10161,timeout,0,0,1,120,3,3,0
blind_follow,medium,4.0,10162,timeout,0,0,1,120,2,0,0
blind_follow,medium,4.0,10163,timeout,0,0,1,120,1,0,0
blind_follow,medium,4.0,10164,wipeout,0,1,0,24,0,3,0
blind_follow,medium,4.0,10165,timeout,0,0,1,120,4,0,0
blind_follow,medium,4.0,10166,timeout,0,0,1,120,3,3,0
blind_follow,medium,4.0,10167,timeout,0,0,1,120,1,3,0
blind_follow,medium,4.0,10168,timeout,0,0,1,120,4,3,0
blind_follow,medium,4.0,10169,timeout,0,0,1,120,5,0,0
blind_follow,medium,4.0,10170,timeout,0,0,1,120,3,2,0
blind_follow,medium,4.0,10171,timeout,0,0,1,120,4,2,0
blind_follow,medium,4.0,10172,timeout,0,0,1,120,5,0,0
blind_follow,medium,4.0,10173,wipeout,0,1,0,16,0,2,0
blind_follow,medium,4.0,10174,timeout,0,0,1,120,1,2,0
blind_follow,medium,4.0,10175,timeout,0,0,1,120,1,5,0
blind_follow,medium,4.0,10176,timeout,0,0,1,120,5,0,0
blind_follow,medium,4.0,10177,timeout,0,0,1,120,4,2,0
blind_follow,medium,4.0,10178,timeout,0,0,1,120,2,3,0
blind_follow,medium,4.0,10179,timeout,0,0,1,120,4,2,0
blind_follow,medium,4.0,10180,timeout,0,0,1,120,4,0,0
blind_follow,medium,4.0,10181,timeout,0,0,1,120,4,2,0
blind_follow,medium,4.0,10182,timeout,0,0,1,120,5,2,0
blind_follow,medium,4.0,10183,timeout,0,0,1,120,2,3,0
blind_follow,medium,4.0,10184,timeout,0,0,1,120,3,2,0
blind_follow,medium,4.0,10185,timeout,0,0,1,120,4,2,0
blind_follow,medium,4.0,10186,timeout,0,0,1,120,2,2,0
blind_follow,medium,4.0,10187,timeout,0,0,1,120,1,4,0
blind_follow,medium,4.0,10188,wipeout,0,1,0,19,0,3,0
blind_follow,medium,4.0,10189,timeout,0,0,1,120,5,0,0
blind_follow,medium,4.0,10190,timeout,0,0,1,120,5,0,0
blind_follow,medium,4.0,10191,timeout,0,0,1,120,1,3,0
blind_follow,medium,4.0,10192,timeout,0,0,1,120,3,3,0
blind_follow,medium,4.0,10193,timeout,0,0,1,120,2,2,0
blind_follow,medium,4.0,10194,timeout,0,0,1,120,2,2,0
blind_follow,medium,4.0,10195,wipeout,0,1,0,15,0,3,0
blind_follow,medium,4.0,10196,timeout,0,0,1,120,4,2,0
blind_follow,medium,4.0,10197,timeout,0,0,1,120,2,2,0
blind_follow,medium,4.0,10198,timeout,0,0,1,120,4,0,0
blind_follow,medium,4.0,10199,wipeout,0,1,0,17,0,3,0
blind_follow,medium,4.0,10200,timeout,0,0,1,120,4,2,0
blind_follow,medium,4.0,10201,wipeout,0,1,0,19,0,2,0
blind_follow,medium,4.0,10202,timeout,0,0,1,120,3,0,0
blind_follow,medium,4.0,10203,wipeout,0,1,0,20,0,3,0
blind_follow,medium,4.0,10204,timeout,0,0,1,120,2,3,0
blind_follow,medium,4.0,10205,timeout,0,0,1,120,4,2,0
blind_follow,medium,4.0,10206,timeout,0,0,1,120,4,0,0
blind_follow,medium,4.0,10207,wipeout,0,1,0,18,0,2,0
blind_follow,medium,4.0,10208,timeout,0,0,1,120,4,2,0
blind_follow,medium,4.0,10209,timeout,0,0,1,120,5,0,0
blind_follow,medium,4.0,10210,timeout,0,0,1,120,4,0,0
blind_follow,medium,4.0,10211,timeout,0,0,1,120,5,0,0
blind_follow,medium,4.0,10212,timeout,0,0,1,120,4,3,0
blind_follow,medium,4.0,10213,timeout,0,0,1,120,4,2,0
blind_follow,medium,4.0,10214,timeout,0,0,1,120,5,0,0
blind_follow,medium,4.0,10215,timeout,0,0,1,120,4,0,0
blind_follow,medium,4.0,10216,timeout,0,0,1,120,4,0,0
blind_follow,medium,4.0,10217,timeout,0,0,1,120,5,0,0
blind_follow,medium,4.0,10218,timeout,0,0,1,120,3,2,0
blind_follow,medium,4.0,10219,timeout,0,0,1,120,2,2,0
blind_follow,medium,4.0,10220,timeout,0,0,1,120,4,0,0
blind_follow,medium,4.0,10221,timeout,0,0,1,120,3,2,0
blind_follow,medium,4.0,10222,timeout,0,0,1,120,4,2,0
blind_follow,medium,4.0,10223,timeout,0,0,1,120,1,3,0
blind_follow,medium,4.0,10224,timeout,0,0,1,120,4,0,0
blind_follow,medium,4.0,10225,timeout,0,0,1,120,2,2,0
blind_follow,medium,4.0,10226,timeout,0,0,1,120,2,2,0
blind_follow,medium,4.0,10227,timeout,0,0,1,120,4,2,0
blind_follow,medium,4.0,10228,timeout,0,0,1,120,3,2,0
blind_follow,medium,4.0,10229,wipeout,0,1,0,25,0,3,0
blind_follow,medium,4.0,10230,wipeout,0,1,0,15,0,3,0
blind_follow,medium,4.0,10231,timeout,0,0,1,120,3,2,0
blind_follow,medium,4.0,10232,wipeout,0,1,0,14,0,3,0
blind_follow,medium,4.0,10233,timeout,0,0,1,120,1,2,0
blind_follow,medium,4.0,10234,timeout,0,0,1,120,3,2,0
blind_follow,medium,4.0,10235,timeout,0,0,1,120,4,2,0
blind_follow,medium,4.0,10236,timeout,0,0,1,120,5,3,0
blind_follow,medium,4.0,10237,timeout,0,0,1,120,4,4,0
blind_follow,medium,4.0,10238,timeout,0,0,1,120,4,3,0
blind_follow,medium,4.0,10239,timeout,0,0,1,120,1,2,0
blind_follow,medium,4.0,10240,timeout,0,0,1,120,4,2,0
blind_follow,medium,4.0,10241,timeout,0,0,1,120,1,3,0
blind_follow,medium,4.0,10242,timeout,0,0,1,120,3,2,0
blind_follow,medium,4.0,10243,timeout,0,0,1,120,3,3,0
blind_follow,medium,4.0,10244,timeout,0,0,1,120,1,4,0
blind_follow,medium,4.0,10245,timeout,0,0,1,120,4,2,0
blind_follow,medium,4.0,10246,wipeout,0,1,0,22,0,4,0
blind_follow,medium,4.0,10247,timeout,0,0,1,120,2,4,0
blind_follow,medium,4.0,10248,timeout,0,0,1,120,2,2,0
blind_follow,medium,4.0,10249,wipeout,0,1,0,35,0,2,0
blind_follow,medium,4.0,10250,timeout,0,0,1,120,4,2,0
blind_follow,medium,4.0,10251,timeout,0,0,1,120,3,2,0
blind_follow,medium,4.0,10252,timeout,0,0,1,120,5,3,0
blind_follow,medium,4.0,10253,timeout,0,0,1,120,3,2,0
blind_follow,medium,4.0,10254,timeout,0,0,1,120,4,0,0
blind_follow,medium,4.0,10255,timeout,0,0,1,120,4,0,0
blind_follow,medium,4.0,10256,timeout,0,0,1,120,3,3,0
blind_follow,medium,4.0,10257,timeout,0,0,1,120,4,0,0
blind_follow,medium,4.0,10258,timeout,0,0,1,120,2,0,0
blind_follow,medium,4.0,10259,timeout,0,0,1,120,5,0,0
blind_follow,medium,4.0,10260,timeout,0,0,1,120,4,0,0
blind_follow,medium,4.0,10261,timeout,0,0,1,120,3,0,0
blind_follow,medium,4.0,10262,timeout,0,0,1,120,1,2,0
blind_follow,medium,4.0,10263,timeout,0,0,1,120,1,2,0
blind_follow,medium,4.0,10264,timeout,0,0,1,120,1,2,0
blind_follow,medium,4.0,10265,timeout,0,0,1,120,2,2,0
blind_follow,medium,4.0,10266,timeout,0,0,1,120,5,0,0
blind_follow,medium,4.0,10267,timeout,0,0,1,120,5,0,0
blind_follow,medium,4.0,10268,timeout,0,0,1,120,4,2,0
blind_follow,medium,4.0,10269,timeout,0,0,1,120,2,0,0
blind_follow,medium,4.0,10270,timeout,0,0,1,120,5,0,0
blind_follow,medium,4.0,10271,timeout,0,0,1,120,3,5,0
blind_follow,medium,4.0,10272,timeout,0,0,1,120,4,0,0
blind_follow,medium,4.0,10273,timeout,0,0,1,120,4,0,0
blind_follow,medium,4.0,10274,timeout,0,0,1,120,5,2,0
blind_follow,medium,4.0,10275,timeout,0,0,1,120,4,2,0
blind_follow,medium,4.0,10276,timeout,0,0,1,120,5,3,0
blind_follow,medium,4.0,10277,timeout,0,0,1,120,5,0,0
blind_follow,medium,4.0,10278,timeout,0,0,1,120,3,2,0
blind_follow,medium,4.0,10279,timeout,0,0,1,120,2,2,0
blind_follow,medium,4.0,10280,timeout,0,0,1,120,2,4,0
blind_follow,medium,4.0,10281,timeout,0,0,1,120,1,2,0
blind_follow,medium,4.0,10282,timeout,0,0,1,120,1,3,0
blind_follow,medium,4.0,10283,timeout,0,0,1,120,5,0,0
blind_follow,medium,4.0,10284,timeout,0,0,1,120,2,2,0
blind_follow,medium,4.0,10285,timeout,0,0,1,120,4,2,0
blind_follow,medium,4.0,10286,timeout,0,0,1,120,4,3,0
blind_follow,medium,4.0,10287,timeout,0,0,1,120,4,0,0
blind_follow,medium,4.0,10288,timeout,0,0,1,120,4,2,0
blind_follow,medium,4.0,10289,timeout,0,0,1,120,4,0,0
blind_follow,medium,4.0,10290,timeout,0,0,1,120,4,0,0
blind_follow,medium,4.0,10291,timeout,0,0,1,120,2,5,0
blind_follow,medium,4.0,10292,wipeout,0,1,0,27,0,4,0
blind_follow,medium,4.0,10293,timeout,0,0,1,120,4,2,0
blind_follow,medium,4.0,10294,timeout,0,0,1,120,2,3,0
blind_follow,medium,4.0,10295,wipeout,0,1,0,20,0,2,0
blind_follow,medium,4.0,10296,timeout,0,0,1,120,2,0,0
blind_follow,medium,4.0,10297,timeout,0,0,1,120,2,2,0
blind_follow,medium,4.0,10298,timeout,0,0,1,120,3,2,0
blind_follow,medium,4.0,10299,timeout,0,0,1,120,4,2,0
blind_follow,medium,4.0,10300,timeout,0,0,1,120,1,3,0
blind_follow,medium,4.0,10301,timeout,0,0,1,120,4,0,0
blind_follow,medium,4.0,10302,timeout,0,0,1,120,4,2,0
blind_follow,medium,4.0,10303,timeout,0,0,1,120,4,3,0
blind_follow,medium,4.0,10304,timeout,0,0,1,120,1,2,0
blind_follow,medium,4.0,10305,timeout,0,0,1,120,5,2,0
blind_follow,medium,4.0,10306,timeout,0,0,1,120,3,0,0
blind_follow,medium,4.0,10307,timeout,0,0,1,120,3,3,0
blind_follow,medium,4.0,10308,timeout,0,0,1,120,4,0,0
blind_follow,medium,4.0,10309,timeout,0,0,1,120,1,2,0
blind_follow,medium,4.0,10310,wipeout,0,1,0,16,0,2,0
blind_follow,medium,4.0,10311,timeout,0,0,1,120,4,0,0
blind_follow,medium,4.0,10312,timeout,0,0,1,120,5,2,0
blind_follow,medium,4.0,10313,timeout,0,0,1,120,4,4,0
blind_follow,medium,4.0,10314,timeout,0,0,1,120,4,2,0
blind_follow,medium,4.0,10315,timeout,0,0,1,120,2,3,0
blind_follow,medium,4.0,10316,timeout,0,0,1,120,5,0,0
blind_follow,medium,4.0,10317,wipeout,0,1,0,31,0,3,0
blind_follow,medium,4.0,10318,timeout,0,0,1,120,2,2,0
blind_follow,medium,4.0,10319,timeout,0,0,1,120,3,0,0
blind_follow,medium,4.0,10320,timeout,0,0,1,120,4,4,0
blind_follow,medium,4.0,10321,timeout,0,0,1,120,4,3,0
blind_follow,medium,4.0,10322,timeout,0,0,1,120,4,2,0
blind_follow,medium,4.0,10323,timeout,0,0,1,120,5,0,0
blind_follow,medium,4.0,10324,timeout,0,0,1,120,5,0,0
blind_follow,medium,4.0,10325,timeout,0,0,1,120,4,0,0
blind_follow,medium,4.0,10326,timeout,0,0,1,120,1,3,0
blind_follow,medium,4.0,10327,timeout,0,0,1,120,4,2,0
blind_follow,medium,4.0,10328,timeout,0,0,1,120,2,3,0
blind_follow,medium,4.0,10329,timeout,0,0,1,120,1,2,0
blind_follow,medium,4.0,10330,timeout,0,0,1,120,4,0,0
blind_follow,medium,4.0,10331,timeout,0,0,1,120,5,0,0
blind_follow,medium,4.0,10332,wipeout,0,1,0,19,0,3,0
blind_follow,medium,4.0,10333,timeout,0,0,1,120,2,2,0
blind_follow,medium,4.0,10334,timeout,0,0,1,120,1,3,0
blind_follow,medium,4.0,10335,timeout,0,0,1,120,5,2,0
blind_follow,medium,4.0,10336,timeout,0,0,1,120,1,2,0
blind_follow,medium,4.0,10337,wipeout,0,1,0,15,0,3,0
blind_follow,medium,4.0,10338,timeout,0,0,1,120,1,4,0
blind_follow,medium,4.0,10339,timeout,0,0,1,120,4,2,0
blind_follow,medium,4.0,10340,timeout,0,0,1,120,5,0,0
blind_follow,medium,4.0,10341,timeout,0,0,1,120,5,2,0
blind_follow,medium,4.0,10342,timeout,0,0,1,120,4,3,0
blind_follow,medium,4.0,10343,timeout,0,0,1,120,3,2,0
blind_follow,medium,4.0,10344,timeout,0,0,1,120,4,2,0
blind_follow,medium,4.0,10345,timeout,0,0,1,120,4,0,0
blind_follow,medium,4.0,10346,timeout,0,0,1,120,1,2,0
blind_follow,medium,4.0,10347,wipeout,0,1,0,29,0,3,0
blind_follow,medium,4.0,10348,timeout,0,0,1,120,3,0,0
blind_follow,medium,4.0,10349,timeout,0,0,1,120,1,2,0
blind_follow,medium,4.0,10350,timeout,0,0,1,120,5,2,0
blind_follow,medium,4.0,10351,timeout,0,0,1,120,2,3,0
blind_follow,medium,4.0,10352,timeout,0,0,1,120,4,4,0
blind_follow,medium,4.0,10353,timeout,0,0,1,120,4,2,0
blind_follow,medium,4.0,10354,timeout,0,0,1,120,4,3,0
blind_follow,medium,4.0,10355,timeout,0,0,1,120,5,2,0
blind_follow,medium,4.0,10356,timeout,0,0,1,120,2,0,0
blind_follow,medium,4.0,10357,timeout,0,0,1,120,3,2,0
blind_follow,medium,4.0,10358,timeout,0,0,1,120,4,0,0
blind_follow,medium,4.0,10359,timeout,0,0,1,120,3,3,0
blind_follow,medium,4.0,10360,timeout,0,0,1,120,4,2,0
blind_follow,medium,4.0,10361,timeout,0,0,1,120,2,2,0
blind_follow,medium,4.0,10362,timeout,0,0,1,120,4,2,0
blind_follow,medium,4.0,10363,timeout,0,0,1,120,3,2,0
blind_follow,medium,4.0,10364,timeout,0,0,1,120,5,0,0
blind_follow,medium,4.0,10365,timeout,0,0,1,120,2,3,0
blind_follow,medium,4.0,10366,timeout,0,0,1,120,1,2,0
blind_follow,medium,4.0,10367,timeout,0,0,1,120,5,0,0
blind_follow,medium,4.0,10368,timeout,0,0,1,120,3,0,0
blind_follow,medium,4.0,10369,timeout,0,0,1,120,1,3,0
blind_follow,medium,4.0,10370,timeout,0,0,1,120,4,0,0
blind_follow,medium,4.0,10371,timeout,0,0,1,120,2,3,0
blind_follow,medium,4.0,10372,timeout,0,0,1,120,2,2,0
blind_follow,medium,4.0,10373,timeout,0,0,1,120,1,4,0
blind_follow,medium,4.0,10374,timeout,0,0,1,120,3,2,0
blind_follow,medium,4.0,10375,timeout,0,0,1,120,2,2,0
blind_follow,medium,4.0,10376,timeout,0,0,1,120,3,0,0
blind_follow,medium,4.0,10377,wipeout,0,1,0,22,0,2,0
blind_follow,medium,4.0,10378,timeout,0,0,1,120,2,2,0
blind_follow,medium,4.0,10379,wipeout,0,1,0,14,0,4,0
blind_follow,medium,4.0,10380,timeout,0,0,1,120,4,0,0
blind_follow,medium,4.0,10381,timeout,0,0,1,120,3,2,0
blind_follow,medium,4.0,10382,timeout,0,0,1,120,2,2,0
blind_follow,medium,4.0,10383,timeout,0,0,1,120,2,0,0
blind_follow,medium,4.0,10384,wipeout,0,1,0,39,0,3,0
blind_follow,medium,4.0,10385,wipeout,0,1,0,18,0,4,0
blind_follow,medium,4.0,10386,timeout,0,0,1,120,3,3,0
blind_follow,medium,4.0,10387,timeout,0,0,1,120,4,3,0
blind_follow,medium,4.0,10388,timeout,0,0,1,120,5,0,0
blind_follow,medium,4.0,10389,timeout,0,0,1,120,4,0,0
blind_follow,medium,4.0,10390,timeout,0,0,1,120,3,3,0
blind_follow,medium,4.0,10391,wipeout,0,1,0,21,0,4,0
blind_follow,medium,4.0,10392,timeout,0,0,1,120,5,3,0
blind_follow,medium,4.0,10393,timeout,0,0,1,120,1,2,0
blind_follow,medium,4.0,10394,timeout,0,0,1,120,3,2,0
blind_follow,medium,4.0,10395,timeout,0,0,1,120,5,0,0
blind_follow,medium,4.0,10396,timeout,0,0,1,120,2,2,0
blind_follow,medium,4.0,10397,timeout,0,0,1,120,2,2,0
blind_follow,medium,4.0,10398,timeout,0,0,1,120,4,2,0
blind_follow,medium,4.0,10399,timeout,0,0,1,120,3,0,0
blind_follow,medium,4.0,10400,timeout,0,0,1,120,5,2,0
blind_follow,medium,4.0,10401,timeout,0,0,1,120,3,2,0
blind_follow,medium,4.0,10402,timeout,0,0,1,120,4,2,0
blind_follow,medium,4.0,10403,timeout,0,0,1,120,5,2,0
blind_follow,medium,4.0,10404,timeout,0,0,1,120,4,2,0
blind_follow,medium,4.0,10405,wipeout,0,1,0,16,0,3,0
blind_follow,medium,4.0,10406,timeout,0,0,1,120,3,3,0
blind_follow,medium,4.0,10407,timeout,0,0,1,120,3,2,0
blind_follow,medium,4.0,10408,wipeout,0,1,0,16,0,4,0
blind_follow,medium,4.0,10409,timeout,0,0,1,120,3,0,0
blind_follow,medium,4.0,10410,timeout,0,0,1,120,4,2,0
blind_follow,medium,4.0,10411,timeout,0,0,1,120,5,0,0
blind_follow,medium,4.0,10412,timeout,0,0,1,120,4,2,0
blind_follow,medium,4.0,10413,timeout,0,0,1,120,1,3,0
blind_follow,medium,4.0,10414,wipeout,0,1,0,15,0,3,0
blind_follow,medium,4.0,10415,timeout,0,0,1,120,4,0,0
blind_follow,medium,4.0,10416,timeout,0,0,1,120,2,0,0
blind_follow,medium,4.0,10417,timeout,0,0,1,120,3,3,0
blind_follow,medium,4.0,10418,timeout,0,0,1,120,5,0,0
blind_follow,medium,4.0,10419,timeout,0,0,1,120,1,2,0
blind_follow,medium,4.0,10420,timeout,0,0,1,120,2,3,0
blind_follow,medium,4.0,10421,wipeout,0,1,0,15,0,3,0
blind_follow,medium,4.0,10422,timeout,0,0,1,120,3,2,0
blind_follow,medium,4.0,10423,timeout,0,0,1,120,3,3,0
blind_follow,medium,4.0,10424,timeout,0,0,1,120,4,2,0
blind_follow,medium,4.0,10425,timeout,0,0,1,120,4,2,0
blind_follow,medium,4.0,10426,timeout,0,0,1,120,1,3,0
blind_follow,medium,4.0,10427,timeout,0,0,1,120,1,2,0
blind_follow,medium,4.0,10428,timeout,0,0,1,120,2,3,0
blind_follow,medium,4.0,10429,timeout,0,0,1,120,5,0,0
blind_follow,medium,4.0,10430,wipeout,0,1,0,18,0,3,0
blind_follow,medium,4.0,10431,timeout,0,0,1,120,2,2,0
blind_follow,medium,4.0,10432,timeout,0,0,1,120,4,3,0
blind_follow,medium,4.0,10433,timeout,0,0,1,120,1,3,0
blind_follow,medium,4.0,10434,timeout,0,0,1,120,5,0,0
blind_follow,medium,4.0,10435,timeout,0,0,1,120,1,2,0
blind_follow,medium,4.0,10436,wipeout,0,1,0,30,0,3,0
blind_follow,medium,4.0,10437,timeout,0,0,1,120,4,2,0
blind_follow,medium,4.0,10438,timeout,0,0,1,120,1,3,0
blind_follow,medium,4.0,10439,timeout,0,0,1,120,3,0,0
blind_follow,medium,4.0,10440,timeout,0,0,1,120,2,3,0
blind_follow,medium,4.0,10441,timeout,0,0,1,120,4,0,0
blind_follow,medium,4.0,10442,timeout,0,0,1,120,5,2,0
blind_follow,medium,4.0,10443,wipeout,0,1,0,14,0,3,0
blind_follow,medium,4.0,10444,timeout,0,0,1,120,5,0,0
blind_follow,medium,4.0,10445,timeout,0,0,1,120,5,2,0
blind_follow,medium,4.0,10446,timeout,0,0,1,120,5,2,0
blind_follow,medium,4.0,10447,timeout,0,0,1,120,5,0,0
blind_follow,medium,4.0,10448,timeout,0,0,1,120,1,3,0
blind_follow,medium,4.0,10449,timeout,0,0,1,120,4,2,0
blind_follow,medium,4.0,10450,timeout,0,0,1,120,1,4,0
blind_follow,medium,4.0,10451,timeout,0,0,1,120,2,3,0
blind_follow,medium,4.0,10452,timeout,0,0,1,120,5,0,0
blind_follow,medium,4.0,10453,timeout,0,0,1,120,3,2,0
blind_follow,medium,4.0,10454,timeout,0,0,1,120,1,3,0
blind_follow,medium,4.0,10455,timeout,0,0,1,120,2,2,0
blind_follow,medium,4.0,10456,timeout,0,0,1,120,4,0,0
blind_follow,medium,4.0,10457,timeout,0,0,1,120,2,3,0
blind_follow,medium,4.0,10458,timeout,0,0,1,120,3,0,0
blind_follow,medium,4.0,10459,wipeout,0,1,0,39,0,2,0
blind_follow,medium,4.0,10460,timeout,0,0,1,120,3,2,0
blind_follow,medium,4.0,10461,timeout,0,0,1,120,2,3,0
blind_follow,medium,4.0,10462,timeout,0,0,1,120,2,0,0
blind_follow,medium,4.0,10463,timeout,0,0,1,120,4,0,0
blind_follow,medium,4.0,10464,timeout,0,0,1,120,4,2,0
blind_follow,medium,4.0,10465,timeout,0,0,1,120,4,0,0
blind_follow,medium,4.0,10466,timeout,0,0,1,120,3,2,0
blind_follow,medium,4.0,10467,wipeout,0,1,0,16,0,2,0
blind_follow,medium,4.0,10468,timeout,0,0,1,120,1,4,0
blind_follow,medium,4.0,10469,timeout,0,0,1,120,4,0,0
blind_follow,medium,4.0,10470,timeout,0,0,1,120,1,3,0
blind_follow,medium,4.0,10471,timeout,0,0,1,120,2,0,0
blind_follow,medium,4.0,10472,timeout,0,0,1,120,3,2,0
blind_follow,medium,4.0,10473,timeout,0,0,1,120,3,0,0
blind_follow,medium,4.0,10474,timeout,0,0,1,120,5,2,0
blind_follow,medium,4.0,10475,timeout,0,0,1,120,4,2,0
blind_follow,medium,4.0,10476,timeout,0,0,1,120,4,3,0
blind_follow,medium,4.0,10477,timeout,0,0,1,120,3,2,0
blind_follow,medium,4.0,10478,timeout,0,0,1,120,2,2,0
blind_follow,medium,4.0,10479,timeout,0,0,1,120,2,3,0
blind_follow,medium,4.0,10480,timeout,0,0,1,120,3,3,0
blind_follow,medium,4.0,10481,wipeout,0,1,0,34,0,2,0
blind_follow,medium,4.0,10482,timeout,0,0,1,120,5,0,0
blind_follow,medium,4.0,10483,timeout,0,0,1,120,5,0,0
blind_follow,medium,4.0,10484,timeout,0,0,1,120,5,0,0
blind_follow,medium,4.0,10485,timeout,0,0,1,120,4,0,0
blind_follow,medium,4.0,10486,timeout,0,0,1,120,2,3,0
blind_follow,medium,4.0,10487,timeout,0,0,1,120,1,2,0
blind_follow,medium,4.0,10488,timeout,0,0,1,120,4,2,0
blind_follow,medium,4.0,10489,timeout,0,0,1,120,4,2,0
blind_follow,medium,4.0,10490,timeout,0,0,1,120,2,2,0
blind_follow,medium,4.0,10491,timeout,0,0,1,120,4,3,0
blind_follow,medium,4.0,10492,timeout,0,0,1,120,3,0,0
blind_follow,medium,4.0,10493,timeout,0,0,1,120,4,3,0
blind_follow,medium,4.0,10494,wipeout,0,1,0,23,0,3,0
blind_follow,medium,4.0,10495,timeout,0,0,1,120,1,2,0
blind_follow,medium,4.0,10496,wipeout,0,1,0,36,0,2,0
blind_follow,medium,4.0,10497,timeout,0,0,1,120,1,2,0
blind_follow,medium,4.0,10498,timeout,0,0,1,120,1,3,0
blind_follow,medium,4.0,10499,timeout,0,0,1,120,4,2,0
shared_map,medium,4.0,10000,wipeout,0,1,0,19,0,3,282
shared_map,medium,4.0,10001,timeout,0,0,1,120,5,0,2400
shared_map,medium,4.0,10002,timeout,0,0,1,120,5,0,2400
shared_map,medium,4.0,10003,wipeout,0,1,0,21,0,2,218
shared_map,medium,4.0,10004,wipeout,0,1,0,17,0,2,190
shared_map,medium,4.0,10005,timeout,0,0,1,120,4,2,1454
shared_map,medium,4.0,10006,timeout,0,0,1,120,4,2,1528
shared_map,medium,4.0,10007,timeout,0,0,1,120,4,2,1454
shared_map,medium,4.0,10008,timeout,0,0,1,120,5,0,2400
shared_map,medium,4.0,10009,timeout,0,0,1,120,5,0,2400
shared_map,medium,4.0,10010,timeout,0,0,1,120,4,2,1458
shared_map,medium,4.0,10011,timeout,0,0,1,120,5,2,998
shared_map,medium,4.0,10012,timeout,0,0,1,120,5,0,2400
shared_map,medium,4.0,10013,timeout,0,0,1,120,4,0,1440
shared_map,medium,4.0,10014,timeout,0,0,1,120,4,0,1440
shared_map,medium,4.0,10015,timeout,0,0,1,120,4,0,1440
shared_map,medium,4.0,10016,timeout,0,0,1,120,5,0,2400
shared_map,medium,4.0,10017,timeout,0,0,1,120,5,2,2400
shared_map,medium,4.0,10018,timeout,0,0,1,120,4,0,1440
shared_map,medium,4.0,10019,timeout,0,0,1,120,5,0,2400
shared_map,medium,4.0,10020,timeout,0,0,1,120,4,0,1440
shared_map,medium,4.0,10021,timeout,0,0,1,120,4,0,750
shared_map,medium,4.0,10022,timeout,0,0,1,120,3,0,750
shared_map,medium,4.0,10023,timeout,0,0,1,120,4,2,1454
shared_map,medium,4.0,10024,timeout,0,0,1,120,4,2,1454
shared_map,medium,4.0,10025,wipeout,0,1,0,22,0,3,154
shared_map,medium,4.0,10026,timeout,0,0,1,120,3,3,744
shared_map,medium,4.0,10027,timeout,0,0,1,120,5,0,2400
shared_map,medium,4.0,10028,timeout,0,0,1,120,4,2,1454
shared_map,medium,4.0,10029,timeout,0,0,1,120,3,0,738
shared_map,medium,4.0,10030,timeout,0,0,1,120,5,0,2400
shared_map,medium,4.0,10031,timeout,0,0,1,120,3,0,750
shared_map,medium,4.0,10032,timeout,0,0,1,120,1,2,246
shared_map,medium,4.0,10033,timeout,0,0,1,120,4,2,1478
shared_map,medium,4.0,10034,timeout,0,0,1,120,4,2,1454
shared_map,medium,4.0,10035,timeout,0,0,1,120,5,0,2400
shared_map,medium,4.0,10036,timeout,0,0,1,120,1,2,230
shared_map,medium,4.0,10037,timeout,0,0,1,120,3,2,748
shared_map,medium,4.0,10038,timeout,0,0,1,120,5,2,2400
shared_map,medium,4.0,10039,timeout,0,0,1,120,4,2,1454
shared_map,medium,4.0,10040,timeout,0,0,1,120,3,3,1020
shared_map,medium,4.0,10041,timeout,0,0,1,120,4,2,1484
shared_map,medium,4.0,10042,timeout,0,0,1,120,4,2,1464
shared_map,medium,4.0,10043,wipeout,0,1,0,22,0,2,280
shared_map,medium,4.0,10044,timeout,0,0,1,120,5,0,2400
shared_map,medium,4.0,10045,timeout,0,0,1,120,5,0,2400
shared_map,medium,4.0,10046,timeout,0,0,1,120,3,0,738
shared_map,medium,4.0,10047,timeout,0,0,1,120,5,0,2400
shared_map,medium,4.0,10048,timeout,0,0,1,120,4,2,1454
shared_map,medium,4.0,10049,timeout,0,0,1,120,5,0,2400
shared_map,medium,4.0,10050,timeout,0,0,1,120,3,2,774
shared_map,medium,4.0,10051,timeout,0,0,1,120,5,0,2400
shared_map,medium,4.0,10052,timeout,0,0,1,120,5,0,2400
shared_map,medium,4.0,10053,timeout,0,0,1,120,5,0,2400
shared_map,medium,4.0,10054,timeout,0,0,1,120,5,0,2400
shared_map,medium,4.0,10055,timeout,0,0,1,120,4,3,1472
shared_map,medium,4.0,10056,timeout,0,0,1,120,3,0,750
shared_map,medium,4.0,10057,timeout,0,0,1,120,5,2,1460
shared_map,medium,4.0,10058,timeout,0,0,1,120,5,0,2400
shared_map,medium,4.0,10059,timeout,0,0,1,120,5,0,2400
shared_map,medium,4.0,10060,timeout,0,0,1,120,5,0,2400
shared_map,medium,4.0,10061,timeout,0,0,1,120,4,0,738
shared_map,medium,4.0,10062,timeout,0,0,1,120,5,0,2400
shared_map,medium,4.0,10063,timeout,0,0,1,120,4,0,744
shared_map,medium,4.0,10064,timeout,0,0,1,120,3,0,738
shared_map,medium,4.0,10065,timeout,0,0,1,120,4,0,1440
shared_map,medium,4.0,10066,timeout,0,0,1,120,5,0,2400
shared_map,medium,4.0,10067,timeout,0,0,1,120,4,2,1454
shared_map,medium,4.0,10068,timeout,0,0,1,120,5,0,2400
shared_map,medium,4.0,10069,wipeout,0,1,0,11,0,3,150
shared_map,medium,4.0,10070,timeout,0,0,1,120,2,2,324
shared_map,medium,4.0,10071,timeout,0,0,1,120,5,0,2400
shared_map,medium,4.0,10072,timeout,0,0,1,120,5,0,2400
shared_map,medium,4.0,10073,timeout,0,0,1,120,4,2,1454
shared_map,medium,4.0,10074,timeout,0,0,1,120,5,2,2400
shared_map,medium,4.0,10075,timeout,0,0,1,120,2,3,386
shared_map,medium,4.0,10076,timeout,0,0,1,120,4,0,1440
shared_map,medium,4.0,10077,timeout,0,0,1,120,4,0,1440
shared_map,medium,4.0,10078,timeout,0,0,1,120,5,0,2400
shared_map,medium,4.0,10079,timeout,0,0,1,120,4,0,1440
shared_map,medium,4.0,10080,timeout,0,0,1,120,4,2,1472
shared_map,medium,4.0,10081,timeout,0,0,1,120,4,2,1464
shared_map,medium,4.0,10082,timeout,0,0,1,120,5,0,2400
shared_map,medium,4.0,10083,wipeout,0,1,0,19,0,2,188
shared_map,medium,4.0,10084,timeout,0,0,1,120,4,0,1440
shared_map,medium,4.0,10085,timeout,0,0,1,120,3,3,348
shared_map,medium,4.0,10086,timeout,0,0,1,120,4,0,1440
shared_map,medium,4.0,10087,timeout,0,0,1,120,5,0,2400
shared_map,medium,4.0,10088,timeout,0,0,1,120,5,0,2400
shared_map,medium,4.0,10089,timeout,0,0,1,120,5,0,2400
shared_map,medium,4.0,10090,timeout,0,0,1,120,1,3,76
shared_map,medium,4.0,10091,timeout,0,0,1,120,5,0,2400
shared_map,medium,4.0,10092,timeout,0,0,1,120,4,2,1456
shared_map,medium,4.0,10093,timeout,0,0,1,120,4,2,1454
shared_map,medium,4.0,10094,timeout,0,0,1,120,5,2,2400
shared_map,medium,4.0,10095,timeout,0,0,1,120,4,0,1440
shared_map,medium,4.0,10096,wipeout,0,1,0,18,0,2,246
shared_map,medium,4.0,10097,timeout,0,0,1,120,5,0,2400
shared_map,medium,4.0,10098,timeout,0,0,1,120,5,0,2400
shared_map,medium,4.0,10099,timeout,0,0,1,120,4,0,1440
shared_map,medium,4.0,10100,timeout,0,0,1,120,5,0,2400
shared_map,medium,4.0,10101,timeout,0,0,1,120,4,0,1440
shared_map,medium,4.0,10102,timeout,0,0,1,120,5,0,2400
shared_map,medium,4.0,10103,timeout,0,0,1,120,5,0,2400
shared_map,medium,4.0,10104,timeout,0,0,1,120,5,0,2400
shared_map,medium,4.0,10105,timeout,0,0,1,120,5,0,2400
shared_map,medium,4.0,10106,timeout,0,0,1,120,4,0,1440
shared_map,medium,4.0,10107,timeout,0,0,1,120,5,2,2400
shared_map,medium,4.0,10108,timeout,0,0,1,120,5,0,2400
shared_map,medium,4.0,10109,timeout,0,0,1,120,3,0,750
shared_map,medium,4.0,10110,wipeout,0,1,0,15,0,3,100
shared_map,medium,4.0,10111,timeout,0,0,1,120,3,2,778
shared_map,medium,4.0,10112,timeout,0,0,1,120,4,2,1462
shared_map,medium,4.0,10113,timeout,0,0,1,120,5,2,2400
shared_map,medium,4.0,10114,timeout,0,0,1,120,5,0,2400
shared_map,medium,4.0,10115,timeout,0,0,1,120,4,2,1454
shared_map,medium,4.0,10116,wipeout,0,1,0,21,0,2,262
shared_map,medium,4.0,10117,timeout,0,0,1,120,4,2,1454
shared_map,medium,4.0,10118,timeout,0,0,1,120,5,0,2400
shared_map,medium,4.0,10119,timeout,0,0,1,120,3,0,744
shared_map,medium,4.0,10120,timeout,0,0,1,120,4,0,1440
shared_map,medium,4.0,10121,timeout,0,0,1,120,4,0,1440
shared_map,medium,4.0,10122,timeout,0,0,1,120,5,0,1440
shared_map,medium,4.0,10123,timeout,0,0,1,120,3,2,754
shared_map,medium,4.0,10124,timeout,0,0,1,120,4,2,1464
shared_map,medium,4.0,10125,timeout,0,0,1,120,5,0,2400
shared_map,medium,4.0,10126,timeout,0,0,1,120,5,0,2400
shared_map,medium,4.0,10127,wipeout,0,1,0,22,0,2,184
shared_map,medium,4.0,10128,timeout,0,0,1,120,5,0,2400
shared_map,medium,4.0,10129,timeout,0,0,1,120,5,2,2164
shared_map,medium,4.0,10130,timeout,0,0,1,120,2,3,388
shared_map,medium,4.0,10131,timeout,0,0,1,120,5,2,2400
shared_map,medium,4.0,10132,wipeout,0,1,0,16,0,2,96
shared_map,medium,4.0,10133,timeout,0,0,1,120,4,2,1454
shared_map,medium,4.0,10134,timeout,0,0,1,120,3,2,756
shared_map,medium,4.0,10135,timeout,0,0,1,120,3,0,744
shared_map,medium,4.0,10136,timeout,0,0,1,120,4,0,1440
shared_map,medium,4.0,10137,timeout,0,0,1,120,5,0,2400
shared_map,medium,4.0,10138,timeout,0,0,1,120,5,0,2400
shared_map,medium,4.0,10139,timeout,0,0,1,120,4,2,1484
shared_map,medium,4.0,10140,timeout,0,0,1,120,3,2,800
shared_map,medium,4.0,10141,timeout,0,0,1,120,5,0,2400
shared_map,medium,4.0,10142,timeout,0,0,1,120,5,0,2400
shared_map,medium,4.0,10143,timeout,0,0,1,120,5,0,2400
shared_map,medium,4.0,10144,timeout,0,0,1,120,5,0,2400
shared_map,medium,4.0,10145,timeout,0,0,1,120,5,2,2400
shared_map,medium,4.0,10146,timeout,0,0,1,120,5,2,2400
shared_map,medium,4.0,10147,timeout,0,0,1,120,4,2,1464
shared_map,medium,4.0,10148,timeout,0,0,1,120,3,2,842
shared_map,medium,4.0,10149,timeout,0,0,1,120,3,0,738
shared_map,medium,4.0,10150,timeout,0,0,1,120,5,0,2400
shared_map,medium,4.0,10151,wipeout,0,1,0,23,0,2,290
shared_map,medium,4.0,10152,timeout,0,0,1,120,5,0,2400
shared_map,medium,4.0,10153,timeout,0,0,1,120,5,0,2400
shared_map,medium,4.0,10154,timeout,0,0,1,120,5,0,2400
shared_map,medium,4.0,10155,timeout,0,0,1,120,4,0,1440
shared_map,medium,4.0,10156,timeout,0,0,1,120,5,2,1466
shared_map,medium,4.0,10157,timeout,0,0,1,120,5,0,2400
shared_map,medium,4.0,10158,timeout,0,0,1,120,5,0,2400
shared_map,medium,4.0,10159,timeout,0,0,1,120,4,2,1456
shared_map,medium,4.0,10160,timeout,0,0,1,120,5,0,2400
shared_map,medium,4.0,10161,timeout,0,0,1,120,4,0,1440
shared_map,medium,4.0,10162,timeout,0,0,1,120,4,0,1440
shared_map,medium,4.0,10163,timeout,0,0,1,120,3,0,738
shared_map,medium,4.0,10164,wipeout,0,1,0,28,0,3,176
shared_map,medium,4.0,10165,timeout,0,0,1,120,4,2,1484
shared_map,medium,4.0,10166,timeout,0,0,1,120,4,2,1454
shared_map,medium,4.0,10167,timeout,0,0,1,120,4,0,750
shared_map,medium,4.0,10168,timeout,0,0,1,120,5,0,2400
shared_map,medium,4.0,10169,timeout,0,0,1,120,5,2,2044
shared_map,medium,4.0,10170,timeout,0,0,1,120,5,2,1930
shared_map,medium,4.0,10171,timeout,0,0,1,120,3,0,738
shared_map,medium,4.0,10172,timeout,0,0,1,120,5,0,2400
shared_map,medium,4.0,10173,timeout,0,0,1,120,3,2,748
shared_map,medium,4.0,10174,timeout,0,0,1,120,4,2,1454
shared_map,medium,4.0,10175,timeout,0,0,1,120,4,2,1454
shared_map,medium,4.0,10176,timeout,0,0,1,120,5,0,2400
shared_map,medium,4.0,10177,timeout,0,0,1,120,5,0,2400
shared_map,medium,4.0,10178,timeout,0,0,1,120,4,0,1440
shared_map,medium,4.0,10179,timeout,0,0,1,120,4,0,1440
shared_map,medium,4.0,10180,timeout,0,0,1,120,4,2,1454
shared_map,medium,4.0,10181,timeout,0,0,1,120,5,2,2400
shared_map,medium,4.0,10182,wipeout,0,1,0,24,0,2,310
shared_map,medium,4.0,10183,timeout,0,0,1,120,2,3,482
shared_map,medium,4.0,10184,timeout,0,0,1,120,4,2,1454
shared_map,medium,4.0,10185,timeout,0,0,1,120,5,0,2400
shared_map,medium,4.0,10186,timeout,0,0,1,120,3,2,780
shared_map,medium,4.0,10187,timeout,0,0,1,120,5,0,2400
shared_map,medium,4.0,10188,timeout,0,0,1,120,5,2,2400
shared_map,medium,4.0,10189,timeout,0,0,1,120,5,0,2400
shared_map,medium,4.0,10190,timeout,0,0,1,120,5,0,1440
shared_map,medium,4.0,10191,wipeout,0,1,0,17,0,2,264
shared_map,medium,4.0,10192,timeout,0,0,1,120,4,2,1454
shared_map,medium,4.0,10193,timeout,0,0,1,120,5,0,2400
shared_map,medium,4.0,10194,timeout,0,0,1,120,4,0,1440
shared_map,medium,4.0,10195,timeout,0,0,1,120,1,2,268
shared_map,medium,4.0,10196,timeout,0,0,1,120,4,2,1472
shared_map,medium,4.0,10197,timeout,0,0,1,120,4,2,1454
shared_map,medium,4.0,10198,timeout,0,0,1,120,5,0,2400
shared_map,medium,4.0,10199,timeout,0,0,1,120,3,2,810
shared_map,medium,4.0,10200,timeout,0,0,1,120,5,0,2400
shared_map,medium,4.0,10201,wipeout,0,1,0,23,0,2,268
shared_map,medium,4.0,10202,timeout,0,0,1,120,4,0,1440
shared_map,medium,4.0,10203,timeout,0,0,1,120,4,2,1456
shared_map,medium,4.0,10204,timeout,0,0,1,120,4,0,1440
shared_map,medium,4.0,10205,timeout,0,0,1,120,5,0,2400
shared_map,medium,4.0,10206,timeout,0,0,1,120,4,0,1440
shared_map,medium,4.0,10207,timeout,0,0,1,120,3,2,748
shared_map,medium,4.0,10208,timeout,0,0,1,120,5,0,2400
shared_map,medium,4.0,10209,timeout,0,0,1,120,4,0,744
shared_map,medium,4.0,10210,timeout,0,0,1,120,5,0,2400
shared_map,medium,4.0,10211,timeout,0,0,1,120,4,2,1454
shared_map,medium,4.0,10212,timeout,0,0,1,120,2,2,514
shared_map,medium,4.0,10213,timeout,0,0,1,120,5,0,2400
shared_map,medium,4.0,10214,timeout,0,0,1,120,5,0,2400
shared_map,medium,4.0,10215,timeout,0,0,1,120,5,0,2400
shared_map,medium,4.0,10216,timeout,0,0,1,120,5,0,2400
shared_map,medium,4.0,10217,timeout,0,0,1,120,4,2,1472
shared_map,medium,4.0,10218,timeout,0,0,1,120,4,0,1440
shared_map,medium,4.0,10219,timeout,0,0,1,120,4,0,1440
shared_map,medium,4.0,10220,timeout,0,0,1,120,4,2,1478
shared_map,medium,4.0,10221,timeout,0,0,1,120,4,2,1454
shared_map,medium,4.0,10222,timeout,0,0,1,120,5,2,1928
shared_map,medium,4.0,10223,timeout,0,0,1,120,4,2,1458
shared_map,medium,4.0,10224,timeout,0,0,1,120,4,0,1440
shared_map,medium,4.0,10225,timeout,0,0,1,120,3,0,744
shared_map,medium,4.0,10226,timeout,0,0,1,120,4,0,1440
shared_map,medium,4.0,10227,timeout,0,0,1,120,5,2,1468
shared_map,medium,4.0,10228,timeout,0,0,1,120,4,2,1454
shared_map,medium,4.0,10229,timeout,0,0,1,120,3,3,704
shared_map,medium,4.0,10230,timeout,0,0,1,120,4,2,1472
shared_map,medium,4.0,10231,timeout,0,0,1,120,5,0,1440
shared_map,medium,4.0,10232,timeout,0,0,1,120,5,3,2400
shared_map,medium,4.0,10233,timeout,0,0,1,120,4,0,1440
shared_map,medium,4.0,10234,timeout,0,0,1,120,4,0,1440
shared_map,medium,4.0,10235,timeout,0,0,1,120,5,0,2400
shared_map,medium,4.0,10236,timeout,0,0,1,120,5,0,2400
shared_map,medium,4.0,10237,timeout,0,0,1,120,5,0,2400
shared_map,medium,4.0,10238,timeout,0,0,1,120,3,3,776
shared_map,medium,4.0,10239,timeout,0,0,1,120,4,0,1440
shared_map,medium,4.0,10240,timeout,0,0,1,120,4,2,1464
shared_map,medium,4.0,10241,timeout,0,0,1,120,4,0,1440
shared_map,medium,4.0,10242,timeout,0,0,1,120,4,2,1472
shared_map,medium,4.0,10243,timeout,0,0,1,120,5,0,2400
shared_map,medium,4.0,10244,timeout,0,0,1,120,5,2,2400
shared_map,medium,4.0,10245,timeout,0,0,1,120,5,0,2400
shared_map,medium,4.0,10246,wipeout,0,1,0,24,0,2,230
shared_map,medium,4.0,10247,timeout,0,0,1,120,4,0,1440
shared_map,medium,4.0,10248,timeout,0,0,1,120,4,0,1440
shared_map,medium,4.0,10249,timeout,0,0,1,120,4,2,1456
shared_map,medium,4.0,10250,timeout,0,0,1,120,5,0,2400
shared_map,medium,4.0,10251,timeout,0,0,1,120,4,0,1440
shared_map,medium,4.0,10252,timeout,0,0,1,120,5,0,2394
shared_map,medium,4.0,10253,timeout,0,0,1,120,4,0,1440
shared_map,medium,4.0,10254,timeout,0,0,1,120,4,0,1440
shared_map,medium,4.0,10255,timeout,0,0,1,120,5,0,2400
shared_map,medium,4.0,10256,timeout,0,0,1,120,4,0,1440
shared_map,medium,4.0,10257,timeout,0,0,1,120,4,0,1440
shared_map,medium,4.0,10258,timeout,0,0,1,120,4,2,1464
shared_map,medium,4.0,10259,timeout,0,0,1,120,5,0,2400
shared_map,medium,4.0,10260,timeout,0,0,1,120,5,0,2400
shared_map,medium,4.0,10261,timeout,0,0,1,120,5,0,2400
shared_map,medium,4.0,10262,timeout,0,0,1,120,3,2,748
shared_map,medium,4.0,10263,timeout,0,0,1,120,4,3,1472
shared_map,medium,4.0,10264,wipeout,0,1,0,14,0,2,214
shared_map,medium,4.0,10265,timeout,0,0,1,120,3,0,744
shared_map,medium,4.0,10266,timeout,0,0,1,120,4,0,1440
shared_map,medium,4.0,10267,timeout,0,0,1,120,5,0,2400
shared_map,medium,4.0,10268,timeout,0,0,1,120,5,0,2400
shared_map,medium,4.0,10269,timeout,0,0,1,120,4,0,1440
shared_map,medium,4.0,10270,timeout,0,0,1,120,5,0,2400
shared_map,medium,4.0,10271,timeout,0,0,1,120,4,2,1458
shared_map,medium,4.0,10272,timeout,0,0,1,120,5,0,2400
shared_map,medium,4.0,10273,timeout,0,0,1,120,5,0,2400
shared_map,medium,4.0,10274,timeout,0,0,1,120,5,0,2400
shared_map,medium,4.0,10275,timeout,0,0,1,120,5,0,2400
shared_map,medium,4.0,10276,timeout,0,0,1,120,5,0,2400
shared_map,medium,4.0,10277,timeout,0,0,1,120,5,0,2400
shared_map,medium,4.0,10278,timeout,0,0,1,120,4,0,1440
shared_map,medium,4.0,10279,timeout,0,0,1,120,5,0,2400
shared_map,medium,4.0,10280,timeout,0,0,1,120,4,0,1440
shared_map,medium,4.0,10281,timeout,0,0,1,120,4,0,1440
shared_map,medium,4.0,10282,timeout,0,0,1,120,4,2,1488
shared_map,medium,4.0,10283,timeout,0,0,1,120,4,2,1464
shared_map,medium,4.0,10284,timeout,0,0,1,120,3,0,738
shared_map,medium,4.0,10285,timeout,0,0,1,120,5,0,2400
shared_map,medium,4.0,10286,timeout,0,0,1,120,5,0,2400
shared_map,medium,4.0,10287,timeout,0,0,1,120,5,0,2400
shared_map,medium,4.0,10288,timeout,0,0,1,120,5,0,2400
shared_map,medium,4.0,10289,timeout,0,0,1,120,5,0,2400
shared_map,medium,4.0,10290,timeout,0,0,1,120,5,0,2400
shared_map,medium,4.0,10291,timeout,0,0,1,120,2,3,408
shared_map,medium,4.0,10292,wipeout,0,1,0,25,0,2,246
shared_map,medium,4.0,10293,timeout,0,0,1,120,5,0,2400
shared_map,medium,4.0,10294,timeout,0,0,1,120,5,2,2400
shared_map,medium,4.0,10295,wipeout,0,1,0,18,0,2,200
shared_map,medium,4.0,10296,timeout,0,0,1,120,4,2,1464
shared_map,medium,4.0,10297,timeout,0,0,1,120,5,2,2400
shared_map,medium,4.0,10298,timeout,0,0,1,120,4,2,1454
shared_map,medium,4.0,10299,timeout,0,0,1,120,5,0,2400
shared_map,medium,4.0,10300,timeout,0,0,1,120,4,2,1454
shared_map,medium,4.0,10301,timeout,0,0,1,120,5,0,2400
shared_map,medium,4.0,10302,timeout,0,0,1,120,5,0,2400
shared_map,medium,4.0,10303,timeout,0,0,1,120,1,3,82
shared_map,medium,4.0,10304,timeout,0,0,1,120,4,0,1440
shared_map,medium,4.0,10305,timeout,0,0,1,120,5,0,2400
shared_map,medium,4.0,10306,timeout,0,0,1,120,4,2,1472
shared_map,medium,4.0,10307,timeout,0,0,1,120,4,2,1454
shared_map,medium,4.0,10308,timeout,0,0,1,120,4,0,1440
shared_map,medium,4.0,10309,timeout,0,0,1,120,4,2,1454
shared_map,medium,4.0,10310,timeout,0,0,1,120,4,2,1456
shared_map,medium,4.0,10311,timeout,0,0,1,120,5,0,2400
shared_map,medium,4.0,10312,timeout,0,0,1,120,4,2,1458
shared_map,medium,4.0,10313,timeout,0,0,1,120,5,0,2400
shared_map,medium,4.0,10314,timeout,0,0,1,120,5,0,2400
shared_map,medium,4.0,10315,timeout,0,0,1,120,5,0,2400
shared_map,medium,4.0,10316,timeout,0,0,1,120,4,2,1484
shared_map,medium,4.0,10317,timeout,0,0,1,120,4,2,1454
shared_map,medium,4.0,10318,wipeout,0,1,0,21,0,3,156
shared_map,medium,4.0,10319,timeout,0,0,1,120,4,0,1440
shared_map,medium,4.0,10320,timeout,0,0,1,120,5,0,2400
shared_map,medium,4.0,10321,timeout,0,0,1,120,5,0,2400
shared_map,medium,4.0,10322,timeout,0,0,1,120,5,0,2400
shared_map,medium,4.0,10323,timeout,0,0,1,120,5,0,2400
shared_map,medium,4.0,10324,timeout,0,0,1,120,4,2,1484
shared_map,medium,4.0,10325,timeout,0,0,1,120,5,0,2400
shared_map,medium,4.0,10326,timeout,0,0,1,120,4,3,558
shared_map,medium,4.0,10327,timeout,0,0,1,120,5,0,2400
shared_map,medium,4.0,10328,timeout,0,0,1,120,4,0,1440
shared_map,medium,4.0,10329,timeout,0,0,1,120,4,2,1472
shared_map,medium,4.0,10330,timeout,0,0,1,120,5,0,2400
shared_map,medium,4.0,10331,timeout,0,0,1,120,5,0,2400
shared_map,medium,4.0,10332,timeout,0,0,1,120,2,2,330
shared_map,medium,4.0,10333,timeout,0,0,1,120,4,0,1440
shared_map,medium,4.0,10334,timeout,0,0,1,120,2,3,188
shared_map,medium,4.0,10335,timeout,0,0,1,120,5,0,2400
shared_map,medium,4.0,10336,timeout,0,0,1,120,3,0,738
shared_map,medium,4.0,10337,timeout,0,0,1,120,2,3,344
shared_map,medium,4.0,10338,timeout,0,0,1,120,4,0,1440
shared_map,medium,4.0,10339,timeout,0,0,1,120,5,0,2400
shared_map,medium,4.0,10340,timeout,0,0,1,120,5,0,2400
shared_map,medium,4.0,10341,timeout,0,0,1,120,4,2,1454
shared_map,medium,4.0,10342,timeout,0,0,1,120,5,0,2400
shared_map,medium,4.0,10343,timeout,0,0,1,120,4,0,1440
shared_map,medium,4.0,10344,timeout,0,0,1,120,5,0,2400
shared_map,medium,4.0,10345,timeout,0,0,1,120,5,0,2400
shared_map,medium,4.0,10346,timeout,0,0,1,120,4,2,1460
shared_map,medium,4.0,10347,timeout,0,0,1,120,4,2,1454
shared_map,medium,4.0,10348,timeout,0,0,1,120,4,2,1484
shared_map,medium,4.0,10349,timeout,0,0,1,120,5,2,1710
shared_map,medium,4.0,10350,timeout,0,0,1,120,4,2,1454
shared_map,medium,4.0,10351,wipeout,0,1,0,24,0,3,304
shared_map,medium,4.0,10352,timeout,0,0,1,120,5,0,2400
shared_map,medium,4.0,10353,timeout,0,0,1,120,5,0,2400
shared_map,medium,4.0,10354,timeout,0,0,1,120,5,0,2400
shared_map,medium,4.0,10355,timeout,0,0,1,120,5,0,2400
shared_map,medium,4.0,10356,timeout,0,0,1,120,4,2,1472
shared_map,medium,4.0,10357,timeout,0,0,1,120,5,0,1440
shared_map,medium,4.0,10358,timeout,0,0,1,120,4,0,1440
shared_map,medium,4.0,10359,timeout,0,0,1,120,4,2,1458
shared_map,medium,4.0,10360,timeout,0,0,1,120,5,0,2400
shared_map,medium,4.0,10361,wipeout,0,1,0,21,0,2,260
shared_map,medium,4.0,10362,timeout,0,0,1,120,5,0,2400
shared_map,medium,4.0,10363,timeout,0,0,1,120,4,0,1440
shared_map,medium,4.0,10364,timeout,0,0,1,120,5,0,2400
shared_map,medium,4.0,10365,wipeout,0,1,0,23,0,2,352
shared_map,medium,4.0,10366,timeout,0,0,1,120,3,3,808
shared_map,medium,4.0,10367,timeout,0,0,1,120,4,0,1440
shared_map,medium,4.0,10368,timeout,0,0,1,120,4,3,1482
shared_map,medium,4.0,10369,timeout,0,0,1,120,4,0,750
shared_map,medium,4.0,10370,timeout,0,0,1,120,5,0,2400
shared_map,medium,4.0,10371,timeout,0,0,1,120,4,2,1454
shared_map,medium,4.0,10372,wipeout,0,1,0,21,0,3,152
shared_map,medium,4.0,10373,timeout,0,0,1,120,5,2,2400
shared_map,medium,4.0,10374,timeout,0,0,1,120,4,0,1440
shared_map,medium,4.0,10375,timeout,0,0,1,120,4,0,1440
shared_map,medium,4.0,10376,timeout,0,0,1,120,4,2,1478
shared_map,medium,4.0,10377,timeout,0,0,1,120,5,2,2400
shared_map,medium,4.0,10378,timeout,0,0,1,120,4,2,1536
shared_map,medium,4.0,10379,timeout,0,0,1,120,4,3,1464
shared_map,medium,4.0,10380,timeout,0,0,1,120,4,0,1440
shared_map,medium,4.0,10381,timeout,0,0,1,120,5,3,1454
shared_map,medium,4.0,10382,timeout,0,0,1,120,4,0,1440
shared_map,medium,4.0,10383,timeout,0,0,1,120,4,2,1464
shared_map,medium,4.0,10384,timeout,0,0,1,120,3,2,354
shared_map,medium,4.0,10385,timeout,0,0,1,120,5,2,2400
shared_map,medium,4.0,10386,timeout,0,0,1,120,4,0,1440
shared_map,medium,4.0,10387,timeout,0,0,1,120,5,0,2400
shared_map,medium,4.0,10388,timeout,0,0,1,120,4,0,1440
shared_map,medium,4.0,10389,timeout,0,0,1,120,5,0,2400
shared_map,medium,4.0,10390,timeout,0,0,1,120,5,0,1440
shared_map,medium,4.0,10391,wipeout,0,1,0,24,0,2,230
shared_map,medium,4.0,10392,timeout,0,0,1,120,5,0,2400
shared_map,medium,4.0,10393,timeout,0,0,1,120,4,2,1488
shared_map,medium,4.0,10394,timeout,0,0,1,120,4,2,1454
shared_map,medium,4.0,10395,timeout,0,0,1,120,5,0,2400
shared_map,medium,4.0,10396,timeout,0,0,1,120,4,0,1440
shared_map,medium,4.0,10397,timeout,0,0,1,120,5,2,2282
shared_map,medium,4.0,10398,timeout,0,0,1,120,5,0,2400
shared_map,medium,4.0,10399,timeout,0,0,1,120,4,2,1464
shared_map,medium,4.0,10400,timeout,0,0,1,120,4,2,1464
shared_map,medium,4.0,10401,timeout,0,0,1,120,4,2,1454
shared_map,medium,4.0,10402,timeout,0,0,1,120,4,2,1454
shared_map,medium,4.0,10403,timeout,0,0,1,120,5,2,1458
shared_map,medium,4.0,10404,wipeout,0,1,0,21,0,2,320
shared_map,medium,4.0,10405,timeout,0,0,1,120,5,2,2400
shared_map,medium,4.0,10406,wipeout,0,1,0,17,0,3,170
shared_map,medium,4.0,10407,timeout,0,0,1,120,4,2,1458
shared_map,medium,4.0,10408,timeout,0,0,1,120,2,2,310
shared_map,medium,4.0,10409,timeout,0,0,1,120,4,2,1472
shared_map,medium,4.0,10410,timeout,0,0,1,120,5,0,2400
shared_map,medium,4.0,10411,timeout,0,0,1,120,5,0,2400
shared_map,medium,4.0,10412,timeout,0,0,1,120,5,0,2400
shared_map,medium,4.0,10413,timeout,0,0,1,120,4,2,1458
shared_map,medium,4.0,10414,timeout,0,0,1,120,1,3,156
shared_map,medium,4.0,10415,timeout,0,0,1,120,5,0,2400
shared_map,medium,4.0,10416,timeout,0,0,1,120,4,0,738
shared_map,medium,4.0,10417,timeout,0,0,1,120,3,2,870
shared_map,medium,4.0,10418,timeout,0,0,1,120,4,2,1454
shared_map,medium,4.0,10419,wipeout,0,1,0,21,0,2,340
shared_map,medium,4.0,10420,timeout,0,0,1,120,4,3,1556
shared_map,medium,4.0,10421,timeout,0,0,1,120,1,2,176
shared_map,medium,4.0,10422,timeout,0,0,1,120,4,0,1440
shared_map,medium,4.0,10423,wipeout,0,1,0,17,0,3,140
shared_map,medium,4.0,10424,timeout,0,0,1,120,5,0,2400
shared_map,medium,4.0,10425,timeout,0,0,1,120,5,0,2400
shared_map,medium,4.0,10426,timeout,0,0,1,120,3,0,738
shared_map,medium,4.0,10427,timeout,0,0,1,120,4,3,552
shared_map,medium,4.0,10428,timeout,0,0,1,120,5,2,2282
shared_map,medium,4.0,10429,timeout,0,0,1,120,5,0,2400
shared_map,medium,4.0,10430,timeout,0,0,1,120,5,3,2400
shared_map,medium,4.0,10431,timeout,0,0,1,120,3,0,744
shared_map,medium,4.0,10432,timeout,0,0,1,120,5,0,2400
shared_map,medium,4.0,10433,timeout,0,0,1,120,4,0,1440
shared_map,medium,4.0,10434,timeout,0,0,1,120,5,0,2400
shared_map,medium,4.0,10435,timeout,0,0,1,120,4,2,1454
shared_map,medium,4.0,10436,timeout,0,0,1,120,3,2,748
shared_map,medium,4.0,10437,timeout,0,0,1,120,5,0,2400
shared_map,medium,4.0,10438,timeout,0,0,1,120,4,0,1440
shared_map,medium,4.0,10439,timeout,0,0,1,120,4,2,1454
shared_map,medium,4.0,10440,timeout,0,0,1,120,2,3,326
shared_map,medium,4.0,10441,timeout,0,0,1,120,4,2,1454
shared_map,medium,4.0,10442,timeout,0,0,1,120,5,0,2400
shared_map,medium,4.0,10443,timeout,0,0,1,120,3,3,312
shared_map,medium,4.0,10444,timeout,0,0,1,120,4,0,1440
shared_map,medium,4.0,10445,timeout,0,0,1,120,5,0,2400
shared_map,medium,4.0,10446,timeout,0,0,1,120,5,2,2400
shared_map,medium,4.0,10447,timeout,0,0,1,120,4,2,1460
shared_map,medium,4.0,10448,timeout,0,0,1,120,3,0,744
shared_map,medium,4.0,10449,timeout,0,0,1,120,5,0,2400
shared_map,medium,4.0,10450,timeout,0,0,1,120,5,3,2400
shared_map,medium,4.0,10451,wipeout,0,1,0,23,0,3,208
shared_map,medium,4.0,10452,timeout,0,0,1,120,4,2,1478
shared_map,medium,4.0,10453,timeout,0,0,1,120,3,2,756
shared_map,medium,4.0,10454,timeout,0,0,1,120,5,0,2400
shared_map,medium,4.0,10455,timeout,0,0,1,120,3,0,738
shared_map,medium,4.0,10456,timeout,0,0,1,120,5,0,2400
shared_map,medium,4.0,10457,timeout,0,0,1,120,4,2,1454
shared_map,medium,4.0,10458,timeout,0,0,1,120,4,0,1440
shared_map,medium,4.0,10459,timeout,0,0,1,120,3,0,738
shared_map,medium,4.0,10460,timeout,0,0,1,120,4,2,1478
shared_map,medium,4.0,10461,timeout,0,0,1,120,4,0,1440
shared_map,medium,4.0,10462,timeout,0,0,1,120,4,2,1464
shared_map,medium,4.0,10463,timeout,0,0,1,120,4,0,1440
shared_map,medium,4.0,10464,timeout,0,0,1,120,5,0,2400
shared_map,medium,4.0,10465,timeout,0,0,1,120,4,2,1454
shared_map,medium,4.0,10466,timeout,0,0,1,120,4,2,1454
shared_map,medium,4.0,10467,timeout,0,0,1,120,4,2,1464
shared_map,medium,4.0,10468,timeout,0,0,1,120,4,2,1464
shared_map,medium,4.0,10469,timeout,0,0,1,120,5,0,2400
shared_map,medium,4.0,10470,timeout,0,0,1,120,3,0,750
shared_map,medium,4.0,10471,timeout,0,0,1,120,4,0,1440
shared_map,medium,4.0,10472,timeout,0,0,1,120,4,2,1454
shared_map,medium,4.0,10473,timeout,0,0,1,120,4,0,1440
shared_map,medium,4.0,10474,timeout,0,0,1,120,5,0,2400
shared_map,medium,4.0,10475,timeout,0,0,1,120,5,0,2400
shared_map,medium,4.0,10476,timeout,0,0,1,120,5,0,2400
shared_map,medium,4.0,10477,timeout,0,0,1,120,5,2,1454
shared_map,medium,4.0,10478,timeout,0,0,1,120,3,0,738
shared_map,medium,4.0,10479,timeout,0,0,1,120,4,3,574
shared_map,medium,4.0,10480,timeout,0,0,1,120,4,2,1484
shared_map,medium,4.0,10481,timeout,0,0,1,120,4,2,1464
shared_map,medium,4.0,10482,timeout,0,0,1,120,3,0,744
shared_map,medium,4.0,10483,timeout,0,0,1,120,5,0,2400
shared_map,medium,4.0,10484,timeout,0,0,1,120,4,2,1454
shared_map,medium,4.0,10485,timeout,0,0,1,120,3,0,744
shared_map,medium,4.0,10486,timeout,0,0,1,120,5,3,1516
shared_map,medium,4.0,10487,timeout,0,0,1,120,4,0,1440
shared_map,medium,4.0,10488,timeout,0,0,1,120,5,0,2400
shared_map,medium,4.0,10489,timeout,0,0,1,120,3,0,750
shared_map,medium,4.0,10490,timeout,0,0,1,120,3,0,738
shared_map,medium,4.0,10491,timeout,0,0,1,120,5,0,2400
shared_map,medium,4.0,10492,timeout,0,0,1,120,4,2,1464
shared_map,medium,4.0,10493,timeout,0,0,1,120,5,0,2400
shared_map,medium,4.0,10494,timeout,0,0,1,120,5,3,2400
shared_map,medium,4.0,10495,timeout,0,0,1,120,4,2,1472
shared_map,medium,4.0,10496,timeout,0,0,1,120,4,0,1440
shared_map,medium,4.0,10497,timeout,0,0,1,120,3,2,748
shared_map,medium,4.0,10498,timeout,0,0,1,120,4,0,1440
shared_map,medium,4.0,10499,timeout,0,0,1,120,5,0,2400
split_exit,medium,4.0,10000,timeout,0,0,1,120,1,2,160
split_exit,medium,4.0,10001,timeout,0,0,1,120,3,0,747
split_exit,medium,4.0,10002,timeout,0,0,1,120,4,0,1448
split_exit,medium,4.0,10003,timeout,0,0,1,120,1,2,98
split_exit,medium,4.0,10004,wipeout,0,1,0,12,0,2,58
split_exit,medium,4.0,10005,timeout,0,0,1,120,2,2,256
split_exit,medium,4.0,10006,timeout,0,0,1,120,3,2,790
split_exit,medium,4.0,10007,timeout,0,0,1,120,2,2,252
split_exit,medium,4.0,10008,timeout,0,0,1,120,3,2,732
split_exit,medium,4.0,10009,timeout,0,0,1,120,3,0,766
split_exit,medium,4.0,10010,timeout,0,0,1,120,2,2,254
split_exit,medium,4.0,10011,timeout,0,0,1,120,3,2,276
split_exit,medium,4.0,10012,timeout,0,0,1,120,5,0,1559
split_exit,medium,4.0,10013,timeout,0,0,1,120,2,4,254
split_exit,medium,4.0,10014,timeout,0,0,1,120,4,2,485
split_exit,medium,4.0,10015,timeout,0,0,1,120,4,4,257
split_exit,medium,4.0,10016,timeout,0,0,1,120,3,2,747
split_exit,medium,4.0,10017,timeout,0,0,1,120,3,2,730
split_exit,medium,4.0,10018,timeout,0,0,1,120,3,4,256
split_exit,medium,4.0,10019,timeout,0,0,1,120,3,0,748
split_exit,medium,4.0,10020,timeout,0,0,1,120,4,3,486
split_exit,medium,4.0,10021,timeout,0,0,1,120,3,5,259
split_exit,medium,4.0,10022,timeout,0,0,1,120,3,4,257
split_exit,medium,4.0,10023,timeout,0,0,1,120,2,2,258
split_exit,medium,4.0,10024,timeout,0,0,1,120,2,2,254
split_exit,medium,4.0,10025,wipeout,0,1,0,14,0,3,72
split_exit,medium,4.0,10026,timeout,0,0,1,120,2,3,285
split_exit,medium,4.0,10027,timeout,0,0,1,120,3,2,773
split_exit,medium,4.0,10028,timeout,0,0,1,120,2,2,252
split_exit,medium,4.0,10029,timeout,0,0,1,120,3,5,253
split_exit,medium,4.0,10030,timeout,0,0,1,120,3,0,739
split_exit,medium,4.0,10031,timeout,0,0,1,120,3,4,249
split_exit,medium,4.0,10032,timeout,0,0,1,120,2,2,279
split_exit,medium,4.0,10033,timeout,0,0,1,120,2,2,266
split_exit,medium,4.0,10034,timeout,0,0,1,120,2,2,254
split_exit,medium,4.0,10035,timeout,0,0,1,120,3,0,742
split_exit,medium,4.0,10036,timeout,0,0,1,120,1,2,54
split_exit,medium,4.0,10037,timeout,0,0,1,120,1,2,18
split_exit,medium,4.0,10038,timeout,0,0,1,120,3,2,756
split_exit,medium,4.0,10039,timeout,0,0,1,120,2,2,256
split_exit,medium,4.0,10040,timeout,0,0,1,120,2,3,280
split_exit,medium,4.0,10041,timeout,0,0,1,120,3,2,268
split_exit,medium,4.0,10042,timeout,0,0,1,120,2,2,262
split_exit,medium,4.0,10043,timeout,0,0,1,120,1,2,155
split_exit,medium,4.0,10044,timeout,0,0,1,120,3,0,741
split_exit,medium,4.0,10045,timeout,0,0,1,120,3,0,739
split_exit,medium,4.0,10046,timeout,0,0,1,120,3,3,250
split_exit,medium,4.0,10047,timeout,0,0,1,120,5,2,971
split_exit,medium,4.0,10048,timeout,0,0,1,120,2,2,252
split_exit,medium,4.0,10049,timeout,0,0,1,120,3,2,743
split_exit,medium,4.0,10050,timeout,0,0,1,120,3,2,700
split_exit,medium,4.0,10051,timeout,0,0,1,120,3,0,731
split_exit,medium,4.0,10052,timeout,0,0,1,120,3,2,831
split_exit,medium,4.0,10053,timeout,0,0,1,120,3,0,737
split_exit,medium,4.0,10054,timeout,0,0,1,120,3,0,764
split_exit,medium,4.0,10055,timeout,0,0,1,120,2,2,97
split_exit,medium,4.0,10056,timeout,0,0,1,120,3,3,249
split_exit,medium,4.0,10057,timeout,0,0,1,120,3,0,736
split_exit,medium,4.0,10058,timeout,0,0,1,120,3,0,794
split_exit,medium,4.0,10059,timeout,0,0,1,120,3,2,778
split_exit,medium,4.0,10060,timeout,0,0,1,120,3,0,766
split_exit,medium,4.0,10061,timeout,0,0,1,120,3,4,249
split_exit,medium,4.0,10062,timeout,0,0,1,120,3,0,765
split_exit,medium,4.0,10063,timeout,0,0,1,120,3,4,250
split_exit,medium,4.0,10064,timeout,0,0,1,120,3,4,249
split_exit,medium,4.0,10065,timeout,0,0,1,120,2,4,252
split_exit,medium,4.0,10066,timeout,0,0,1,120,5,2,1559
split_exit,medium,4.0,10067,timeout,0,0,1,120,2,3,252
split_exit,medium,4.0,10068,timeout,0,0,1,120,5,0,969
split_exit,medium,4.0,10069,wipeout,0,1,0,11,0,3,40
split_exit,medium,4.0,10070,timeout,0,0,1,120,2,3,276
split_exit,medium,4.0,10071,timeout,0,0,1,120,3,0,741
split_exit,medium,4.0,10072,timeout,0,0,1,120,5,0,1205
split_exit,medium,4.0,10073,timeout,0,0,1,120,2,2,252
split_exit,medium,4.0,10074,timeout,0,0,1,120,3,2,734
split_exit,medium,4.0,10075,timeout,0,0,1,120,2,2,97
split_exit,medium,4.0,10076,timeout,0,0,1,120,3,4,256
split_exit,medium,4.0,10077,timeout,0,0,1,120,2,0,256
split_exit,medium,4.0,10078,timeout,0,0,1,120,3,0,735
split_exit,medium,4.0,10079,timeout,0,0,1,120,2,2,252
split_exit,medium,4.0,10080,timeout,0,0,1,120,3,2,262
split_exit,medium,4.0,10081,timeout,0,0,1,120,3,2,726
split_exit,medium,4.0,10082,timeout,0,0,1,120,3,0,728
split_exit,medium,4.0,10083,timeout,0,0,1,120,2,2,335
split_exit,medium,4.0,10084,timeout,0,0,1,120,2,2,252
split_exit,medium,4.0,10085,timeout,0,0,1,120,2,2,276
split_exit,medium,4.0,10086,timeout,0,0,1,120,3,4,256
split_exit,medium,4.0,10087,timeout,0,0,1,120,3,0,735
split_exit,medium,4.0,10088,timeout,0,0,1,120,3,0,726
split_exit,medium,4.0,10089,timeout,0,0,1,120,4,0,1444
split_exit,medium,4.0,10090,timeout,0,0,1,120,1,3,39
split_exit,medium,4.0,10091,timeout,0,0,1,120,3,2,728
split_exit,medium,4.0,10092,timeout,0,0,1,120,3,2,732
split_exit,medium,4.0,10093,timeout,0,0,1,120,2,3,252
split_exit,medium,4.0,10094,timeout,0,0,1,120,5,2,965
split_exit,medium,4.0,10095,timeout,0,0,1,120,2,4,251
split_exit,medium,4.0,10096,timeout,0,0,1,120,2,2,349
split_exit,medium,4.0,10097,timeout,0,0,1,120,3,0,726
split_exit,medium,4.0,10098,timeout,0,0,1,120,3,0,737
split_exit,medium,4.0,10099,timeout,0,0,1,120,2,2,267
split_exit,medium,4.0,10100,timeout,0,0,1,120,5,0,969
split_exit,medium,4.0,10101,timeout,0,0,1,120,3,4,252
split_exit,medium,4.0,10102,timeout,0,0,1,120,3,0,741
split_exit,medium,4.0,10103,timeout,0,0,1,120,3,0,758
split_exit,medium,4.0,10104,timeout,0,0,1,120,5,2,968
split_exit,medium,4.0,10105,timeout,0,0,1,120,3,0,764
split_exit,medium,4.0,10106,timeout,0,0,1,120,2,4,252
split_exit,medium,4.0,10107,timeout,0,0,1,120,2,2,297
split_exit,medium,4.0,10108,timeout,0,0,1,120,3,0,760
split_exit,medium,4.0,10109,timeout,0,0,1,120,3,4,259
split_exit,medium,4.0,10110,wipeout,0,1,0,15,0,2,60
split_exit,medium,4.0,10111,timeout,0,0,1,120,2,2,300
split_exit,medium,4.0,10112,timeout,0,0,1,120,3,2,726
split_exit,medium,4.0,10113,timeout,0,0,1,120,5,3,2350
split_exit,medium,4.0,10114,timeout,0,0,1,120,3,2,735
split_exit,medium,4.0,10115,timeout,0,0,1,120,2,2,258
split_exit,medium,4.0,10116,timeout,0,0,1,120,2,2,425
split_exit,medium,4.0,10117,timeout,0,0,1,120,3,2,256
split_exit,medium,4.0,10118,timeout,0,0,1,120,3,0,737
split_exit,medium,4.0,10119,timeout,0,0,1,120,3,4,250
split_exit,medium,4.0,10120,timeout,0,0,1,120,3,4,252
split_exit,medium,4.0,10121,timeout,0,0,1,120,2,2,254
split_exit,medium,4.0,10122,timeout,0,0,1,120,2,3,252
split_exit,medium,4.0,10123,timeout,0,0,1,120,5,2,2377
split_exit,medium,4.0,10124,timeout,0,0,1,120,2,2,258
split_exit,medium,4.0,10125,timeout,0,0,1,120,5,3,1090
split_exit,medium,4.0,10126,timeout,0,0,1,120,3,0,758
split_exit,medium,4.0,10127,timeout,0,0,1,120,2,2,322
split_exit,medium,4.0,10128,timeout,0,0,1,120,3,0,741
split_exit,medium,4.0,10129,timeout,0,0,1,120,2,2,264
split_exit,medium,4.0,10130,wipeout,0,1,0,10,0,2,60
split_exit,medium,4.0,10131,timeout,0,0,1,120,3,2,729
split_exit,medium,4.0,10132,wipeout,0,1,0,11,0,2,39
split_exit,medium,4.0,10133,timeout,0,0,1,120,2,2,254
split_exit,medium,4.0,10134,timeout,0,0,1,120,4,2,488
split_exit,medium,4.0,10135,timeout,0,0,1,120,3,5,254
split_exit,medium,4.0,10136,timeout,0,0,1,120,3,2,620
split_exit,medium,4.0,10137,timeout,0,0,1,120,3,0,794
split_exit,medium,4.0,10138,timeout,0,0,1,120,3,2,749
split_exit,medium,4.0,10139,timeout,0,0,1,120,2,3,272
split_exit,medium,4.0,10140,timeout,0,0,1,120,3,2,629
split_exit,medium,4.0,10141,timeout,0,0,1,120,4,0,1354
split_exit,medium,4.0,10142,timeout,0,0,1,120,3,2,783
split_exit,medium,4.0,10143,timeout,0,0,1,120,3,2,773
split_exit,medium,4.0,10144,timeout,0,0,1,120,3,0,739
split_exit,medium,4.0,10145,timeout,0,0,1,120,3,2,772
split_exit,medium,4.0,10146,timeout,0,0,1,120,3,2,731
split_exit,medium,4.0,10147,timeout,0,0,1,120,3,2,260
split_exit,medium,4.0,10148,wipeout,0,1,0,14,0,2,77
split_exit,medium,4.0,10149,timeout,0,0,1,120,3,5,250
split_exit,medium,4.0,10150,timeout,0,0,1,120,3,2,728
split_exit,medium,4.0,10151,wipeout,0,1,0,19,0,2,150
split_exit,medium,4.0,10152,timeout,0,0,1,120,3,0,758
split_exit,medium,4.0,10153,timeout,0,0,1,120,5,0,1913
split_exit,medium,4.0,10154,timeout,0,0,1,120,3,2,740
split_exit,medium,4.0,10155,timeout,0,0,1,120,3,4,256
split_exit,medium,4.0,10156,timeout,0,0,1,120,3,2,275
split_exit,medium,4.0,10157,timeout,0,0,1,120,4,0,1019
split_exit,medium,4.0,10158,timeout,0,0,1,120,4,0,1448
split_exit,medium,4.0,10159,timeout,0,0,1,120,2,2,256
split_exit,medium,4.0,10160,timeout,0,0,1,120,3,2,748
split_exit,medium,4.0,10161,timeout,0,0,1,120,2,0,268
split_exit,medium,4.0,10162,timeout,0,0,1,120,3,4,258
split_exit,medium,4.0,10163,timeout,0,0,1,120,2,0,249
split_exit,medium,4.0,10164,timeout,0,0,1,120,2,3,289
split_exit,medium,4.0,10165,timeout,0,0,1,120,2,2,272
split_exit,medium,4.0,10166,timeout,0,0,1,120,2,2,256
split_exit,medium,4.0,10167,timeout,0,0,1,120,3,4,252
split_exit,medium,4.0,10168,timeout,0,0,1,120,4,2,1156
split_exit,medium,4.0,10169,timeout,0,0,1,120,3,2,608
split_exit,medium,4.0,10170,timeout,0,0,1,120,3,0,736
split_exit,medium,4.0,10171,timeout,0,0,1,120,3,4,250
split_exit,medium,4.0,10172,timeout,0,0,1,120,5,0,1559
split_exit,medium,4.0,10173,timeout,0,0,1,120,1,2,18
split_exit,medium,4.0,10174,timeout,0,0,1,120,4,2,488
split_exit,medium,4.0,10175,timeout,0,0,1,120,2,4,256
split_exit,medium,4.0,10176,timeout,0,0,1,120,5,0,969
split_exit,medium,4.0,10177,timeout,0,0,1,120,3,0,820
split_exit,medium,4.0,10178,timeout,0,0,1,120,3,4,254
split_exit,medium,4.0,10179,timeout,0,0,1,120,3,4,252
split_exit,medium,4.0,10180,timeout,0,0,1,120,2,2,256
split_exit,medium,4.0,10181,timeout,0,0,1,120,3,2,782
split_exit,medium,4.0,10182,wipeout,0,1,0,20,0,2,146
split_exit,medium,4.0,10183,timeout,0,0,1,120,1,2,147
split_exit,medium,4.0,10184,timeout,0,0,1,120,2,3,254
split_exit,medium,4.0,10185,timeout,0,0,1,120,3,0,766
split_exit,medium,4.0,10186,timeout,0,0,1,120,2,2,266
split_exit,medium,4.0,10187,timeout,0,0,1,120,3,2,726
split_exit,medium,4.0,10188,timeout,0,0,1,120,3,2,733
split_exit,medium,4.0,10189,timeout,0,0,1,120,3,0,770
split_exit,medium,4.0,10190,timeout,0,0,1,120,3,4,249
split_exit,medium,4.0,10191,timeout,0,0,1,120,2,2,354
split_exit,medium,4.0,10192,timeout,0,0,1,120,3,2,254
split_exit,medium,4.0,10193,timeout,0,0,1,120,3,2,724
split_exit,medium,4.0,10194,timeout,0,0,1,120,2,4,253
split_exit,medium,4.0,10195,timeout,0,0,1,120,1,2,78
split_exit,medium,4.0,10196,timeout,0,0,1,120,5,2,960
split_exit,medium,4.0,10197,timeout,0,0,1,120,2,2,254
split_exit,medium,4.0,10198,timeout,0,0,1,120,3,0,728
split_exit,medium,4.0,10199,timeout,0,0,1,120,1,2,58
split_exit,medium,4.0,10200,timeout,0,0,1,120,3,2,735
split_exit,medium,4.0,10201,timeout,0,0,1,120,2,2,290
split_exit,medium,4.0,10202,timeout,0,0,1,120,2,0,268
split_exit,medium,4.0,10203,timeout,0,0,1,120,4,2,1188
split_exit,medium,4.0,10204,timeout,0,0,1,120,3,4,254
split_exit,medium,4.0,10205,timeout,0,0,1,120,3,0,831
split_exit,medium,4.0,10206,timeout,0,0,1,120,2,2,256
split_exit,medium,4.0,10207,timeout,0,0,1,120,1,2,18
split_exit,medium,4.0,10208,timeout,0,0,1,120,5,2,968
split_exit,medium,4.0,10209,timeout,0,0,1,120,3,3,254
split_exit,medium,4.0,10210,timeout,0,0,1,120,4,2,728
split_exit,medium,4.0,10211,timeout,0,0,1,120,2,2,254
split_exit,medium,4.0,10212,timeout,0,0,1,120,2,2,327
split_exit,medium,4.0,10213,timeout,0,0,1,120,3,2,737
split_exit,medium,4.0,10214,timeout,0,0,1,120,3,0,731
split_exit,medium,4.0,10215,timeout,0,0,1,120,4,0,1456
split_exit,medium,4.0,10216,timeout,0,0,1,120,3,0,758
split_exit,medium,4.0,10217,timeout,0,0,1,120,3,2,266
split_exit,medium,4.0,10218,timeout,0,0,1,120,2,2,254
split_exit,medium,4.0,10219,timeout,0,0,1,120,2,4,250
split_exit,medium,4.0,10220,timeout,0,0,1,120,2,2,274
split_exit,medium,4.0,10221,timeout,0,0,1,120,2,2,258
split_exit,medium,4.0,10222,timeout,0,0,1,120,3,2,490
split_exit,medium,4.0,10223,timeout,0,0,1,120,3,2,764
split_exit,medium,4.0,10224,timeout,0,0,1,120,2,4,253
split_exit,medium,4.0,10225,timeout,0,0,1,120,3,4,252
split_exit,medium,4.0,10226,timeout,0,0,1,120,2,4,254
split_exit,medium,4.0,10227,timeout,0,0,1,120,3,2,264
split_exit,medium,4.0,10228,timeout,0,0,1,120,2,2,262
split_exit,medium,4.0,10229,timeout,0,0,1,120,1,2,72
split_exit,medium,4.0,10230,timeout,0,0,1,120,5,2,2382
split_exit,medium,4.0,10231,timeout,0,0,1,120,3,4,256
split_exit,medium,4.0,10232,timeout,0,0,1,120,1,3,69
split_exit,medium,4.0,10233,timeout,0,0,1,120,2,4,253
split_exit,medium,4.0,10234,timeout,0,0,1,120,2,3,265
split_exit,medium,4.0,10235,timeout,0,0,1,120,3,0,758
split_exit,medium,4.0,10236,timeout,0,0,1,120,4,0,728
split_exit,medium,4.0,10237,timeout,0,0,1,120,3,0,747
split_exit,medium,4.0,10238,timeout,0,0,1,120,2,3,274
split_exit,medium,4.0,10239,timeout,0,0,1,120,3,4,254
split_exit,medium,4.0,10240,timeout,0,0,1,120,4,2,1279
split_exit,medium,4.0,10241,timeout,0,0,1,120,2,4,254
split_exit,medium,4.0,10242,timeout,0,0,1,120,2,3,264
split_exit,medium,4.0,10243,timeout,0,0,1,120,5,0,969
split_exit,medium,4.0,10244,timeout,0,0,1,120,4,2,1448
split_exit,medium,4.0,10245,timeout,0,0,1,120,4,2,1290
split_exit,medium,4.0,10246,timeout,0,0,1,120,1,2,73
split_exit,medium,4.0,10247,timeout,0,0,1,120,2,4,253
split_exit,medium,4.0,10248,timeout,0,0,1,120,3,4,254
split_exit,medium,4.0,10249,timeout,0,0,1,120,2,2,254
split_exit,medium,4.0,10250,timeout,0,0,1,120,3,0,745
split_exit,medium,4.0,10251,timeout,0,0,1,120,2,4,254
split_exit,medium,4.0,10252,timeout,0,0,1,120,3,2,724
split_exit,medium,4.0,10253,timeout,0,0,1,120,4,2,485
split_exit,medium,4.0,10254,timeout,0,0,1,120,2,4,253
split_exit,medium,4.0,10255,timeout,0,0,1,120,4,2,728
split_exit,medium,4.0,10256,timeout,0,0,1,120,4,3,486
split_exit,medium,4.0,10257,timeout,0,0,1,120,3,4,258
split_exit,medium,4.0,10258,timeout,0,0,1,120,2,2,258
split_exit,medium,4.0,10259,timeout,0,0,1,120,3,0,733
split_exit,medium,4.0,10260,timeout,0,0,1,120,3,0,737
split_exit,medium,4.0,10261,timeout,0,0,1,120,3,2,763
split_exit,medium,4.0,10262,timeout,0,0,1,120,1,2,18
split_exit,medium,4.0,10263,timeout,0,0,1,120,2,3,262
split_exit,medium,4.0,10264,timeout,0,0,1,120,2,2,286
split_exit,medium,4.0,10265,timeout,0,0,1,120,3,3,255
split_exit,medium,4.0,10266,timeout,0,0,1,120,3,4,256
split_exit,medium,4.0,10267,timeout,0,0,1,120,3,0,741
split_exit,medium,4.0,10268,timeout,0,0,1,120,3,2,724
split_exit,medium,4.0,10269,timeout,0,0,1,120,2,4,252
split_exit,medium,4.0,10270,timeout,0,0,1,120,3,0,758
split_exit,medium,4.0,10271,timeout,0,0,1,120,2,2,254
split_exit,medium,4.0,10272,timeout,0,0,1,120,4,0,1456
split_exit,medium,4.0,10273,timeout,0,0,1,120,3,4,728
split_exit,medium,4.0,10274,timeout,0,0,1,120,3,0,741
split_exit,medium,4.0,10275,timeout,0,0,1,120,3,0,770
split_exit,medium,4.0,10276,timeout,0,0,1,120,5,0,2267
split_exit,medium,4.0,10277,timeout,0,0,1,120,5,0,969
split_exit,medium,4.0,10278,timeout,0,0,1,120,3,2,255
split_exit,medium,4.0,10279,timeout,0,0,1,120,3,2,724
split_exit,medium,4.0,10280,timeout,0,0,1,120,2,4,254
split_exit,medium,4.0,10281,timeout,0,0,1,120,2,4,258
split_exit,medium,4.0,10282,timeout,0,0,1,120,2,2,275
split_exit,medium,4.0,10283,timeout,0,0,1,120,3,2,260
split_exit,medium,4.0,10284,timeout,0,0,1,120,3,4,250
split_exit,medium,4.0,10285,timeout,0,0,1,120,5,0,1913
split_exit,medium,4.0,10286,timeout,0,0,1,120,3,0,734
split_exit,medium,4.0,10287,timeout,0,0,1,120,3,2,737
split_exit,medium,4.0,10288,timeout,0,0,1,120,4,0,726
split_exit,medium,4.0,10289,timeout,0,0,1,120,5,0,969
split_exit,medium,4.0,10290,timeout,0,0,1,120,4,2,728
split_exit,medium,4.0,10291,timeout,0,0,1,120,1,3,79
split_exit,medium,4.0,10292,wipeout,0,1,0,20,0,2,95
split_exit,medium,4.0,10293,timeout,0,0,1,120,3,3,728
split_exit,medium,4.0,10294,timeout,0,0,1,120,5,2,978
split_exit,medium,4.0,10295,wipeout,0,1,0,18,0,2,108
split_exit,medium,4.0,10296,timeout,0,0,1,120,3,2,260
split_exit,medium,4.0,10297,timeout,0,0,1,120,3,2,729
split_exit,medium,4.0,10298,timeout,0,0,1,120,2,2,254
split_exit,medium,4.0,10299,timeout,0,0,1,120,3,0,748
split_exit,medium,4.0,10300,timeout,0,0,1,120,2,2,252
split_exit,medium,4.0,10301,timeout,0,0,1,120,4,0,726
split_exit,medium,4.0,10302,timeout,0,0,1,120,3,0,737
split_exit,medium,4.0,10303,timeout,0,0,1,120,2,2,287
split_exit,medium,4.0,10304,timeout,0,0,1,120,2,2,256
split_exit,medium,4.0,10305,timeout,0,0,1,120,5,0,969
split_exit,medium,4.0,10306,timeout,0,0,1,120,2,2,266
split_exit,medium,4.0,10307,timeout,0,0,1,120,3,2,252
split_exit,medium,4.0,10308,timeout,0,0,1,120,2,4,252
split_exit,medium,4.0,10309,timeout,0,0,1,120,2,2,262
split_exit,medium,4.0,10310,timeout,0,0,1,120,2,2,292
split_exit,medium,4.0,10311,timeout,0,0,1,120,3,0,726
split_exit,medium,4.0,10312,timeout,0,0,1,120,2,2,254
split_exit,medium,4.0,10313,timeout,0,0,1,120,4,0,1173
split_exit,medium,4.0,10314,timeout,0,0,1,120,3,0,734
split_exit,medium,4.0,10315,timeout,0,0,1,120,3,2,740
split_exit,medium,4.0,10316,timeout,0,0,1,120,2,2,272
split_exit,medium,4.0,10317,timeout,0,0,1,120,2,2,256
split_exit,medium,4.0,10318,wipeout,0,1,0,13,0,2,60
split_exit,medium,4.0,10319,timeout,0,0,1,120,3,0,644
split_exit,medium,4.0,10320,timeout,0,0,1,120,3,0,737
split_exit,medium,4.0,10321,timeout,0,0,1,120,3,0,758
split_exit,medium,4.0,10322,timeout,0,0,1,120,3,2,746
split_exit,medium,4.0,10323,timeout,0,0,1,120,3,0,758
split_exit,medium,4.0,10324,timeout,0,0,1,120,2,2,270
split_exit,medium,4.0,10325,timeout,0,0,1,120,3,0,794
split_exit,medium,4.0,10326,timeout,0,0,1,120,3,2,276
split_exit,medium,4.0,10327,timeout,0,0,1,120,5,0,969
split_exit,medium,4.0,10328,timeout,0,0,1,120,3,4,249
split_exit,medium,4.0,10329,timeout,0,0,1,120,2,2,260
split_exit,medium,4.0,10330,timeout,0,0,1,120,3,3,759
split_exit,medium,4.0,10331,timeout,0,0,1,120,3,0,770
split_exit,medium,4.0,10332,timeout,0,0,1,120,2,2,70
split_exit,medium,4.0,10333,timeout,0,0,1,120,4,3,256
split_exit,medium,4.0,10334,timeout,0,0,1,120,2,2,71
split_exit,medium,4.0,10335,timeout,0,0,1,120,3,2,754
split_exit,medium,4.0,10336,timeout,0,0,1,120,3,5,250
split_exit,medium,4.0,10337,wipeout,0,1,0,11,0,2,62
split_exit,medium,4.0,10338,timeout,0,0,1,120,3,4,257
split_exit,medium,4.0,10339,timeout,0,0,1,120,3,0,758
split_exit,medium,4.0,10340,timeout,0,0,1,120,3,0,770
split_exit,medium,4.0,10341,timeout,0,0,1,120,2,2,254
split_exit,medium,4.0,10342,timeout,0,0,1,120,3,2,750
split_exit,medium,4.0,10343,timeout,0,0,1,120,2,4,254
split_exit,medium,4.0,10344,timeout,0,0,1,120,3,0,808
split_exit,medium,4.0,10345,timeout,0,0,1,120,3,0,766
split_exit,medium,4.0,10346,timeout,0,0,1,120,2,2,256
split_exit,medium,4.0,10347,timeout,0,0,1,120,2,2,252
split_exit,medium,4.0,10348,timeout,0,0,1,120,2,2,280
split_exit,medium,4.0,10349,timeout,0,0,1,120,3,2,496
split_exit,medium,4.0,10350,timeout,0,0,1,120,2,2,262
split_exit,medium,4.0,10351,timeout,0,0,1,120,1,3,145
split_exit,medium,4.0,10352,timeout,0,0,1,120,4,2,751
split_exit,medium,4.0,10353,timeout,0,0,1,120,5,0,969
split_exit,medium,4.0,10354,timeout,0,0,1,120,3,0,743
split_exit,medium,4.0,10355,timeout,0,0,1,120,4,2,1126
split_exit,medium,4.0,10356,timeout,0,0,1,120,2,3,264
split_exit,medium,4.0,10357,timeout,0,0,1,120,2,2,259
split_exit,medium,4.0,10358,timeout,0,0,1,120,2,4,251
split_exit,medium,4.0,10359,timeout,0,0,1,120,2,2,254
split_exit,medium,4.0,10360,timeout,0,0,1,120,3,0,728
split_exit,medium,4.0,10361,timeout,0,0,1,120,2,2,437
split_exit,medium,4.0,10362,timeout,0,0,1,120,4,0,760
split_exit,medium,4.0,10363,timeout,0,0,1,120,2,4,254
split_exit,medium,4.0,10364,timeout,0,0,1,120,3,0,747
split_exit,medium,4.0,10365,timeout,0,0,1,120,2,2,325
split_exit,medium,4.0,10366,timeout,0,0,1,120,2,2,262
split_exit,medium,4.0,10367,timeout,0,0,1,120,3,4,256
split_exit,medium,4.0,10368,timeout,0,0,1,120,2,3,270
split_exit,medium,4.0,10369,timeout,0,0,1,120,3,4,249
split_exit,medium,4.0,10370,timeout,0,0,1,120,3,0,737
split_exit,medium,4.0,10371,timeout,0,0,1,120,2,3,254
split_exit,medium,4.0,10372,wipeout,0,1,0,12,0,2,58
split_exit,medium,4.0,10373,timeout,0,0,1,120,5,2,2385
split_exit,medium,4.0,10374,timeout,0,0,1,120,3,2,249
split_exit,medium,4.0,10375,timeout,0,0,1,120,3,4,256
split_exit,medium,4.0,10376,timeout,0,0,1,120,2,2,266
split_exit,medium,4.0,10377,timeout,0,0,1,120,4,2,1442
split_exit,medium,4.0,10378,timeout,0,0,1,120,3,2,569
split_exit,medium,4.0,10379,timeout,0,0,1,120,2,3,265
split_exit,medium,4.0,10380,timeout,0,0,1,120,2,2,256
split_exit,medium,4.0,10381,timeout,0,0,1,120,3,2,252
split_exit,medium,4.0,10382,timeout,0,0,1,120,2,4,252
split_exit,medium,4.0,10383,timeout,0,0,1,120,2,2,258
split_exit,medium,4.0,10384,timeout,0,0,1,120,2,2,268
split_exit,medium,4.0,10385,timeout,0,0,1,120,3,2,778
split_exit,medium,4.0,10386,timeout,0,0,1,120,3,3,256
split_exit,medium,4.0,10387,timeout,0,0,1,120,3,3,747
split_exit,medium,4.0,10388,timeout,0,0,1,120,3,4,257
split_exit,medium,4.0,10389,timeout,0,0,1,120,4,0,1448
split_exit,medium,4.0,10390,timeout,0,0,1,120,2,2,259
split_exit,medium,4.0,10391,timeout,0,0,1,120,1,2,80
split_exit,medium,4.0,10392,timeout,0,0,1,120,3,2,735
split_exit,medium,4.0,10393,timeout,0,0,1,120,1,2,113
split_exit,medium,4.0,10394,timeout,0,0,1,120,2,2,260
split_exit,medium,4.0,10395,timeout,0,0,1,120,5,0,969
split_exit,medium,4.0,10396,timeout,0,0,1,120,2,4,255
split_exit,medium,4.0,10397,timeout,0,0,1,120,3,3,724
split_exit,medium,4.0,10398,timeout,0,0,1,120,3,2,728
split_exit,medium,4.0,10399,timeout,0,0,1,120,2,2,262
split_exit,medium,4.0,10400,timeout,0,0,1,120,3,2,260
split_exit,medium,4.0,10401,timeout,0,0,1,120,3,2,252
split_exit,medium,4.0,10402,timeout,0,0,1,120,2,2,254
split_exit,medium,4.0,10403,timeout,0,0,1,120,3,2,742
split_exit,medium,4.0,10404,wipeout,0,1,0,20,0,2,66
split_exit,medium,4.0,10405,timeout,0,0,1,120,2,2,354
split_exit,medium,4.0,10406,timeout,0,0,1,120,2,3,285
split_exit,medium,4.0,10407,timeout,0,0,1,120,2,2,254
split_exit,medium,4.0,10408,timeout,0,0,1,120,3,2,287
split_exit,medium,4.0,10409,timeout,0,0,1,120,2,2,262
split_exit,medium,4.0,10410,timeout,0,0,1,120,3,0,766
split_exit,medium,4.0,10411,timeout,0,0,1,120,3,0,775
split_exit,medium,4.0,10412,timeout,0,0,1,120,4,0,1472
split_exit,medium,4.0,10413,timeout,0,0,1,120,3,2,764
split_exit,medium,4.0,10414,wipeout,0,1,0,11,0,2,66
split_exit,medium,4.0,10415,timeout,0,0,1,120,5,0,969
split_exit,medium,4.0,10416,timeout,0,0,1,120,3,4,250
split_exit,medium,4.0,10417,timeout,0,0,1,120,1,2,102
split_exit,medium,4.0,10418,timeout,0,0,1,120,2,2,254
split_exit,medium,4.0,10419,wipeout,0,1,0,19,0,2,72
split_exit,medium,4.0,10420,timeout,0,0,1,120,3,2,740
split_exit,medium,4.0,10421,wipeout,0,1,0,13,0,2,90
split_exit,medium,4.0,10422,timeout,0,0,1,120,3,3,259
split_exit,medium,4.0,10423,wipeout,0,1,0,18,0,3,38
split_exit,medium,4.0,10424,timeout,0,0,1,120,4,0,743
split_exit,medium,4.0,10425,timeout,0,0,1,120,3,0,731
split_exit,medium,4.0,10426,timeout,0,0,1,120,3,4,253
split_exit,medium,4.0,10427,timeout,0,0,1,120,3,2,271
split_exit,medium,4.0,10428,timeout,0,0,1,120,3,2,726
split_exit,medium,4.0,10429,timeout,0,0,1,120,4,0,726
split_exit,medium,4.0,10430,timeout,0,0,1,120,3,3,728
split_exit,medium,4.0,10431,timeout,0,0,1,120,3,4,255
split_exit,medium,4.0,10432,timeout,0,0,1,120,5,0,969
split_exit,medium,4.0,10433,timeout,0,0,1,120,4,4,258
split_exit,medium,4.0,10434,timeout,0,0,1,120,3,0,737
split_exit,medium,4.0,10435,timeout,0,0,1,120,2,2,260
split_exit,medium,4.0,10436,timeout,0,0,1,120,1,2,18
split_exit,medium,4.0,10437,timeout,0,0,1,120,3,0,733
split_exit,medium,4.0,10438,timeout,0,0,1,120,3,4,254
split_exit,medium,4.0,10439,timeout,0,0,1,120,2,2,256
split_exit,medium,4.0,10440,timeout,0,0,1,120,2,3,266
split_exit,medium,4.0,10441,timeout,0,0,1,120,2,2,252
split_exit,medium,4.0,10442,timeout,0,0,1,120,3,2,762
split_exit,medium,4.0,10443,timeout,0,0,1,120,3,2,277
split_exit,medium,4.0,10444,timeout,0,0,1,120,3,4,254
split_exit,medium,4.0,10445,timeout,0,0,1,120,3,0,758
split_exit,medium,4.0,10446,timeout,0,0,1,120,3,2,729
split_exit,medium,4.0,10447,timeout,0,0,1,120,2,2,264
split_exit,medium,4.0,10448,timeout,0,0,1,120,3,3,258
split_exit,medium,4.0,10449,timeout,0,0,1,120,3,0,729
split_exit,medium,4.0,10450,timeout,0,0,1,120,5,3,986
split_exit,medium,4.0,10451,timeout,0,0,1,120,2,3,347
split_exit,medium,4.0,10452,timeout,0,0,1,120,2,2,270
split_exit,medium,4.0,10453,timeout,0,0,1,120,1,2,22
split_exit,medium,4.0,10454,timeout,0,0,1,120,3,2,724
split_exit,medium,4.0,10455,timeout,0,0,1,120,3,4,250
split_exit,medium,4.0,10456,timeout,0,0,1,120,3,2,771
split_exit,medium,4.0,10457,timeout,0,0,1,120,2,2,252
split_exit,medium,4.0,10458,timeout,0,0,1,120,2,4,249
split_exit,medium,4.0,10459,timeout,0,0,1,120,3,3,250
split_exit,medium,4.0,10460,timeout,0,0,1,120,2,2,272
split_exit,medium,4.0,10461,timeout,0,0,1,120,2,4,254
split_exit,medium,4.0,10462,timeout,0,0,1,120,2,2,260
split_exit,medium,4.0,10463,timeout,0,0,1,120,3,4,254
split_exit,medium,4.0,10464,timeout,0,0,1,120,4,0,1444
split_exit,medium,4.0,10465,timeout,0,0,1,120,2,2,254
split_exit,medium,4.0,10466,timeout,0,0,1,120,2,2,264
split_exit,medium,4.0,10467,timeout,0,0,1,120,1,2,18
split_exit,medium,4.0,10468,timeout,0,0,1,120,4,2,1199
split_exit,medium,4.0,10469,timeout,0,0,1,120,4,0,734
split_exit,medium,4.0,10470,timeout,0,0,1,120,3,4,261
split_exit,medium,4.0,10471,timeout,0,0,1,120,3,4,252
split_exit,medium,4.0,10472,timeout,0,0,1,120,2,3,254
split_exit,medium,4.0,10473,timeout,0,0,1,120,4,3,485
split_exit,medium,4.0,10474,timeout,0,0,1,120,4,0,1338
split_exit,medium,4.0,10475,timeout,0,0,1,120,3,0,770
split_exit,medium,4.0,10476,timeout,0,0,1,120,3,2,724
split_exit,medium,4.0,10477,timeout,0,0,1,120,4,2,252
split_exit,medium,4.0,10478,timeout,0,0,1,120,3,4,253
split_exit,medium,4.0,10479,timeout,0,0,1,120,2,2,268
split_exit,medium,4.0,10480,timeout,0,0,1,120,2,2,272
split_exit,medium,4.0,10481,timeout,0,0,1,120,2,2,260
split_exit,medium,4.0,10482,timeout,0,0,1,120,3,4,248
split_exit,medium,4.0,10483,timeout,0,0,1,120,5,0,969
split_exit,medium,4.0,10484,timeout,0,0,1,120,2,3,254
split_exit,medium,4.0,10485,timeout,0,0,1,120,3,4,254
split_exit,medium,4.0,10486,timeout,0,0,1,120,3,2,729
split_exit,medium,4.0,10487,timeout,0,0,1,120,3,4,258
split_exit,medium,4.0,10488,timeout,0,0,1,120,4,2,724
split_exit,medium,4.0,10489,timeout,0,0,1,120,3,5,249
split_exit,medium,4.0,10490,timeout,0,0,1,120,3,4,250
split_exit,medium,4.0,10491,timeout,0,0,1,120,3,3,749
split_exit,medium,4.0,10492,timeout,0,0,1,120,2,2,262
split_exit,medium,4.0,10493,timeout,0,0,1,120,5,0,969
split_exit,medium,4.0,10494,timeout,0,0,1,120,4,3,1435
split_exit,medium,4.0,10495,timeout,0,0,1,120,2,2,260
split_exit,medium,4.0,10496,timeout,0,0,1,120,2,0,254
split_exit,medium,4.0,10497,timeout,0,0,1,120,1,2,18
split_exit,medium,4.0,10498,timeout,0,0,1,120,3,4,254
split_exit,medium,4.0,10499,timeout,0,0,1,120,5,0,969
lone_entry,medium,15.0,10000,wipeout,0,1,0,4,0,2,0
lone_entry,medium,15.0,10001,wipeout,0,1,0,26,0,0,0
lone_entry,medium,15.0,10002,timeout,0,0,1,120,1,0,0
lone_entry,medium,15.0,10003,wipeout,0,1,0,3,0,2,0
lone_entry,medium,15.0,10004,wipeout,0,1,0,8,0,2,0
lone_entry,medium,15.0,10005,wipeout,0,1,0,22,0,3,0
lone_entry,medium,15.0,10006,timeout,0,0,1,120,1,2,0
lone_entry,medium,15.0,10007,wipeout,0,1,0,19,0,0,0
lone_entry,medium,15.0,10008,wipeout,0,1,0,11,0,0,0
lone_entry,medium,15.0,10009,timeout,0,0,1,120,1,0,0
lone_entry,medium,15.0,10010,wipeout,0,1,0,27,0,3,0
lone_entry,medium,15.0,10011,wipeout,0,1,0,10,0,4,0
lone_entry,medium,15.0,10012,wipeout,0,1,0,23,0,0,0
lone_entry,medium,15.0,10013,wipeout,0,1,0,27,0,3,0
lone_entry,medium,15.0,10014,wipeout,0,1,0,14,0,2,0
lone_entry,medium,15.0,10015,wipeout,0,1,0,11,0,0,0
lone_entry,medium,15.0,10016,wipeout,0,1,0,24,0,0,0
lone_entry,medium,15.0,10017,wipeout,0,1,0,5,0,2,0
lone_entry,medium,15.0,10018,timeout,0,0,1,120,1,2,0
lone_entry,medium,15.0,10019,wipeout,0,1,0,14,0,0,0
lone_entry,medium,15.0,10020,wipeout,0,1,0,19,0,3,0
lone_entry,medium,15.0,10021,timeout,0,0,1,120,1,0,0
lone_entry,medium,15.0,10022,wipeout,0,1,0,13,0,2,0
lone_entry,medium,15.0,10023,wipeout,0,1,0,3,0,0,0
lone_entry,medium,15.0,10024,wipeout,0,1,0,6,0,0,0
lone_entry,medium,15.0,10025,wipeout,0,1,0,3,0,2,0
lone_entry,medium,15.0,10026,wipeout,0,1,0,3,0,3,0
lone_entry,medium,15.0,10027,wipeout,0,1,0,21,0,0,0
lone_entry,medium,15.0,10028,timeout,0,0,1,120,1,0,0
lone_entry,medium,15.0,10029,wipeout,0,1,0,27,0,3,0
lone_entry,medium,15.0,10030,wipeout,0,1,0,18,0,2,0
lone_entry,medium,15.0,10031,wipeout,0,1,0,10,0,0,0
lone_entry,medium,15.0,10032,wipeout,0,1,0,4,0,2,0
lone_entry,medium,15.0,10033,wipeout,0,1,0,9,0,2,0
lone_entry,medium,15.0,10034,wipeout,0,1,0,17,0,0,0
lone_entry,medium,15.0,10035,wipeout,0,1,0,14,0,0,0
lone_entry,medium,15.0,10036,wipeout,0,1,0,11,0,3,0
lone_entry,medium,15.0,10037,wipeout,0,1,0,5,0,0,0
lone_entry,medium,15.0,10038,wipeout,0,1,0,8,0,2,0
lone_entry,medium,15.0,10039,wipeout,0,1,0,25,0,0,0
lone_entry,medium,15.0,10040,wipeout,0,1,0,3,0,3,0
lone_entry,medium,15.0,10041,wipeout,0,1,0,7,0,2,0
lone_entry,medium,15.0,10042,wipeout,0,1,0,7,0,0,0
lone_entry,medium,15.0,10043,wipeout,0,1,0,3,0,2,0
lone_entry,medium,15.0,10044,wipeout,0,1,0,16,0,0,0
lone_entry,medium,15.0,10045,wipeout,0,1,0,16,0,3,0
lone_entry,medium,15.0,10046,timeout,0,0,1,120,1,0,0
lone_entry,medium,15.0,10047,wipeout,0,1,0,15,0,0,0
lone_entry,medium,15.0,10048,wipeout,0,1,0,17,0,0,0
lone_entry,medium,15.0,10049,wipeout,0,1,0,20,0,5,0
lone_entry,medium,15.0,10050,wipeout,0,1,0,8,0,2,0
lone_entry,medium,15.0,10051,wipeout,0,1,0,20,0,0,0
lone_entry,medium,15.0,10052,wipeout,0,1,0,19,0,2,0
lone_entry,medium,15.0,10053,wipeout,0,1,0,16,0,2,0
lone_entry,medium,15.0,10054,timeout,0,0,1,120,1,0,0
lone_entry,medium,15.0,10055,wipeout,0,1,0,6,0,3,0
lone_entry,medium,15.0,10056,wipeout,0,1,0,15,0,3,0
lone_entry,medium,15.0,10057,wipeout,0,1,0,11,0,2,0
lone_entry,medium,15.0,10058,wipeout,0,1,0,47,0,3,0
lone_entry,medium,15.0,10059,wipeout,0,1,0,12,0,2,0
lone_entry,medium,15.0,10060,wipeout,0,1,0,22,0,2,0
lone_entry,medium,15.0,10061,wipeout,0,1,0,6,0,2,0
lone_entry,medium,15.0,10062,wipeout,0,1,0,18,0,2,0
lone_entry,medium,15.0,10063,wipeout,0,1,0,8,0,2,0
lone_entry,medium,15.0,10064,wipeout,0,1,0,15,0,2,0
lone_entry,medium,15.0,10065,wipeout,0,1,0,14,0,0,0
lone_entry,medium,15.0,10066,wipeout,0,1,0,24,0,0,0
lone_entry,medium,15.0,10067,wipeout,0,1,0,23,0,0,0
lone_entry,medium,15.0,10068,wipeout,0,1,0,42,0,4,0
lone_entry,medium,15.0,10069,wipeout,0,1,0,2,0,2,0
lone_entry,medium,15.0,10070,wipeout,0,1,0,15,0,3,0
lone_entry,medium,15.0,10071,wipeout,0,1,0,33,0,2,0
lone_entry,medium,15.0,10072,timeout,0,0,1,120,1,4,0
lone_entry,medium,15.0,10073,wipeout,0,1,0,4,0,0,0
lone_entry,medium,15.0,10074,wipeout,0,1,0,19,0,2,0
lone_entry,medium,15.0,10075,wipeout,0,1,0,9,0,3,0
lone_entry,medium,15.0,10076,wipeout,0,1,0,11,0,0,0
lone_entry,medium,15.0,10077,wipeout,0,1,0,21,0,2,0
lone_entry,medium,15.0,10078,timeout,0,0,1,120,1,2,0
lone_entry,medium,15.0,10079,wipeout,0,1,0,7,0,2,0
lone_entry,medium,15.0,10080,wipeout,0,1,0,10,0,2,0
lone_entry,medium,15.0,10081,wipeout,0,1,0,6,0,3,0
lone_entry,medium,15.0,10082,timeout,0,0,1,120,1,0,0
lone_entry,medium,15.0,10083,wipeout,0,1,0,9,0,2,0
lone_entry,medium,15.0,10084,wipeout,0,1,0,11,0,2,0
lone_entry,medium,15.0,10085,wipeout,0,1,0,7,0,3,0
lone_entry,medium,15.0,10086,timeout,0,0,1,120,1,0,0
lone_entry,medium,15.0,10087,timeout,0,0,1,120,1,0,0
lone_entry,medium,15.0,10088,wipeout,0,1,0,27,0,2,0
lone_entry,medium,15.0,10089,timeout,0,0,1,120,1,0,0
lone_entry,medium,15.0,10090,wipeout,0,1,0,6,0,2,0
lone_entry,medium,15.0,10091,wipeout,0,1,0,30,0,4,0
lone_entry,medium,15.0,10092,wipeout,0,1,0,5,0,2,0
lone_entry,medium,15.0,10093,wipeout,0,1,0,18,0,0,0
lone_entry,medium,15.0,10094,wipeout,0,1,0,10,0,2,0
lone_entry,medium,15.0,10095,wipeout,0,1,0,29,0,4,0
lone_entry,medium,15.0,10096,wipeout,0,1,0,3,0,3,0
lone_entry,medium,15.0,10097,wipeout,0,1,0,17,0,2,0
lone_entry,medium,15.0,10098,wipeout,0,1,0,9,0,2,0
lone_entry,medium,15.0,10099,wipeout,0,1,0,19,0,2,0
lone_entry,medium,15.0,10100,wipeout,0,1,0,21,0,0,0
lone_entry,medium,15.0,10101,wipeout,0,1,0,10,0,0,0
lone_entry,medium,15.0,10102,wipeout,0,1,0,27,0,2,0
lone_entry,medium,15.0,10103,wipeout,0,1,0,11,0,2,0
lone_entry,medium,15.0,10104,wipeout,0,1,0,18,0,2,0
lone_entry,medium,15.0,10105,wipeout,0,1,0,21,0,0,0
lone_entry,medium,15.0,10106,wipeout,0,1,0,23,0,2,0
lone_entry,medium,15.0,10107,wipeout,0,1,0,4,0,2,0
lone_entry,medium,15.0,10108,wipeout,0,1,0,24,0,2,0
lone_entry,medium,15.0,10109,wipeout,0,1,0,13,0,0,0
lone_entry,medium,15.0,10110,wipeout,0,1,0,3,0,2,0
lone_entry,medium,15.0,10111,wipeout,0,1,0,7,0,2,0
lone_entry,medium,15.0,10112,wipeout,0,1,0,5,0,2,0
lone_entry,medium,15.0,10113,wipeout,0,1,0,4,0,2,0
lone_entry,medium,15.0,10114,wipeout,0,1,0,22,0,3,0
lone_entry,medium,15.0,10115,wipeout,0,1,0,24,0,2,0
lone_entry,medium,15.0,10116,wipeout,0,1,0,4,0,2,0
lone_entry,medium,15.0,10117,wipeout,0,1,0,16,0,0,0
lone_entry,medium,15.0,10118,wipeout,0,1,0,21,0,0,0
lone_entry,medium,15.0,10119,wipeout,0,1,0,26,0,0,0
lone_entry,medium,15.0,10120,wipeout,0,1,0,19,0,0,0
lone_entry,medium,15.0,10121,timeout,0,0,1,120,1,0,0
lone_entry,medium,15.0,10122,timeout,0,0,1,120,1,0,0
lone_entry,medium,15.0,10123,wipeout,0,1,0,4,0,2,0
lone_entry,medium,15.0,10124,wipeout,0,1,0,6,0,0,0
lone_entry,medium,15.0,10125,wipeout,0,1,0,15,0,4,0
lone_entry,medium,15.0,10126,wipeout,0,1,0,15,0,2,0
lone_entry,medium,15.0,10127,wipeout,0,1,0,4,0,2,0
lone_entry,medium,15.0,10128,wipeout,0,1,0,23,0,2,0
lone_entry,medium,15.0,10129,wipeout,0,1,0,10,0,2,0
lone_entry,medium,15.0,10130,wipeout,0,1,0,8,0,2,0
lone_entry,medium,15.0,10131,wipeout,0,1,0,4,0,3,0
lone_entry,medium,15.0,10132,wipeout,0,1,0,3,0,2,0
lone_entry,medium,15.0,10133,wipeout,0,1,0,9,0,2,0
lone_entry,medium,15.0,10134,wipeout,0,1,0,19,0,0,0
lone_entry,medium,15.0,10135,wipeout,0,1,0,8,0,2,0
lone_entry,medium,15.0,10136,wipeout,0,1,0,12,0,2,0
lone_entry,medium,15.0,10137,wipeout,0,1,0,13,0,0,0
lone_entry,medium,15.0,10138,wipeout,0,1,0,18,0,2,0
lone_entry,medium,15.0,10139,wipeout,0,1,0,17,0,0,0
lone_entry,medium,15.0,10140,wipeout,0,1,0,7,0,3,0
lone_entry,medium,15.0,10141,wipeout,0,1,0,14,0,0,0
lone_entry,medium,15.0,10142,wipeout,0,1,0,6,0,2,0
lone_entry,medium,15.0,10143,wipeout,0,1,0,14,0,0,0
lone_entry,medium,15.0,10144,wipeout,0,1,0,17,0,2,0
lone_entry,medium,15.0,10145,wipeout,0,1,0,8,0,2,0
lone_entry,medium,15.0,10146,wipeout,0,1,0,7,0,2,0
lone_entry,medium,15.0,10147,wipeout,0,1,0,11,0,0,0
lone_entry,medium,15.0,10148,wipeout,0,1,0,8,0,2,0
lone_entry,medium,15.0,10149,wipeout,0,1,0,12,0,0,0
lone_entry,medium,15.0,10150,wipeout,0,1,0,26,0,2,0
lone_entry,medium,15.0,10151,wipeout,0,1,0,12,0,4,0
lone_entry,medium,15.0,10152,wipeout,0,1,0,20,0,0,0
lone_entry,medium,15.0,10153,timeout,0,0,1,120,1,0,0
lone_entry,medium,15.0,10154,wipeout,0,1,0,22,0,2,0
lone_entry,medium,15.0,10155,wipeout,0,1,0,13,0,0,0
lone_entry,medium,15.0,10156,wipeout,0,1,0,17,0,3,0
lone_entry,medium,15.0,10157,wipeout,0,1,0,15,0,0,0
lone_entry,medium,15.0,10158,wipeout,0,1,0,37,0,3,0
lone_entry,medium,15.0,10159,wipeout,0,1,0,3,0,0,0
lone_entry,medium,15.0,10160,wipeout,0,1,0,8,0,2,0
lone_entry,medium,15.0,10161,wipeout,0,1,0,19,0,2,0
lone_entry,medium,15.0,10162,wipeout,0,1,0,12,0,0,0
lone_entry,medium,15.0,10163,wipeout,0,1,0,6,0,0,0
lone_entry,medium,15.0,10164,wipeout,0,1,0,3,0,2,0
lone_entry,medium,15.0,10165,timeout,0,0,1,120,1,0,0
lone_entry,medium,15.0,10166,wipeout,0,1,0,17,0,2,0
lone_entry,medium,15.0,10167,wipeout,0,1,0,25,0,0,0
lone_entry,medium,15.0,10168,wipeout,0,1,0,11,0,3,0
lone_entry,medium,15.0,10169,timeout,0,0,1,120,1,0,0
lone_entry,medium,15.0,10170,wipeout,0,1,0,7,0,2,0
lone_entry,medium,15.0,10171,wipeout,0,1,0,7,0,2,0
lone_entry,medium,15.0,10172,timeout,0,0,1,120,1,0,0
lone_entry,medium,15.0,10173,wipeout,0,1,0,6,0,0,0
lone_entry,medium,15.0,10174,wipeout,0,1,0,13,0,2,0
lone_entry,medium,15.0,10175,wipeout,0,1,0,15,0,0,0
lone_entry,medium,15.0,10176,timeout,0,0,1,120,1,0,0
lone_entry,medium,15.0,10177,wipeout,0,1,0,18,0,2,0
lone_entry,medium,15.0,10178,wipeout,0,1,0,25,0,2,0
lone_entry,medium,15.0,10179,wipeout,0,1,0,9,0,2,0
lone_entry,medium,15.0,10180,wipeout,0,1,0,17,0,0,0
lone_entry,medium,15.0,10181,timeout,0,0,1,120,1,2,0
lone_entry,medium,15.0,10182,wipeout,0,1,0,6,0,2,0
lone_entry,medium,15.0,10183,wipeout,0,1,0,26,0,3,0
lone_entry,medium,15.0,10184,wipeout,0,1,0,8,0,0,0
lone_entry,medium,15.0,10185,wipeout,0,1,0,19,0,2,0
lone_entry,medium,15.0,10186,wipeout,0,1,0,12,0,0,0
lone_entry,medium,15.0,10187,wipeout,0,1,0,10,0,2,0
lone_entry,medium,15.0,10188,wipeout,0,1,0,6,0,2,0
lone_entry,medium,15.0,10189,timeout,0,0,1,120,1,0,0
lone_entry,medium,15.0,10190,timeout,0,0,1,120,1,0,0
lone_entry,medium,15.0,10191,wipeout,0,1,0,7,0,3,0
lone_entry,medium,15.0,10192,wipeout,0,1,0,16,0,0,0
lone_entry,medium,15.0,10193,wipeout,0,1,0,12,0,2,0
lone_entry,medium,15.0,10194,wipeout,0,1,0,21,0,0,0
lone_entry,medium,15.0,10195,wipeout,0,1,0,6,0,3,0
lone_entry,medium,15.0,10196,wipeout,0,1,0,6,0,2,0
lone_entry,medium,15.0,10197,wipeout,0,1,0,12,0,2,0
lone_entry,medium,15.0,10198,wipeout,0,1,0,20,0,0,0
lone_entry,medium,15.0,10199,wipeout,0,1,0,3,0,2,0
lone_entry,medium,15.0,10200,wipeout,0,1,0,9,0,2,0
lone_entry,medium,15.0,10201,wipeout,0,1,0,9,0,2,0
lone_entry,medium,15.0,10202,wipeout,0,1,0,18,0,0,0
lone_entry,medium,15.0,10203,wipeout,0,1,0,7,0,3,0
lone_entry,medium,15.0,10204,wipeout,0,1,0,27,0,3,0
lone_entry,medium,15.0,10205,wipeout,0,1,0,14,0,0,0
lone_entry,medium,15.0,10206,wipeout,0,1,0,22,0,0,0
lone_entry,medium,15.0,10207,wipeout,0,1,0,6,0,0,0
lone_entry,medium,15.0,10208,wipeout,0,1,0,13,0,2,0
lone_entry,medium,15.0,10209,timeout,0,0,1,120,1,0,0
lone_entry,medium,15.0,10210,wipeout,0,1,0,11,0,0,0
lone_entry,medium,15.0,10211,timeout,0,0,1,120,1,0,0
lone_entry,medium,15.0,10212,wipeout,0,1,0,3,0,2,0
lone_entry,medium,15.0,10213,wipeout,0,1,0,13,0,2,0
lone_entry,medium,15.0,10214,timeout,0,0,1,120,1,0,0
lone_entry,medium,15.0,10215,wipeout,0,1,0,18,0,0,0
lone_entry,medium,15.0,10216,wipeout,0,1,0,17,0,0,0
lone_entry,medium,15.0,10217,wipeout,0,1,0,9,0,0,0
lone_entry,medium,15.0,10218,wipeout,0,1,0,11,0,2,0
lone_entry,medium,15.0,10219,wipeout,0,1,0,25,0,0,0
lone_entry,medium,15.0,10220,wipeout,0,1,0,15,0,0,0
lone_entry,medium,15.0,10221,wipeout,0,1,0,21,0,2,0
lone_entry,medium,15.0,10222,wipeout,0,1,0,11,0,2,0
lone_entry,medium,15.0,10223,wipeout,0,1,0,4,0,2,0
lone_entry,medium,15.0,10224,timeout,0,0,1,120,1,0,0
lone_entry,medium,15.0,10225,wipeout,0,1,0,17,0,2,0
lone_entry,medium,15.0,10226,wipeout,0,1,0,27,0,2,0
lone_entry,medium,15.0,10227,wipeout,0,1,0,8,0,2,0
lone_entry,medium,15.0,10228,wipeout,0,1,0,23,0,0,0
lone_entry,medium,15.0,10229,wipeout,0,1,0,6,0,2,0
lone_entry,medium,15.0,10230,wipeout,0,1,0,9,0,3,0
lone_entry,medium,15.0,10231,wipeout,0,1,0,7,0,2,0
lone_entry,medium,15.0,10232,wipeout,0,1,0,3,0,3,0
lone_entry,medium,15.0,10233,wipeout,0,1,0,9,0,2,0
lone_entry,medium,15.0,10234,wipeout,0,1,0,35,0,2,0
lone_entry,medium,15.0,10235,wipeout,0,1,0,26,0,2,0
lone_entry,medium,15.0,10236,timeout,0,0,1,120,1,3,0
lone_entry,medium,15.0,10237,wipeout,0,1,0,30,0,4,0
lone_entry,medium,15.0,10238,wipeout,0,1,0,5,0,3,0
lone_entry,medium,15.0,10239,wipeout,0,1,0,14,0,2,0
lone_entry,medium,15.0,10240,wipeout,0,1,0,6,0,2,0
lone_entry,medium,15.0,10241,wipeout,0,1,0,26,0,3,0
lone_entry,medium,15.0,10242,wipeout,0,1,0,13,0,2,0
lone_entry,medium,15.0,10243,wipeout,0,1,0,33,0,3,0
lone_entry,medium,15.0,10244,wipeout,0,1,0,6,0,3,0
lone_entry,medium,15.0,10245,wipeout,0,1,0,9,0,2,0
lone_entry,medium,15.0,10246,wipeout,0,1,0,6,0,2,0
lone_entry,medium,15.0,10247,wipeout,0,1,0,11,0,0,0
lone_entry,medium,15.0,10248,wipeout,0,1,0,19,0,0,0
lone_entry,medium,15.0,10249,wipeout,0,1,0,4,0,0,0
lone_entry,medium,15.0,10250,wipeout,0,1,0,16,0,2,0
lone_entry,medium,15.0,10251,wipeout,0,1,0,20,0,0,0
lone_entry,medium,15.0,10252,timeout,0,0,1,120,1,3,0
lone_entry,medium,15.0,10253,wipeout,0,1,0,32,0,2,0
lone_entry,medium,15.0,10254,wipeout,0,1,0,14,0,0,0
lone_entry,medium,15.0,10255,wipeout,0,1,0,11,0,0,0
lone_entry,medium,15.0,10256,wipeout,0,1,0,18,0,3,0
lone_entry,medium,15.0,10257,wipeout,0,1,0,12,0,0,0
lone_entry,medium,15.0,10258,wipeout,0,1,0,5,0,0,0
lone_entry,medium,15.0,10259,timeout,0,0,1,120,1,0,0
lone_entry,medium,15.0,10260,wipeout,0,1,0,25,0,0,0
lone_entry,medium,15.0,10261,wipeout,0,1,0,23,0,0,0
lone_entry,medium,15.0,10262,wipeout,0,1,0,3,0,0,0
lone_entry,medium,15.0,10263,wipeout,0,1,0,12,0,0,0
lone_entry,medium,15.0,10264,wipeout,0,1,0,8,0,2,0
lone_entry,medium,15.0,10265,wipeout,0,1,0,17,0,2,0
lone_entry,medium,15.0,10266,timeout,0,0,1,120,1,0,0
lone_entry,medium,15.0,10267,timeout,0,0,1,120,1,0,0
lone_entry,medium,15.0,10268,wipeout,0,1,0,26,0,2,0
lone_entry,medium,15.0,10269,wipeout,0,1,0,23,0,0,0
lone_entry,medium,15.0,10270,timeout,0,0,1,120,1,0,0
lone_entry,medium,15.0,10271,wipeout,0,1,0,25,0,2,0
lone_entry,medium,15.0,10272,wipeout,0,1,0,10,0,0,0
lone_entry,medium,15.0,10273,wipeout,0,1,0,17,0,0,0
lone_entry,medium,15.0,10274,timeout,0,0,1,120,1,2,0
lone_entry,medium,15.0,10275,wipeout,0,1,0,52,0,2,0
lone_entry,medium,15.0,10276,timeout,0,0,1,120,1,3,0
lone_entry,medium,15.0,10277,timeout,0,0,1,120,1,0,0
lone_entry,medium,15.0,10278,wipeout,0,1,0,16,0,2,0
lone_entry,medium,15.0,10279,wipeout,0,1,0,19,0,0,0
lone_entry,medium,15.0,10280,wipeout,0,1,0,7,0,0,0
lone_entry,medium,15.0,10281,wipeout,0,1,0,24,0,2,0
lone_entry,medium,15.0,10282,wipeout,0,1,0,6,0,2,0
lone_entry,medium,15.0,10283,wipeout,0,1,0,11,0,0,0
lone_entry,medium,15.0,10284,wipeout,0,1,0,6,0,0,0
lone_entry,medium,15.0,10285,wipeout,0,1,0,15,0,2,0
lone_entry,medium,15.0,10286,wipeout,0,1,0,22,0,3,0
lone_entry,medium,15.0,10287,wipeout,0,1,0,17,0,0,0
lone_entry,medium,15.0,10288,wipeout,0,1,0,11,0,2,0
lone_entry,medium,15.0,10289,wipeout,0,1,0,23,0,0,0
lone_entry,medium,15.0,10290,wipeout,0,1,0,11,0,0,0
lone_entry,medium,15.0,10291,wipeout,0,1,0,8,0,3,0
lone_entry,medium,15.0,10292,wipeout,0,1,0,7,0,2,0
lone_entry,medium,15.0,10293,wipeout,0,1,0,21,0,2,0
lone_entry,medium,15.0,10294,wipeout,0,1,0,3,0,2,0
lone_entry,medium,15.0,10295,wipeout,0,1,0,10,0,2,0
lone_entry,medium,15.0,10296,wipeout,0,1,0,11,0,0,0
lone_entry,medium,15.0,10297,wipeout,0,1,0,7,0,2,0
lone_entry,medium,15.0,10298,wipeout,0,1,0,12,0,2,0
lone_entry,medium,15.0,10299,wipeout,0,1,0,21,0,2,0
lone_entry,medium,15.0,10300,wipeout,0,1,0,6,0,2,0
lone_entry,medium,15.0,10301,wipeout,0,1,0,11,0,0,0
lone_entry,medium,15.0,10302,wipeout,0,1,0,18,0,2,0
lone_entry,medium,15.0,10303,wipeout,0,1,0,6,0,3,0
lone_entry,medium,15.0,10304,wipeout,0,1,0,11,0,2,0
lone_entry,medium,15.0,10305,timeout,0,0,1,120,1,2,0
lone_entry,medium,15.0,10306,wipeout,0,1,0,12,0,0,0
lone_entry,medium,15.0,10307,wipeout,0,1,0,15,0,0,0
lone_entry,medium,15.0,10308,timeout,0,0,1,120,1,0,0
lone_entry,medium,15.0,10309,wipeout,0,1,0,3,0,2,0
lone_entry,medium,15.0,10310,wipeout,0,1,0,9,0,2,0
lone_entry,medium,15.0,10311,wipeout,0,1,0,11,0,0,0
lone_entry,medium,15.0,10312,wipeout,0,1,0,12,0,2,0
lone_entry,medium,15.0,10313,wipeout,0,1,0,17,0,0,0
lone_entry,medium,15.0,10314,wipeout,0,1,0,17,0,2,0
lone_entry,medium,15.0,10315,wipeout,0,1,0,8,0,2,0
lone_entry,medium,15.0,10316,wipeout,0,1,0,10,0,0,0
lone_entry,medium,15.0,10317,wipeout,0,1,0,3,0,0,0
lone_entry,medium,15.0,10318,wipeout,0,1,0,9,0,2,0
lone_entry,medium,15.0,10319,wipeout,0,1,0,17,0,0,0
lone_entry,medium,15.0,10320,wipeout,0,1,0,17,0,4,0
lone_entry,medium,15.0,10321,wipeout,0,1,0,20,0,3,0
lone_entry,medium,15.0,10322,wipeout,0,1,0,9,0,2,0
lone_entry,medium,15.0,10323,timeout,0,0,1,120,1,0,0
lone_entry,medium,15.0,10324,timeout,0,0,1,120,1,0,0
lone_entry,medium,15.0,10325,wipeout,0,1,0,26,0,0,0
lone_entry,medium,15.0,10326,wipeout,0,1,0,9,0,3,0
lone_entry,medium,15.0,10327,wipeout,0,1,0,26,0,2,0
lone_entry,medium,15.0,10328,wipeout,0,1,0,9,0,2,0
lone_entry,medium,15.0,10329,wipeout,0,1,0,10,0,2,0
lone_entry,medium,15.0,10330,wipeout,0,1,0,19,0,0,0
lone_entry,medium,15.0,10331,timeout,0,0,1,120,1,0,0
lone_entry,medium,15.0,10332,wipeout,0,1,0,5,0,2,0
lone_entry,medium,15.0,10333,wipeout,0,1,0,17,0,0,0
lone_entry,medium,15.0,10334,wipeout,0,1,0,8,0,3,0
lone_entry,medium,15.0,10335,wipeout,0,1,0,10,0,2,0
lone_entry,medium,15.0,10336,wipeout,0,1,0,16,0,0,0
lone_entry,medium,15.0,10337,wipeout,0,1,0,9,0,3,0
lone_entry,medium,15.0,10338,wipeout,0,1,0,17,0,2,0
lone_entry,medium,15.0,10339,wipeout,0,1,0,10,0,2,0
lone_entry,medium,15.0,10340,timeout,0,0,1,120,1,0,0
lone_entry,medium,15.0,10341,wipeout,0,1,0,20,0,2,0
lone_entry,medium,15.0,10342,wipeout,0,1,0,8,0,3,0
lone_entry,medium,15.0,10343,wipeout,0,1,0,14,0,2,0
lone_entry,medium,15.0,10344,wipeout,0,1,0,29,0,2,0
lone_entry,medium,15.0,10345,wipeout,0,1,0,14,0,0,0
lone_entry,medium,15.0,10346,wipeout,0,1,0,3,0,2,0
lone_entry,medium,15.0,10347,wipeout,0,1,0,9,0,2,0
lone_entry,medium,15.0,10348,wipeout,0,1,0,10,0,0,0
lone_entry,medium,15.0,10349,wipeout,0,1,0,16,0,2,0
lone_entry,medium,15.0,10350,wipeout,0,1,0,12,0,2,0
lone_entry,medium,15.0,10351,wipeout,0,1,0,6,0,2,0
lone_entry,medium,15.0,10352,wipeout,0,1,0,17,0,4,0
lone_entry,medium,15.0,10353,wipeout,0,1,0,17,0,2,0
lone_entry,medium,15.0,10354,wipeout,0,1,0,18,0,3,0
lone_entry,medium,15.0,10355,timeout,0,0,1,120,1,2,0
lone_entry,medium,15.0,10356,wipeout,0,1,0,9,0,0,0
lone_entry,medium,15.0,10357,wipeout,0,1,0,11,0,2,0
lone_entry,medium,15.0,10358,wipeout,0,1,0,13,0,0,0
lone_entry,medium,15.0,10359,wipeout,0,1,0,14,0,2,0
lone_entry,medium,15.0,10360,wipeout,0,1,0,14,0,2,0
lone_entry,medium,15.0,10361,wipeout,0,1,0,3,0,2,0
lone_entry,medium,15.0,10362,wipeout,0,1,0,29,0,2,0
lone_entry,medium,15.0,10363,wipeout,0,1,0,20,0,0,0
lone_entry,medium,15.0,10364,timeout,0,0,1,120,1,0,0
lone_entry,medium,15.0,10365,wipeout,0,1,0,3,0,2,0
lone_entry,medium,15.0,10366,wipeout,0,1,0,14,0,0,0
lone_entry,medium,15.0,10367,timeout,0,0,1,120,1,0,0
lone_entry,medium,15.0,10368,wipeout,0,1,0,17,0,0,0
lone_entry,medium,15.0,10369,wipeout,0,1,0,21,0,2,0
lone_entry,medium,15.0,10370,wipeout,0,1,0,26,0,0,0
lone_entry,medium,15.0,10371,wipeout,0,1,0,16,0,0,0
lone_entry,medium,15.0,10372,wipeout,0,1,0,9,0,2,0
lone_entry,medium,15.0,10373,wipeout,0,1,0,8,0,3,0
lone_entry,medium,15.0,10374,wipeout,0,1,0,17,0,2,0
lone_entry,medium,15.0,10375,wipeout,0,1,0,12,0,0,0
lone_entry,medium,15.0,10376,wipeout,0,1,0,9,0,0,0
lone_entry,medium,15.0,10377,wipeout,0,1,0,9,0,2,0
lone_entry,medium,15.0,10378,wipeout,0,1,0,3,0,2,0
lone_entry,medium,15.0,10379,wipeout,0,1,0,11,0,4,0
lone_entry,medium,15.0,10380,wipeout,0,1,0,17,0,0,0
lone_entry,medium,15.0,10381,wipeout,0,1,0,16,0,0,0
lone_entry,medium,15.0,10382,wipeout,0,1,0,25,0,2,0
lone_entry,medium,15.0,10383,wipeout,0,1,0,5,0,0,0
lone_entry,medium,15.0,10384,wipeout,0,1,0,11,0,2,0
lone_entry,medium,15.0,10385,wipeout,0,1,0,5,0,3,0
lone_entry,medium,15.0,10386,wipeout,0,1,0,19,0,3,0
lone_entry,medium,15.0,10387,wipeout,0,1,0,28,0,3,0
lone_entry,medium,15.0,10388,timeout,0,0,1,120,1,0,0
lone_entry,medium,15.0,10389,wipeout,0,1,0,11,0,0,0
lone_entry,medium,15.0,10390,wipeout,0,1,0,11,0,2,0
lone_entry,medium,15.0,10391,wipeout,0,1,0,6,0,2,0
lone_entry,medium,15.0,10392,timeout,0,0,1,120,1,3,0
lone_entry,medium,15.0,10393,wipeout,0,1,0,7,0,2,0
lone_entry,medium,15.0,10394,wipeout,0,1,0,23,0,2,0
lone_entry,medium,15.0,10395,timeout,0,0,1,120,1,0,0
lone_entry,medium,15.0,10396,wipeout,0,1,0,21,0,0,0
lone_entry,medium,15.0,10397,wipeout,0,1,0,17,0,2,0
lone_entry,medium,15.0,10398,wipeout,0,1,0,27,0,2,0
lone_entry,medium,15.0,10399,wipeout,0,1,0,7,0,0,0
lone_entry,medium,15.0,10400,wipeout,0,1,0,14,0,2,0
lone_entry,medium,15.0,10401,wipeout,0,1,0,5,0,2,0
lone_entry,medium,15.0,10402,wipeout,0,1,0,22,0,2,0
lone_entry,medium,15.0,10403,wipeout,0,1,0,10,0,2,0
lone_entry,medium,15.0,10404,wipeout,0,1,0,7,0,2,0
lone_entry,medium,15.0,10405,wipeout,0,1,0,8,0,3,0
lone_entry,medium,15.0,10406,wipeout,0,1,0,5,0,3,0
lone_entry,medium,15.0,10407,wipeout,0,1,0,28,0,0,0
lone_entry,medium,15.0,10408,wipeout,0,1,0,3,0,2,0
lone_entry,medium,15.0,10409,wipeout,0,1,0,12,0,0,0
lone_entry,medium,15.0,10410,wipeout,0,1,0,24,0,2,0
lone_entry,medium,15.0,10411,timeout,0,0,1,120,1,0,0
lone_entry,medium,15.0,10412,wipeout,0,1,0,23,0,2,0
lone_entry,medium,15.0,10413,wipeout,0,1,0,4,0,2,0
lone_entry,medium,15.0,10414,wipeout,0,1,0,4,0,3,0
lone_entry,medium,15.0,10415,wipeout,0,1,0,17,0,0,0
lone_entry,medium,15.0,10416,wipeout,0,1,0,20,0,0,0
lone_entry,medium,15.0,10417,wipeout,0,1,0,3,0,3,0
lone_entry,medium,15.0,10418,timeout,0,0,1,120,1,0,0
lone_entry,medium,15.0,10419,wipeout,0,1,0,7,0,2,0
lone_entry,medium,15.0,10420,wipeout,0,1,0,10,0,2,0
lone_entry,medium,15.0,10421,wipeout,0,1,0,9,0,2,0
lone_entry,medium,15.0,10422,wipeout,0,1,0,12,0,2,0
lone_entry,medium,15.0,10423,wipeout,0,1,0,11,0,3,0
lone_entry,medium,15.0,10424,wipeout,0,1,0,16,0,2,0
lone_entry,medium,15.0,10425,wipeout,0,1,0,12,0,2,0
lone_entry,medium,15.0,10426,wipeout,0,1,0,14,0,3,0
lone_entry,medium,15.0,10427,wipeout,0,1,0,7,0,2,0
lone_entry,medium,15.0,10428,wipeout,0,1,0,8,0,3,0
lone_entry,medium,15.0,10429,timeout,0,0,1,120,1,0,0
lone_entry,medium,15.0,10430,wipeout,0,1,0,3,0,2,0
lone_entry,medium,15.0,10431,wipeout,0,1,0,16,0,0,0
lone_entry,medium,15.0,10432,wipeout,0,1,0,19,0,3,0
lone_entry,medium,15.0,10433,wipeout,0,1,0,15,0,3,0
lone_entry,medium,15.0,10434,timeout,0,0,1,120,1,0,0
lone_entry,medium,15.0,10435,wipeout,0,1,0,3,0,0,0
lone_entry,medium,15.0,10436,wipeout,0,1,0,3,0,0,0
lone_entry,medium,15.0,10437,wipeout,0,1,0,22,0,2,0
lone_entry,medium,15.0,10438,wipeout,0,1,0,11,0,0,0
lone_entry,medium,15.0,10439,wipeout,0,1,0,4,0,0,0
lone_entry,medium,15.0,10440,wipeout,0,1,0,3,0,2,0
lone_entry,medium,15.0,10441,timeout,0,0,1,120,1,0,0
lone_entry,medium,15.0,10442,timeout,0,0,1,120,1,2,0
lone_entry,medium,15.0,10443,wipeout,0,1,0,4,0,3,0
lone_entry,medium,15.0,10444,timeout,0,0,1,120,1,0,0
lone_entry,medium,15.0,10445,timeout,0,0,1,120,1,2,0
lone_entry,medium,15.0,10446,wipeout,0,1,0,5,0,2,0
lone_entry,medium,15.0,10447,timeout,0,0,1,120,1,0,0
lone_entry,medium,15.0,10448,wipeout,0,1,0,12,0,3,0
lone_entry,medium,15.0,10449,wipeout,0,1,0,12,0,2,0
lone_entry,medium,15.0,10450,wipeout,0,1,0,4,0,2,0
lone_entry,medium,15.0,10451,wipeout,0,1,0,4,0,2,0
lone_entry,medium,15.0,10452,wipeout,0,1,0,12,0,0,0
lone_entry,medium,15.0,10453,wipeout,0,1,0,5,0,2,0
lone_entry,medium,15.0,10454,wipeout,0,1,0,13,0,3,0
lone_entry,medium,15.0,10455,wipeout,0,1,0,10,0,2,0
lone_entry,medium,15.0,10456,wipeout,0,1,0,19,0,0,0
lone_entry,medium,15.0,10457,wipeout,0,1,0,16,0,0,0
lone_entry,medium,15.0,10458,timeout,0,0,1,120,1,0,0
lone_entry,medium,15.0,10459,wipeout,0,1,0,8,0,0,0
lone_entry,medium,15.0,10460,wipeout,0,1,0,17,0,2,0
lone_entry,medium,15.0,10461,wipeout,0,1,0,20,0,2,0
lone_entry,medium,15.0,10462,wipeout,0,1,0,7,0,0,0
lone_entry,medium,15.0,10463,wipeout,0,1,0,12,0,0,0
lone_entry,medium,15.0,10464,wipeout,0,1,0,16,0,2,0
lone_entry,medium,15.0,10465,wipeout,0,1,0,14,0,0,0
lone_entry,medium,15.0,10466,wipeout,0,1,0,5,0,0,0
lone_entry,medium,15.0,10467,wipeout,0,1,0,3,0,2,0
lone_entry,medium,15.0,10468,wipeout,0,1,0,9,0,3,0
lone_entry,medium,15.0,10469,wipeout,0,1,0,24,0,0,0
lone_entry,medium,15.0,10470,wipeout,0,1,0,11,0,2,0
lone_entry,medium,15.0,10471,wipeout,0,1,0,11,0,0,0
lone_entry,medium,15.0,10472,wipeout,0,1,0,14,0,2,0
lone_entry,medium,15.0,10473,wipeout,0,1,0,17,0,0,0
lone_entry,medium,15.0,10474,timeout,0,0,1,120,1,2,0
lone_entry,medium,15.0,10475,wipeout,0,1,0,32,0,2,0
lone_entry,medium,15.0,10476,wipeout,0,1,0,16,0,3,0
lone_entry,medium,15.0,10477,wipeout,0,1,0,12,0,2,0
lone_entry,medium,15.0,10478,wipeout,0,1,0,17,0,0,0
lone_entry,medium,15.0,10479,wipeout,0,1,0,8,0,2,0
lone_entry,medium,15.0,10480,wipeout,0,1,0,20,0,2,0
lone_entry,medium,15.0,10481,wipeout,0,1,0,14,0,0,0
lone_entry,medium,15.0,10482,timeout,0,0,1,120,1,0,0
lone_entry,medium,15.0,10483,timeout,0,0,1,120,1,0,0
lone_entry,medium,15.0,10484,timeout,0,0,1,120,1,0,0
lone_entry,medium,15.0,10485,timeout,0,0,1,120,1,0,0
lone_entry,medium,15.0,10486,timeout,0,0,1,120,1,3,0
lone_entry,medium,15.0,10487,wipeout,0,1,0,14,0,0,0
lone_entry,medium,15.0,10488,wipeout,0,1,0,27,0,2,0
lone_entry,medium,15.0,10489,wipeout,0,1,0,8,0,2,0
lone_entry,medium,15.0,10490,wipeout,0,1,0,20,0,0,0
lone_entry,medium,15.0,10491,wipeout,0,1,0,16,0,3,0
lone_entry,medium,15.0,10492,wipeout,0,1,0,7,0,0,0
lone_entry,medium,15.0,10493,wipeout,0,1,0,21,0,3,0
lone_entry,medium,15.0,10494,wipeout,0,1,0,6,0,3,0
lone_entry,medium,15.0,10495,wipeout,0,1,0,11,0,0,0
lone_entry,medium,15.0,10496,wipeout,0,1,0,23,0,2,0
lone_entry,medium,15.0,10497,wipeout,0,1,0,3,0,0,0
lone_entry,medium,15.0,10498,wipeout,0,1,0,18,0,2,0
lone_entry,medium,15.0,10499,wipeout,0,1,0,17,0,2,0
blind_follow,medium,15.0,10000,wipeout,0,1,0,23,0,6,0
blind_follow,medium,15.0,10001,timeout,0,0,1,120,4,0,0
blind_follow,medium,15.0,10002,timeout,0,0,1,120,5,0,0
blind_follow,medium,15.0,10003,wipeout,0,1,0,17,0,3,0
blind_follow,medium,15.0,10004,wipeout,0,1,0,24,0,3,0
blind_follow,medium,15.0,10005,timeout,0,0,1,120,3,3,0
blind_follow,medium,15.0,10006,timeout,0,0,1,120,4,2,0
blind_follow,medium,15.0,10007,timeout,0,0,1,120,3,2,0
blind_follow,medium,15.0,10008,timeout,0,0,1,120,3,0,0
blind_follow,medium,15.0,10009,timeout,0,0,1,120,5,0,0
blind_follow,medium,15.0,10010,timeout,0,0,1,120,2,3,0
blind_follow,medium,15.0,10011,timeout,0,0,1,120,1,4,0
blind_follow,medium,15.0,10012,timeout,0,0,1,120,4,0,0
blind_follow,medium,15.0,10013,timeout,0,0,1,120,2,4,0
blind_follow,medium,15.0,10014,timeout,0,0,1,120,3,2,0
blind_follow,medium,15.0,10015,timeout,0,0,1,120,1,0,0
blind_follow,medium,15.0,10016,timeout,0,0,1,120,4,0,0
blind_follow,medium,15.0,10017,timeout,0,0,1,120,5,2,0
blind_follow,medium,15.0,10018,timeout,0,0,1,120,4,2,0
blind_follow,medium,15.0,10019,timeout,0,0,1,120,4,0,0
blind_follow,medium,15.0,10020,timeout,0,0,1,120,3,3,0
blind_follow,medium,15.0,10021,timeout,0,0,1,120,5,0,0
blind_follow,medium,15.0,10022,timeout,0,0,1,120,1,3,0
blind_follow,medium,15.0,10023,timeout,0,0,1,120,3,0,0
blind_follow,medium,15.0,10024,timeout,0,0,1,120,5,0,0
blind_follow,medium,15.0,10025,wipeout,0,1,0,18,0,2,0
blind_follow,medium,15.0,10026,wipeout,0,1,0,13,0,3,0
blind_follow,medium,15.0,10027,timeout,0,0,1,120,4,0,0
blind_follow,medium,15.0,10028,timeout,0,0,1,120,5,0,0
blind_follow,medium,15.0,10029,timeout,0,0,1,120,1,4,0
blind_follow,medium,15.0,10030,timeout,0,0,1,120,4,2,0
blind_follow,medium,15.0,10031,timeout,0,0,1,120,2,0,0
blind_follow,medium,15.0,10032,wipeout,0,1,0,25,0,2,0
blind_follow,medium,15.0,10033,timeout,0,0,1,120,3,2,0
blind_follow,medium,15.0,10034,timeout,0,0,1,120,2,2,0
blind_follow,medium,15.0,10035,timeout,0,0,1,120,4,0,0
blind_follow,medium,15.0,10036,timeout,0,0,1,120,1,3,0
blind_follow,medium,15.0,10037,timeout,0,0,1,120,3,2,0
blind_follow,medium,15.0,10038,timeout,0,0,1,120,2,2,0
blind_follow,medium,15.0,10039,timeout,0,0,1,120,2,2,0
blind_follow,medium,15.0,10040,timeout,0,0,1,120,3,3,0
blind_follow,medium,15.0,10041,timeout,0,0,1,120,3,2,0
blind_follow,medium,15.0,10042,timeout,0,0,1,120,1,2,0
blind_follow,medium,15.0,10043,timeout,0,0,1,120,3,2,0
blind_follow,medium,15.0,10044,timeout,0,0,1,120,4,0,0
blind_follow,medium,15.0,10045,timeout,0,0,1,120,4,3,0
blind_follow,medium,15.0,10046,timeout,0,0,1,120,4,0,0
blind_follow,medium,15.0,10047,timeout,0,0,1,120,4,0,0
blind_follow,medium,15.0,10048,timeout,0,0,1,120,3,3,0
blind_follow,medium,15.0,10049,timeout,0,0,1,120,4,5,0
blind_follow,medium,15.0,10050,timeout,0,0,1,120,1,2,0
blind_follow,medium,15.0,10051,timeout,0,0,1,120,4,0,0
blind_follow,medium,15.0,10052,timeout,0,0,1,120,4,2,0
blind_follow,medium,15.0,10053,timeout,0,0,1,120,4,2,0
blind_follow,medium,15.0,10054,timeout,0,0,1,120,5,0,0
blind_follow,medium,15.0,10055,wipeout,0,1,0,17,0,4,0
blind_follow,medium,15.0,10056,timeout,0,0,1,120,2,3,0
blind_follow,medium,15.0,10057,timeout,0,0,1,120,3,3,0
blind_follow,medium,15.0,10058,timeout,0,0,1,120,4,3,0
blind_follow,medium,15.0,10059,timeout,0,0,1,120,4,2,0
blind_follow,medium,15.0,10060,timeout,0,0,1,120,4,2,0
blind_follow,medium,15.0,10061,timeout,0,0,1,120,1,2,0
blind_follow,medium,15.0,10062,timeout,0,0,1,120,4,2,0
blind_follow,medium,15.0,10063,timeout,0,0,1,120,4,2,0
blind_follow,medium,15.0,10064,timeout,0,0,1,120,2,2,0
blind_follow,medium,15.0,10065,timeout,0,0,1,120,4,0,0
blind_follow,medium,15.0,10066,timeout,0,0,1,120,4,0,0
blind_follow,medium,15.0,10067,timeout,0,0,1,120,2,4,0
blind_follow,medium,15.0,10068,timeout,0,0,1,120,4,4,0
blind_follow,medium,15.0,10069,wipeout,0,1,0,17,0,3,0
blind_follow,medium,15.0,10070,timeout,0,0,1,120,2,4,0
blind_follow,medium,15.0,10071,timeout,0,0,1,120,3,2,0
blind_follow,medium,15.0,10072,timeout,0,0,1,120,5,4,0
blind_follow,medium,15.0,10073,timeout,0,0,1,120,1,2,0
blind_follow,medium,15.0,10074,timeout,0,0,1,120,1,3,0
blind_follow,medium,15.0,10075,wipeout,0,1,0,14,0,3,0
blind_follow,medium,15.0,10076,timeout,0,0,1,120,2,2,0
blind_follow,medium,15.0,10077,timeout,0,0,1,120,2,2,0
blind_follow,medium,15.0,10078,timeout,0,0,1,120,5,2,0
blind_follow,medium,15.0,10079,timeout,0,0,1,120,1,2,0
blind_follow,medium,15.0,10080,timeout,0,0,1,120,3,2,0
blind_follow,medium,15.0,10081,timeout,0,0,1,120,1,3,0
blind_follow,medium,15.0,10082,timeout,0,0,1,120,5,0,0
blind_follow,medium,15.0,10083,wipeout,0,1,0,19,0,2,0
blind_follow,medium,15.0,10084,timeout,0,0,1,120,2,2,0
blind_follow,medium,15.0,10085,wipeout,0,1,0,16,0,4,0
blind_follow,medium,15.0,10086,timeout,0,0,1,120,5,0,0
blind_follow,medium,15.0,10087,timeout,0,0,1,120,5,0,0
blind_follow,medium,15.0,10088,timeout,0,0,1,120,4,2,0
blind_follow,medium,15.0,10089,timeout,0,0,1,120,5,0,0
blind_follow,medium,15.0,10090,timeout,0,0,1,120,2,3,0
blind_follow,medium,15.0,10091,timeout,0,0,1,120,4,4,0
blind_follow,medium,15.0,10092,timeout,0,0,1,120,1,2,0
blind_follow,medium,15.0,10093,timeout,0,0,1,120,2,4,0
blind_follow,medium,15.0,10094,wipeout,0,1,0,26,0,3,0
blind_follow,medium,15.0,10095,timeout,0,0,1,120,1,4,0
blind_follow,medium,15.0,10096,wipeout,0,1,0,17,0,4,0
blind_follow,medium,15.0,10097,timeout,0,0,1,120,4,2,0
blind_follow,medium,15.0,10098,timeout,0,0,1,120,4,2,0
blind_follow,medium,15.0,10099,timeout,0,0,1,120,3,2,0
blind_follow,medium,15.0,10100,timeout,0,0,1,120,4,0,0
blind_follow,medium,15.0,10101,timeout,0,0,1,120,2,2,0
blind_follow,medium,15.0,10102,timeout,0,0,1,120,4,2,0
blind_follow,medium,15.0,10103,timeout,0,0,1,120,4,2,0
blind_follow,medium,15.0,10104,timeout,0,0,1,120,4,2,0
blind_follow,medium,15.0,10105,timeout,0,0,1,120,4,0,0
blind_follow,medium,15.0,10106,timeout,0,0,1,120,4,2,0
blind_follow,medium,15.0,10107,timeout,0,0,1,120,1,2,0
blind_follow,medium,15.0,10108,timeout,0,0,1,120,4,2,0
blind_follow,medium,15.0,10109,timeout,0,0,1,120,2,2,0
blind_follow,medium,15.0,10110,wipeout,0,1,0,12,0,3,0
blind_follow,medium,15.0,10111,timeout,0,0,1,120,1,3,0
blind_follow,medium,15.0,10112,wipeout,0,1,0,31,0,2,0
blind_follow,medium,15.0,10113,wipeout,0,1,0,20,0,4,0
blind_follow,medium,15.0,10114,timeout,0,0,1,120,4,3,0
blind_follow,medium,15.0,10115,timeout,0,0,1,120,4,2,0
blind_follow,medium,15.0,10116,timeout,0,0,1,120,5,2,0
blind_follow,medium,15.0,10117,timeout,0,0,1,120,3,5,0
blind_follow,medium,15.0,10118,timeout,0,0,1,120,4,0,0
blind_follow,medium,15.0,10119,timeout,0,0,1,120,2,2,0
blind_follow,medium,15.0,10120,timeout,0,0,1,120,2,3,0
blind_follow,medium,15.0,10121,timeout,0,0,1,120,4,0,0
blind_follow,medium,15.0,10122,timeout,0,0,1,120,5,0,0
blind_follow,medium,15.0,10123,timeout,0,0,1,120,1,4,0
blind_follow,medium,15.0,10124,timeout,0,0,1,120,2,0,0
blind_follow,medium,15.0,10125,timeout,0,0,1,120,4,4,0
blind_follow,medium,15.0,10126,timeout,0,0,1,120,4,2,0
blind_follow,medium,15.0,10127,timeout,0,0,1,120,5,2,0
blind_follow,medium,15.0,10128,timeout,0,0,1,120,4,2,0
blind_follow,medium,15.0,10129,timeout,0,0,1,120,2,2,0
blind_follow,medium,15.0,10130,timeout,0,0,1,120,1,3,0
blind_follow,medium,15.0,10131,wipeout,0,1,0,19,0,3,0
blind_follow,medium,15.0,10132,timeout,0,0,1,120,1,4,0
blind_follow,medium,15.0,10133,timeout,0,0,1,120,3,2,0
blind_follow,medium,15.0,10134,timeout,0,0,1,120,3,2,0
blind_follow,medium,15.0,10135,timeout,0,0,1,120,1,3,0
blind_follow,medium,15.0,10136,timeout,0,0,1,120,3,2,0
blind_follow,medium,15.0,10137,timeout,0,0,1,120,4,0,0
blind_follow,medium,15.0,10138,timeout,0,0,1,120,4,2,0
blind_follow,medium,15.0,10139,timeout,0,0,1,120,3,0,0
blind_follow,medium,15.0,10140,wipeout,0,1,0,19,0,3,0
blind_follow,medium,15.0,10141,timeout,0,0,1,120,4,0,0
blind_follow,medium,15.0,10142,timeout,0,0,1,120,4,4,0
blind_follow,medium,15.0,10143,timeout,0,0,1,120,4,0,0
blind_follow,medium,15.0,10144,timeout,0,0,1,120,4,2,0
blind_follow,medium,15.0,10145,timeout,0,0,1,120,1,3,0
blind_follow,medium,15.0,10146,timeout,0,0,1,120,3,2,0
blind_follow,medium,15.0,10147,timeout,0,0,1,120,2,0,0
blind_follow,medium,15.0,10148,wipeout,0,1,0,20,0,3,0
blind_follow,medium,15.0,10149,timeout,0,0,1,120,1,3,0
blind_follow,medium,15.0,10150,timeout,0,0,1,120,4,2,0
blind_follow,medium,15.0,10151,timeout,0,0,1,120,1,4,0
blind_follow,medium,15.0,10152,timeout,0,0,1,120,4,0,0
blind_follow,medium,15.0,10153,timeout,0,0,1,120,5,0,0
blind_follow,medium,15.0,10154,timeout,0,0,1,120,1,5,0
blind_follow,medium,15.0,10155,timeout,0,0,1,120,1,2,0
blind_follow,medium,15.0,10156,timeout,0,0,1,120,1,4,0
blind_follow,medium,15.0,10157,timeout,0,0,1,120,4,0,0
blind_follow,medium,15.0,10158,timeout,0,0,1,120,4,3,0
blind_follow,medium,15.0,10159,timeout,0,0,1,120,2,0,0
blind_follow,medium,15.0,10160,timeout,0,0,1,120,4,2,0
blind_follow,medium,15.0,10161,timeout,0,0,1,120,3,3,0
blind_follow,medium,15.0,10162,timeout,0,0,1,120,2,0,0
blind_follow,medium,15.0,10163,timeout,0,0,1,120,1,0,0
blind_follow,medium,15.0,10164,wipeout,0,1,0,24,0,3,0
blind_follow,medium,15.0,10165,timeout,0,0,1,120,4,0,0
blind_follow,medium,15.0,10166,timeout,0,0,1,120,3,3,0
blind_follow,medium,15.0,10167,timeout,0,0,1,120,1,3,0
blind_follow,medium,15.0,10168,timeout,0,0,1,120,4,3,0
blind_follow,medium,15.0,10169,timeout,0,0,1,120,5,0,0
blind_follow,medium,15.0,10170,timeout,0,0,1,120,3,2,0
blind_follow,medium,15.0,10171,timeout,0,0,1,120,4,2,0
blind_follow,medium,15.0,10172,timeout,0,0,1,120,5,0,0
blind_follow,medium,15.0,10173,wipeout,0,1,0,16,0,2,0
blind_follow,medium,15.0,10174,timeout,0,0,1,120,1,2,0
blind_follow,medium,15.0,10175,timeout,0,0,1,120,1,5,0
blind_follow,medium,15.0,10176,timeout,0,0,1,120,5,0,0
blind_follow,medium,15.0,10177,timeout,0,0,1,120,4,2,0
blind_follow,medium,15.0,10178,timeout,0,0,1,120,2,3,0
blind_follow,medium,15.0,10179,timeout,0,0,1,120,4,2,0
blind_follow,medium,15.0,10180,timeout,0,0,1,120,4,0,0
blind_follow,medium,15.0,10181,timeout,0,0,1,120,4,2,0
blind_follow,medium,15.0,10182,timeout,0,0,1,120,5,2,0
blind_follow,medium,15.0,10183,timeout,0,0,1,120,2,3,0
blind_follow,medium,15.0,10184,timeout,0,0,1,120,3,2,0
blind_follow,medium,15.0,10185,timeout,0,0,1,120,4,2,0
blind_follow,medium,15.0,10186,timeout,0,0,1,120,2,2,0
blind_follow,medium,15.0,10187,timeout,0,0,1,120,1,4,0
blind_follow,medium,15.0,10188,wipeout,0,1,0,19,0,3,0
blind_follow,medium,15.0,10189,timeout,0,0,1,120,5,0,0
blind_follow,medium,15.0,10190,timeout,0,0,1,120,5,0,0
blind_follow,medium,15.0,10191,timeout,0,0,1,120,1,3,0
blind_follow,medium,15.0,10192,timeout,0,0,1,120,3,3,0
blind_follow,medium,15.0,10193,timeout,0,0,1,120,2,2,0
blind_follow,medium,15.0,10194,timeout,0,0,1,120,2,2,0
blind_follow,medium,15.0,10195,wipeout,0,1,0,15,0,3,0
blind_follow,medium,15.0,10196,timeout,0,0,1,120,4,2,0
blind_follow,medium,15.0,10197,timeout,0,0,1,120,2,2,0
blind_follow,medium,15.0,10198,timeout,0,0,1,120,4,0,0
blind_follow,medium,15.0,10199,wipeout,0,1,0,17,0,3,0
blind_follow,medium,15.0,10200,timeout,0,0,1,120,4,2,0
blind_follow,medium,15.0,10201,wipeout,0,1,0,19,0,2,0
blind_follow,medium,15.0,10202,timeout,0,0,1,120,3,0,0
blind_follow,medium,15.0,10203,wipeout,0,1,0,20,0,3,0
blind_follow,medium,15.0,10204,timeout,0,0,1,120,2,3,0
blind_follow,medium,15.0,10205,timeout,0,0,1,120,4,2,0
blind_follow,medium,15.0,10206,timeout,0,0,1,120,4,0,0
blind_follow,medium,15.0,10207,wipeout,0,1,0,18,0,2,0
blind_follow,medium,15.0,10208,timeout,0,0,1,120,4,2,0
blind_follow,medium,15.0,10209,timeout,0,0,1,120,5,0,0
blind_follow,medium,15.0,10210,timeout,0,0,1,120,4,0,0
blind_follow,medium,15.0,10211,timeout,0,0,1,120,5,0,0
blind_follow,medium,15.0,10212,timeout,0,0,1,120,4,3,0
blind_follow,medium,15.0,10213,timeout,0,0,1,120,4,2,0
blind_follow,medium,15.0,10214,timeout,0,0,1,120,5,0,0
blind_follow,medium,15.0,10215,timeout,0,0,1,120,4,0,0
blind_follow,medium,15.0,10216,timeout,0,0,1,120,4,0,0
blind_follow,medium,15.0,10217,timeout,0,0,1,120,5,0,0
blind_follow,medium,15.0,10218,timeout,0,0,1,120,3,2,0
blind_follow,medium,15.0,10219,timeout,0,0,1,120,2,2,0
blind_follow,medium,15.0,10220,timeout,0,0,1,120,4,0,0
blind_follow,medium,15.0,10221,timeout,0,0,1,120,3,2,0
blind_follow,medium,15.0,10222,timeout,0,0,1,120,4,2,0
blind_follow,medium,15.0,10223,timeout,0,0,1,120,1,3,0
blind_follow,medium,15.0,10224,timeout,0,0,1,120,4,0,0
blind_follow,medium,15.0,10225,timeout,0,0,1,120,2,2,0
blind_follow,medium,15.0,10226,timeout,0,0,1,120,2,2,0
blind_follow,medium,15.0,10227,timeout,0,0,1,120,4,2,0
blind_follow,medium,15.0,10228,timeout,0,0,1,120,3,2,0
blind_follow,medium,15.0,10229,wipeout,0,1,0,25,0,3,0
blind_follow,medium,15.0,10230,wipeout,0,1,0,15,0,3,0
blind_follow,medium,15.0,10231,timeout,0,0,1,120,3,2,0
blind_follow,medium,15.0,10232,wipeout,0,1,0,14,0,3,0
blind_follow,medium,15.0,10233,timeout,0,0,1,120,1,2,0
blind_follow,medium,15.0,10234,timeout,0,0,1,120,3,2,0
blind_follow,medium,15.0,10235,timeout,0,0,1,120,4,2,0
blind_follow,medium,15.0,10236,timeout,0,0,1,120,5,3,0
blind_follow,medium,15.0,10237,timeout,0,0,1,120,4,4,0
blind_follow,medium,15.0,10238,timeout,0,0,1,120,4,3,0
blind_follow,medium,15.0,10239,timeout,0,0,1,120,1,2,0
blind_follow,medium,15.0,10240,timeout,0,0,1,120,4,2,0
blind_follow,medium,15.0,10241,timeout,0,0,1,120,1,3,0
blind_follow,medium,15.0,10242,timeout,0,0,1,120,3,2,0
blind_follow,medium,15.0,10243,timeout,0,0,1,120,3,3,0
blind_follow,medium,15.0,10244,timeout,0,0,1,120,1,4,0
blind_follow,medium,15.0,10245,timeout,0,0,1,120,4,2,0
blind_follow,medium,15.0,10246,wipeout,0,1,0,22,0,4,0
blind_follow,medium,15.0,10247,timeout,0,0,1,120,2,4,0
blind_follow,medium,15.0,10248,timeout,0,0,1,120,2,2,0
blind_follow,medium,15.0,10249,wipeout,0,1,0,35,0,2,0
blind_follow,medium,15.0,10250,timeout,0,0,1,120,4,2,0
blind_follow,medium,15.0,10251,timeout,0,0,1,120,3,2,0
blind_follow,medium,15.0,10252,timeout,0,0,1,120,5,3,0
blind_follow,medium,15.0,10253,timeout,0,0,1,120,3,2,0
blind_follow,medium,15.0,10254,timeout,0,0,1,120,4,0,0
blind_follow,medium,15.0,10255,timeout,0,0,1,120,4,0,0
blind_follow,medium,15.0,10256,timeout,0,0,1,120,3,3,0
blind_follow,medium,15.0,10257,timeout,0,0,1,120,4,0,0
blind_follow,medium,15.0,10258,timeout,0,0,1,120,2,0,0
blind_follow,medium,15.0,10259,timeout,0,0,1,120,5,0,0
blind_follow,medium,15.0,10260,timeout,0,0,1,120,4,0,0
blind_follow,medium,15.0,10261,timeout,0,0,1,120,3,0,0
blind_follow,medium,15.0,10262,timeout,0,0,1,120,1,2,0
blind_follow,medium,15.0,10263,timeout,0,0,1,120,1,2,0
blind_follow,medium,15.0,10264,timeout,0,0,1,120,1,2,0
blind_follow,medium,15.0,10265,timeout,0,0,1,120,2,2,0
blind_follow,medium,15.0,10266,timeout,0,0,1,120,5,0,0
blind_follow,medium,15.0,10267,timeout,0,0,1,120,5,0,0
blind_follow,medium,15.0,10268,timeout,0,0,1,120,4,2,0
blind_follow,medium,15.0,10269,timeout,0,0,1,120,2,0,0
blind_follow,medium,15.0,10270,timeout,0,0,1,120,5,0,0
blind_follow,medium,15.0,10271,timeout,0,0,1,120,3,5,0
blind_follow,medium,15.0,10272,timeout,0,0,1,120,4,0,0
blind_follow,medium,15.0,10273,timeout,0,0,1,120,4,0,0
blind_follow,medium,15.0,10274,timeout,0,0,1,120,5,2,0
blind_follow,medium,15.0,10275,timeout,0,0,1,120,4,2,0
blind_follow,medium,15.0,10276,timeout,0,0,1,120,5,3,0
blind_follow,medium,15.0,10277,timeout,0,0,1,120,5,0,0
blind_follow,medium,15.0,10278,timeout,0,0,1,120,3,2,0
blind_follow,medium,15.0,10279,timeout,0,0,1,120,2,2,0
blind_follow,medium,15.0,10280,timeout,0,0,1,120,2,4,0
blind_follow,medium,15.0,10281,timeout,0,0,1,120,1,2,0
blind_follow,medium,15.0,10282,timeout,0,0,1,120,1,3,0
blind_follow,medium,15.0,10283,timeout,0,0,1,120,5,0,0
blind_follow,medium,15.0,10284,timeout,0,0,1,120,2,2,0
blind_follow,medium,15.0,10285,timeout,0,0,1,120,4,2,0
blind_follow,medium,15.0,10286,timeout,0,0,1,120,4,3,0
blind_follow,medium,15.0,10287,timeout,0,0,1,120,4,0,0
blind_follow,medium,15.0,10288,timeout,0,0,1,120,4,2,0
blind_follow,medium,15.0,10289,timeout,0,0,1,120,4,0,0
blind_follow,medium,15.0,10290,timeout,0,0,1,120,4,0,0
blind_follow,medium,15.0,10291,timeout,0,0,1,120,2,5,0
blind_follow,medium,15.0,10292,wipeout,0,1,0,27,0,4,0
blind_follow,medium,15.0,10293,timeout,0,0,1,120,4,2,0
blind_follow,medium,15.0,10294,timeout,0,0,1,120,2,3,0
blind_follow,medium,15.0,10295,wipeout,0,1,0,20,0,2,0
blind_follow,medium,15.0,10296,timeout,0,0,1,120,2,0,0
blind_follow,medium,15.0,10297,timeout,0,0,1,120,2,2,0
blind_follow,medium,15.0,10298,timeout,0,0,1,120,3,2,0
blind_follow,medium,15.0,10299,timeout,0,0,1,120,4,2,0
blind_follow,medium,15.0,10300,timeout,0,0,1,120,1,3,0
blind_follow,medium,15.0,10301,timeout,0,0,1,120,4,0,0
blind_follow,medium,15.0,10302,timeout,0,0,1,120,4,2,0
blind_follow,medium,15.0,10303,timeout,0,0,1,120,4,3,0
blind_follow,medium,15.0,10304,timeout,0,0,1,120,1,2,0
blind_follow,medium,15.0,10305,timeout,0,0,1,120,5,2,0
blind_follow,medium,15.0,10306,timeout,0,0,1,120,3,0,0
blind_follow,medium,15.0,10307,timeout,0,0,1,120,3,3,0
blind_follow,medium,15.0,10308,timeout,0,0,1,120,4,0,0
blind_follow,medium,15.0,10309,timeout,0,0,1,120,1,2,0
blind_follow,medium,15.0,10310,wipeout,0,1,0,16,0,2,0
blind_follow,medium,15.0,10311,timeout,0,0,1,120,4,0,0
blind_follow,medium,15.0,10312,timeout,0,0,1,120,5,2,0
blind_follow,medium,15.0,10313,timeout,0,0,1,120,4,4,0
blind_follow,medium,15.0,10314,timeout,0,0,1,120,4,2,0
blind_follow,medium,15.0,10315,timeout,0,0,1,120,2,3,0
blind_follow,medium,15.0,10316,timeout,0,0,1,120,5,0,0
blind_follow,medium,15.0,10317,wipeout,0,1,0,31,0,3,0
blind_follow,medium,15.0,10318,timeout,0,0,1,120,2,2,0
blind_follow,medium,15.0,10319,timeout,0,0,1,120,3,0,0
blind_follow,medium,15.0,10320,timeout,0,0,1,120,4,4,0
blind_follow,medium,15.0,10321,timeout,0,0,1,120,4,3,0
blind_follow,medium,15.0,10322,timeout,0,0,1,120,4,2,0
blind_follow,medium,15.0,10323,timeout,0,0,1,120,5,0,0
blind_follow,medium,15.0,10324,timeout,0,0,1,120,5,0,0
blind_follow,medium,15.0,10325,timeout,0,0,1,120,4,0,0
blind_follow,medium,15.0,10326,timeout,0,0,1,120,1,3,0
blind_follow,medium,15.0,10327,timeout,0,0,1,120,4,2,0
blind_follow,medium,15.0,10328,timeout,0,0,1,120,2,3,0
blind_follow,medium,15.0,10329,timeout,0,0,1,120,1,2,0
blind_follow,medium,15.0,10330,timeout,0,0,1,120,4,0,0
blind_follow,medium,15.0,10331,timeout,0,0,1,120,5,0,0
blind_follow,medium,15.0,10332,wipeout,0,1,0,19,0,3,0
blind_follow,medium,15.0,10333,timeout,0,0,1,120,2,2,0
blind_follow,medium,15.0,10334,timeout,0,0,1,120,1,3,0
blind_follow,medium,15.0,10335,timeout,0,0,1,120,5,2,0
blind_follow,medium,15.0,10336,timeout,0,0,1,120,1,2,0
blind_follow,medium,15.0,10337,wipeout,0,1,0,15,0,3,0
blind_follow,medium,15.0,10338,timeout,0,0,1,120,1,4,0
blind_follow,medium,15.0,10339,timeout,0,0,1,120,4,2,0
blind_follow,medium,15.0,10340,timeout,0,0,1,120,5,0,0
blind_follow,medium,15.0,10341,timeout,0,0,1,120,5,2,0
blind_follow,medium,15.0,10342,timeout,0,0,1,120,4,3,0
blind_follow,medium,15.0,10343,timeout,0,0,1,120,3,2,0
blind_follow,medium,15.0,10344,timeout,0,0,1,120,4,2,0
blind_follow,medium,15.0,10345,timeout,0,0,1,120,4,0,0
blind_follow,medium,15.0,10346,timeout,0,0,1,120,1,2,0
blind_follow,medium,15.0,10347,wipeout,0,1,0,29,0,3,0
blind_follow,medium,15.0,10348,timeout,0,0,1,120,3,0,0
blind_follow,medium,15.0,10349,timeout,0,0,1,120,1,2,0
blind_follow,medium,15.0,10350,timeout,0,0,1,120,5,2,0
blind_follow,medium,15.0,10351,timeout,0,0,1,120,2,3,0
blind_follow,medium,15.0,10352,timeout,0,0,1,120,4,4,0
blind_follow,medium,15.0,10353,timeout,0,0,1,120,4,2,0
blind_follow,medium,15.0,10354,timeout,0,0,1,120,4,3,0
blind_follow,medium,15.0,10355,timeout,0,0,1,120,5,2,0
blind_follow,medium,15.0,10356,timeout,0,0,1,120,2,0,0
blind_follow,medium,15.0,10357,timeout,0,0,1,120,3,2,0
blind_follow,medium,15.0,10358,timeout,0,0,1,120,4,0,0
blind_follow,medium,15.0,10359,timeout,0,0,1,120,3,3,0
blind_follow,medium,15.0,10360,timeout,0,0,1,120,4,2,0
blind_follow,medium,15.0,10361,timeout,0,0,1,120,2,2,0
blind_follow,medium,15.0,10362,timeout,0,0,1,120,4,2,0
blind_follow,medium,15.0,10363,timeout,0,0,1,120,3,2,0
blind_follow,medium,15.0,10364,timeout,0,0,1,120,5,0,0
blind_follow,medium,15.0,10365,timeout,0,0,1,120,2,3,0
blind_follow,medium,15.0,10366,timeout,0,0,1,120,1,2,0
blind_follow,medium,15.0,10367,timeout,0,0,1,120,5,0,0
blind_follow,medium,15.0,10368,timeout,0,0,1,120,3,0,0
blind_follow,medium,15.0,10369,timeout,0,0,1,120,1,3,0
blind_follow,medium,15.0,10370,timeout,0,0,1,120,4,0,0
blind_follow,medium,15.0,10371,timeout,0,0,1,120,2,3,0
blind_follow,medium,15.0,10372,timeout,0,0,1,120,2,2,0
blind_follow,medium,15.0,10373,timeout,0,0,1,120,1,4,0
blind_follow,medium,15.0,10374,timeout,0,0,1,120,3,2,0
blind_follow,medium,15.0,10375,timeout,0,0,1,120,2,2,0
blind_follow,medium,15.0,10376,timeout,0,0,1,120,3,0,0
blind_follow,medium,15.0,10377,wipeout,0,1,0,22,0,2,0
blind_follow,medium,15.0,10378,timeout,0,0,1,120,2,2,0
blind_follow,medium,15.0,10379,wipeout,0,1,0,14,0,4,0
blind_follow,medium,15.0,10380,timeout,0,0,1,120,4,0,0
blind_follow,medium,15.0,10381,timeout,0,0,1,120,3,2,0
blind_follow,medium,15.0,10382,timeout,0,0,1,120,2,2,0
blind_follow,medium,15.0,10383,timeout,0,0,1,120,2,0,0
blind_follow,medium,15.0,10384,wipeout,0,1,0,39,0,3,0
blind_follow,medium,15.0,10385,wipeout,0,1,0,18,0,4,0
blind_follow,medium,15.0,10386,timeout,0,0,1,120,3,3,0
blind_follow,medium,15.0,10387,timeout,0,0,1,120,4,3,0
blind_follow,medium,15.0,10388,timeout,0,0,1,120,5,0,0
blind_follow,medium,15.0,10389,timeout,0,0,1,120,4,0,0
blind_follow,medium,15.0,10390,timeout,0,0,1,120,3,3,0
blind_follow,medium,15.0,10391,wipeout,0,1,0,21,0,4,0
blind_follow,medium,15.0,10392,timeout,0,0,1,120,5,3,0
blind_follow,medium,15.0,10393,timeout,0,0,1,120,1,2,0
blind_follow,medium,15.0,10394,timeout,0,0,1,120,3,2,0
blind_follow,medium,15.0,10395,timeout,0,0,1,120,5,0,0
blind_follow,medium,15.0,10396,timeout,0,0,1,120,2,2,0
blind_follow,medium,15.0,10397,timeout,0,0,1,120,2,2,0
blind_follow,medium,15.0,10398,timeout,0,0,1,120,4,2,0
blind_follow,medium,15.0,10399,timeout,0,0,1,120,3,0,0
blind_follow,medium,15.0,10400,timeout,0,0,1,120,5,2,0
blind_follow,medium,15.0,10401,timeout,0,0,1,120,3,2,0
blind_follow,medium,15.0,10402,timeout,0,0,1,120,4,2,0
blind_follow,medium,15.0,10403,timeout,0,0,1,120,5,2,0
blind_follow,medium,15.0,10404,timeout,0,0,1,120,4,2,0
blind_follow,medium,15.0,10405,wipeout,0,1,0,16,0,3,0
blind_follow,medium,15.0,10406,timeout,0,0,1,120,3,3,0
blind_follow,medium,15.0,10407,timeout,0,0,1,120,3,2,0
blind_follow,medium,15.0,10408,wipeout,0,1,0,16,0,4,0
blind_follow,medium,15.0,10409,timeout,0,0,1,120,3,0,0
blind_follow,medium,15.0,10410,timeout,0,0,1,120,4,2,0
blind_follow,medium,15.0,10411,timeout,0,0,1,120,5,0,0
blind_follow,medium,15.0,10412,timeout,0,0,1,120,4,2,0
blind_follow,medium,15.0,10413,timeout,0,0,1,120,1,3,0
blind_follow,medium,15.0,10414,wipeout,0,1,0,15,0,3,0
blind_follow,medium,15.0,10415,timeout,0,0,1,120,4,0,0
blind_follow,medium,15.0,10416,timeout,0,0,1,120,2,0,0
blind_follow,medium,15.0,10417,timeout,0,0,1,120,3,3,0
blind_follow,medium,15.0,10418,timeout,0,0,1,120,5,0,0
blind_follow,medium,15.0,10419,timeout,0,0,1,120,1,2,0
blind_follow,medium,15.0,10420,timeout,0,0,1,120,2,3,0
blind_follow,medium,15.0,10421,wipeout,0,1,0,15,0,3,0
blind_follow,medium,15.0,10422,timeout,0,0,1,120,3,2,0
blind_follow,medium,15.0,10423,timeout,0,0,1,120,3,3,0
blind_follow,medium,15.0,10424,timeout,0,0,1,120,4,2,0
blind_follow,medium,15.0,10425,timeout,0,0,1,120,4,2,0
blind_follow,medium,15.0,10426,timeout,0,0,1,120,1,3,0
blind_follow,medium,15.0,10427,timeout,0,0,1,120,1,2,0
blind_follow,medium,15.0,10428,timeout,0,0,1,120,2,3,0
blind_follow,medium,15.0,10429,timeout,0,0,1,120,5,0,0
blind_follow,medium,15.0,10430,wipeout,0,1,0,18,0,3,0
blind_follow,medium,15.0,10431,timeout,0,0,1,120,2,2,0
blind_follow,medium,15.0,10432,timeout,0,0,1,120,4,3,0
blind_follow,medium,15.0,10433,timeout,0,0,1,120,1,3,0
blind_follow,medium,15.0,10434,timeout,0,0,1,120,5,0,0
blind_follow,medium,15.0,10435,timeout,0,0,1,120,1,2,0
blind_follow,medium,15.0,10436,wipeout,0,1,0,30,0,3,0
blind_follow,medium,15.0,10437,timeout,0,0,1,120,4,2,0
blind_follow,medium,15.0,10438,timeout,0,0,1,120,1,3,0
blind_follow,medium,15.0,10439,timeout,0,0,1,120,3,0,0
blind_follow,medium,15.0,10440,timeout,0,0,1,120,2,3,0
blind_follow,medium,15.0,10441,timeout,0,0,1,120,4,0,0
blind_follow,medium,15.0,10442,timeout,0,0,1,120,5,2,0
blind_follow,medium,15.0,10443,wipeout,0,1,0,14,0,3,0
blind_follow,medium,15.0,10444,timeout,0,0,1,120,5,0,0
blind_follow,medium,15.0,10445,timeout,0,0,1,120,5,2,0
blind_follow,medium,15.0,10446,timeout,0,0,1,120,5,2,0
blind_follow,medium,15.0,10447,timeout,0,0,1,120,5,0,0
blind_follow,medium,15.0,10448,timeout,0,0,1,120,1,3,0
blind_follow,medium,15.0,10449,timeout,0,0,1,120,4,2,0
blind_follow,medium,15.0,10450,timeout,0,0,1,120,1,4,0
blind_follow,medium,15.0,10451,timeout,0,0,1,120,2,3,0
blind_follow,medium,15.0,10452,timeout,0,0,1,120,5,0,0
blind_follow,medium,15.0,10453,timeout,0,0,1,120,3,2,0
blind_follow,medium,15.0,10454,timeout,0,0,1,120,1,3,0
blind_follow,medium,15.0,10455,timeout,0,0,1,120,2,2,0
blind_follow,medium,15.0,10456,timeout,0,0,1,120,4,0,0
blind_follow,medium,15.0,10457,timeout,0,0,1,120,2,3,0
blind_follow,medium,15.0,10458,timeout,0,0,1,120,3,0,0
blind_follow,medium,15.0,10459,wipeout,0,1,0,39,0,2,0
blind_follow,medium,15.0,10460,timeout,0,0,1,120,3,2,0
blind_follow,medium,15.0,10461,timeout,0,0,1,120,2,3,0
blind_follow,medium,15.0,10462,timeout,0,0,1,120,2,0,0
blind_follow,medium,15.0,10463,timeout,0,0,1,120,4,0,0
blind_follow,medium,15.0,10464,timeout,0,0,1,120,4,2,0
blind_follow,medium,15.0,10465,timeout,0,0,1,120,4,0,0
blind_follow,medium,15.0,10466,timeout,0,0,1,120,3,2,0
blind_follow,medium,15.0,10467,wipeout,0,1,0,16,0,2,0
blind_follow,medium,15.0,10468,timeout,0,0,1,120,1,4,0
blind_follow,medium,15.0,10469,timeout,0,0,1,120,4,0,0
blind_follow,medium,15.0,10470,timeout,0,0,1,120,1,3,0
blind_follow,medium,15.0,10471,timeout,0,0,1,120,2,0,0
blind_follow,medium,15.0,10472,timeout,0,0,1,120,3,2,0
blind_follow,medium,15.0,10473,timeout,0,0,1,120,3,0,0
blind_follow,medium,15.0,10474,timeout,0,0,1,120,5,2,0
blind_follow,medium,15.0,10475,timeout,0,0,1,120,4,2,0
blind_follow,medium,15.0,10476,timeout,0,0,1,120,4,3,0
blind_follow,medium,15.0,10477,timeout,0,0,1,120,3,2,0
blind_follow,medium,15.0,10478,timeout,0,0,1,120,2,2,0
blind_follow,medium,15.0,10479,timeout,0,0,1,120,2,3,0
blind_follow,medium,15.0,10480,timeout,0,0,1,120,3,3,0
blind_follow,medium,15.0,10481,wipeout,0,1,0,34,0,2,0
blind_follow,medium,15.0,10482,timeout,0,0,1,120,5,0,0
blind_follow,medium,15.0,10483,timeout,0,0,1,120,5,0,0
blind_follow,medium,15.0,10484,timeout,0,0,1,120,5,0,0
blind_follow,medium,15.0,10485,timeout,0,0,1,120,4,0,0
blind_follow,medium,15.0,10486,timeout,0,0,1,120,2,3,0
blind_follow,medium,15.0,10487,timeout,0,0,1,120,1,2,0
blind_follow,medium,15.0,10488,timeout,0,0,1,120,4,2,0
blind_follow,medium,15.0,10489,timeout,0,0,1,120,4,2,0
blind_follow,medium,15.0,10490,timeout,0,0,1,120,2,2,0
blind_follow,medium,15.0,10491,timeout,0,0,1,120,4,3,0
blind_follow,medium,15.0,10492,timeout,0,0,1,120,3,0,0
blind_follow,medium,15.0,10493,timeout,0,0,1,120,4,3,0
blind_follow,medium,15.0,10494,wipeout,0,1,0,23,0,3,0
blind_follow,medium,15.0,10495,timeout,0,0,1,120,1,2,0
blind_follow,medium,15.0,10496,wipeout,0,1,0,36,0,2,0
blind_follow,medium,15.0,10497,timeout,0,0,1,120,1,2,0
blind_follow,medium,15.0,10498,timeout,0,0,1,120,1,3,0
blind_follow,medium,15.0,10499,timeout,0,0,1,120,4,2,0
shared_map,medium,15.0,10000,wipeout,0,1,0,19,0,3,282
shared_map,medium,15.0,10001,timeout,0,0,1,120,5,0,2400
shared_map,medium,15.0,10002,timeout,0,0,1,120,5,0,2400
shared_map,medium,15.0,10003,wipeout,0,1,0,21,0,2,218
shared_map,medium,15.0,10004,wipeout,0,1,0,17,0,2,190
shared_map,medium,15.0,10005,timeout,0,0,1,120,4,2,1472
shared_map,medium,15.0,10006,timeout,0,0,1,120,4,2,1528
shared_map,medium,15.0,10007,timeout,0,0,1,120,4,2,1464
shared_map,medium,15.0,10008,timeout,0,0,1,120,5,0,2400
shared_map,medium,15.0,10009,timeout,0,0,1,120,5,0,2400
shared_map,medium,15.0,10010,timeout,0,0,1,120,4,2,1496
shared_map,medium,15.0,10011,timeout,0,0,1,120,5,2,2400
shared_map,medium,15.0,10012,timeout,0,0,1,120,5,0,2400
shared_map,medium,15.0,10013,timeout,0,0,1,120,4,0,1440
shared_map,medium,15.0,10014,timeout,0,0,1,120,4,0,1440
shared_map,medium,15.0,10015,timeout,0,0,1,120,4,0,1440
shared_map,medium,15.0,10016,timeout,0,0,1,120,5,0,2400
shared_map,medium,15.0,10017,timeout,0,0,1,120,5,2,2400
shared_map,medium,15.0,10018,timeout,0,0,1,120,4,0,1440
shared_map,medium,15.0,10019,timeout,0,0,1,120,5,0,2400
shared_map,medium,15.0,10020,timeout,0,0,1,120,4,0,1440
shared_map,medium,15.0,10021,timeout,0,0,1,120,4,0,750
shared_map,medium,15.0,10022,timeout,0,0,1,120,3,0,750
shared_map,medium,15.0,10023,timeout,0,0,1,120,4,2,1456
shared_map,medium,15.0,10024,timeout,0,0,1,120,4,2,1456
shared_map,medium,15.0,10025,wipeout,0,1,0,22,0,3,154
shared_map,medium,15.0,10026,timeout,0,0,1,120,3,3,748
shared_map,medium,15.0,10027,timeout,0,0,1,120,5,0,2400
shared_map,medium,15.0,10028,timeout,0,0,1,120,4,2,1456
shared_map,medium,15.0,10029,timeout,0,0,1,120,3,0,738
shared_map,medium,15.0,10030,timeout,0,0,1,120,5,0,2400
shared_map,medium,15.0,10031,timeout,0,0,1,120,3,0,750
shared_map,medium,15.0,10032,timeout,0,0,1,120,1,2,246
shared_map,medium,15.0,10033,timeout,0,0,1,120,4,2,1480
shared_map,medium,15.0,10034,timeout,0,0,1,120,4,2,1456
shared_map,medium,15.0,10035,timeout,0,0,1,120,5,0,2400
shared_map,medium,15.0,10036,timeout,0,0,1,120,1,2,320
shared_map,medium,15.0,10037,timeout,0,0,1,120,3,2,748
shared_map,medium,15.0,10038,timeout,0,0,1,120,5,2,2400
shared_map,medium,15.0,10039,timeout,0,0,1,120,4,2,1456
shared_map,medium,15.0,10040,timeout,0,0,1,120,3,3,1020
shared_map,medium,15.0,10041,timeout,0,0,1,120,4,2,1496
shared_map,medium,15.0,10042,timeout,0,0,1,120,4,2,1464
shared_map,medium,15.0,10043,wipeout,0,1,0,22,0,2,280
shared_map,medium,15.0,10044,timeout,0,0,1,120,5,0,2400
shared_map,medium,15.0,10045,timeout,0,0,1,120,5,0,2400
shared_map,medium,15.0,10046,timeout,0,0,1,120,3,0,738
shared_map,medium,15.0,10047,timeout,0,0,1,120,5,0,2400
shared_map,medium,15.0,10048,timeout,0,0,1,120,4,2,1536
shared_map,medium,15.0,10049,timeout,0,0,1,120,5,0,2400
shared_map,medium,15.0,10050,timeout,0,0,1,120,3,2,778
shared_map,medium,15.0,10051,timeout,0,0,1,120,5,0,2400
shared_map,medium,15.0,10052,timeout,0,0,1,120,5,0,2400
shared_map,medium,15.0,10053,timeout,0,0,1,120,5,0,2400
shared_map,medium,15.0,10054,timeout,0,0,1,120,5,0,2400
shared_map,medium,15.0,10055,timeout,0,0,1,120,4,3,1472
shared_map,medium,15.0,10056,timeout,0,0,1,120,3,0,750
shared_map,medium,15.0,10057,timeout,0,0,1,120,5,2,2400
shared_map,medium,15.0,10058,timeout,0,0,1,120,5,0,2400
shared_map,medium,15.0,10059,timeout,0,0,1,120,5,0,2400
shared_map,medium,15.0,10060,timeout,0,0,1,120,5,0,2400
shared_map,medium,15.0,10061,timeout,0,0,1,120,4,0,738
shared_map,medium,15.0,10062,timeout,0,0,1,120,5,0,2400
shared_map,medium,15.0,10063,timeout,0,0,1,120,4,0,744
shared_map,medium,15.0,10064,timeout,0,0,1,120,3,0,738
shared_map,medium,15.0,10065,timeout,0,0,1,120,4,0,1440
shared_map,medium,15.0,10066,timeout,0,0,1,120,5,0,2400
shared_map,medium,15.0,10067,timeout,0,0,1,120,4,2,1488
shared_map,medium,15.0,10068,timeout,0,0,1,120,5,0,2400
shared_map,medium,15.0,10069,wipeout,0,1,0,11,0,3,150
shared_map,medium,15.0,10070,timeout,0,0,1,120,2,2,444
shared_map,medium,15.0,10071,timeout,0,0,1,120,5,0,2400
shared_map,medium,15.0,10072,timeout,0,0,1,120,5,0,2400
shared_map,medium,15.0,10073,timeout,0,0,1,120,4,2,1456
shared_map,medium,15.0,10074,timeout,0,0,1,120,5,2,2400
shared_map,medium,15.0,10075,timeout,0,0,1,120,2,3,386
shared_map,medium,15.0,10076,timeout,0,0,1,120,4,0,1440
shared_map,medium,15.0,10077,timeout,0,0,1,120,4,0,1440
shared_map,medium,15.0,10078,timeout,0,0,1,120,5,0,2400
shared_map,medium,15.0,10079,timeout,0,0,1,120,4,0,1440
shared_map,medium,15.0,10080,timeout,0,0,1,120,4,2,1472
shared_map,medium,15.0,10081,timeout,0,0,1,120,4,2,1464
shared_map,medium,15.0,10082,timeout,0,0,1,120,5,0,2400
shared_map,medium,15.0,10083,wipeout,0,1,0,19,0,2,188
shared_map,medium,15.0,10084,timeout,0,0,1,120,4,0,1440
shared_map,medium,15.0,10085,timeout,0,0,1,120,3,3,942
shared_map,medium,15.0,10086,timeout,0,0,1,120,4,0,1440
shared_map,medium,15.0,10087,timeout,0,0,1,120,5,0,2400
shared_map,medium,15.0,10088,timeout,0,0,1,120,5,0,2400
shared_map,medium,15.0,10089,timeout,0,0,1,120,5,0,2400
shared_map,medium,15.0,10090,timeout,0,0,1,120,1,3,174
shared_map,medium,15.0,10091,timeout,0,0,1,120,5,0,2400
shared_map,medium,15.0,10092,timeout,0,0,1,120,4,2,1456
shared_map,medium,15.0,10093,timeout,0,0,1,120,4,2,1464
shared_map,medium,15.0,10094,timeout,0,0,1,120,5,2,2400
shared_map,medium,15.0,10095,timeout,0,0,1,120,4,0,1440
shared_map,medium,15.0,10096,wipeout,0,1,0,18,0,2,246
shared_map,medium,15.0,10097,timeout,0,0,1,120,5,0,2400
shared_map,medium,15.0,10098,timeout,0,0,1,120,5,0,2400
shared_map,medium,15.0,10099,timeout,0,0,1,120,4,0,1440
shared_map,medium,15.0,10100,timeout,0,0,1,120,5,0,2400
shared_map,medium,15.0,10101,timeout,0,0,1,120,4,0,1440
shared_map,medium,15.0,10102,timeout,0,0,1,120,5,0,2400
shared_map,medium,15.0,10103,timeout,0,0,1,120,5,0,2400
shared_map,medium,15.0,10104,timeout,0,0,1,120,5,0,2400
shared_map,medium,15.0,10105,timeout,0,0,1,120,5,0,2400
shared_map,medium,15.0,10106,timeout,0,0,1,120,4,0,1440
shared_map,medium,15.0,10107,timeout,0,0,1,120,5,2,2400
shared_map,medium,15.0,10108,timeout,0,0,1,120,5,0,2400
shared_map,medium,15.0,10109,timeout,0,0,1,120,3,0,750
shared_map,medium,15.0,10110,wipeout,0,1,0,15,0,3,140
shared_map,medium,15.0,10111,timeout,0,0,1,120,3,2,778
shared_map,medium,15.0,10112,timeout,0,0,1,120,4,2,1464
shared_map,medium,15.0,10113,timeout,0,0,1,120,5,2,2400
shared_map,medium,15.0,10114,timeout,0,0,1,120,5,0,2400
shared_map,medium,15.0,10115,timeout,0,0,1,120,4,2,1464
shared_map,medium,15.0,10116,wipeout,0,1,0,21,0,2,262
shared_map,medium,15.0,10117,timeout,0,0,1,120,4,2,1504
shared_map,medium,15.0,10118,timeout,0,0,1,120,5,0,2400
shared_map,medium,15.0,10119,timeout,0,0,1,120,3,0,744
shared_map,medium,15.0,10120,timeout,0,0,1,120,4,0,1440
shared_map,medium,15.0,10121,timeout,0,0,1,120,4,0,1440
shared_map,medium,15.0,10122,timeout,0,0,1,120,5,0,1440
shared_map,medium,15.0,10123,timeout,0,0,1,120,3,2,754
shared_map,medium,15.0,10124,timeout,0,0,1,120,4,2,1464
shared_map,medium,15.0,10125,timeout,0,0,1,120,5,0,2400
shared_map,medium,15.0,10126,timeout,0,0,1,120,5,0,2400
shared_map,medium,15.0,10127,wipeout,0,1,0,22,0,2,184
shared_map,medium,15.0,10128,timeout,0,0,1,120,5,0,2400
shared_map,medium,15.0,10129,timeout,0,0,1,120,5,2,2400
shared_map,medium,15.0,10130,timeout,0,0,1,120,2,3,388
shared_map,medium,15.0,10131,timeout,0,0,1,120,5,2,2400
shared_map,medium,15.0,10132,wipeout,0,1,0,16,0,2,102
shared_map,medium,15.0,10133,timeout,0,0,1,120,4,2,1464
shared_map,medium,15.0,10134,timeout,0,0,1,120,3,2,782
shared_map,medium,15.0,10135,timeout,0,0,1,120,3,0,744
shared_map,medium,15.0,10136,timeout,0,0,1,120,4,0,1440
shared_map,medium,15.0,10137,timeout,0,0,1,120,5,0,2400
shared_map,medium,15.0,10138,timeout,0,0,1,120,5,0,2400
shared_map,medium,15.0,10139,timeout,0,0,1,120,4,2,1496
shared_map,medium,15.0,10140,timeout,0,0,1,120,3,2,800
shared_map,medium,15.0,10141,timeout,0,0,1,120,5,0,2400
shared_map,medium,15.0,10142,timeout,0,0,1,120,5,0,2400
shared_map,medium,15.0,10143,timeout,0,0,1,120,5,0,2400
shared_map,medium,15.0,10144,timeout,0,0,1,120,5,0,2400
shared_map,medium,15.0,10145,timeout,0,0,1,120,5,2,2400
shared_map,medium,15.0,10146,timeout,0,0,1,120,5,2,2400
shared_map,medium,15.0,10147,timeout,0,0,1,120,4,2,1464
shared_map,medium,15.0,10148,timeout,0,0,1,120,3,2,842
shared_map,medium,15.0,10149,timeout,0,0,1,120,3,0,738
shared_map,medium,15.0,10150,timeout,0,0,1,120,5,0,2400
shared_map,medium,15.0,10151,wipeout,0,1,0,23,0,2,290
shared_map,medium,15.0,10152,timeout,0,0,1,120,5,0,2400
shared_map,medium,15.0,10153,timeout,0,0,1,120,5,0,2400
shared_map,medium,15.0,10154,timeout,0,0,1,120,5,0,2400
shared_map,medium,15.0,10155,timeout,0,0,1,120,4,0,1440
shared_map,medium,15.0,10156,timeout,0,0,1,120,5,2,2400
shared_map,medium,15.0,10157,timeout,0,0,1,120,5,0,2400
shared_map,medium,15.0,10158,timeout,0,0,1,120,5,0,2400
shared_map,medium,15.0,10159,timeout,0,0,1,120,4,2,1456
shared_map,medium,15.0,10160,timeout,0,0,1,120,5,0,2400
shared_map,medium,15.0,10161,timeout,0,0,1,120,4,0,1440
shared_map,medium,15.0,10162,timeout,0,0,1,120,4,0,1440
shared_map,medium,15.0,10163,timeout,0,0,1,120,3,0,738
shared_map,medium,15.0,10164,wipeout,0,1,0,28,0,3,176
shared_map,medium,15.0,10165,timeout,0,0,1,120,4,2,1496
shared_map,medium,15.0,10166,timeout,0,0,1,120,4,2,1456
shared_map,medium,15.0,10167,timeout,0,0,1,120,4,0,750
shared_map,medium,15.0,10168,timeout,0,0,1,120,5,0,2400
shared_map,medium,15.0,10169,timeout,0,0,1,120,5,2,2400
shared_map,medium,15.0,10170,timeout,0,0,1,120,5,2,2400
shared_map,medium,15.0,10171,timeout,0,0,1,120,3,0,738
shared_map,medium,15.0,10172,timeout,0,0,1,120,5,0,2400
shared_map,medium,15.0,10173,timeout,0,0,1,120,3,2,754
shared_map,medium,15.0,10174,timeout,0,0,1,120,4,2,1456
shared_map,medium,15.0,10175,timeout,0,0,1,120,4,2,1496
shared_map,medium,15.0,10176,timeout,0,0,1,120,5,0,2400
shared_map,medium,15.0,10177,timeout,0,0,1,120,5,0,2400
shared_map,medium,15.0,10178,timeout,0,0,1,120,4,0,1440
shared_map,medium,15.0,10179,timeout,0,0,1,120,4,0,1440
shared_map,medium,15.0,10180,timeout,0,0,1,120,4,2,1456
shared_map,medium,15.0,10181,timeout,0,0,1,120,5,2,2400
shared_map,medium,15.0,10182,wipeout,0,1,0,24,0,2,310
shared_map,medium,15.0,10183,timeout,0,0,1,120,2,3,486
shared_map,medium,15.0,10184,timeout,0,0,1,120,4,2,1456
shared_map,medium,15.0,10185,timeout,0,0,1,120,5,0,2400
shared_map,medium,15.0,10186,timeout,0,0,1,120,3,2,782
shared_map,medium,15.0,10187,timeout,0,0,1,120,5,0,2400
shared_map,medium,15.0,10188,timeout,0,0,1,120,5,2,2400
shared_map,medium,15.0,10189,timeout,0,0,1,120,5,0,2400
shared_map,medium,15.0,10190,timeout,0,0,1,120,5,0,1440
shared_map,medium,15.0,10191,wipeout,0,1,0,17,0,2,264
shared_map,medium,15.0,10192,timeout,0,0,1,120,4,2,1456
shared_map,medium,15.0,10193,timeout,0,0,1,120,5,0,2400
shared_map,medium,15.0,10194,timeout,0,0,1,120,4,0,1440
shared_map,medium,15.0,10195,timeout,0,0,1,120,1,2,268
shared_map,medium,15.0,10196,timeout,0,0,1,120,4,2,1472
shared_map,medium,15.0,10197,timeout,0,0,1,120,4,2,1456
shared_map,medium,15.0,10198,timeout,0,0,1,120,5,0,2400
shared_map,medium,15.0,10199,timeout,0,0,1,120,3,2,810
shared_map,medium,15.0,10200,timeout,0,0,1,120,5,0,2400
shared_map,medium,15.0,10201,wipeout,0,1,0,23,0,2,270
shared_map,medium,15.0,10202,timeout,0,0,1,120,4,0,1440
shared_map,medium,15.0,10203,timeout,0,0,1,120,4,2,1456
shared_map,medium,15.0,10204,timeout,0,0,1,120,4,0,1440
shared_map,medium,15.0,10205,timeout,0,0,1,120,5,0,2400
shared_map,medium,15.0,10206,timeout,0,0,1,120,4,0,1440
shared_map,medium,15.0,10207,timeout,0,0,1,120,3,2,754
shared_map,medium,15.0,10208,timeout,0,0,1,120,5,0,2400
shared_map,medium,15.0,10209,timeout,0,0,1,120,4,0,744
shared_map,medium,15.0,10210,timeout,0,0,1,120,5,0,2400
shared_map,medium,15.0,10211,timeout,0,0,1,120,4,2,1456
shared_map,medium,15.0,10212,timeout,0,0,1,120,2,2,514
shared_map,medium,15.0,10213,timeout,0,0,1,120,5,0,2400
shared_map,medium,15.0,10214,timeout,0,0,1,120,5,0,2400
shared_map,medium,15.0,10215,timeout,0,0,1,120,5,0,2400
shared_map,medium,15.0,10216,timeout,0,0,1,120,5,0,2400
shared_map,medium,15.0,10217,timeout,0,0,1,120,4,2,1472
shared_map,medium,15.0,10218,timeout,0,0,1,120,4,0,1440
shared_map,medium,15.0,10219,timeout,0,0,1,120,4,0,1440
shared_map,medium,15.0,10220,timeout,0,0,1,120,4,2,1480
shared_map,medium,15.0,10221,timeout,0,0,1,120,4,2,1464
shared_map,medium,15.0,10222,timeout,0,0,1,120,5,2,2400
shared_map,medium,15.0,10223,timeout,0,0,1,120,4,2,1464
shared_map,medium,15.0,10224,timeout,0,0,1,120,4,0,1440
shared_map,medium,15.0,10225,timeout,0,0,1,120,3,0,744
shared_map,medium,15.0,10226,timeout,0,0,1,120,4,0,1440
shared_map,medium,15.0,10227,timeout,0,0,1,120,5,2,2400
shared_map,medium,15.0,10228,timeout,0,0,1,120,4,2,1464
shared_map,medium,15.0,10229,timeout,0,0,1,120,3,3,804
shared_map,medium,15.0,10230,timeout,0,0,1,120,4,2,1472
shared_map,medium,15.0,10231,timeout,0,0,1,120,5,0,1440
shared_map,medium,15.0,10232,timeout,0,0,1,120,5,3,2400
shared_map,medium,15.0,10233,timeout,0,0,1,120,4,0,1440
shared_map,medium,15.0,10234,timeout,0,0,1,120,4,0,1440
shared_map,medium,15.0,10235,timeout,0,0,1,120,5,0,2400
shared_map,medium,15.0,10236,timeout,0,0,1,120,5,0,2400
shared_map,medium,15.0,10237,timeout,0,0,1,120,5,0,2400
shared_map,medium,15.0,10238,timeout,0,0,1,120,3,3,824
shared_map,medium,15.0,10239,timeout,0,0,1,120,4,0,1440
shared_map,medium,15.0,10240,timeout,0,0,1,120,4,2,1464
shared_map,medium,15.0,10241,timeout,0,0,1,120,4,0,1440
shared_map,medium,15.0,10242,timeout,0,0,1,120,4,2,1472
shared_map,medium,15.0,10243,timeout,0,0,1,120,5,0,2400
shared_map,medium,15.0,10244,timeout,0,0,1,120,5,2,2400
shared_map,medium,15.0,10245,timeout,0,0,1,120,5,0,2400
shared_map,medium,15.0,10246,wipeout,0,1,0,24,0,2,230
shared_map,medium,15.0,10247,timeout,0,0,1,120,4,0,1440
shared_map,medium,15.0,10248,timeout,0,0,1,120,4,0,1440
shared_map,medium,15.0,10249,timeout,0,0,1,120,4,2,1456
shared_map,medium,15.0,10250,timeout,0,0,1,120,5,0,2400
shared_map,medium,15.0,10251,timeout,0,0,1,120,4,0,1440
shared_map,medium,15.0,10252,timeout,0,0,1,120,5,0,2400
shared_map,medium,15.0,10253,timeout,0,0,1,120,4,0,1440
shared_map,medium,15.0,10254,timeout,0,0,1,120,4,0,1440
shared_map,medium,15.0,10255,timeout,0,0,1,120,5,0,2400
shared_map,medium,15.0,10256,timeout,0,0,1,120,4,0,1440
shared_map,medium,15.0,10257,timeout,0,0,1,120,4,0,1440
shared_map,medium,15.0,10258,timeout,0,0,1,120,4,2,1464
shared_map,medium,15.0,10259,timeout,0,0,1,120,5,0,2400
shared_map,medium,15.0,10260,timeout,0,0,1,120,5,0,2400
shared_map,medium,15.0,10261,timeout,0,0,1,120,5,0,2400
shared_map,medium,15.0,10262,timeout,0,0,1,120,3,2,748
shared_map,medium,15.0,10263,timeout,0,0,1,120,4,3,1472
shared_map,medium,15.0,10264,wipeout,0,1,0,14,0,2,214
shared_map,medium,15.0,10265,timeout,0,0,1,120,3,0,744
shared_map,medium,15.0,10266,timeout,0,0,1,120,4,0,1440
shared_map,medium,15.0,10267,timeout,0,0,1,120,5,0,2400
shared_map,medium,15.0,10268,timeout,0,0,1,120,5,0,2400
shared_map,medium,15.0,10269,timeout,0,0,1,120,4,0,1440
shared_map,medium,15.0,10270,timeout,0,0,1,120,5,0,2400
shared_map,medium,15.0,10271,timeout,0,0,1,120,4,2,1496
shared_map,medium,15.0,10272,timeout,0,0,1,120,5,0,2400
shared_map,medium,15.0,10273,timeout,0,0,1,120,5,0,2400
shared_map,medium,15.0,10274,timeout,0,0,1,120,5,0,2400
shared_map,medium,15.0,10275,timeout,0,0,1,120,5,0,2400
shared_map,medium,15.0,10276,timeout,0,0,1,120,5,0,2400
shared_map,medium,15.0,10277,timeout,0,0,1,120,5,0,2400
shared_map,medium,15.0,10278,timeout,0,0,1,120,4,0,1440
shared_map,medium,15.0,10279,timeout,0,0,1,120,5,0,2400
shared_map,medium,15.0,10280,timeout,0,0,1,120,4,0,1440
shared_map,medium,15.0,10281,timeout,0,0,1,120,4,0,1440
shared_map,medium,15.0,10282,timeout,0,0,1,120,4,2,1488
shared_map,medium,15.0,10283,timeout,0,0,1,120,4,2,1464
shared_map,medium,15.0,10284,timeout,0,0,1,120,3,0,738
shared_map,medium,15.0,10285,timeout,0,0,1,120,5,0,2400
shared_map,medium,15.0,10286,timeout,0,0,1,120,5,0,2400
shared_map,medium,15.0,10287,timeout,0,0,1,120,5,0,2400
shared_map,medium,15.0,10288,timeout,0,0,1,120,5,0,2400
shared_map,medium,15.0,10289,timeout,0,0,1,120,5,0,2400
shared_map,medium,15.0,10290,timeout,0,0,1,120,5,0,2400
shared_map,medium,15.0,10291,timeout,0,0,1,120,2,3,408
shared_map,medium,15.0,10292,wipeout,0,1,0,25,0,2,246
shared_map,medium,15.0,10293,timeout,0,0,1,120,5,0,2400
shared_map,medium,15.0,10294,timeout,0,0,1,120,5,2,2400
shared_map,medium,15.0,10295,wipeout,0,1,0,18,0,2,200
shared_map,medium,15.0,10296,timeout,0,0,1,120,4,2,1464
shared_map,medium,15.0,10297,timeout,0,0,1,120,5,2,2400
shared_map,medium,15.0,10298,timeout,0,0,1,120,4,2,1464
shared_map,medium,15.0,10299,timeout,0,0,1,120,5,0,2400
shared_map,medium,15.0,10300,timeout,0,0,1,120,4,2,1456
shared_map,medium,15.0,10301,timeout,0,0,1,120,5,0,2400
shared_map,medium,15.0,10302,timeout,0,0,1,120,5,0,2400
shared_map,medium,15.0,10303,timeout,0,0,1,120,1,3,100
shared_map,medium,15.0,10304,timeout,0,0,1,120,4,0,1440
shared_map,medium,15.0,10305,timeout,0,0,1,120,5,0,2400
shared_map,medium,15.0,10306,timeout,0,0,1,120,4,2,1472
shared_map,medium,15.0,10307,timeout,0,0,1,120,4,2,1520
shared_map,medium,15.0,10308,timeout,0,0,1,120,4,0,1440
shared_map,medium,15.0,10309,timeout,0,0,1,120,4,2,1464
shared_map,medium,15.0,10310,timeout,0,0,1,120,4,2,1456
shared_map,medium,15.0,10311,timeout,0,0,1,120,5,0,2400
shared_map,medium,15.0,10312,timeout,0,0,1,120,4,2,1496
shared_map,medium,15.0,10313,timeout,0,0,1,120,5,0,2400
shared_map,medium,15.0,10314,timeout,0,0,1,120,5,0,2400
shared_map,medium,15.0,10315,timeout,0,0,1,120,5,0,2400
shared_map,medium,15.0,10316,timeout,0,0,1,120,4,2,1504
shared_map,medium,15.0,10317,timeout,0,0,1,120,4,2,1456
shared_map,medium,15.0,10318,wipeout,0,1,0,21,0,3,156
shared_map,medium,15.0,10319,timeout,0,0,1,120,4,0,1440
shared_map,medium,15.0,10320,timeout,0,0,1,120,5,0,2400
shared_map,medium,15.0,10321,timeout,0,0,1,120,5,0,2400
shared_map,medium,15.0,10322,timeout,0,0,1,120,5,0,2400
shared_map,medium,15.0,10323,timeout,0,0,1,120,5,0,2400
shared_map,medium,15.0,10324,timeout,0,0,1,120,4,2,1496
shared_map,medium,15.0,10325,timeout,0,0,1,120,5,0,2400
shared_map,medium,15.0,10326,timeout,0,0,1,120,4,3,1520
shared_map,medium,15.0,10327,timeout,0,0,1,120,5,0,2400
shared_map,medium,15.0,10328,timeout,0,0,1,120,4,0,1440
shared_map,medium,15.0,10329,timeout,0,0,1,120,4,2,1472
shared_map,medium,15.0,10330,timeout,0,0,1,120,5,0,2400
shared_map,medium,15.0,10331,timeout,0,0,1,120,5,0,2400
shared_map,medium,15.0,10332,timeout,0,0,1,120,2,2,330
shared_map,medium,15.0,10333,timeout,0,0,1,120,4,0,1440
shared_map,medium,15.0,10334,timeout,0,0,1,120,2,3,268
shared_map,medium,15.0,10335,timeout,0,0,1,120,5,0,2400
shared_map,medium,15.0,10336,timeout,0,0,1,120,3,0,738
shared_map,medium,15.0,10337,timeout,0,0,1,120,2,3,344
shared_map,medium,15.0,10338,timeout,0,0,1,120,4,0,1440
shared_map,medium,15.0,10339,timeout,0,0,1,120,5,0,2400
shared_map,medium,15.0,10340,timeout,0,0,1,120,5,0,2400
shared_map,medium,15.0,10341,timeout,0,0,1,120,4,2,1488
shared_map,medium,15.0,10342,timeout,0,0,1,120,5,0,2400
shared_map,medium,15.0,10343,timeout,0,0,1,120,4,0,1440
shared_map,medium,15.0,10344,timeout,0,0,1,120,5,0,2400
shared_map,medium,15.0,10345,timeout,0,0,1,120,5,0,2400
shared_map,medium,15.0,10346,timeout,0,0,1,120,4,2,1464
shared_map,medium,15.0,10347,timeout,0,0,1,120,4,2,1456
shared_map,medium,15.0,10348,timeout,0,0,1,120,4,2,1496
shared_map,medium,15.0,10349,timeout,0,0,1,120,5,2,2400
shared_map,medium,15.0,10350,timeout,0,0,1,120,4,2,1464
shared_map,medium,15.0,10351,wipeout,0,1,0,24,0,3,304
shared_map,medium,15.0,10352,timeout,0,0,1,120,5,0,2400
shared_map,medium,15.0,10353,timeout,0,0,1,120,5,0,2400
shared_map,medium,15.0,10354,timeout,0,0,1,120,5,0,2400
shared_map,medium,15.0,10355,timeout,0,0,1,120,5,0,2400
shared_map,medium,15.0,10356,timeout,0,0,1,120,4,2,1472
shared_map,medium,15.0,10357,timeout,0,0,1,120,5,0,1440
shared_map,medium,15.0,10358,timeout,0,0,1,120,4,0,1440
shared_map,medium,15.0,10359,timeout,0,0,1,120,4,2,1496
shared_map,medium,15.0,10360,timeout,0,0,1,120,5,0,2400
shared_map,medium,15.0,10361,wipeout,0,1,0,21,0,2,260
shared_map,medium,15.0,10362,timeout,0,0,1,120,5,0,2400
shared_map,medium,15.0,10363,timeout,0,0,1,120,4,0,1440
shared_map,medium,15.0,10364,timeout,0,0,1,120,5,0,2400
shared_map,medium,15.0,10365,wipeout,0,1,0,23,0,2,352
shared_map,medium,15.0,10366,timeout,0,0,1,120,3,3,860
shared_map,medium,15.0,10367,timeout,0,0,1,120,4,0,1440
shared_map,medium,15.0,10368,timeout,0,0,1,120,4,3,1496
shared_map,medium,15.0,10369,timeout,0,0,1,120,4,0,750
shared_map,medium,15.0,10370,timeout,0,0,1,120,5,0,2400
shared_map,medium,15.0,10371,timeout,0,0,1,120,4,2,1456
shared_map,medium,15.0,10372,wipeout,0,1,0,21,0,3,152
shared_map,medium,15.0,10373,timeout,0,0,1,120,5,2,2400
shared_map,medium,15.0,10374,timeout,0,0,1,120,4,0,1440
shared_map,medium,15.0,10375,timeout,0,0,1,120,4,0,1440
shared_map,medium,15.0,10376,timeout,0,0,1,120,4,2,1480
shared_map,medium,15.0,10377,timeout,0,0,1,120,5,2,2400
shared_map,medium,15.0,10378,timeout,0,0,1,120,4,2,1536
shared_map,medium,15.0,10379,timeout,0,0,1,120,4,3,1464
shared_map,medium,15.0,10380,timeout,0,0,1,120,4,0,1440
shared_map,medium,15.0,10381,timeout,0,0,1,120,5,3,2400
shared_map,medium,15.0,10382,timeout,0,0,1,120,4,0,1440
shared_map,medium,15.0,10383,timeout,0,0,1,120,4,2,1464
shared_map,medium,15.0,10384,timeout,0,0,1,120,3,2,906
shared_map,medium,15.0,10385,timeout,0,0,1,120,5,2,2400
shared_map,medium,15.0,10386,timeout,0,0,1,120,4,0,1440
shared_map,medium,15.0,10387,timeout,0,0,1,120,5,0,2400
shared_map,medium,15.0,10388,timeout,0,0,1,120,4,0,1440
shared_map,medium,15.0,10389,timeout,0,0,1,120,5,0,2400
shared_map,medium,15.0,10390,timeout,0,0,1,120,5,0,1440
shared_map,medium,15.0,10391,wipeout,0,1,0,24,0,2,230
shared_map,medium,15.0,10392,timeout,0,0,1,120,5,0,2400
shared_map,medium,15.0,10393,timeout,0,0,1,120,4,2,1488
shared_map,medium,15.0,10394,timeout,0,0,1,120,4,2,1472
shared_map,medium,15.0,10395,timeout,0,0,1,120,5,0,2400
shared_map,medium,15.0,10396,timeout,0,0,1,120,4,0,1440
shared_map,medium,15.0,10397,timeout,0,0,1,120,5,2,2400
shared_map,medium,15.0,10398,timeout,0,0,1,120,5,0,2400
shared_map,medium,15.0,10399,timeout,0,0,1,120,4,2,1464
shared_map,medium,15.0,10400,timeout,0,0,1,120,4,2,1464
shared_map,medium,15.0,10401,timeout,0,0,1,120,4,2,1464
shared_map,medium,15.0,10402,timeout,0,0,1,120,4,2,1472
shared_map,medium,15.0,10403,timeout,0,0,1,120,5,2,2400
shared_map,medium,15.0,10404,wipeout,0,1,0,21,0,2,320
shared_map,medium,15.0,10405,timeout,0,0,1,120,5,2,2400
shared_map,medium,15.0,10406,wipeout,0,1,0,17,0,3,170
shared_map,medium,15.0,10407,timeout,0,0,1,120,4,2,1496
shared_map,medium,15.0,10408,timeout,0,0,1,120,2,2,310
shared_map,medium,15.0,10409,timeout,0,0,1,120,4,2,1472
shared_map,medium,15.0,10410,timeout,0,0,1,120,5,0,2400
shared_map,medium,15.0,10411,timeout,0,0,1,120,5,0,2400
shared_map,medium,15.0,10412,timeout,0,0,1,120,5,0,2400
shared_map,medium,15.0,10413,timeout,0,0,1,120,4,2,1464
shared_map,medium,15.0,10414,timeout,0,0,1,120,1,3,156
shared_map,medium,15.0,10415,timeout,0,0,1,120,5,0,2400
shared_map,medium,15.0,10416,timeout,0,0,1,120,4,0,738
shared_map,medium,15.0,10417,timeout,0,0,1,120,3,2,870
shared_map,medium,15.0,10418,timeout,0,0,1,120,4,2,1456
shared_map,medium,15.0,10419,wipeout,0,1,0,21,0,2,340
shared_map,medium,15.0,10420,timeout,0,0,1,120,4,3,1576
shared_map,medium,15.0,10421,timeout,0,0,1,120,1,2,176
shared_map,medium,15.0,10422,timeout,0,0,1,120,4,0,1440
shared_map,medium,15.0,10423,wipeout,0,1,0,17,0,3,174
shared_map,medium,15.0,10424,timeout,0,0,1,120,5,0,2400
shared_map,medium,15.0,10425,timeout,0,0,1,120,5,0,2400
shared_map,medium,15.0,10426,timeout,0,0,1,120,3,0,738
shared_map,medium,15.0,10427,timeout,0,0,1,120,4,3,1512
shared_map,medium,15.0,10428,timeout,0,0,1,120,5,2,2400
shared_map,medium,15.0,10429,timeout,0,0,1,120,5,0,2400
shared_map,medium,15.0,10430,timeout,0,0,1,120,5,3,2400
shared_map,medium,15.0,10431,timeout,0,0,1,120,3,0,744
shared_map,medium,15.0,10432,timeout,0,0,1,120,5,0,2400
shared_map,medium,15.0,10433,timeout,0,0,1,120,4,0,1440
shared_map,medium,15.0,10434,timeout,0,0,1,120,5,0,2400
shared_map,medium,15.0,10435,timeout,0,0,1,120,4,2,1456
shared_map,medium,15.0,10436,timeout,0,0,1,120,3,2,748
shared_map,medium,15.0,10437,timeout,0,0,1,120,5,0,2400
shared_map,medium,15.0,10438,timeout,0,0,1,120,4,0,1440
shared_map,medium,15.0,10439,timeout,0,0,1,120,4,2,1456
shared_map,medium,15.0,10440,timeout,0,0,1,120,2,3,328
shared_map,medium,15.0,10441,timeout,0,0,1,120,4,2,1456
shared_map,medium,15.0,10442,timeout,0,0,1,120,5,0,2400
shared_map,medium,15.0,10443,timeout,0,0,1,120,3,3,790
shared_map,medium,15.0,10444,timeout,0,0,1,120,4,0,1440
shared_map,medium,15.0,10445,timeout,0,0,1,120,5,0,2400
shared_map,medium,15.0,10446,timeout,0,0,1,120,5,2,2400
shared_map,medium,15.0,10447,timeout,0,0,1,120,4,2,1496
shared_map,medium,15.0,10448,timeout,0,0,1,120,3,0,744
shared_map,medium,15.0,10449,timeout,0,0,1,120,5,0,2400
shared_map,medium,15.0,10450,timeout,0,0,1,120,5,3,2400
shared_map,medium,15.0,10451,wipeout,0,1,0,23,0,3,208
shared_map,medium,15.0,10452,timeout,0,0,1,120,4,2,1480
shared_map,medium,15.0,10453,timeout,0,0,1,120,3,2,768
shared_map,medium,15.0,10454,timeout,0,0,1,120,5,0,2400
shared_map,medium,15.0,10455,timeout,0,0,1,120,3,0,738
shared_map,medium,15.0,10456,timeout,0,0,1,120,5,0,2400
shared_map,medium,15.0,10457,timeout,0,0,1,120,4,2,1472
shared_map,medium,15.0,10458,timeout,0,0,1,120,4,0,1440
shared_map,medium,15.0,10459,timeout,0,0,1,120,3,0,738
shared_map,medium,15.0,10460,timeout,0,0,1,120,4,2,1480
shared_map,medium,15.0,10461,timeout,0,0,1,120,4,0,1440
shared_map,medium,15.0,10462,timeout,0,0,1,120,4,2,1464
shared_map,medium,15.0,10463,timeout,0,0,1,120,4,0,1440
shared_map,medium,15.0,10464,timeout,0,0,1,120,5,0,2400
shared_map,medium,15.0,10465,timeout,0,0,1,120,4,2,1456
shared_map,medium,15.0,10466,timeout,0,0,1,120,4,2,1456
shared_map,medium,15.0,10467,timeout,0,0,1,120,4,2,1464
shared_map,medium,15.0,10468,timeout,0,0,1,120,4,2,1464
shared_map,medium,15.0,10469,timeout,0,0,1,120,5,0,2400
shared_map,medium,15.0,10470,timeout,0,0,1,120,3,0,750
shared_map,medium,15.0,10471,timeout,0,0,1,120,4,0,1440
shared_map,medium,15.0,10472,timeout,0,0,1,120,4,2,1464
shared_map,medium,15.0,10473,timeout,0,0,1,120,4,0,1440
shared_map,medium,15.0,10474,timeout,0,0,1,120,5,0,2400
shared_map,medium,15.0,10475,timeout,0,0,1,120,5,0,2400
shared_map,medium,15.0,10476,timeout,0,0,1,120,5,0,2400
shared_map,medium,15.0,10477,timeout,0,0,1,120,5,2,2400
shared_map,medium,15.0,10478,timeout,0,0,1,120,3,0,738
shared_map,medium,15.0,10479,timeout,0,0,1,120,4,3,786
shared_map,medium,15.0,10480,timeout,0,0,1,120,4,2,1512
shared_map,medium,15.0,10481,timeout,0,0,1,120,4,2,1464
shared_map,medium,15.0,10482,timeout,0,0,1,120,3,0,744
shared_map,medium,15.0,10483,timeout,0,0,1,120,5,0,2400
shared_map,medium,15.0,10484,timeout,0,0,1,120,4,2,1520
shared_map,medium,15.0,10485,timeout,0,0,1,120,3,0,744
shared_map,medium,15.0,10486,timeout,0,0,1,120,5,3,2400
shared_map,medium,15.0,10487,timeout,0,0,1,120,4,0,1440
shared_map,medium,15.0,10488,timeout,0,0,1,120,5,0,2400
shared_map,medium,15.0,10489,timeout,0,0,1,120,3,0,750
shared_map,medium,15.0,10490,timeout,0,0,1,120,3,0,738
shared_map,medium,15.0,10491,timeout,0,0,1,120,5,0,2400
shared_map,medium,15.0,10492,timeout,0,0,1,120,4,2,1464
shared_map,medium,15.0,10493,timeout,0,0,1,120,5,0,2400
shared_map,medium,15.0,10494,timeout,0,0,1,120,5,3,2400
shared_map,medium,15.0,10495,timeout,0,0,1,120,4,2,1472
shared_map,medium,15.0,10496,timeout,0,0,1,120,4,0,1440
shared_map,medium,15.0,10497,timeout,0,0,1,120,3,2,748
shared_map,medium,15.0,10498,timeout,0,0,1,120,4,0,1440
shared_map,medium,15.0,10499,timeout,0,0,1,120,5,0,2400
split_exit,medium,15.0,10000,timeout,0,0,1,120,1,2,216
split_exit,medium,15.0,10001,timeout,0,0,1,120,3,0,857
split_exit,medium,15.0,10002,timeout,0,0,1,120,4,0,1464
split_exit,medium,15.0,10003,timeout,0,0,1,120,1,2,176
split_exit,medium,15.0,10004,wipeout,0,1,0,12,0,2,86
split_exit,medium,15.0,10005,timeout,0,0,1,120,2,2,267
split_exit,medium,15.0,10006,timeout,0,0,1,120,3,2,836
split_exit,medium,15.0,10007,timeout,0,0,1,120,2,2,258
split_exit,medium,15.0,10008,timeout,0,0,1,120,3,2,732
split_exit,medium,15.0,10009,timeout,0,0,1,120,3,0,778
split_exit,medium,15.0,10010,timeout,0,0,1,120,2,2,275
split_exit,medium,15.0,10011,timeout,0,0,1,120,3,2,774
split_exit,medium,15.0,10012,timeout,0,0,1,120,5,0,2400
split_exit,medium,15.0,10013,timeout,0,0,1,120,2,4,272
split_exit,medium,15.0,10014,timeout,0,0,1,120,4,2,1470
split_exit,medium,15.0,10015,timeout,0,0,1,120,4,4,862
split_exit,medium,15.0,10016,timeout,0,0,1,120,3,2,760
split_exit,medium,15.0,10017,timeout,0,0,1,120,3,2,754
split_exit,medium,15.0,10018,timeout,0,0,1,120,3,4,284
split_exit,medium,15.0,10019,timeout,0,0,1,120,3,0,760
split_exit,medium,15.0,10020,timeout,0,0,1,120,4,3,1466
split_exit,medium,15.0,10021,timeout,0,0,1,120,3,5,284
split_exit,medium,15.0,10022,timeout,0,0,1,120,3,4,277
split_exit,medium,15.0,10023,timeout,0,0,1,120,2,2,259
split_exit,medium,15.0,10024,timeout,0,0,1,120,2,2,254
split_exit,medium,15.0,10025,wipeout,0,1,0,14,0,3,92
split_exit,medium,15.0,10026,timeout,0,0,1,120,2,3,312
split_exit,medium,15.0,10027,timeout,0,0,1,120,3,2,802
split_exit,medium,15.0,10028,timeout,0,0,1,120,2,2,265
split_exit,medium,15.0,10029,timeout,0,0,1,120,3,5,277
split_exit,medium,15.0,10030,timeout,0,0,1,120,3,0,768
split_exit,medium,15.0,10031,timeout,0,0,1,120,3,4,299
split_exit,medium,15.0,10032,timeout,0,0,1,120,2,2,392
split_exit,medium,15.0,10033,timeout,0,0,1,120,2,2,268
split_exit,medium,15.0,10034,timeout,0,0,1,120,2,2,261
split_exit,medium,15.0,10035,timeout,0,0,1,120,3,0,754
split_exit,medium,15.0,10036,timeout,0,0,1,120,1,2,110
split_exit,medium,15.0,10037,timeout,0,0,1,120,1,2,28
split_exit,medium,15.0,10038,timeout,0,0,1,120,3,2,802
split_exit,medium,15.0,10039,timeout,0,0,1,120,2,2,257
split_exit,medium,15.0,10040,timeout,0,0,1,120,2,3,399
split_exit,medium,15.0,10041,timeout,0,0,1,120,3,2,269
split_exit,medium,15.0,10042,timeout,0,0,1,120,2,2,264
split_exit,medium,15.0,10043,timeout,0,0,1,120,1,2,204
split_exit,medium,15.0,10044,timeout,0,0,1,120,3,0,816
split_exit,medium,15.0,10045,timeout,0,0,1,120,3,0,796
split_exit,medium,15.0,10046,timeout,0,0,1,120,3,3,266
split_exit,medium,15.0,10047,timeout,0,0,1,120,5,2,2400
split_exit,medium,15.0,10048,timeout,0,0,1,120,2,2,293
split_exit,medium,15.0,10049,timeout,0,0,1,120,3,2,810
split_exit,medium,15.0,10050,timeout,0,0,1,120,3,2,838
split_exit,medium,15.0,10051,timeout,0,0,1,120,3,0,738
split_exit,medium,15.0,10052,timeout,0,0,1,120,3,2,852
split_exit,medium,15.0,10053,timeout,0,0,1,120,3,0,788
split_exit,medium,15.0,10054,timeout,0,0,1,120,3,0,782
split_exit,medium,15.0,10055,timeout,0,0,1,120,2,2,344
split_exit,medium,15.0,10056,timeout,0,0,1,120,3,3,300
split_exit,medium,15.0,10057,timeout,0,0,1,120,3,0,774
split_exit,medium,15.0,10058,timeout,0,0,1,120,3,0,810
split_exit,medium,15.0,10059,timeout,0,0,1,120,3,2,796
split_exit,medium,15.0,10060,timeout,0,0,1,120,3,0,830
split_exit,medium,15.0,10061,timeout,0,0,1,120,3,4,261
split_exit,medium,15.0,10062,timeout,0,0,1,120,3,0,780
split_exit,medium,15.0,10063,timeout,0,0,1,120,3,4,261
split_exit,medium,15.0,10064,timeout,0,0,1,120,3,4,286
split_exit,medium,15.0,10065,timeout,0,0,1,120,2,4,265
split_exit,medium,15.0,10066,timeout,0,0,1,120,5,2,2400
split_exit,medium,15.0,10067,timeout,0,0,1,120,2,3,269
split_exit,medium,15.0,10068,timeout,0,0,1,120,5,0,2400
split_exit,medium,15.0,10069,wipeout,0,1,0,11,0,3,51
split_exit,medium,15.0,10070,timeout,0,0,1,120,2,3,352
split_exit,medium,15.0,10071,timeout,0,0,1,120,3,0,788
split_exit,medium,15.0,10072,timeout,0,0,1,120,5,0,2400
split_exit,medium,15.0,10073,timeout,0,0,1,120,2,2,253
split_exit,medium,15.0,10074,timeout,0,0,1,120,3,2,774
split_exit,medium,15.0,10075,timeout,0,0,1,120,2,2,344
split_exit,medium,15.0,10076,timeout,0,0,1,120,3,4,284
split_exit,medium,15.0,10077,timeout,0,0,1,120,2,0,296
split_exit,medium,15.0,10078,timeout,0,0,1,120,3,0,754
split_exit,medium,15.0,10079,timeout,0,0,1,120,2,2,272
split_exit,medium,15.0,10080,timeout,0,0,1,120,3,2,264
split_exit,medium,15.0,10081,timeout,0,0,1,120,3,2,727
split_exit,medium,15.0,10082,timeout,0,0,1,120,3,0,732
split_exit,medium,15.0,10083,timeout,0,0,1,120,2,2,366
split_exit,medium,15.0,10084,timeout,0,0,1,120,2,2,276
split_exit,medium,15.0,10085,timeout,0,0,1,120,2,2,352
split_exit,medium,15.0,10086,timeout,0,0,1,120,3,4,310
split_exit,medium,15.0,10087,timeout,0,0,1,120,3,0,754
split_exit,medium,15.0,10088,timeout,0,0,1,120,3,0,782
split_exit,medium,15.0,10089,timeout,0,0,1,120,4,0,1456
split_exit,medium,15.0,10090,timeout,0,0,1,120,1,3,96
split_exit,medium,15.0,10091,timeout,0,0,1,120,3,2,764
split_exit,medium,15.0,10092,timeout,0,0,1,120,3,2,733
split_exit,medium,15.0,10093,timeout,0,0,1,120,2,3,260
split_exit,medium,15.0,10094,timeout,0,0,1,120,5,2,2400
split_exit,medium,15.0,10095,timeout,0,0,1,120,2,4,265
split_exit,medium,15.0,10096,timeout,0,0,1,120,2,2,392
split_exit,medium,15.0,10097,timeout,0,0,1,120,3,0,782
split_exit,medium,15.0,10098,timeout,0,0,1,120,3,0,750
split_exit,medium,15.0,10099,timeout,0,0,1,120,2,2,379
split_exit,medium,15.0,10100,timeout,0,0,1,120,5,0,2400
split_exit,medium,15.0,10101,timeout,0,0,1,120,3,4,265
split_exit,medium,15.0,10102,timeout,0,0,1,120,3,0,810
split_exit,medium,15.0,10103,timeout,0,0,1,120,3,0,774
split_exit,medium,15.0,10104,timeout,0,0,1,120,5,2,2400
split_exit,medium,15.0,10105,timeout,0,0,1,120,3,0,782
split_exit,medium,15.0,10106,timeout,0,0,1,120,2,4,265
split_exit,medium,15.0,10107,timeout,0,0,1,120,2,2,332
split_exit,medium,15.0,10108,timeout,0,0,1,120,3,0,762
split_exit,medium,15.0,10109,timeout,0,0,1,120,3,4,284
split_exit,medium,15.0,10110,wipeout,0,1,0,15,0,2,66
split_exit,medium,15.0,10111,timeout,0,0,1,120,2,2,386
split_exit,medium,15.0,10112,timeout,0,0,1,120,3,2,726
split_exit,medium,15.0,10113,timeout,0,0,1,120,5,3,2400
split_exit,medium,15.0,10114,timeout,0,0,1,120,3,2,768
split_exit,medium,15.0,10115,timeout,0,0,1,120,2,2,264
split_exit,medium,15.0,10116,timeout,0,0,1,120,2,2,514
split_exit,medium,15.0,10117,timeout,0,0,1,120,3,2,280
split_exit,medium,15.0,10118,timeout,0,0,1,120,3,0,782
split_exit,medium,15.0,10119,timeout,0,0,1,120,3,4,261
split_exit,medium,15.0,10120,timeout,0,0,1,120,3,4,265
split_exit,medium,15.0,10121,timeout,0,0,1,120,2,2,286
split_exit,medium,15.0,10122,timeout,0,0,1,120,2,3,272
split_exit,medium,15.0,10123,timeout,0,0,1,120,5,2,2400
split_exit,medium,15.0,10124,timeout,0,0,1,120,2,2,260
split_exit,medium,15.0,10125,timeout,0,0,1,120,5,3,2400
split_exit,medium,15.0,10126,timeout,0,0,1,120,3,0,774
split_exit,medium,15.0,10127,timeout,0,0,1,120,2,2,356
split_exit,medium,15.0,10128,timeout,0,0,1,120,3,0,754
split_exit,medium,15.0,10129,timeout,0,0,1,120,2,2,264
split_exit,medium,15.0,10130,wipeout,0,1,0,10,0,2,80
split_exit,medium,15.0,10131,timeout,0,0,1,120,3,2,754
split_exit,medium,15.0,10132,wipeout,0,1,0,11,0,2,66
split_exit,medium,15.0,10133,timeout,0,0,1,120,2,2,260
split_exit,medium,15.0,10134,timeout,0,0,1,120,4,2,494
split_exit,medium,15.0,10135,timeout,0,0,1,120,3,5,272
split_exit,medium,15.0,10136,timeout,0,0,1,120,3,2,746
split_exit,medium,15.0,10137,timeout,0,0,1,120,3,0,810
split_exit,medium,15.0,10138,timeout,0,0,1,120,3,2,859
split_exit,medium,15.0,10139,timeout,0,0,1,120,2,3,278
split_exit,medium,15.0,10140,timeout,0,0,1,120,3,2,776
split_exit,medium,15.0,10141,timeout,0,0,1,120,4,0,1480
split_exit,medium,15.0,10142,timeout,0,0,1,120,3,2,802
split_exit,medium,15.0,10143,timeout,0,0,1,120,3,2,814
split_exit,medium,15.0,10144,timeout,0,0,1,120,3,0,796
split_exit,medium,15.0,10145,timeout,0,0,1,120,3,2,796
split_exit,medium,15.0,10146,timeout,0,0,1,120,3,2,768
split_exit,medium,15.0,10147,timeout,0,0,1,120,3,2,262
split_exit,medium,15.0,10148,wipeout,0,1,0,14,0,2,112
split_exit,medium,15.0,10149,timeout,0,0,1,120,3,5,266
split_exit,medium,15.0,10150,timeout,0,0,1,120,3,2,763
split_exit,medium,15.0,10151,wipeout,0,1,0,19,0,2,174
split_exit,medium,15.0,10152,timeout,0,0,1,120,3,0,774
split_exit,medium,15.0,10153,timeout,0,0,1,120,5,0,2400
split_exit,medium,15.0,10154,timeout,0,0,1,120,3,2,788
split_exit,medium,15.0,10155,timeout,0,0,1,120,3,4,273
split_exit,medium,15.0,10156,timeout,0,0,1,120,3,2,760
split_exit,medium,15.0,10157,timeout,0,0,1,120,4,0,1472
split_exit,medium,15.0,10158,timeout,0,0,1,120,4,0,1464
split_exit,medium,15.0,10159,timeout,0,0,1,120,2,2,269
split_exit,medium,15.0,10160,timeout,0,0,1,120,3,2,768
split_exit,medium,15.0,10161,timeout,0,0,1,120,2,0,374
split_exit,medium,15.0,10162,timeout,0,0,1,120,3,4,287
split_exit,medium,15.0,10163,timeout,0,0,1,120,2,0,275
split_exit,medium,15.0,10164,timeout,0,0,1,120,2,3,368
split_exit,medium,15.0,10165,timeout,0,0,1,120,2,2,276
split_exit,medium,15.0,10166,timeout,0,0,1,120,2,2,257
split_exit,medium,15.0,10167,timeout,0,0,1,120,3,4,265
split_exit,medium,15.0,10168,timeout,0,0,1,120,4,2,1472
split_exit,medium,15.0,10169,timeout,0,0,1,120,3,2,728
split_exit,medium,15.0,10170,timeout,0,0,1,120,3,0,774
split_exit,medium,15.0,10171,timeout,0,0,1,120,3,4,261
split_exit,medium,15.0,10172,timeout,0,0,1,120,5,0,2400
split_exit,medium,15.0,10173,timeout,0,0,1,120,1,2,30
split_exit,medium,15.0,10174,timeout,0,0,1,120,4,2,489
split_exit,medium,15.0,10175,timeout,0,0,1,120,2,4,283
split_exit,medium,15.0,10176,timeout,0,0,1,120,5,0,2400
split_exit,medium,15.0,10177,timeout,0,0,1,120,3,0,838
split_exit,medium,15.0,10178,timeout,0,0,1,120,3,4,277
split_exit,medium,15.0,10179,timeout,0,0,1,120,3,4,265
split_exit,medium,15.0,10180,timeout,0,0,1,120,2,2,257
split_exit,medium,15.0,10181,timeout,0,0,1,120,3,2,812
split_exit,medium,15.0,10182,wipeout,0,1,0,20,0,2,168
split_exit,medium,15.0,10183,timeout,0,0,1,120,1,2,172
split_exit,medium,15.0,10184,timeout,0,0,1,120,2,3,255
split_exit,medium,15.0,10185,timeout,0,0,1,120,3,0,778
split_exit,medium,15.0,10186,timeout,0,0,1,120,2,2,269
split_exit,medium,15.0,10187,timeout,0,0,1,120,3,2,726
split_exit,medium,15.0,10188,timeout,0,0,1,120,3,2,754
split_exit,medium,15.0,10189,timeout,0,0,1,120,3,0,838
split_exit,medium,15.0,10190,timeout,0,0,1,120,3,4,265
split_exit,medium,15.0,10191,timeout,0,0,1,120,2,2,392
split_exit,medium,15.0,10192,timeout,0,0,1,120,3,2,255
split_exit,medium,15.0,10193,timeout,0,0,1,120,3,2,762
split_exit,medium,15.0,10194,timeout,0,0,1,120,2,4,269
split_exit,medium,15.0,10195,timeout,0,0,1,120,1,2,116
split_exit,medium,15.0,10196,timeout,0,0,1,120,5,2,962
split_exit,medium,15.0,10197,timeout,0,0,1,120,2,2,255
split_exit,medium,15.0,10198,timeout,0,0,1,120,3,0,765
split_exit,medium,15.0,10199,timeout,0,0,1,120,1,2,78
split_exit,medium,15.0,10200,timeout,0,0,1,120,3,2,754
split_exit,medium,15.0,10201,timeout,0,0,1,120,2,2,380
split_exit,medium,15.0,10202,timeout,0,0,1,120,2,0,374
split_exit,medium,15.0,10203,timeout,0,0,1,120,4,2,1456
split_exit,medium,15.0,10204,timeout,0,0,1,120,3,4,269
split_exit,medium,15.0,10205,timeout,0,0,1,120,3,0,852
split_exit,medium,15.0,10206,timeout,0,0,1,120,2,2,296
split_exit,medium,15.0,10207,timeout,0,0,1,120,1,2,30
split_exit,medium,15.0,10208,timeout,0,0,1,120,5,2,2400
split_exit,medium,15.0,10209,timeout,0,0,1,120,3,3,269
split_exit,medium,15.0,10210,timeout,0,0,1,120,4,2,1092
split_exit,medium,15.0,10211,timeout,0,0,1,120,2,2,255
split_exit,medium,15.0,10212,timeout,0,0,1,120,2,2,474
split_exit,medium,15.0,10213,timeout,0,0,1,120,3,2,782
split_exit,medium,15.0,10214,timeout,0,0,1,120,3,0,738
split_exit,medium,15.0,10215,timeout,0,0,1,120,4,0,1472
split_exit,medium,15.0,10216,timeout,0,0,1,120,3,0,774
split_exit,medium,15.0,10217,timeout,0,0,1,120,3,2,269
split_exit,medium,15.0,10218,timeout,0,0,1,120,2,2,286
split_exit,medium,15.0,10219,timeout,0,0,1,120,2,4,258
split_exit,medium,15.0,10220,timeout,0,0,1,120,2,2,278
split_exit,medium,15.0,10221,timeout,0,0,1,120,2,2,264
split_exit,medium,15.0,10222,timeout,0,0,1,120,3,2,736
split_exit,medium,15.0,10223,timeout,0,0,1,120,3,2,786
split_exit,medium,15.0,10224,timeout,0,0,1,120,2,4,277
split_exit,medium,15.0,10225,timeout,0,0,1,120,3,4,265
split_exit,medium,15.0,10226,timeout,0,0,1,120,2,4,286
split_exit,medium,15.0,10227,timeout,0,0,1,120,3,2,760
split_exit,medium,15.0,10228,timeout,0,0,1,120,2,2,268
split_exit,medium,15.0,10229,timeout,0,0,1,120,1,2,126
split_exit,medium,15.0,10230,timeout,0,0,1,120,5,2,2400
split_exit,medium,15.0,10231,timeout,0,0,1,120,3,4,276
split_exit,medium,15.0,10232,timeout,0,0,1,120,1,3,120
split_exit,medium,15.0,10233,timeout,0,0,1,120,2,4,269
split_exit,medium,15.0,10234,timeout,0,0,1,120,2,3,362
split_exit,medium,15.0,10235,timeout,0,0,1,120,3,0,774
split_exit,medium,15.0,10236,timeout,0,0,1,120,4,0,1081
split_exit,medium,15.0,10237,timeout,0,0,1,120,3,0,857
split_exit,medium,15.0,10238,timeout,0,0,1,120,2,3,304
split_exit,medium,15.0,10239,timeout,0,0,1,120,3,4,277
split_exit,medium,15.0,10240,timeout,0,0,1,120,4,2,1472
split_exit,medium,15.0,10241,timeout,0,0,1,120,2,4,272
split_exit,medium,15.0,10242,timeout,0,0,1,120,2,3,271
split_exit,medium,15.0,10243,timeout,0,0,1,120,5,0,2400
split_exit,medium,15.0,10244,timeout,0,0,1,120,4,2,1464
split_exit,medium,15.0,10245,timeout,0,0,1,120,4,2,1472
split_exit,medium,15.0,10246,timeout,0,0,1,120,1,2,130
split_exit,medium,15.0,10247,timeout,0,0,1,120,2,4,272
split_exit,medium,15.0,10248,timeout,0,0,1,120,3,4,272
split_exit,medium,15.0,10249,timeout,0,0,1,120,2,2,255
split_exit,medium,15.0,10250,timeout,0,0,1,120,3,0,838
split_exit,medium,15.0,10251,timeout,0,0,1,120,2,4,273
split_exit,medium,15.0,10252,timeout,0,0,1,120,3,2,726
split_exit,medium,15.0,10253,timeout,0,0,1,120,4,2,1470
split_exit,medium,15.0,10254,timeout,0,0,1,120,2,4,285
split_exit,medium,15.0,10255,timeout,0,0,1,120,4,2,1092
split_exit,medium,15.0,10256,timeout,0,0,1,120,4,3,1466
split_exit,medium,15.0,10257,timeout,0,0,1,120,3,4,295
split_exit,medium,15.0,10258,timeout,0,0,1,120,2,2,260
split_exit,medium,15.0,10259,timeout,0,0,1,120,3,0,748
split_exit,medium,15.0,10260,timeout,0,0,1,120,3,0,782
split_exit,medium,15.0,10261,timeout,0,0,1,120,3,2,824
split_exit,medium,15.0,10262,timeout,0,0,1,120,1,2,27
split_exit,medium,15.0,10263,timeout,0,0,1,120,2,3,264
split_exit,medium,15.0,10264,timeout,0,0,1,120,2,2,344
split_exit,medium,15.0,10265,timeout,0,0,1,120,3,3,310
split_exit,medium,15.0,10266,timeout,0,0,1,120,3,4,273
split_exit,medium,15.0,10267,timeout,0,0,1,120,3,0,754
split_exit,medium,15.0,10268,timeout,0,0,1,120,3,2,758
split_exit,medium,15.0,10269,timeout,0,0,1,120,2,4,265
split_exit,medium,15.0,10270,timeout,0,0,1,120,3,0,774
split_exit,medium,15.0,10271,timeout,0,0,1,120,2,2,274
split_exit,medium,15.0,10272,timeout,0,0,1,120,4,0,1472
split_exit,medium,15.0,10273,timeout,0,0,1,120,3,4,764
split_exit,medium,15.0,10274,timeout,0,0,1,120,3,0,816
split_exit,medium,15.0,10275,timeout,0,0,1,120,3,0,784
split_exit,medium,15.0,10276,timeout,0,0,1,120,5,0,2400
split_exit,medium,15.0,10277,timeout,0,0,1,120,5,0,2400
split_exit,medium,15.0,10278,timeout,0,0,1,120,3,2,769
split_exit,medium,15.0,10279,timeout,0,0,1,120,3,2,724
split_exit,medium,15.0,10280,timeout,0,0,1,120,2,4,272
split_exit,medium,15.0,10281,timeout,0,0,1,120,2,4,276
split_exit,medium,15.0,10282,timeout,0,0,1,120,2,2,312
split_exit,medium,15.0,10283,timeout,0,0,1,120,3,2,262
split_exit,medium,15.0,10284,timeout,0,0,1,120,3,4,266
split_exit,medium,15.0,10285,timeout,0,0,1,120,5,0,2400
split_exit,medium,15.0,10286,timeout,0,0,1,120,3,0,774
split_exit,medium,15.0,10287,timeout,0,0,1,120,3,2,754
split_exit,medium,15.0,10288,timeout,0,0,1,120,4,0,792
split_exit,medium,15.0,10289,timeout,0,0,1,120,5,0,2400
split_exit,medium,15.0,10290,timeout,0,0,1,120,4,2,1092
split_exit,medium,15.0,10291,timeout,0,0,1,120,1,3,96
split_exit,medium,15.0,10292,wipeout,0,1,0,20,0,2,134
split_exit,medium,15.0,10293,timeout,0,0,1,120,3,3,764
split_exit,medium,15.0,10294,timeout,0,0,1,120,5,2,2400
split_exit,medium,15.0,10295,wipeout,0,1,0,18,0,2,146
split_exit,medium,15.0,10296,timeout,0,0,1,120,3,2,262
split_exit,medium,15.0,10297,timeout,0,0,1,120,3,2,754
split_exit,medium,15.0,10298,timeout,0,0,1,120,2,2,260
split_exit,medium,15.0,10299,timeout,0,0,1,120,3,0,768
split_exit,medium,15.0,10300,timeout,0,0,1,120,2,2,265
split_exit,medium,15.0,10301,timeout,0,0,1,120,4,0,1324
split_exit,medium,15.0,10302,timeout,0,0,1,120,3,0,768
split_exit,medium,15.0,10303,timeout,0,0,1,120,2,2,322
split_exit,medium,15.0,10304,timeout,0,0,1,120,2,2,296
split_exit,medium,15.0,10305,timeout,0,0,1,120,5,0,2400
split_exit,medium,15.0,10306,timeout,0,0,1,120,2,2,269
split_exit,medium,15.0,10307,timeout,0,0,1,120,3,2,285
split_exit,medium,15.0,10308,timeout,0,0,1,120,2,4,265
split_exit,medium,15.0,10309,timeout,0,0,1,120,2,2,268
split_exit,medium,15.0,10310,timeout,0,0,1,120,2,2,318
split_exit,medium,15.0,10311,timeout,0,0,1,120,3,0,792
split_exit,medium,15.0,10312,timeout,0,0,1,120,2,2,274
split_exit,medium,15.0,10313,timeout,0,0,1,120,4,0,1464
split_exit,medium,15.0,10314,timeout,0,0,1,120,3,0,750
split_exit,medium,15.0,10315,timeout,0,0,1,120,3,2,740
split_exit,medium,15.0,10316,timeout,0,0,1,120,2,2,280
split_exit,medium,15.0,10317,timeout,0,0,1,120,2,2,269
split_exit,medium,15.0,10318,wipeout,0,1,0,13,0,2,67
split_exit,medium,15.0,10319,timeout,0,0,1,120,3,0,795
split_exit,medium,15.0,10320,timeout,0,0,1,120,3,0,782
split_exit,medium,15.0,10321,timeout,0,0,1,120,3,0,774
split_exit,medium,15.0,10322,timeout,0,0,1,120,3,2,760
split_exit,medium,15.0,10323,timeout,0,0,1,120,3,0,774
split_exit,medium,15.0,10324,timeout,0,0,1,120,2,2,274
split_exit,medium,15.0,10325,timeout,0,0,1,120,3,0,810
split_exit,medium,15.0,10326,timeout,0,0,1,120,3,2,774
split_exit,medium,15.0,10327,timeout,0,0,1,120,5,0,2400
split_exit,medium,15.0,10328,timeout,0,0,1,120,3,4,266
split_exit,medium,15.0,10329,timeout,0,0,1,120,2,2,261
split_exit,medium,15.0,10330,timeout,0,0,1,120,3,3,788
split_exit,medium,15.0,10331,timeout,0,0,1,120,3,0,784
split_exit,medium,15.0,10332,timeout,0,0,1,120,2,2,314
split_exit,medium,15.0,10333,timeout,0,0,1,120,4,3,881
split_exit,medium,15.0,10334,timeout,0,0,1,120,2,2,136
split_exit,medium,15.0,10335,timeout,0,0,1,120,3,2,816
split_exit,medium,15.0,10336,timeout,0,0,1,120,3,5,261
split_exit,medium,15.0,10337,wipeout,0,1,0,11,0,2,82
split_exit,medium,15.0,10338,timeout,0,0,1,120,3,4,288
split_exit,medium,15.0,10339,timeout,0,0,1,120,3,0,774
split_exit,medium,15.0,10340,timeout,0,0,1,120,3,0,784
split_exit,medium,15.0,10341,timeout,0,0,1,120,2,2,271
split_exit,medium,15.0,10342,timeout,0,0,1,120,3,2,766
split_exit,medium,15.0,10343,timeout,0,0,1,120,2,4,273
split_exit,medium,15.0,10344,timeout,0,0,1,120,3,0,824
split_exit,medium,15.0,10345,timeout,0,0,1,120,3,0,778
split_exit,medium,15.0,10346,timeout,0,0,1,120,2,2,322
split_exit,medium,15.0,10347,timeout,0,0,1,120,2,2,253
split_exit,medium,15.0,10348,timeout,0,0,1,120,2,2,288
split_exit,medium,15.0,10349,timeout,0,0,1,120,3,2,725
split_exit,medium,15.0,10350,timeout,0,0,1,120,2,2,268
split_exit,medium,15.0,10351,timeout,0,0,1,120,1,3,176
split_exit,medium,15.0,10352,timeout,0,0,1,120,4,2,1520
split_exit,medium,15.0,10353,timeout,0,0,1,120,5,0,2400
split_exit,medium,15.0,10354,timeout,0,0,1,120,3,0,824
split_exit,medium,15.0,10355,timeout,0,0,1,120,4,2,1472
split_exit,medium,15.0,10356,timeout,0,0,1,120,2,3,271
split_exit,medium,15.0,10357,timeout,0,0,1,120,2,2,296
split_exit,medium,15.0,10358,timeout,0,0,1,120,2,4,265
split_exit,medium,15.0,10359,timeout,0,0,1,120,2,2,275
split_exit,medium,15.0,10360,timeout,0,0,1,120,3,0,765
split_exit,medium,15.0,10361,timeout,0,0,1,120,2,2,482
split_exit,medium,15.0,10362,timeout,0,0,1,120,4,0,762
split_exit,medium,15.0,10363,timeout,0,0,1,120,2,4,273
split_exit,medium,15.0,10364,timeout,0,0,1,120,3,0,762
split_exit,medium,15.0,10365,timeout,0,0,1,120,2,2,486
split_exit,medium,15.0,10366,timeout,0,0,1,120,2,2,264
split_exit,medium,15.0,10367,timeout,0,0,1,120,3,4,276
split_exit,medium,15.0,10368,timeout,0,0,1,120,2,3,276
split_exit,medium,15.0,10369,timeout,0,0,1,120,3,4,266
split_exit,medium,15.0,10370,timeout,0,0,1,120,3,0,788
split_exit,medium,15.0,10371,timeout,0,0,1,120,2,3,260
split_exit,medium,15.0,10372,wipeout,0,1,0,12,0,2,65
split_exit,medium,15.0,10373,timeout,0,0,1,120,5,2,2400
split_exit,medium,15.0,10374,timeout,0,0,1,120,3,2,750
split_exit,medium,15.0,10375,timeout,0,0,1,120,3,4,273
split_exit,medium,15.0,10376,timeout,0,0,1,120,2,2,268
split_exit,medium,15.0,10377,timeout,0,0,1,120,4,2,1464
split_exit,medium,15.0,10378,timeout,0,0,1,120,3,2,754
split_exit,medium,15.0,10379,timeout,0,0,1,120,2,3,290
split_exit,medium,15.0,10380,timeout,0,0,1,120,2,2,296
split_exit,medium,15.0,10381,timeout,0,0,1,120,3,2,257
split_exit,medium,15.0,10382,timeout,0,0,1,120,2,4,265
split_exit,medium,15.0,10383,timeout,0,0,1,120,2,2,260
split_exit,medium,15.0,10384,timeout,0,0,1,120,2,2,324
split_exit,medium,15.0,10385,timeout,0,0,1,120,3,2,796
split_exit,medium,15.0,10386,timeout,0,0,1,120,3,3,276
split_exit,medium,15.0,10387,timeout,0,0,1,120,3,3,832
split_exit,medium,15.0,10388,timeout,0,0,1,120,3,4,289
split_exit,medium,15.0,10389,timeout,0,0,1,120,4,0,1464
split_exit,medium,15.0,10390,timeout,0,0,1,120,2,2,296
split_exit,medium,15.0,10391,timeout,0,0,1,120,1,2,146
split_exit,medium,15.0,10392,timeout,0,0,1,120,3,2,774
split_exit,medium,15.0,10393,timeout,0,0,1,120,1,2,154
split_exit,medium,15.0,10394,timeout,0,0,1,120,2,2,266
split_exit,medium,15.0,10395,timeout,0,0,1,120,5,0,2400
split_exit,medium,15.0,10396,timeout,0,0,1,120,2,4,276
split_exit,medium,15.0,10397,timeout,0,0,1,120,3,3,724
split_exit,medium,15.0,10398,timeout,0,0,1,120,3,2,761
split_exit,medium,15.0,10399,timeout,0,0,1,120,2,2,264
split_exit,medium,15.0,10400,timeout,0,0,1,120,3,2,262
split_exit,medium,15.0,10401,timeout,0,0,1,120,3,2,256
split_exit,medium,15.0,10402,timeout,0,0,1,120,2,2,264
split_exit,medium,15.0,10403,timeout,0,0,1,120,3,2,790
split_exit,medium,15.0,10404,wipeout,0,1,0,20,0,2,84
split_exit,medium,15.0,10405,timeout,0,0,1,120,2,2,376
split_exit,medium,15.0,10406,timeout,0,0,1,120,2,3,344
split_exit,medium,15.0,10407,timeout,0,0,1,120,2,2,275
split_exit,medium,15.0,10408,timeout,0,0,1,120,3,2,754
split_exit,medium,15.0,10409,timeout,0,0,1,120,2,2,264
split_exit,medium,15.0,10410,timeout,0,0,1,120,3,0,830
split_exit,medium,15.0,10411,timeout,0,0,1,120,3,0,808
split_exit,medium,15.0,10412,timeout,0,0,1,120,4,0,1488
split_exit,medium,15.0,10413,timeout,0,0,1,120,3,2,786
split_exit,medium,15.0,10414,wipeout,0,1,0,11,0,2,123
split_exit,medium,15.0,10415,timeout,0,0,1,120,5,0,2400
split_exit,medium,15.0,10416,timeout,0,0,1,120,3,4,261
split_exit,medium,15.0,10417,timeout,0,0,1,120,1,2,120
split_exit,medium,15.0,10418,timeout,0,0,1,120,2,2,255
split_exit,medium,15.0,10419,wipeout,0,1,0,19,0,2,92
split_exit,medium,15.0,10420,timeout,0,0,1,120,3,2,760
split_exit,medium,15.0,10421,wipeout,0,1,0,13,0,2,124
split_exit,medium,15.0,10422,timeout,0,0,1,120,3,3,284
split_exit,medium,15.0,10423,wipeout,0,1,0,18,0,3,72
split_exit,medium,15.0,10424,timeout,0,0,1,120,4,0,1496
split_exit,medium,15.0,10425,timeout,0,0,1,120,3,0,788
split_exit,medium,15.0,10426,timeout,0,0,1,120,3,4,272
split_exit,medium,15.0,10427,timeout,0,0,1,120,3,2,774
split_exit,medium,15.0,10428,timeout,0,0,1,120,3,2,726
split_exit,medium,15.0,10429,timeout,0,0,1,120,4,0,1304
split_exit,medium,15.0,10430,timeout,0,0,1,120,3,3,734
split_exit,medium,15.0,10431,timeout,0,0,1,120,3,4,298
split_exit,medium,15.0,10432,timeout,0,0,1,120,5,0,2400
split_exit,medium,15.0,10433,timeout,0,0,1,120,4,4,887
split_exit,medium,15.0,10434,timeout,0,0,1,120,3,0,788
split_exit,medium,15.0,10435,timeout,0,0,1,120,2,2,274
split_exit,medium,15.0,10436,timeout,0,0,1,120,1,2,28
split_exit,medium,15.0,10437,timeout,0,0,1,120,3,0,754
split_exit,medium,15.0,10438,timeout,0,0,1,120,3,4,277
split_exit,medium,15.0,10439,timeout,0,0,1,120,2,2,269
split_exit,medium,15.0,10440,timeout,0,0,1,120,2,3,286
split_exit,medium,15.0,10441,timeout,0,0,1,120,2,2,253
split_exit,medium,15.0,10442,timeout,0,0,1,120,3,2,816
split_exit,medium,15.0,10443,timeout,0,0,1,120,3,2,784
split_exit,medium,15.0,10444,timeout,0,0,1,120,3,4,269
split_exit,medium,15.0,10445,timeout,0,0,1,120,3,0,774
split_exit,medium,15.0,10446,timeout,0,0,1,120,3,2,754
split_exit,medium,15.0,10447,timeout,0,0,1,120,2,2,293
split_exit,medium,15.0,10448,timeout,0,0,1,120,3,3,280
split_exit,medium,15.0,10449,timeout,0,0,1,120,3,0,732
split_exit,medium,15.0,10450,timeout,0,0,1,120,5,3,2400
split_exit,medium,15.0,10451,timeout,0,0,1,120,2,3,392
split_exit,medium,15.0,10452,timeout,0,0,1,120,2,2,274
split_exit,medium,15.0,10453,timeout,0,0,1,120,1,2,38
split_exit,medium,15.0,10454,timeout,0,0,1,120,3,2,724
split_exit,medium,15.0,10455,timeout,0,0,1,120,3,4,266
split_exit,medium,15.0,10456,timeout,0,0,1,120,3,2,788
split_exit,medium,15.0,10457,timeout,0,0,1,120,2,2,269
split_exit,medium,15.0,10458,timeout,0,0,1,120,2,4,258
split_exit,medium,15.0,10459,timeout,0,0,1,120,3,3,266
split_exit,medium,15.0,10460,timeout,0,0,1,120,2,2,276
split_exit,medium,15.0,10461,timeout,0,0,1,120,2,4,273
split_exit,medium,15.0,10462,timeout,0,0,1,120,2,2,262
split_exit,medium,15.0,10463,timeout,0,0,1,120,3,4,269
split_exit,medium,15.0,10464,timeout,0,0,1,120,4,0,1456
split_exit,medium,15.0,10465,timeout,0,0,1,120,2,2,255
split_exit,medium,15.0,10466,timeout,0,0,1,120,2,2,286
split_exit,medium,15.0,10467,timeout,0,0,1,120,1,2,29
split_exit,medium,15.0,10468,timeout,0,0,1,120,4,2,1464
split_exit,medium,15.0,10469,timeout,0,0,1,120,4,0,1350
split_exit,medium,15.0,10470,timeout,0,0,1,120,3,4,291
split_exit,medium,15.0,10471,timeout,0,0,1,120,3,4,265
split_exit,medium,15.0,10472,timeout,0,0,1,120,2,3,260
split_exit,medium,15.0,10473,timeout,0,0,1,120,4,3,1470
split_exit,medium,15.0,10474,timeout,0,0,1,120,4,0,1464
split_exit,medium,15.0,10475,timeout,0,0,1,120,3,0,784
split_exit,medium,15.0,10476,timeout,0,0,1,120,3,2,729
split_exit,medium,15.0,10477,timeout,0,0,1,120,4,2,724
split_exit,medium,15.0,10478,timeout,0,0,1,120,3,4,292
split_exit,medium,15.0,10479,timeout,0,0,1,120,2,2,336
split_exit,medium,15.0,10480,timeout,0,0,1,120,2,2,284
split_exit,medium,15.0,10481,timeout,0,0,1,120,2,2,262
split_exit,medium,15.0,10482,timeout,0,0,1,120,3,4,254
split_exit,medium,15.0,10483,timeout,0,0,1,120,5,0,2400
split_exit,medium,15.0,10484,timeout,0,0,1,120,2,3,290
split_exit,medium,15.0,10485,timeout,0,0,1,120,3,4,272
split_exit,medium,15.0,10486,timeout,0,0,1,120,3,2,754
split_exit,medium,15.0,10487,timeout,0,0,1,120,3,4,284
split_exit,medium,15.0,10488,timeout,0,0,1,120,4,2,1074
split_exit,medium,15.0,10489,timeout,0,0,1,120,3,5,266
split_exit,medium,15.0,10490,timeout,0,0,1,120,3,4,266
split_exit,medium,15.0,10491,timeout,0,0,1,120,3,3,863
split_exit,medium,15.0,10492,timeout,0,0,1,120,2,2,264
split_exit,medium,15.0,10493,timeout,0,0,1,120,5,0,2400
split_exit,medium,15.0,10494,timeout,0,0,1,120,4,3,1472
split_exit,medium,15.0,10495,timeout,0,0,1,120,2,2,261
split_exit,medium,15.0,10496,timeout,0,0,1,120,2,0,286
split_exit,medium,15.0,10497,timeout,0,0,1,120,1,2,28
split_exit,medium,15.0,10498,timeout,0,0,1,120,3,4,269
split_exit,medium,15.0,10499,timeout,0,0,1,120,5,0,2400
lone_entry,high,4.0,10000,wipeout,0,1,0,2,0,2,0
lone_entry,high,4.0,10001,wipeout,0,1,0,16,0,0,0
lone_entry,high,4.0,10002,timeout,0,0,1,120,1,0,0
lone_entry,high,4.0,10003,wipeout,0,1,0,2,0,2,0
lone_entry,high,4.0,10004,wipeout,0,1,0,4,0,2,0
lone_entry,high,4.0,10005,wipeout,0,1,0,4,0,0,0
lone_entry,high,4.0,10006,wipeout,0,1,0,2,0,2,0
lone_entry,high,4.0,10007,wipeout,0,1,0,6,0,0,0
lone_entry,high,4.0,10008,wipeout,0,1,0,6,0,0,0
lone_entry,high,4.0,10009,timeout,0,0,1,120,1,0,0
lone_entry,high,4.0,10010,wipeout,0,1,0,10,0,0,0
lone_entry,high,4.0,10011,wipeout,0,1,0,7,0,3,0
lone_entry,high,4.0,10012,wipeout,0,1,0,28,0,0,0
lone_entry,high,4.0,10013,wipeout,0,1,0,24,0,2,0
lone_entry,high,4.0,10014,wipeout,0,1,0,15,0,2,0
lone_entry,high,4.0,10015,wipeout,0,1,0,16,0,0,0
lone_entry,high,4.0,10016,wipeout,0,1,0,14,0,0,0
lone_entry,high,4.0,10017,wipeout,0,1,0,2,0,2,0
lone_entry,high,4.0,10018,timeout,0,0,1,120,1,2,0
lone_entry,high,4.0,10019,wipeout,0,1,0,10,0,0,0
lone_entry,high,4.0,10020,wipeout,0,1,0,18,0,3,0
lone_entry,high,4.0,10021,timeout,0,0,1,120,1,0,0
lone_entry,high,4.0,10022,wipeout,0,1,0,8,0,2,0
lone_entry,high,4.0,10023,wipeout,0,1,0,3,0,0,0
lone_entry,high,4.0,10024,wipeout,0,1,0,6,0,0,0
lone_entry,high,4.0,10025,wipeout,0,1,0,3,0,2,0
lone_entry,high,4.0,10026,wipeout,0,1,0,5,0,3,0
lone_entry,high,4.0,10027,wipeout,0,1,0,18,0,0,0
lone_entry,high,4.0,10028,wipeout,0,1,0,3,0,0,0
lone_entry,high,4.0,10029,wipeout,0,1,0,12,0,2,0
lone_entry,high,4.0,10030,wipeout,0,1,0,16,0,2,0
lone_entry,high,4.0,10031,wipeout,0,1,0,6,0,0,0
lone_entry,high,4.0,10032,wipeout,0,1,0,5,0,2,0
lone_entry,high,4.0,10033,wipeout,0,1,0,3,0,0,0
lone_entry,high,4.0,10034,wipeout,0,1,0,4,0,0,0
lone_entry,high,4.0,10035,wipeout,0,1,0,10,0,0,0
lone_entry,high,4.0,10036,wipeout,0,1,0,6,0,3,0
lone_entry,high,4.0,10037,wipeout,0,1,0,5,0,0,0
lone_entry,high,4.0,10038,wipeout,0,1,0,4,0,2,0
lone_entry,high,4.0,10039,wipeout,0,1,0,4,0,0,0
lone_entry,high,4.0,10040,wipeout,0,1,0,3,0,3,0
lone_entry,high,4.0,10041,wipeout,0,1,0,3,0,0,0
lone_entry,high,4.0,10042,wipeout,0,1,0,4,0,0,0
lone_entry,high,4.0,10043,wipeout,0,1,0,2,0,2,0
lone_entry,high,4.0,10044,wipeout,0,1,0,10,0,0,0
lone_entry,high,4.0,10045,wipeout,0,1,0,11,0,2,0
lone_entry,high,4.0,10046,wipeout,0,1,0,6,0,0,0
lone_entry,high,4.0,10047,wipeout,0,1,0,9,0,0,0
lone_entry,high,4.0,10048,wipeout,0,1,0,3,0,0,0
lone_entry,high,4.0,10049,wipeout,0,1,0,16,0,4,0
lone_entry,high,4.0,10050,wipeout,0,1,0,4,0,2,0
lone_entry,high,4.0,10051,wipeout,0,1,0,10,0,0,0
lone_entry,high,4.0,10052,wipeout,0,1,0,16,0,2,0
lone_entry,high,4.0,10053,wipeout,0,1,0,17,0,2,0
lone_entry,high,4.0,10054,timeout,0,0,1,120,1,0,0
lone_entry,high,4.0,10055,wipeout,0,1,0,4,0,3,0
lone_entry,high,4.0,10056,wipeout,0,1,0,11,0,2,0
lone_entry,high,4.0,10057,wipeout,0,1,0,9,0,2,0
lone_entry,high,4.0,10058,wipeout,0,1,0,17,0,0,0
lone_entry,high,4.0,10059,wipeout,0,1,0,9,0,2,0
lone_entry,high,4.0,10060,wipeout,0,1,0,8,0,0,0
lone_entry,high,4.0,10061,wipeout,0,1,0,10,0,2,0
lone_entry,high,4.0,10062,wipeout,0,1,0,8,0,0,0
lone_entry,high,4.0,10063,wipeout,0,1,0,6,0,2,0
lone_entry,high,4.0,10064,wipeout,0,1,0,13,0,2,0
lone_entry,high,4.0,10065,timeout,0,0,1,120,1,0,0
lone_entry,high,4.0,10066,wipeout,0,1,0,24,0,0,0
lone_entry,high,4.0,10067,wipeout,0,1,0,6,0,0,0
lone_entry,high,4.0,10068,wipeout,0,1,0,17,0,2,0
lone_entry,high,4.0,10069,wipeout,0,1,0,3,0,3,0
lone_entry,high,4.0,10070,wipeout,0,1,0,6,0,2,0
lone_entry,high,4.0,10071,wipeout,0,1,0,31,0,2,0
lone_entry,high,4.0,10072,wipeout,0,1,0,19,0,4,0
lone_entry,high,4.0,10073,wipeout,0,1,0,3,0,0,0
lone_entry,high,4.0,10074,wipeout,0,1,0,6,0,2,0
lone_entry,high,4.0,10075,wipeout,0,1,0,2,0,2,0
lone_entry,high,4.0,10076,wipeout,0,1,0,21,0,2,0
lone_entry,high,4.0,10077,wipeout,0,1,0,8,0,0,0
lone_entry,high,4.0,10078,wipeout,0,1,0,22,0,2,0
lone_entry,high,4.0,10079,wipeout,0,1,0,13,0,2,0
lone_entry,high,4.0,10080,wipeout,0,1,0,5,0,2,0
lone_entry,high,4.0,10081,wipeout,0,1,0,6,0,3,0
lone_entry,high,4.0,10082,timeout,0,0,1,120,1,0,0
lone_entry,high,4.0,10083,wipeout,0,1,0,4,0,2,0
lone_entry,high,4.0,10084,wipeout,0,1,0,8,0,2,0
lone_entry,high,4.0,10085,wipeout,0,1,0,4,0,2,0
lone_entry,high,4.0,10086,timeout,0,0,1,120,1,0,0
lone_entry,high,4.0,10087,timeout,0,0,1,120,1,0,0
lone_entry,high,4.0,10088,wipeout,0,1,0,12,0,0,0
lone_entry,high,4.0,10089,timeout,0,0,1,120,1,0,0
lone_entry,high,4.0,10090,wipeout,0,1,0,4,0,2,0
lone_entry,high,4.0,10091,wipeout,0,1,0,9,0,0,0
lone_entry,high,4.0,10092,wipeout,0,1,0,4,0,2,0
lone_entry,high,4.0,10093,wipeout,0,1,0,4,0,0,0
lone_entry,high,4.0,10094,wipeout,0,1,0,2,0,2,0
lone_entry,high,4.0,10095,wipeout,0,1,0,22,0,2,0
lone_entry,high,4.0,10096,wipeout,0,1,0,3,0,3,0
lone_entry,high,4.0,10097,wipeout,0,1,0,10,0,0,0
lone_entry,high,4.0,10098,wipeout,0,1,0,8,0,2,0
lone_entry,high,4.0,10099,wipeout,0,1,0,18,0,2,0
lone_entry,high,4.0,10100,wipeout,0,1,0,16,0,0,0
lone_entry,high,4.0,10101,wipeout,0,1,0,12,0,0,0
lone_entry,high,4.0,10102,wipeout,0,1,0,18,0,0,0
lone_entry,high,4.0,10103,wipeout,0,1,0,10,0,2,0
lone_entry,high,4.0,10104,wipeout,0,1,0,15,0,2,0
lone_entry,high,4.0,10105,wipeout,0,1,0,15,0,0,0
lone_entry,high,4.0,10106,wipeout,0,1,0,19,0,2,0
lone_entry,high,4.0,10107,wipeout,0,1,0,3,0,2,0
lone_entry,high,4.0,10108,wipeout,0,1,0,9,0,0,0
lone_entry,high,4.0,10109,wipeout,0,1,0,14,0,0,0
lone_entry,high,4.0,10110,wipeout,0,1,0,2,0,2,0
lone_entry,high,4.0,10111,wipeout,0,1,0,3,0,2,0
lone_entry,high,4.0,10112,wipeout,0,1,0,4,0,2,0
lone_entry,high,4.0,10113,wipeout,0,1,0,2,0,2,0
lone_entry,high,4.0,10114,wipeout,0,1,0,21,0,3,0
lone_entry,high,4.0,10115,wipeout,0,1,0,5,0,0,0
lone_entry,high,4.0,10116,wipeout,0,1,0,2,0,2,0
lone_entry,high,4.0,10117,wipeout,0,1,0,8,0,0,0
lone_entry,high,4.0,10118,wipeout,0,1,0,16,0,0,0
lone_entry,high,4.0,10119,wipeout,0,1,0,23,0,0,0
lone_entry,high,4.0,10120,wipeout,0,1,0,14,0,0,0
lone_entry,high,4.0,10121,wipeout,0,1,0,8,0,0,0
lone_entry,high,4.0,10122,timeout,0,0,1,120,1,0,0
lone_entry,high,4.0,10123,wipeout,0,1,0,5,0,3,0
lone_entry,high,4.0,10124,wipeout,0,1,0,6,0,0,0
lone_entry,high,4.0,10125,wipeout,0,1,0,14,0,4,0
lone_entry,high,4.0,10126,wipeout,0,1,0,8,0,0,0
lone_entry,high,4.0,10127,wipeout,0,1,0,5,0,2,0
lone_entry,high,4.0,10128,wipeout,0,1,0,13,0,2,0
lone_entry,high,4.0,10129,wipeout,0,1,0,6,0,2,0
lone_entry,high,4.0,10130,wipeout,0,1,0,4,0,2,0
lone_entry,high,4.0,10131,wipeout,0,1,0,3,0,3,0
lone_entry,high,4.0,10132,wipeout,0,1,0,4,0,2,0
lone_entry,high,4.0,10133,wipeout,0,1,0,5,0,0,0
lone_entry,high,4.0,10134,wipeout,0,1,0,6,0,0,0
lone_entry,high,4.0,10135,wipeout,0,1,0,6,0,2,0
lone_entry,high,4.0,10136,wipeout,0,1,0,17,0,2,0
lone_entry,high,4.0,10137,wipeout,0,1,0,9,0,0,0
lone_entry,high,4.0,10138,wipeout,0,1,0,18,0,2,0
lone_entry,high,4.0,10139,wipeout,0,1,0,6,0,0,0
lone_entry,high,4.0,10140,wipeout,0,1,0,5,0,2,0
lone_entry,high,4.0,10141,wipeout,0,1,0,10,0,0,0
lone_entry,high,4.0,10142,wipeout,0,1,0,5,0,2,0
lone_entry,high,4.0,10143,wipeout,0,1,0,13,0,0,0
lone_entry,high,4.0,10144,wipeout,0,1,0,12,0,0,0
lone_entry,high,4.0,10145,wipeout,0,1,0,4,0,2,0
lone_entry,high,4.0,10146,wipeout,0,1,0,3,0,2,0
lone_entry,high,4.0,10147,wipeout,0,1,0,4,0,0,0
lone_entry,high,4.0,10148,wipeout,0,1,0,3,0,2,0
lone_entry,high,4.0,10149,wipeout,0,1,0,10,0,0,0
lone_entry,high,4.0,10150,wipeout,0,1,0,13,0,0,0
lone_entry,high,4.0,10151,wipeout,0,1,0,2,0,2,0
lone_entry,high,4.0,10152,wipeout,0,1,0,9,0,0,0
lone_entry,high,4.0,10153,wipeout,0,1,0,14,0,0,0
lone_entry,high,4.0,10154,wipeout,0,1,0,19,0,0,0
lone_entry,high,4.0,10155,wipeout,0,1,0,13,0,0,0
lone_entry,high,4.0,10156,wipeout,0,1,0,6,0,2,0
lone_entry,high,4.0,10157,wipeout,0,1,0,7,0,0,0
lone_entry,high,4.0,10158,wipeout,0,1,0,38,0,3,0
lone_entry,high,4.0,10159,wipeout,0,1,0,8,0,0,0
lone_entry,high,4.0,10160,wipeout,0,1,0,7,0,2,0
lone_entry,high,4.0,10161,wipeout,0,1,0,19,0,2,0
lone_entry,high,4.0,10162,wipeout,0,1,0,16,0,0,0
lone_entry,high,4.0,10163,wipeout,0,1,0,17,0,0,0
lone_entry,high,4.0,10164,wipeout,0,1,0,5,0,2,0
lone_entry,high,4.0,10165,wipeout,0,1,0,12,0,0,0
lone_entry,high,4.0,10166,wipeout,0,1,0,5,0,0,0
lone_entry,high,4.0,10167,wipeout,0,1,0,22,0,0,0
lone_entry,high,4.0,10168,wipeout,0,1,0,10,0,3,0
lone_entry,high,4.0,10169,timeout,0,0,1,120,1,0,0
lone_entry,high,4.0,10170,wipeout,0,1,0,6,0,2,0
lone_entry,high,4.0,10171,wipeout,0,1,0,5,0,2,0
lone_entry,high,4.0,10172,timeout,0,0,1,120,1,0,0
lone_entry,high,4.0,10173,wipeout,0,1,0,3,0,0,0
lone_entry,high,4.0,10174,wipeout,0,1,0,6,0,0,0
lone_entry,high,4.0,10175,wipeout,0,1,0,14,0,0,0
lone_entry,high,4.0,10176,timeout,0,0,1,120,1,0,0
lone_entry,high,4.0,10177,wipeout,0,1,0,20,0,2,0
lone_entry,high,4.0,10178,wipeout,0,1,0,20,0,2,0
lone_entry,high,4.0,10179,wipeout,0,1,0,9,0,2,0
lone_entry,high,4.0,10180,wipeout,0,1,0,5,0,0,0
lone_entry,high,4.0,10181,wipeout,0,1,0,2,0,2,0
lone_entry,high,4.0,10182,wipeout,0,1,0,3,0,2,0
lone_entry,high,4.0,10183,wipeout,0,1,0,3,0,2,0
lone_entry,high,4.0,10184,wipeout,0,1,0,4,0,0,0
lone_entry,high,4.0,10185,wipeout,0,1,0,7,0,0,0
lone_entry,high,4.0,10186,wipeout,0,1,0,6,0,0,0
lone_entry,high,4.0,10187,wipeout,0,1,0,8,0,2,0
lone_entry,high,4.0,10188,wipeout,0,1,0,2,0,2,0
lone_entry,high,4.0,10189,wipeout,0,1,0,9,0,0,0
lone_entry,high,4.0,10190,wipeout,0,1,0,3,0,0,0
lone_entry,high,4.0,10191,wipeout,0,1,0,2,0,2,0
lone_entry,high,4.0,10192,wipeout,0,1,0,9,0,0,0
lone_entry,high,4.0,10193,wipeout,0,1,0,11,0,2,0
lone_entry,high,4.0,10194,wipeout,0,1,0,22,0,0,0
lone_entry,high,4.0,10195,wipeout,0,1,0,5,0,3,0
lone_entry,high,4.0,10196,wipeout,0,1,0,4,0,2,0
lone_entry,high,4.0,10197,wipeout,0,1,0,4,0,0,0
lone_entry,high,4.0,10198,wipeout,0,1,0,9,0,0,0
lone_entry,high,4.0,10199,wipeout,0,1,0,4,0,2,0
lone_entry,high,4.0,10200,wipeout,0,1,0,8,0,2,0
lone_entry,high,4.0,10201,wipeout,0,1,0,4,0,2,0
lone_entry,high,4.0,10202,timeout,0,0,1,120,1,0,0
lone_entry,high,4.0,10203,wipeout,0,1,0,3,0,3,0
lone_entry,high,4.0,10204,wipeout,0,1,0,20,0,2,0
lone_entry,high,4.0,10205,wipeout,0,1,0,13,0,0,0
lone_entry,high,4.0,10206,timeout,0,0,1,120,1,0,0
lone_entry,high,4.0,10207,wipeout,0,1,0,3,0,0,0
lone_entry,high,4.0,10208,wipeout,0,1,0,10,0,2,0
lone_entry,high,4.0,10209,timeout,0,0,1,120,1,0,0
lone_entry,high,4.0,10210,wipeout,0,1,0,8,0,0,0
lone_entry,high,4.0,10211,wipeout,0,1,0,3,0,0,0
lone_entry,high,4.0,10212,wipeout,0,1,0,6,0,3,0
lone_entry,high,4.0,10213,wipeout,0,1,0,12,0,2,0
lone_entry,high,4.0,10214,timeout,0,0,1,120,1,0,0
lone_entry,high,4.0,10215,wipeout,0,1,0,18,0,0,0
lone_entry,high,4.0,10216,wipeout,0,1,0,9,0,0,0
lone_entry,high,4.0,10217,wipeout,0,1,0,6,0,0,0
lone_entry,high,4.0,10218,wipeout,0,1,0,8,0,0,0
lone_entry,high,4.0,10219,wipeout,0,1,0,26,0,0,0
lone_entry,high,4.0,10220,wipeout,0,1,0,4,0,0,0
lone_entry,high,4.0,10221,wipeout,0,1,0,5,0,0,0
lone_entry,high,4.0,10222,wipeout,0,1,0,3,0,2,0
lone_entry,high,4.0,10223,wipeout,0,1,0,2,0,2,0
lone_entry,high,4.0,10224,timeout,0,0,1,120,1,0,0
lone_entry,high,4.0,10225,wipeout,0,1,0,11,0,2,0
lone_entry,high,4.0,10226,wipeout,0,1,0,11,0,2,0
lone_entry,high,4.0,10227,wipeout,0,1,0,3,0,2,0
lone_entry,high,4.0,10228,wipeout,0,1,0,6,0,0,0
lone_entry,high,4.0,10229,wipeout,0,1,0,3,0,2,0
lone_entry,high,4.0,10230,wipeout,0,1,0,3,0,3,0
lone_entry,high,4.0,10231,wipeout,0,1,0,7,0,2,0
lone_entry,high,4.0,10232,wipeout,0,1,0,3,0,3,0
lone_entry,high,4.0,10233,wipeout,0,1,0,5,0,2,0
lone_entry,high,4.0,10234,wipeout,0,1,0,19,0,2,0
lone_entry,high,4.0,10235,wipeout,0,1,0,25,0,2,0
lone_entry,high,4.0,10236,wipeout,0,1,0,9,0,0,0
lone_entry,high,4.0,10237,wipeout,0,1,0,19,0,2,0
lone_entry,high,4.0,10238,wipeout,0,1,0,4,0,3,0
lone_entry,high,4.0,10239,wipeout,0,1,0,12,0,2,0
lone_entry,high,4.0,10240,wipeout,0,1,0,3,0,2,0
lone_entry,high,4.0,10241,wipeout,0,1,0,25,0,2,0
lone_entry,high,4.0,10242,wipeout,0,1,0,7,0,0,0
lone_entry,high,4.0,10243,wipeout,0,1,0,21,0,3,0
lone_entry,high,4.0,10244,wipeout,0,1,0,2,0,2,0
lone_entry,high,4.0,10245,wipeout,0,1,0,8,0,2,0
lone_entry,high,4.0,10246,wipeout,0,1,0,6,0,2,0
lone_entry,high,4.0,10247,wipeout,0,1,0,13,0,0,0
lone_entry,high,4.0,10248,wipeout,0,1,0,14,0,0,0
lone_entry,high,4.0,10249,wipeout,0,1,0,4,0,0,0
lone_entry,high,4.0,10250,wipeout,0,1,0,19,0,2,0
lone_entry,high,4.0,10251,wipeout,0,1,0,21,0,0,0
lone_entry,high,4.0,10252,wipeout,0,1,0,9,0,0,0
lone_entry,high,4.0,10253,wipeout,0,1,0,15,0,2,0
lone_entry,high,4.0,10254,timeout,0,0,1,120,1,0,0
lone_entry,high,4.0,10255,wipeout,0,1,0,6,0,0,0
lone_entry,high,4.0,10256,wipeout,0,1,0,18,0,3,0
lone_entry,high,4.0,10257,wipeout,0,1,0,16,0,0,0
lone_entry,high,4.0,10258,wipeout,0,1,0,8,0,0,0
lone_entry,high,4.0,10259,timeout,0,0,1,120,1,0,0
lone_entry,high,4.0,10260,wipeout,0,1,0,16,0,0,0
lone_entry,high,4.0,10261,wipeout,0,1,0,8,0,0,0
lone_entry,high,4.0,10262,wipeout,0,1,0,8,0,0,0
lone_entry,high,4.0,10263,wipeout,0,1,0,12,0,0,0
lone_entry,high,4.0,10264,wipeout,0,1,0,4,0,2,0
lone_entry,high,4.0,10265,wipeout,0,1,0,16,0,2,0
lone_entry,high,4.0,10266,timeout,0,0,1,120,1,0,0
lone_entry,high,4.0,10267,timeout,0,0,1,120,1,0,0
lone_entry,high,4.0,10268,wipeout,0,1,0,10,0,0,0
lone_entry,high,4.0,10269,wipeout,0,1,0,20,0,0,0
lone_entry,high,4.0,10270,timeout,0,0,1,120,1,0,0
lone_entry,high,4.0,10271,wipeout,0,1,0,12,0,0,0
lone_entry,high,4.0,10272,wipeout,0,1,0,12,0,0,0
lone_entry,high,4.0,10273,wipeout,0,1,0,9,0,0,0
lone_entry,high,4.0,10274,wipeout,0,1,0,13,0,2,0
lone_entry,high,4.0,10275,wipeout,0,1,0,8,0,0,0
lone_entry,high,4.0,10276,wipeout,0,1,0,33,0,3,0
lone_entry,high,4.0,10277,timeout,0,0,1,120,1,0,0
lone_entry,high,4.0,10278,wipeout,0,1,0,13,0,2,0
lone_entry,high,4.0,10279,wipeout,0,1,0,7,0,0,0
lone_entry,high,4.0,10280,wipeout,0,1,0,9,0,0,0
lone_entry,high,4.0,10281,wipeout,0,1,0,13,0,0,0
lone_entry,high,4.0,10282,wipeout,0,1,0,3,0,2,0
lone_entry,high,4.0,10283,wipeout,0,1,0,4,0,0,0
lone_entry,high,4.0,10284,wipeout,0,1,0,7,0,0,0
lone_entry,high,4.0,10285,wipeout,0,1,0,15,0,2,0
lone_entry,high,4.0,10286,wipeout,0,1,0,9,0,0,0
lone_entry,high,4.0,10287,wipeout,0,1,0,18,0,0,0
lone_entry,high,4.0,10288,wipeout,0,1,0,6,0,0,0
lone_entry,high,4.0,10289,wipeout,0,1,0,18,0,0,0
lone_entry,high,4.0,10290,wipeout,0,1,0,8,0,0,0
lone_entry,high,4.0,10291,wipeout,0,1,0,3,0,2,0
lone_entry,high,4.0,10292,wipeout,0,1,0,2,0,2,0
lone_entry,high,4.0,10293,wipeout,0,1,0,5,0,0,0
lone_entry,high,4.0,10294,wipeout,0,1,0,4,0,2,0
lone_entry,high,4.0,10295,wipeout,0,1,0,5,0,2,0
lone_entry,high,4.0,10296,wipeout,0,1,0,4,0,0,0
lone_entry,high,4.0,10297,wipeout,0,1,0,3,0,2,0
lone_entry,high,4.0,10298,wipeout,0,1,0,7,0,2,0
lone_entry,high,4.0,10299,wipeout,0,1,0,21,0,2,0
lone_entry,high,4.0,10300,wipeout,0,1,0,3,0,0,0
lone_entry,high,4.0,10301,wipeout,0,1,0,6,0,0,0
lone_entry,high,4.0,10302,wipeout,0,1,0,10,0,0,0
lone_entry,high,4.0,10303,wipeout,0,1,0,4,0,3,0
lone_entry,high,4.0,10304,wipeout,0,1,0,7,0,2,0
lone_entry,high,4.0,10305,timeout,0,0,1,120,1,2,0
lone_entry,high,4.0,10306,wipeout,0,1,0,6,0,0,0
lone_entry,high,4.0,10307,wipeout,0,1,0,5,0,0,0
lone_entry,high,4.0,10308,timeout,0,0,1,120,1,0,0
lone_entry,high,4.0,10309,wipeout,0,1,0,7,0,2,0
lone_entry,high,4.0,10310,wipeout,0,1,0,5,0,2,0
lone_entry,high,4.0,10311,wipeout,0,1,0,6,0,0,0
lone_entry,high,4.0,10312,wipeout,0,1,0,11,0,2,0
lone_entry,high,4.0,10313,wipeout,0,1,0,32,0,4,0
lone_entry,high,4.0,10314,wipeout,0,1,0,9,0,0,0
lone_entry,high,4.0,10315,wipeout,0,1,0,6,0,2,0
lone_entry,high,4.0,10316,wipeout,0,1,0,6,0,0,0
lone_entry,high,4.0,10317,wipeout,0,1,0,8,0,0,0
lone_entry,high,4.0,10318,wipeout,0,1,0,5,0,2,0
lone_entry,high,4.0,10319,wipeout,0,1,0,18,0,0,0
lone_entry,high,4.0,10320,wipeout,0,1,0,21,0,4,0
lone_entry,high,4.0,10321,wipeout,0,1,0,14,0,2,0
lone_entry,high,4.0,10322,wipeout,0,1,0,10,0,2,0
lone_entry,high,4.0,10323,timeout,0,0,1,120,1,0,0
lone_entry,high,4.0,10324,timeout,0,0,1,120,1,0,0
lone_entry,high,4.0,10325,wipeout,0,1,0,17,0,0,0
lone_entry,high,4.0,10326,wipeout,0,1,0,5,0,2,0
lone_entry,high,4.0,10327,wipeout,0,1,0,17,0,0,0
lone_entry,high,4.0,10328,wipeout,0,1,0,4,0,0,0
lone_entry,high,4.0,10329,wipeout,0,1,0,4,0,0,0
lone_entry,high,4.0,10330,wipeout,0,1,0,16,0,0,0
lone_entry,high,4.0,10331,wipeout,0,1,0,8,0,0,0
lone_entry,high,4.0,10332,wipeout,0,1,0,4,0,2,0
lone_entry,high,4.0,10333,wipeout,0,1,0,19,0,0,0
lone_entry,high,4.0,10334,wipeout,0,1,0,4,0,2,0
lone_entry,high,4.0,10335,wipeout,0,1,0,9,0,2,0
lone_entry,high,4.0,10336,wipeout,0,1,0,6,0,0,0
lone_entry,high,4.0,10337,wipeout,0,1,0,5,0,2,0
lone_entry,high,4.0,10338,wipeout,0,1,0,18,0,2,0
lone_entry,high,4.0,10339,wipeout,0,1,0,9,0,2,0
lone_entry,high,4.0,10340,timeout,0,0,1,120,1,0,0
lone_entry,high,4.0,10341,wipeout,0,1,0,15,0,0,0
lone_entry,high,4.0,10342,wipeout,0,1,0,8,0,3,0
lone_entry,high,4.0,10343,wipeout,0,1,0,11,0,2,0
lone_entry,high,4.0,10344,wipeout,0,1,0,17,0,0,0
lone_entry,high,4.0,10345,wipeout,0,1,0,10,0,0,0
lone_entry,high,4.0,10346,wipeout,0,1,0,3,0,2,0
lone_entry,high,4.0,10347,wipeout,0,1,0,8,0,2,0
lone_entry,high,4.0,10348,wipeout,0,1,0,6,0,0,0
lone_entry,high,4.0,10349,wipeout,0,1,0,7,0,2,0
lone_entry,high,4.0,10350,wipeout,0,1,0,6,0,0,0
lone_entry,high,4.0,10351,wipeout,0,1,0,3,0,2,0
lone_entry,high,4.0,10352,wipeout,0,1,0,15,0,4,0
lone_entry,high,4.0,10353,wipeout,0,1,0,12,0,0,0
lone_entry,high,4.0,10354,wipeout,0,1,0,17,0,3,0
lone_entry,high,4.0,10355,timeout,0,0,1,120,1,2,0
lone_entry,high,4.0,10356,wipeout,0,1,0,9,0,0,0
lone_entry,high,4.0,10357,wipeout,0,1,0,11,0,2,0
lone_entry,high,4.0,10358,timeout,0,0,1,120,1,0,0
lone_entry,high,4.0,10359,wipeout,0,1,0,11,0,0,0
lone_entry,high,4.0,10360,wipeout,0,1,0,9,0,0,0
lone_entry,high,4.0,10361,wipeout,0,1,0,5,0,2,0
lone_entry,high,4.0,10362,wipeout,0,1,0,10,0,0,0
lone_entry,high,4.0,10363,wipeout,0,1,0,20,0,0,0
lone_entry,high,4.0,10364,timeout,0,0,1,120,1,0,0
lone_entry,high,4.0,10365,wipeout,0,1,0,5,0,2,0
lone_entry,high,4.0,10366,wipeout,0,1,0,6,0,0,0
lone_entry,high,4.0,10367,timeout,0,0,1,120,1,0,0
lone_entry,high,4.0,10368,wipeout,0,1,0,11,0,0,0
lone_entry,high,4.0,10369,wipeout,0,1,0,18,0,0,0
lone_entry,high,4.0,10370,wipeout,0,1,0,17,0,0,0
lone_entry,high,4.0,10371,wipeout,0,1,0,6,0,0,0
lone_entry,high,4.0,10372,wipeout,0,1,0,5,0,2,0
lone_entry,high,4.0,10373,wipeout,0,1,0,3,0,2,0
lone_entry,high,4.0,10374,wipeout,0,1,0,16,0,2,0
lone_entry,high,4.0,10375,wipeout,0,1,0,11,0,0,0
lone_entry,high,4.0,10376,wipeout,0,1,0,3,0,0,0
lone_entry,high,4.0,10377,wipeout,0,1,0,3,0,2,0
lone_entry,high,4.0,10378,wipeout,0,1,0,5,0,2,0
lone_entry,high,4.0,10379,wipeout,0,1,0,4,0,3,0
lone_entry,high,4.0,10380,wipeout,0,1,0,15,0,0,0
lone_entry,high,4.0,10381,wipeout,0,1,0,9,0,0,0
lone_entry,high,4.0,10382,wipeout,0,1,0,23,0,2,0
lone_entry,high,4.0,10383,wipeout,0,1,0,8,0,0,0
lone_entry,high,4.0,10384,wipeout,0,1,0,6,0,2,0
lone_entry,high,4.0,10385,wipeout,0,1,0,5,0,3,0
lone_entry,high,4.0,10386,wipeout,0,1,0,10,0,2,0
lone_entry,high,4.0,10387,wipeout,0,1,0,19,0,2,0
lone_entry,high,4.0,10388,timeout,0,0,1,120,1,0,0
lone_entry,high,4.0,10389,wipeout,0,1,0,7,0,0,0
lone_entry,high,4.0,10390,wipeout,0,1,0,11,0,2,0
lone_entry,high,4.0,10391,wipeout,0,1,0,4,0,2,0
lone_entry,high,4.0,10392,wipeout,0,1,0,12,0,2,0
lone_entry,high,4.0,10393,wipeout,0,1,0,4,0,2,0
lone_entry,high,4.0,10394,wipeout,0,1,0,5,0,0,0
lone_entry,high,4.0,10395,timeout,0,0,1,120,1,0,0
lone_entry,high,4.0,10396,wipeout,0,1,0,22,0,0,0
lone_entry,high,4.0,10397,wipeout,0,1,0,7,0,2,0
lone_entry,high,4.0,10398,wipeout,0,1,0,9,0,0,0
lone_entry,high,4.0,10399,wipeout,0,1,0,4,0,0,0
lone_entry,high,4.0,10400,wipeout,0,1,0,4,0,0,0
lone_entry,high,4.0,10401,wipeout,0,1,0,4,0,2,0
lone_entry,high,4.0,10402,wipeout,0,1,0,4,0,0,0
lone_entry,high,4.0,10403,wipeout,0,1,0,7,0,2,0
lone_entry,high,4.0,10404,wipeout,0,1,0,2,0,2,0
lone_entry,high,4.0,10405,wipeout,0,1,0,5,0,2,0
lone_entry,high,4.0,10406,wipeout,0,1,0,3,0,3,0
lone_entry,high,4.0,10407,wipeout,0,1,0,10,0,0,0
lone_entry,high,4.0,10408,wipeout,0,1,0,3,0,2,0
lone_entry,high,4.0,10409,wipeout,0,1,0,6,0,0,0
lone_entry,high,4.0,10410,wipeout,0,1,0,11,0,0,0
lone_entry,high,4.0,10411,wipeout,0,1,0,8,0,0,0
lone_entry,high,4.0,10412,wipeout,0,1,0,16,0,0,0
lone_entry,high,4.0,10413,wipeout,0,1,0,2,0,2,0
lone_entry,high,4.0,10414,wipeout,0,1,0,4,0,3,0
lone_entry,high,4.0,10415,wipeout,0,1,0,18,0,0,0
lone_entry,high,4.0,10416,wipeout,0,1,0,16,0,0,0
lone_entry,high,4.0,10417,wipeout,0,1,0,5,0,3,0
lone_entry,high,4.0,10418,wipeout,0,1,0,3,0,0,0
lone_entry,high,4.0,10419,wipeout,0,1,0,3,0,2,0
lone_entry,high,4.0,10420,wipeout,0,1,0,6,0,2,0
lone_entry,high,4.0,10421,wipeout,0,1,0,4,0,2,0
lone_entry,high,4.0,10422,wipeout,0,1,0,16,0,2,0
lone_entry,high,4.0,10423,wipeout,0,1,0,6,0,2,0
lone_entry,high,4.0,10424,wipeout,0,1,0,15,0,2,0
lone_entry,high,4.0,10425,wipeout,0,1,0,9,0,2,0
lone_entry,high,4.0,10426,wipeout,0,1,0,13,0,3,0
lone_entry,high,4.0,10427,wipeout,0,1,0,4,0,2,0
lone_entry,high,4.0,10428,wipeout,0,1,0,9,0,3,0
lone_entry,high,4.0,10429,wipeout,0,1,0,11,0,0,0
lone_entry,high,4.0,10430,wipeout,0,1,0,2,0,2,0
lone_entry,high,4.0,10431,wipeout,0,1,0,22,0,2,0
lone_entry,high,4.0,10432,wipeout,0,1,0,12,0,2,0
lone_entry,high,4.0,10433,wipeout,0,1,0,13,0,2,0
lone_entry,high,4.0,10434,timeout,0,0,1,120,1,0,0
lone_entry,high,4.0,10435,wipeout,0,1,0,8,0,0,0
lone_entry,high,4.0,10436,wipeout,0,1,0,9,0,0,0
lone_entry,high,4.0,10437,wipeout,0,1,0,18,0,2,0
lone_entry,high,4.0,10438,wipeout,0,1,0,7,0,0,0
lone_entry,high,4.0,10439,wipeout,0,1,0,3,0,0,0
lone_entry,high,4.0,10440,wipeout,0,1,0,5,0,2,0
lone_entry,high,4.0,10441,wipeout,0,1,0,3,0,0,0
lone_entry,high,4.0,10442,timeout,0,0,1,120,1,2,0
lone_entry,high,4.0,10443,wipeout,0,1,0,3,0,3,0
lone_entry,high,4.0,10444,timeout,0,0,1,120,1,0,0
lone_entry,high,4.0,10445,timeout,0,0,1,120,1,2,0
lone_entry,high,4.0,10446,wipeout,0,1,0,2,0,2,0
lone_entry,high,4.0,10447,wipeout,0,1,0,5,0,0,0
lone_entry,high,4.0,10448,wipeout,0,1,0,7,0,2,0
lone_entry,high,4.0,10449,wipeout,0,1,0,9,0,2,0
lone_entry,high,4.0,10450,wipeout,0,1,0,4,0,2,0
lone_entry,high,4.0,10451,wipeout,0,1,0,5,0,2,0
lone_entry,high,4.0,10452,wipeout,0,1,0,4,0,0,0
lone_entry,high,4.0,10453,wipeout,0,1,0,3,0,2,0
lone_entry,high,4.0,10454,wipeout,0,1,0,7,0,3,0
lone_entry,high,4.0,10455,wipeout,0,1,0,7,0,2,0
lone_entry,high,4.0,10456,wipeout,0,1,0,16,0,0,0
lone_entry,high,4.0,10457,wipeout,0,1,0,3,0,0,0
lone_entry,high,4.0,10458,timeout,0,0,1,120,1,0,0
lone_entry,high,4.0,10459,wipeout,0,1,0,5,0,0,0
lone_entry,high,4.0,10460,wipeout,0,1,0,3,0,0,0
lone_entry,high,4.0,10461,wipeout,0,1,0,20,0,2,0
lone_entry,high,4.0,10462,wipeout,0,1,0,5,0,0,0
lone_entry,high,4.0,10463,wipeout,0,1,0,13,0,0,0
lone_entry,high,4.0,10464,wipeout,0,1,0,10,0,0,0
lone_entry,high,4.0,10465,wipeout,0,1,0,4,0,0,0
lone_entry,high,4.0,10466,wipeout,0,1,0,5,0,0,0
lone_entry,high,4.0,10467,wipeout,0,1,0,4,0,2,0
lone_entry,high,4.0,10468,wipeout,0,1,0,5,0,3,0
lone_entry,high,4.0,10469,wipeout,0,1,0,10,0,0,0
lone_entry,high,4.0,10470,wipeout,0,1,0,9,0,2,0
lone_entry,high,4.0,10471,wipeout,0,1,0,12,0,0,0
lone_entry,high,4.0,10472,wipeout,0,1,0,10,0,2,0
lone_entry,high,4.0,10473,wipeout,0,1,0,17,0,0,0
lone_entry,high,4.0,10474,wipeout,0,1,0,13,0,2,0
lone_entry,high,4.0,10475,wipeout,0,1,0,8,0,0,0
lone_entry,high,4.0,10476,wipeout,0,1,0,8,0,2,0
lone_entry,high,4.0,10477,wipeout,0,1,0,4,0,0,0
lone_entry,high,4.0,10478,wipeout,0,1,0,18,0,0,0
lone_entry,high,4.0,10479,wipeout,0,1,0,4,0,2,0
lone_entry,high,4.0,10480,wipeout,0,1,0,10,0,0,0
lone_entry,high,4.0,10481,wipeout,0,1,0,8,0,0,0
lone_entry,high,4.0,10482,timeout,0,0,1,120,1,0,0
lone_entry,high,4.0,10483,wipeout,0,1,0,16,0,0,0
lone_entry,high,4.0,10484,timeout,0,0,1,120,1,0,0
lone_entry,high,4.0,10485,wipeout,0,1,0,10,0,0,0
lone_entry,high,4.0,10486,wipeout,0,1,0,3,0,2,0
lone_entry,high,4.0,10487,wipeout,0,1,0,12,0,0,0
lone_entry,high,4.0,10488,wipeout,0,1,0,10,0,0,0
lone_entry,high,4.0,10489,wipeout,0,1,0,7,0,2,0
lone_entry,high,4.0,10490,wipeout,0,1,0,16,0,0,0
lone_entry,high,4.0,10491,wipeout,0,1,0,15,0,3,0
lone_entry,high,4.0,10492,wipeout,0,1,0,4,0,0,0
lone_entry,high,4.0,10493,wipeout,0,1,0,19,0,3,0
lone_entry,high,4.0,10494,wipeout,0,1,0,2,0,2,0
lone_entry,high,4.0,10495,wipeout,0,1,0,4,0,0,0
lone_entry,high,4.0,10496,wipeout,0,1,0,7,0,0,0
lone_entry,high,4.0,10497,wipeout,0,1,0,8,0,0,0
lone_entry,high,4.0,10498,wipeout,0,1,0,13,0,0,0
lone_entry,high,4.0,10499,wipeout,0,1,0,16,0,2,0
blind_follow,high,4.0,10000,timeout,0,0,1,120,2,2,0
blind_follow,high,4.0,10001,timeout,0,0,1,120,4,0,0
blind_follow,high,4.0,10002,timeout,0,0,1,120,5,0,0
blind_follow,high,4.0,10003,wipeout,0,1,0,14,0,3,0
blind_follow,high,4.0,10004,wipeout,0,1,0,15,0,2,0
blind_follow,high,4.0,10005,timeout,0,0,1,120,1,3,0
blind_follow,high,4.0,10006,timeout,0,0,1,120,4,2,0
blind_follow,high,4.0,10007,wipeout,0,1,0,30,0,0,0
blind_follow,high,4.0,10008,timeout,0,0,1,120,2,0,0
blind_follow,high,4.0,10009,timeout,0,0,1,120,5,0,0
blind_follow,high,4.0,10010,timeout,0,0,1,120,2,3,0
blind_follow,high,4.0,10011,timeout,0,0,1,120,2,3,0
blind_follow,high,4.0,10012,timeout,0,0,1,120,4,0,0
blind_follow,high,4.0,10013,timeout,0,0,1,120,2,4,0
blind_follow,high,4.0,10014,timeout,0,0,1,120,3,2,0
blind_follow,high,4.0,10015,timeout,0,0,1,120,1,0,0
blind_follow,high,4.0,10016,timeout,0,0,1,120,2,0,0
blind_follow,high,4.0,10017,timeout,0,0,1,120,1,2,0
blind_follow,high,4.0,10018,timeout,0,0,1,120,4,2,0
blind_follow,high,4.0,10019,timeout,0,0,1,120,4,0,0
blind_follow,high,4.0,10020,timeout,0,0,1,120,3,3,0
blind_follow,high,4.0,10021,timeout,0,0,1,120,5,0,0
blind_follow,high,4.0,10022,timeout,0,0,1,120,1,2,0
blind_follow,high,4.0,10023,timeout,0,0,1,120,1,0,0
blind_follow,high,4.0,10024,timeout,0,0,1,120,4,0,0
blind_follow,high,4.0,10025,wipeout,0,1,0,13,0,2,0
blind_follow,high,4.0,10026,timeout,0,0,1,120,1,3,0
blind_follow,high,4.0,10027,timeout,0,0,1,120,3,0,0
blind_follow,high,4.0,10028,timeout,0,0,1,120,5,0,0
blind_follow,high,4.0,10029,wipeout,0,1,0,27,0,3,0
blind_follow,high,4.0,10030,timeout,0,0,1,120,4,2,0
blind_follow,high,4.0,10031,timeout,0,0,1,120,3,0,0
blind_follow,high,4.0,10032,wipeout,0,1,0,8,0,2,0
blind_follow,high,4.0,10033,timeout,0,0,1,120,1,2,0
blind_follow,high,4.0,10034,timeout,0,0,1,120,2,0,0
blind_follow,high,4.0,10035,timeout,0,0,1,120,4,0,0
blind_follow,high,4.0,10036,wipeout,0,1,0,14,0,3,0
blind_follow,high,4.0,10037,timeout,0,0,1,120,1,2,0
blind_follow,high,4.0,10038,wipeout,0,1,0,14,0,2,0
blind_follow,high,4.0,10039,timeout,0,0,1,120,1,0,0
blind_follow,high,4.0,10040,wipeout,0,1,0,8,0,3,0
blind_follow,high,4.0,10041,timeout,0,0,1,120,1,2,0
blind_follow,high,4.0,10042,timeout,0,0,1,120,1,0,0
blind_follow,high,4.0,10043,timeout,0,0,1,120,2,2,0
blind_follow,high,4.0,10044,timeout,0,0,1,120,4,0,0
blind_follow,high,4.0,10045,timeout,0,0,1,120,3,2,0
blind_follow,high,4.0,10046,timeout,0,0,1,120,5,0,0
blind_follow,high,4.0,10047,timeout,0,0,1,120,4,0,0
blind_follow,high,4.0,10048,timeout,0,0,1,120,2,3,0
blind_follow,high,4.0,10049,timeout,0,0,1,120,4,4,0
blind_follow,high,4.0,10050,wipeout,0,1,0,7,0,2,0
blind_follow,high,4.0,10051,timeout,0,0,1,120,4,0,0
blind_follow,high,4.0,10052,timeout,0,0,1,120,4,2,0
blind_follow,high,4.0,10053,timeout,0,0,1,120,4,2,0
blind_follow,high,4.0,10054,timeout,0,0,1,120,5,0,0
blind_follow,high,4.0,10055,wipeout,0,1,0,8,0,3,0
blind_follow,high,4.0,10056,timeout,0,0,1,120,1,3,0
blind_follow,high,4.0,10057,timeout,0,0,1,120,1,3,0
blind_follow,high,4.0,10058,timeout,0,0,1,120,4,2,0
blind_follow,high,4.0,10059,timeout,0,0,1,120,4,2,0
blind_follow,high,4.0,10060,timeout,0,0,1,120,4,2,0
blind_follow,high,4.0,10061,timeout,0,0,1,120,1,2,0
blind_follow,high,4.0,10062,timeout,0,0,1,120,4,0,0
blind_follow,high,4.0,10063,timeout,0,0,1,120,2,2,0
blind_follow,high,4.0,10064,timeout,0,0,1,120,2,2,0
blind_follow,high,4.0,10065,timeout,0,0,1,120,4,0,0
blind_follow,high,4.0,10066,timeout,0,0,1,120,4,0,0
blind_follow,high,4.0,10067,timeout,0,0,1,120,3,0,0
blind_follow,high,4.0,10068,timeout,0,0,1,120,4,2,0
blind_follow,high,4.0,10069,wipeout,0,1,0,9,0,3,0
blind_follow,high,4.0,10070,timeout,0,0,1,120,1,3,0
blind_follow,high,4.0,10071,timeout,0,0,1,120,2,2,0
blind_follow,high,4.0,10072,timeout,0,0,1,120,4,4,0
blind_follow,high,4.0,10073,timeout,0,0,1,120,1,2,0
blind_follow,high,4.0,10074,timeout,0,0,1,120,1,2,0
blind_follow,high,4.0,10075,timeout,0,0,1,120,1,3,0
blind_follow,high,4.0,10076,timeout,0,0,1,120,1,2,0
blind_follow,high,4.0,10077,wipeout,0,1,0,25,0,2,0
blind_follow,high,4.0,10078,timeout,0,0,1,120,4,2,0
blind_follow,high,4.0,10079,timeout,0,0,1,120,1,2,0
blind_follow,high,4.0,10080,timeout,0,0,1,120,1,2,0
blind_follow,high,4.0,10081,timeout,0,0,1,120,1,3,0
blind_follow,high,4.0,10082,timeout,0,0,1,120,5,0,0
blind_follow,high,4.0,10083,timeout,0,0,1,120,1,2,0
blind_follow,high,4.0,10084,wipeout,0,1,0,19,0,2,0
blind_follow,high,4.0,10085,wipeout,0,1,0,22,0,4,0
blind_follow,high,4.0,10086,timeout,0,0,1,120,4,0,0
blind_follow,high,4.0,10087,timeout,0,0,1,120,5,0,0
blind_follow,high,4.0,10088,timeout,0,0,1,120,4,2,0
blind_follow,high,4.0,10089,timeout,0,0,1,120,5,0,0
blind_follow,high,4.0,10090,timeout,0,0,1,120,1,3,0
blind_follow,high,4.0,10091,timeout,0,0,1,120,4,0,0
blind_follow,high,4.0,10092,timeout,0,0,1,120,1,2,0
blind_follow,high,4.0,10093,timeout,0,0,1,120,1,2,0
blind_follow,high,4.0,10094,wipeout,0,1,0,18,0,3,0
blind_follow,high,4.0,10095,wipeout,0,1,0,37,0,3,0
blind_follow,high,4.0,10096,wipeout,0,1,0,19,0,4,0
blind_follow,high,4.0,10097,timeout,0,0,1,120,3,0,0
blind_follow,high,4.0,10098,timeout,0,0,1,120,4,2,0
blind_follow,high,4.0,10099,timeout,0,0,1,120,3,2,0
blind_follow,high,4.0,10100,timeout,0,0,1,120,4,0,0
blind_follow,high,4.0,10101,timeout,0,0,1,120,3,2,0
blind_follow,high,4.0,10102,timeout,0,0,1,120,4,0,0
blind_follow,high,4.0,10103,timeout,0,0,1,120,4,2,0
blind_follow,high,4.0,10104,timeout,0,0,1,120,4,2,0
blind_follow,high,4.0,10105,timeout,0,0,1,120,4,0,0
blind_follow,high,4.0,10106,timeout,0,0,1,120,1,2,0
blind_follow,high,4.0,10107,wipeout,0,1,0,12,0,3,0
blind_follow,high,4.0,10108,timeout,0,0,1,120,4,2,0
blind_follow,high,4.0,10109,timeout,0,0,1,120,2,2,0
blind_follow,high,4.0,10110,wipeout,0,1,0,10,0,3,0
blind_follow,high,4.0,10111,wipeout,0,1,0,22,0,3,0
blind_follow,high,4.0,10112,timeout,0,0,1,120,1,2,0
blind_follow,high,4.0,10113,timeout,0,0,1,120,1,3,0
blind_follow,high,4.0,10114,timeout,0,0,1,120,4,3,0
blind_follow,high,4.0,10115,timeout,0,0,1,120,3,0,0
blind_follow,high,4.0,10116,timeout,0,0,1,120,2,2,0
blind_follow,high,4.0,10117,timeout,0,0,1,120,3,0,0
blind_follow,high,4.0,10118,timeout,0,0,1,120,4,0,0
blind_follow,high,4.0,10119,timeout,0,0,1,120,2,0,0
blind_follow,high,4.0,10120,timeout,0,0,1,120,1,2,0
blind_follow,high,4.0,10121,timeout,0,0,1,120,4,0,0
blind_follow,high,4.0,10122,timeout,0,0,1,120,4,0,0
blind_follow,high,4.0,10123,wipeout,0,1,0,9,0,4,0
blind_follow,high,4.0,10124,timeout,0,0,1,120,3,0,0
blind_follow,high,4.0,10125,timeout,0,0,1,120,4,4,0
blind_follow,high,4.0,10126,timeout,0,0,1,120,4,0,0
blind_follow,high,4.0,10127,timeout,0,0,1,120,3,2,0
blind_follow,high,4.0,10128,timeout,0,0,1,120,4,2,0
blind_follow,high,4.0,10129,timeout,0,0,1,120,1,2,0
blind_follow,high,4.0,10130,wipeout,0,1,0,13,0,3,0
blind_follow,high,4.0,10131,wipeout,0,1,0,11,0,3,0
blind_follow,high,4.0,10132,wipeout,0,1,0,10,0,2,0
blind_follow,high,4.0,10133,timeout,0,0,1,120,1,2,0
blind_follow,high,4.0,10134,wipeout,0,1,0,30,0,0,0
blind_follow,high,4.0,10135,timeout,0,0,1,120,2,2,0
blind_follow,high,4.0,10136,timeout,0,0,1,120,2,2,0
blind_follow,high,4.0,10137,timeout,0,0,1,120,4,0,0
blind_follow,high,4.0,10138,timeout,0,0,1,120,4,2,0
blind_follow,high,4.0,10139,timeout,0,0,1,120,2,0,0
blind_follow,high,4.0,10140,timeout,0,0,1,120,3,2,0
blind_follow,high,4.0,10141,timeout,0,0,1,120,4,0,0
blind_follow,high,4.0,10142,timeout,0,0,1,120,4,2,0
blind_follow,high,4.0,10143,timeout,0,0,1,120,4,0,0
blind_follow,high,4.0,10144,timeout,0,0,1,120,3,2,0
blind_follow,high,4.0,10145,wipeout,0,1,0,16,0,3,0
blind_follow,high,4.0,10146,timeout,0,0,1,120,2,2,0
blind_follow,high,4.0,10147,timeout,0,0,1,120,3,0,0
blind_follow,high,4.0,10148,wipeout,0,1,0,16,0,2,0
blind_follow,high,4.0,10149,timeout,0,0,1,120,2,0,0
blind_follow,high,4.0,10150,timeout,0,0,1,120,4,0,0
blind_follow,high,4.0,10151,wipeout,0,1,0,14,0,4,0
blind_follow,high,4.0,10152,timeout,0,0,1,120,4,0,0
blind_follow,high,4.0,10153,timeout,0,0,1,120,4,0,0
blind_follow,high,4.0,10154,wipeout,0,1,0,33,0,5,0
blind_follow,high,4.0,10155,timeout,0,0,1,120,1,0,0
blind_follow,high,4.0,10156,timeout,0,0,1,120,1,3,0
blind_follow,high,4.0,10157,timeout,0,0,1,120,4,0,0
blind_follow,high,4.0,10158,timeout,0,0,1,120,3,3,0
blind_follow,high,4.0,10159,timeout,0,0,1,120,1,0,0
blind_follow,high,4.0,10160,timeout,0,0,1,120,4,2,0
blind_follow,high,4.0,10161,timeout,0,0,1,120,3,2,0
blind_follow,high,4.0,10162,timeout,0,0,1,120,2,0,0
blind_follow,high,4.0,10163,wipeout,0,1,0,43,0,0,0
blind_follow,high,4.0,10164,wipeout,0,1,0,9,0,2,0
blind_follow,high,4.0,10165,timeout,0,0,1,120,2,0,0
blind_follow,high,4.0,10166,timeout,0,0,1,120,2,0,0
blind_follow,high,4.0,10167,timeout,0,0,1,120,1,2,0
blind_follow,high,4.0,10168,timeout,0,0,1,120,4,3,0
blind_follow,high,4.0,10169,timeout,0,0,1,120,5,0,0
blind_follow,high,4.0,10170,timeout,0,0,1,120,2,2,0
blind_follow,high,4.0,10171,timeout,0,0,1,120,2,2,0
blind_follow,high,4.0,10172,timeout,0,0,1,120,5,0,0
blind_follow,high,4.0,10173,wipeout,0,1,0,14,0,2,0
blind_follow,high,4.0,10174,timeout,0,0,1,120,2,2,0
blind_follow,high,4.0,10175,timeout,0,0,1,120,3,2,0
blind_follow,high,4.0,10176,timeout,0,0,1,120,5,0,0
blind_follow,high,4.0,10177,timeout,0,0,1,120,4,2,0
blind_follow,high,4.0,10178,timeout,0,0,1,120,2,2,0
blind_follow,high,4.0,10179,timeout,0,0,1,120,4,2,0
blind_follow,high,4.0,10180,timeout,0,0,1,120,3,0,0
blind_follow,high,4.0,10181,timeout,0,0,1,120,3,2,0
blind_follow,high,4.0,10182,timeout,0,0,1,120,1,2,0
blind_follow,high,4.0,10183,wipeout,0,1,0,18,0,2,0
blind_follow,high,4.0,10184,timeout,0,0,1,120,3,2,0
blind_follow,high,4.0,10185,timeout,0,0,1,120,4,0,0
blind_follow,high,4.0,10186,timeout,0,0,1,120,2,2,0
blind_follow,high,4.0,10187,timeout,0,0,1,120,2,2,0
blind_follow,high,4.0,10188,timeout,0,0,1,120,2,3,0
blind_follow,high,4.0,10189,timeout,0,0,1,120,5,0,0
blind_follow,high,4.0,10190,timeout,0,0,1,120,4,0,0
blind_follow,high,4.0,10191,wipeout,0,1,0,19,0,3,0
blind_follow,high,4.0,10192,wipeout,0,1,0,28,0,2,0
blind_follow,high,4.0,10193,timeout,0,0,1,120,3,2,0
blind_follow,high,4.0,10194,timeout,0,0,1,120,2,2,0
blind_follow,high,4.0,10195,wipeout,0,1,0,9,0,3,0
blind_follow,high,4.0,10196,timeout,0,0,1,120,2,2,0
blind_follow,high,4.0,10197,timeout,0,0,1,120,1,2,0
blind_follow,high,4.0,10198,timeout,0,0,1,120,4,0,0
blind_follow,high,4.0,10199,wipeout,0,1,0,13,0,3,0
blind_follow,high,4.0,10200,timeout,0,0,1,120,4,2,0
blind_follow,high,4.0,10201,timeout,0,0,1,120,1,2,0
blind_follow,high,4.0,10202,timeout,0,0,1,120,4,0,0
blind_follow,high,4.0,10203,wipeout,0,1,0,13,0,3,0
blind_follow,high,4.0,10204,timeout,0,0,1,120,1,2,0
blind_follow,high,4.0,10205,timeout,0,0,1,120,4,0,0
blind_follow,high,4.0,10206,timeout,0,0,1,120,4,0,0
blind_follow,high,4.0,10207,wipeout,0,1,0,14,0,2,0
blind_follow,high,4.0,10208,timeout,0,0,1,120,4,2,0
blind_follow,high,4.0,10209,timeout,0,0,1,120,4,0,0
blind_follow,high,4.0,10210,timeout,0,0,1,120,4,0,0
blind_follow,high,4.0,10211,timeout,0,0,1,120,4,0,0
blind_follow,high,4.0,10212,timeout,0,0,1,120,1,3,0
blind_follow,high,4.0,10213,timeout,0,0,1,120,4,2,0
blind_follow,high,4.0,10214,timeout,0,0,1,120,5,0,0
blind_follow,high,4.0,10215,timeout,0,0,1,120,4,0,0
blind_follow,high,4.0,10216,timeout,0,0,1,120,4,0,0
blind_follow,high,4.0,10217,timeout,0,0,1,120,4,0,0
blind_follow,high,4.0,10218,wipeout,0,1,0,25,0,2,0
blind_follow,high,4.0,10219,timeout,0,0,1,120,2,2,0
blind_follow,high,4.0,10220,timeout,0,0,1,120,1,0,0
blind_follow,high,4.0,10221,timeout,0,0,1,120,3,0,0
blind_follow,high,4.0,10222,wipeout,0,1,0,14,0,2,0
blind_follow,high,4.0,10223,wipeout,0,1,0,14,0,2,0
blind_follow,high,4.0,10224,timeout,0,0,1,120,4,0,0
blind_follow,high,4.0,10225,timeout,0,0,1,120,2,2,0
blind_follow,high,4.0,10226,timeout,0,0,1,120,1,2,0
blind_follow,high,4.0,10227,timeout,0,0,1,120,5,2,0
blind_follow,high,4.0,10228,timeout,0,0,1,120,2,0,0
blind_follow,high,4.0,10229,timeout,0,0,1,120,2,2,0
blind_follow,high,4.0,10230,wipeout,0,1,0,11,0,3,0
blind_follow,high,4.0,10231,timeout,0,0,1,120,4,2,0
blind_follow,high,4.0,10232,wipeout,0,1,0,8,0,3,0
blind_follow,high,4.0,10233,timeout,0,0,1,120,2,2,0
blind_follow,high,4.0,10234,timeout,0,0,1,120,3,2,0
blind_follow,high,4.0,10235,timeout,0,0,1,120,4,2,0
blind_follow,high,4.0,10236,timeout,0,0,1,120,4,0,0
blind_follow,high,4.0,10237,timeout,0,0,1,120,4,2,0
blind_follow,high,4.0,10238,wipeout,0,1,0,6,0,3,0
blind_follow,high,4.0,10239,timeout,0,0,1,120,1,2,0
blind_follow,high,4.0,10240,timeout,0,0,1,120,2,2,0
blind_follow,high,4.0,10241,timeout,0,0,1,120,1,3,0
blind_follow,high,4.0,10242,timeout,0,0,1,120,3,2,0
blind_follow,high,4.0,10243,timeout,0,0,1,120,4,3,0
blind_follow,high,4.0,10244,wipeout,0,1,0,14,0,4,0
blind_follow,high,4.0,10245,timeout,0,0,1,120,4,2,0
blind_follow,high,4.0,10246,wipeout,0,1,0,12,0,2,0
blind_follow,high,4.0,10247,timeout,0,0,1,120,1,2,0
blind_follow,high,4.0,10248,timeout,0,0,1,120,1,0,0
blind_follow,high,4.0,10249,timeout,0,0,1,120,1,2,0
blind_follow,high,4.0,10250,timeout,0,0,1,120,4,2,0
blind_follow,high,4.0,10251,timeout,0,0,1,120,2,2,0
blind_follow,high,4.0,10252,timeout,0,0,1,120,4,3,0
blind_follow,high,4.0,10253,timeout,0,0,1,120,3,2,0
blind_follow,high,4.0,10254,timeout,0,0,1,120,4,0,0
blind_follow,high,4.0,10255,timeout,0,0,1,120,4,0,0
blind_follow,high,4.0,10256,timeout,0,0,1,120,3,3,0
blind_follow,high,4.0,10257,timeout,0,0,1,120,2,0,0
blind_follow,high,4.0,10258,timeout,0,0,1,120,3,0,0
blind_follow,high,4.0,10259,timeout,0,0,1,120,5,0,0
blind_follow,high,4.0,10260,timeout,0,0,1,120,4,0,0
blind_follow,high,4.0,10261,timeout,0,0,1,120,4,0,0
blind_follow,high,4.0,10262,timeout,0,0,1,120,1,2,0
blind_follow,high,4.0,10263,timeout,0,0,1,120,1,2,0
blind_follow,high,4.0,10264,timeout,0,0,1,120,1,2,0
blind_follow,high,4.0,10265,timeout,0,0,1,120,2,2,0
blind_follow,high,4.0,10266,timeout,0,0,1,120,5,0,0
blind_follow,high,4.0,10267,timeout,0,0,1,120,5,0,0
blind_follow,high,4.0,10268,timeout,0,0,1,120,4,0,0
blind_follow,high,4.0,10269,timeout,0,0,1,120,1,0,0
blind_follow,high,4.0,10270,timeout,0,0,1,120,5,0,0
blind_follow,high,4.0,10271,timeout,0,0,1,120,3,2,0
blind_follow,high,4.0,10272,timeout,0,0,1,120,4,0,0
blind_follow,high,4.0,10273,timeout,0,0,1,120,4,0,0
blind_follow,high,4.0,10274,timeout,0,0,1,120,4,2,0
blind_follow,high,4.0,10275,timeout,0,0,1,120,2,0,0
blind_follow,high,4.0,10276,timeout,0,0,1,120,5,3,0
blind_follow,high,4.0,10277,timeout,0,0,1,120,5,0,0
blind_follow,high,4.0,10278,timeout,0,0,1,120,3,2,0
blind_follow,high,4.0,10279,timeout,0,0,1,120,1,2,0
blind_follow,high,4.0,10280,timeout,0,0,1,120,1,3,0
blind_follow,high,4.0,10281,timeout,0,0,1,120,1,2,0
blind_follow,high,4.0,10282,timeout,0,0,1,120,2,2,0
blind_follow,high,4.0,10283,timeout,0,0,1,120,3,0,0
blind_follow,high,4.0,10284,timeout,0,0,1,120,1,0,0
blind_follow,high,4.0,10285,timeout,0,0,1,120,4,2,0
blind_follow,high,4.0,10286,timeout,0,0,1,120,4,0,0
blind_follow,high,4.0,10287,timeout,0,0,1,120,4,0,0
blind_follow,high,4.0,10288,timeout,0,0,1,120,2,0,0
blind_follow,high,4.0,10289,timeout,0,0,1,120,4,0,0
blind_follow,high,4.0,10290,timeout,0,0,1,120,4,0,0
blind_follow,high,4.0,10291,timeout,0,0,1,120,2,3,0
blind_follow,high,4.0,10292,timeout,0,0,1,120,1,2,0
blind_follow,high,4.0,10293,timeout,0,0,1,120,3,0,0
blind_follow,high,4.0,10294,wipeout,0,1,0,14,0,3,0
blind_follow,high,4.0,10295,wipeout,0,1,0,14,0,2,0
blind_follow,high,4.0,10296,timeout,0,0,1,120,2,0,0
blind_follow,high,4.0,10297,timeout,0,0,1,120,2,2,0
blind_follow,high,4.0,10298,wipeout,0,1,0,14,0,2,0
blind_follow,high,4.0,10299,timeout,0,0,1,120,4,2,0
blind_follow,high,4.0,10300,timeout,0,0,1,120,1,3,0
blind_follow,high,4.0,10301,timeout,0,0,1,120,2,0,0
blind_follow,high,4.0,10302,timeout,0,0,1,120,4,2,0
blind_follow,high,4.0,10303,timeout,0,0,1,120,3,3,0
blind_follow,high,4.0,10304,wipeout,0,1,0,25,0,2,0
blind_follow,high,4.0,10305,timeout,0,0,1,120,5,2,0
blind_follow,high,4.0,10306,timeout,0,0,1,120,3,0,0
blind_follow,high,4.0,10307,timeout,0,0,1,120,3,0,0
blind_follow,high,4.0,10308,timeout,0,0,1,120,4,0,0
blind_follow,high,4.0,10309,timeout,0,0,1,120,1,2,0
blind_follow,high,4.0,10310,wipeout,0,1,0,13,0,2,0
blind_follow,high,4.0,10311,timeout,0,0,1,120,2,0,0
blind_follow,high,4.0,10312,timeout,0,0,1,120,3,2,0
blind_follow,high,4.0,10313,timeout,0,0,1,120,3,4,0
blind_follow,high,4.0,10314,timeout,0,0,1,120,4,2,0
blind_follow,high,4.0,10315,timeout,0,0,1,120,1,2,0
blind_follow,high,4.0,10316,timeout,0,0,1,120,3,0,0
blind_follow,high,4.0,10317,wipeout,0,1,0,20,0,2,0
blind_follow,high,4.0,10318,wipeout,0,1,0,7,0,2,0
blind_follow,high,4.0,10319,timeout,0,0,1,120,3,0,0
blind_follow,high,4.0,10320,timeout,0,0,1,120,4,4,0
blind_follow,high,4.0,10321,timeout,0,0,1,120,4,3,0
blind_follow,high,4.0,10322,timeout,0,0,1,120,4,2,0
blind_follow,high,4.0,10323,timeout,0,0,1,120,5,0,0
blind_follow,high,4.0,10324,timeout,0,0,1,120,5,0,0
blind_follow,high,4.0,10325,timeout,0,0,1,120,3,0,0
blind_follow,high,4.0,10326,timeout,0,0,1,120,1,3,0
blind_follow,high,4.0,10327,timeout,0,0,1,120,4,0,0
blind_follow,high,4.0,10328,timeout,0,0,1,120,2,3,0
blind_follow,high,4.0,10329,timeout,0,0,1,120,1,2,0
blind_follow,high,4.0,10330,timeout,0,0,1,120,2,0,0
blind_follow,high,4.0,10331,timeout,0,0,1,120,5,0,0
blind_follow,high,4.0,10332,wipeout,0,1,0,14,0,2,0
blind_follow,high,4.0,10333,timeout,0,0,1,120,1,2,0
blind_follow,high,4.0,10334,wipeout,0,1,0,17,0,3,0
blind_follow,high,4.0,10335,timeout,0,0,1,120,4,2,0
blind_follow,high,4.0,10336,wipeout,0,1,0,30,0,0,0
blind_follow,high,4.0,10337,wipeout,0,1,0,10,0,3,0
blind_follow,high,4.0,10338,wipeout,0,1,0,33,0,4,0
blind_follow,high,4.0,10339,timeout,0,0,1,120,4,2,0
blind_follow,high,4.0,10340,timeout,0,0,1,120,5,0,0
blind_follow,high,4.0,10341,timeout,0,0,1,120,4,2,0
blind_follow,high,4.0,10342,timeout,0,0,1,120,4,3,0
blind_follow,high,4.0,10343,timeout,0,0,1,120,1,2,0
blind_follow,high,4.0,10344,timeout,0,0,1,120,3,0,0
blind_follow,high,4.0,10345,timeout,0,0,1,120,4,0,0
blind_follow,high,4.0,10346,wipeout,0,1,0,12,0,2,0
blind_follow,high,4.0,10347,timeout,0,0,1,120,3,2,0
blind_follow,high,4.0,10348,timeout,0,0,1,120,3,0,0
blind_follow,high,4.0,10349,timeout,0,0,1,120,2,2,0
blind_follow,high,4.0,10350,timeout,0,0,1,120,1,2,0
blind_follow,high,4.0,10351,timeout,0,0,1,120,1,2,0
blind_follow,high,4.0,10352,timeout,0,0,1,120,4,4,0
blind_follow,high,4.0,10353,timeout,0,0,1,120,3,2,0
blind_follow,high,4.0,10354,timeout,0,0,1,120,4,3,0
blind_follow,high,4.0,10355,timeout,0,0,1,120,5,2,0
blind_follow,high,4.0,10356,timeout,0,0,1,120,1,0,0
blind_follow,high,4.0,10357,timeout,0,0,1,120,2,2,0
blind_follow,high,4.0,10358,timeout,0,0,1,120,4,0,0
blind_follow,high,4.0,10359,timeout,0,0,1,120,2,2,0
blind_follow,high,4.0,10360,timeout,0,0,1,120,4,2,0
blind_follow,high,4.0,10361,timeout,0,0,1,120,3,2,0
blind_follow,high,4.0,10362,timeout,0,0,1,120,4,0,0
blind_follow,high,4.0,10363,timeout,0,0,1,120,2,2,0
blind_follow,high,4.0,10364,timeout,0,0,1,120,5,0,0
blind_follow,high,4.0,10365,wipeout,0,1,0,16,0,3,0
blind_follow,high,4.0,10366,timeout,0,0,1,120,2,2,0
blind_follow,high,4.0,10367,timeout,0,0,1,120,4,0,0
blind_follow,high,4.0,10368,timeout,0,0,1,120,3,0,0
blind_follow,high,4.0,10369,timeout,0,0,1,120,1,4,0
blind_follow,high,4.0,10370,timeout,0,0,1,120,4,0,0
blind_follow,high,4.0,10371,timeout,0,0,1,120,1,0,0
blind_follow,high,4.0,10372,wipeout,0,1,0,7,0,2,0
blind_follow,high,4.0,10373,timeout,0,0,1,120,1,3,0
blind_follow,high,4.0,10374,timeout,0,0,1,120,2,2,0
blind_follow,high,4.0,10375,timeout,0,0,1,120,1,2,0
blind_follow,high,4.0,10376,timeout,0,0,1,120,2,0,0
blind_follow,high,4.0,10377,timeout,0,0,1,120,3,2,0
blind_follow,high,4.0,10378,timeout,0,0,1,120,2,2,0
blind_follow,high,4.0,10379,wipeout,0,1,0,14,0,4,0
blind_follow,high,4.0,10380,timeout,0,0,1,120,2,0,0
blind_follow,high,4.0,10381,wipeout,0,1,0,28,0,2,0
blind_follow,high,4.0,10382,timeout,0,0,1,120,2,2,0
blind_follow,high,4.0,10383,timeout,0,0,1,120,3,0,0
blind_follow,high,4.0,10384,wipeout,0,1,0,14,0,2,0
blind_follow,high,4.0,10385,wipeout,0,1,0,14,0,4,0
blind_follow,high,4.0,10386,timeout,0,0,1,120,2,2,0
blind_follow,high,4.0,10387,timeout,0,0,1,120,4,2,0
blind_follow,high,4.0,10388,timeout,0,0,1,120,5,0,0
blind_follow,high,4.0,10389,timeout,0,0,1,120,4,0,0
blind_follow,high,4.0,10390,timeout,0,0,1,120,1,3,0
blind_follow,high,4.0,10391,wipeout,0,1,0,12,0,2,0
blind_follow,high,4.0,10392,timeout,0,0,1,120,4,2,0
blind_follow,high,4.0,10393,timeout,0,0,1,120,2,2,0
blind_follow,high,4.0,10394,timeout,0,0,1,120,2,2,0
blind_follow,high,4.0,10395,timeout,0,0,1,120,5,0,0
blind_follow,high,4.0,10396,timeout,0,0,1,120,2,2,0
blind_follow,high,4.0,10397,timeout,0,0,1,120,2,2,0
blind_follow,high,4.0,10398,timeout,0,0,1,120,4,0,0
blind_follow,high,4.0,10399,timeout,0,0,1,120,1,0,0
blind_follow,high,4.0,10400,timeout,0,0,1,120,2,2,0
blind_follow,high,4.0,10401,timeout,0,0,1,120,1,2,0
blind_follow,high,4.0,10402,wipeout,0,1,0,29,0,2,0
blind_follow,high,4.0,10403,wipeout,0,1,0,23,0,2,0
blind_follow,high,4.0,10404,wipeout,0,1,0,12,0,2,0
blind_follow,high,4.0,10405,wipeout,0,1,0,17,0,3,0
blind_follow,high,4.0,10406,timeout,0,0,1,120,4,3,0
blind_follow,high,4.0,10407,timeout,0,0,1,120,2,2,0
blind_follow,high,4.0,10408,wipeout,0,1,0,16,0,4,0
blind_follow,high,4.0,10409,timeout,0,0,1,120,2,0,0
blind_follow,high,4.0,10410,timeout,0,0,1,120,4,0,0
blind_follow,high,4.0,10411,timeout,0,0,1,120,4,0,0
blind_follow,high,4.0,10412,timeout,0,0,1,120,3,0,0
blind_follow,high,4.0,10413,wipeout,0,1,0,14,0,2,0
blind_follow,high,4.0,10414,wipeout,0,1,0,6,0,3,0
blind_follow,high,4.0,10415,timeout,0,0,1,120,4,0,0
blind_follow,high,4.0,10416,timeout,0,0,1,120,1,0,0
blind_follow,high,4.0,10417,wipeout,0,1,0,6,0,3,0
blind_follow,high,4.0,10418,timeout,0,0,1,120,5,0,0
blind_follow,high,4.0,10419,wipeout,0,1,0,12,0,2,0
blind_follow,high,4.0,10420,wipeout,0,1,0,16,0,2,0
blind_follow,high,4.0,10421,wipeout,0,1,0,11,0,2,0
blind_follow,high,4.0,10422,timeout,0,0,1,120,1,3,0
blind_follow,high,4.0,10423,wipeout,0,1,0,10,0,3,0
blind_follow,high,4.0,10424,timeout,0,0,1,120,4,2,0
blind_follow,high,4.0,10425,timeout,0,0,1,120,4,2,0
blind_follow,high,4.0,10426,timeout,0,0,1,120,1,3,0
blind_follow,high,4.0,10427,wipeout,0,1,0,15,0,2,0
blind_follow,high,4.0,10428,timeout,0,0,1,120,2,3,0
blind_follow,high,4.0,10429,timeout,0,0,1,120,4,0,0
blind_follow,high,4.0,10430,wipeout,0,1,0,9,0,3,0
blind_follow,high,4.0,10431,timeout,0,0,1,120,1,2,0
blind_follow,high,4.0,10432,timeout,0,0,1,120,4,2,0
blind_follow,high,4.0,10433,timeout,0,0,1,120,2,3,0
blind_follow,high,4.0,10434,timeout,0,0,1,120,5,0,0
blind_follow,high,4.0,10435,timeout,0,0,1,120,1,2,0
blind_follow,high,4.0,10436,wipeout,0,1,0,15,0,2,0
blind_follow,high,4.0,10437,timeout,0,0,1,120,4,2,0
blind_follow,high,4.0,10438,timeout,0,0,1,120,2,0,0
blind_follow,high,4.0,10439,timeout,0,0,1,120,2,0,0
blind_follow,high,4.0,10440,wipeout,0,1,0,12,0,3,0
blind_follow,high,4.0,10441,timeout,0,0,1,120,3,0,0
blind_follow,high,4.0,10442,timeout,0,0,1,120,5,2,0
blind_follow,high,4.0,10443,timeout,0,0,1,120,3,3,0
blind_follow,high,4.0,10444,timeout,0,0,1,120,5,0,0
blind_follow,high,4.0,10445,timeout,0,0,1,120,5,2,0
blind_follow,high,4.0,10446,timeout,0,0,1,120,1,2,0
blind_follow,high,4.0,10447,timeout,0,0,1,120,4,0,0
blind_follow,high,4.0,10448,timeout,0,0,1,120,2,2,0
blind_follow,high,4.0,10449,timeout,0,0,1,120,4,2,0
blind_follow,high,4.0,10450,wipeout,0,1,0,11,0,3,0
blind_follow,high,4.0,10451,timeout,0,0,1,120,1,2,0
blind_follow,high,4.0,10452,timeout,0,0,1,120,3,0,0
blind_follow,high,4.0,10453,wipeout,0,1,0,13,0,2,0
blind_follow,high,4.0,10454,timeout,0,0,1,120,1,3,0
blind_follow,high,4.0,10455,timeout,0,0,1,120,2,2,0
blind_follow,high,4.0,10456,timeout,0,0,1,120,3,0,0
blind_follow,high,4.0,10457,timeout,0,0,1,120,1,0,0
blind_follow,high,4.0,10458,timeout,0,0,1,120,2,0,0
blind_follow,high,4.0,10459,timeout,0,0,1,120,1,2,0
blind_follow,high,4.0,10460,timeout,0,0,1,120,1,2,0
blind_follow,high,4.0,10461,timeout,0,0,1,120,1,3,0
blind_follow,high,4.0,10462,timeout,0,0,1,120,2,0,0
blind_follow,high,4.0,10463,timeout,0,0,1,120,4,0,0
blind_follow,high,4.0,10464,timeout,0,0,1,120,4,0,0
blind_follow,high,4.0,10465,timeout,0,0,1,120,2,0,0
blind_follow,high,4.0,10466,timeout,0,0,1,120,1,0,0
blind_follow,high,4.0,10467,timeout,0,0,1,120,1,2,0
blind_follow,high,4.0,10468,timeout,0,0,1,120,1,3,0
blind_follow,high,4.0,10469,timeout,0,0,1,120,4,0,0
blind_follow,high,4.0,10470,wipeout,0,1,0,25,0,3,0
blind_follow,high,4.0,10471,timeout,0,0,1,120,2,0,0
blind_follow,high,4.0,10472,timeout,0,0,1,120,2,2,0
blind_follow,high,4.0,10473,timeout,0,0,1,120,3,0,0
blind_follow,high,4.0,10474,timeout,0,0,1,120,4,2,0
blind_follow,high,4.0,10475,timeout,0,0,1,120,2,2,0
blind_follow,high,4.0,10476,timeout,0,0,1,120,3,3,0
blind_follow,high,4.0,10477,timeout,0,0,1,120,1,2,0
blind_follow,high,4.0,10478,timeout,0,0,1,120,1,2,0
blind_follow,high,4.0,10479,wipeout,0,1,0,19,0,2,0
blind_follow,high,4.0,10480,timeout,0,0,1,120,3,2,0
blind_follow,high,4.0,10481,timeout,0,0,1,120,3,0,0
blind_follow,high,4.0,10482,timeout,0,0,1,120,4,0,0
blind_follow,high,4.0,10483,timeout,0,0,1,120,4,0,0
blind_follow,high,4.0,10484,timeout,0,0,1,120,5,0,0
blind_follow,high,4.0,10485,timeout,0,0,1,120,3,0,0
blind_follow,high,4.0,10486,wipeout,0,1,0,16,0,3,0
blind_follow,high,4.0,10487,timeout,0,0,1,120,2,0,0
blind_follow,high,4.0,10488,timeout,0,0,1,120,4,0,0
blind_follow,high,4.0,10489,timeout,0,0,1,120,2,2,0
blind_follow,high,4.0,10490,timeout,0,0,1,120,1,0,0
blind_follow,high,4.0,10491,timeout,0,0,1,120,4,3,0
blind_follow,high,4.0,10492,timeout,0,0,1,120,1,0,0
blind_follow,high,4.0,10493,timeout,0,0,1,120,4,3,0
blind_follow,high,4.0,10494,timeout,0,0,1,120,3,3,0
blind_follow,high,4.0,10495,timeout,0,0,1,120,3,0,0
blind_follow,high,4.0,10496,timeout,0,0,1,120,1,0,0
blind_follow,high,4.0,10497,wipeout,0,1,0,24,0,2,0
blind_follow,high,4.0,10498,timeout,0,0,1,120,1,3,0
blind_follow,high,4.0,10499,timeout,0,0,1,120,4,2,0
shared_map,high,4.0,10000,wipeout,0,1,0,15,0,2,178
shared_map,high,4.0,10001,timeout,0,0,1,120,5,0,2400
shared_map,high,4.0,10002,timeout,0,0,1,120,5,0,2400
shared_map,high,4.0,10003,wipeout,0,1,0,13,0,2,114
shared_map,high,4.0,10004,wipeout,0,1,0,14,0,2,150
shared_map,high,4.0,10005,timeout,0,0,1,120,4,2,1454
shared_map,high,4.0,10006,timeout,0,0,1,120,4,2,1488
shared_map,high,4.0,10007,timeout,0,0,1,120,4,2,1454
shared_map,high,4.0,10008,timeout,0,0,1,120,5,0,2400
shared_map,high,4.0,10009,timeout,0,0,1,120,5,0,2400
shared_map,high,4.0,10010,timeout,0,0,1,120,4,2,1454
shared_map,high,4.0,10011,timeout,0,0,1,120,2,2,318
shared_map,high,4.0,10012,timeout,0,0,1,120,5,0,2400
shared_map,high,4.0,10013,timeout,0,0,1,120,5,0,1440
shared_map,high,4.0,10014,timeout,0,0,1,120,4,0,1440
shared_map,high,4.0,10015,timeout,0,0,1,120,3,0,750
shared_map,high,4.0,10016,timeout,0,0,1,120,5,0,2400
shared_map,high,4.0,10017,timeout,0,0,1,120,4,2,1464
shared_map,high,4.0,10018,timeout,0,0,1,120,3,0,738
shared_map,high,4.0,10019,timeout,0,0,1,120,5,0,2400
shared_map,high,4.0,10020,timeout,0,0,1,120,4,0,1440
shared_map,high,4.0,10021,timeout,0,0,1,120,4,0,738
shared_map,high,4.0,10022,timeout,0,0,1,120,4,0,738
shared_map,high,4.0,10023,timeout,0,0,1,120,4,2,1454
shared_map,high,4.0,10024,timeout,0,0,1,120,4,2,1454
shared_map,high,4.0,10025,wipeout,0,1,0,11,0,3,70
shared_map,high,4.0,10026,wipeout,0,1,0,9,0,3,74
shared_map,high,4.0,10027,timeout,0,0,1,120,5,0,2400
shared_map,high,4.0,10028,timeout,0,0,1,120,4,2,1454
shared_map,high,4.0,10029,timeout,0,0,1,120,3,0,732
shared_map,high,4.0,10030,timeout,0,0,1,120,5,0,2400
shared_map,high,4.0,10031,timeout,0,0,1,120,3,0,738
shared_map,high,4.0,10032,wipeout,0,1,0,14,0,2,74
shared_map,high,4.0,10033,timeout,0,0,1,120,4,2,1456
shared_map,high,4.0,10034,timeout,0,0,1,120,4,2,1454
shared_map,high,4.0,10035,timeout,0,0,1,120,5,0,2400
shared_map,high,4.0,10036,timeout,0,0,1,120,1,2,116
shared_map,high,4.0,10037,timeout,0,0,1,120,3,2,748
shared_map,high,4.0,10038,timeout,0,0,1,120,4,2,1464
shared_map,high,4.0,10039,timeout,0,0,1,120,4,2,1454
shared_map,high,4.0,10040,wipeout,0,1,0,17,0,3,184
shared_map,high,4.0,10041,timeout,0,0,1,120,4,2,1456
shared_map,high,4.0,10042,timeout,0,0,1,120,4,2,1456
shared_map,high,4.0,10043,wipeout,0,1,0,12,0,2,114
shared_map,high,4.0,10044,timeout,0,0,1,120,5,0,2400
shared_map,high,4.0,10045,timeout,0,0,1,120,5,0,2400
shared_map,high,4.0,10046,timeout,0,0,1,120,4,0,738
shared_map,high,4.0,10047,timeout,0,0,1,120,5,0,2400
shared_map,high,4.0,10048,timeout,0,0,1,120,4,2,1454
shared_map,high,4.0,10049,timeout,0,0,1,120,5,0,2400
shared_map,high,4.0,10050,timeout,0,0,1,120,2,2,282
shared_map,high,4.0,10051,timeout,0,0,1,120,5,0,2400
shared_map,high,4.0,10052,timeout,0,0,1,120,5,0,2400
shared_map,high,4.0,10053,timeout,0,0,1,120,5,0,2400
shared_map,high,4.0,10054,timeout,0,0,1,120,5,0,2400
shared_map,high,4.0,10055,timeout,0,0,1,120,2,3,286
shared_map,high,4.0,10056,timeout,0,0,1,120,3,0,738
shared_map,high,4.0,10057,timeout,0,0,1,120,4,2,1460
shared_map,high,4.0,10058,timeout,0,0,1,120,5,0,2400
shared_map,high,4.0,10059,timeout,0,0,1,120,5,0,2400
shared_map,high,4.0,10060,timeout,0,0,1,120,5,0,2400
shared_map,high,4.0,10061,timeout,0,0,1,120,4,0,744
shared_map,high,4.0,10062,timeout,0,0,1,120,5,0,2400
shared_map,high,4.0,10063,timeout,0,0,1,120,5,0,1440
shared_map,high,4.0,10064,timeout,0,0,1,120,3,0,744
shared_map,high,4.0,10065,timeout,0,0,1,120,4,0,1440
shared_map,high,4.0,10066,timeout,0,0,1,120,5,0,2400
shared_map,high,4.0,10067,timeout,0,0,1,120,4,2,1454
shared_map,high,4.0,10068,timeout,0,0,1,120,5,0,2400
shared_map,high,4.0,10069,wipeout,0,1,0,7,0,3,84
shared_map,high,4.0,10070,timeout,0,0,1,120,2,2,296
shared_map,high,4.0,10071,timeout,0,0,1,120,5,0,2400
shared_map,high,4.0,10072,timeout,0,0,1,120,5,0,2400
shared_map,high,4.0,10073,timeout,0,0,1,120,4,2,1454
shared_map,high,4.0,10074,timeout,0,0,1,120,5,2,2400
shared_map,high,4.0,10075,wipeout,0,1,0,9,0,3,80
shared_map,high,4.0,10076,timeout,0,0,1,120,3,0,738
shared_map,high,4.0,10077,timeout,0,0,1,120,4,0,1440
shared_map,high,4.0,10078,timeout,0,0,1,120,5,0,2400
shared_map,high,4.0,10079,timeout,0,0,1,120,5,0,1440
shared_map,high,4.0,10080,timeout,0,0,1,120,4,2,1456
shared_map,high,4.0,10081,timeout,0,0,1,120,4,2,1464
shared_map,high,4.0,10082,timeout,0,0,1,120,5,0,2400
shared_map,high,4.0,10083,wipeout,0,1,0,16,0,2,182
shared_map,high,4.0,10084,timeout,0,0,1,120,3,0,738
shared_map,high,4.0,10085,timeout,0,0,1,120,3,3,308
shared_map,high,4.0,10086,timeout,0,0,1,120,4,0,1440
shared_map,high,4.0,10087,timeout,0,0,1,120,5,0,2400
shared_map,high,4.0,10088,timeout,0,0,1,120,5,0,2400
shared_map,high,4.0,10089,timeout,0,0,1,120,5,0,2400
shared_map,high,4.0,10090,timeout,0,0,1,120,1,3,74
shared_map,high,4.0,10091,timeout,0,0,1,120,5,0,2400
shared_map,high,4.0,10092,timeout,0,0,1,120,4,2,1456
shared_map,high,4.0,10093,timeout,0,0,1,120,4,2,1454
shared_map,high,4.0,10094,timeout,0,0,1,120,5,2,2400
shared_map,high,4.0,10095,timeout,0,0,1,120,4,0,1440
shared_map,high,4.0,10096,wipeout,0,1,0,17,0,2,204
shared_map,high,4.0,10097,timeout,0,0,1,120,5,0,2400
shared_map,high,4.0,10098,timeout,0,0,1,120,5,0,2400
shared_map,high,4.0,10099,timeout,0,0,1,120,4,0,1440
shared_map,high,4.0,10100,timeout,0,0,1,120,5,0,2400
shared_map,high,4.0,10101,timeout,0,0,1,120,5,0,1440
shared_map,high,4.0,10102,timeout,0,0,1,120,5,0,2400
shared_map,high,4.0,10103,timeout,0,0,1,120,5,0,2400
shared_map,high,4.0,10104,timeout,0,0,1,120,5,0,2400
shared_map,high,4.0,10105,timeout,0,0,1,120,5,0,2400
shared_map,high,4.0,10106,timeout,0,0,1,120,4,0,1440
shared_map,high,4.0,10107,wipeout,0,1,0,9,0,2,96
shared_map,high,4.0,10108,timeout,0,0,1,120,5,0,2400
shared_map,high,4.0,10109,timeout,0,0,1,120,4,0,1440
shared_map,high,4.0,10110,wipeout,0,1,0,7,0,3,62
shared_map,high,4.0,10111,timeout,0,0,1,120,2,2,332
shared_map,high,4.0,10112,timeout,0,0,1,120,3,2,754
shared_map,high,4.0,10113,timeout,0,0,1,120,2,2,386
shared_map,high,4.0,10114,timeout,0,0,1,120,5,0,2400
shared_map,high,4.0,10115,timeout,0,0,1,120,4,2,1454
shared_map,high,4.0,10116,wipeout,0,1,0,12,0,2,114
shared_map,high,4.0,10117,timeout,0,0,1,120,4,2,1454
shared_map,high,4.0,10118,timeout,0,0,1,120,5,0,2400
shared_map,high,4.0,10119,timeout,0,0,1,120,5,0,1440
shared_map,high,4.0,10120,timeout,0,0,1,120,5,0,1440
shared_map,high,4.0,10121,timeout,0,0,1,120,3,0,738
shared_map,high,4.0,10122,timeout,0,0,1,120,4,0,1440
shared_map,high,4.0,10123,timeout,0,0,1,120,4,2,1464
shared_map,high,4.0,10124,timeout,0,0,1,120,4,2,1464
shared_map,high,4.0,10125,timeout,0,0,1,120,5,0,2400
shared_map,high,4.0,10126,timeout,0,0,1,120,5,0,2400
shared_map,high,4.0,10127,wipeout,0,1,0,15,0,2,200
shared_map,high,4.0,10128,timeout,0,0,1,120,5,0,2400
shared_map,high,4.0,10129,timeout,0,0,1,120,4,2,1220
shared_map,high,4.0,10130,wipeout,0,1,0,12,0,3,142
shared_map,high,4.0,10131,timeout,0,0,1,120,5,2,2400
shared_map,high,4.0,10132,wipeout,0,1,0,10,0,2,72
shared_map,high,4.0,10133,timeout,0,0,1,120,4,2,1454
shared_map,high,4.0,10134,timeout,0,0,1,120,3,2,746
shared_map,high,4.0,10135,timeout,0,0,1,120,5,0,1440
shared_map,high,4.0,10136,timeout,0,0,1,120,4,0,1440
shared_map,high,4.0,10137,timeout,0,0,1,120,5,0,2400
shared_map,high,4.0,10138,timeout,0,0,1,120,5,0,2400
shared_map,high,4.0,10139,timeout,0,0,1,120,4,2,1464
shared_map,high,4.0,10140,timeout,0,0,1,120,4,2,1464
shared_map,high,4.0,10141,timeout,0,0,1,120,5,0,2400
shared_map,high,4.0,10142,timeout,0,0,1,120,5,0,2400
shared_map,high,4.0,10143,timeout,0,0,1,120,5,0,2400
shared_map,high,4.0,10144,timeout,0,0,1,120,5,0,2400
shared_map,high,4.0,10145,timeout,0,0,1,120,4,2,1464
shared_map,high,4.0,10146,timeout,0,0,1,120,1,2,88
shared_map,high,4.0,10147,timeout,0,0,1,120,4,2,1472
shared_map,high,4.0,10148,wipeout,0,1,0,10,0,2,98
shared_map,high,4.0,10149,timeout,0,0,1,120,4,0,744
shared_map,high,4.0,10150,timeout,0,0,1,120,5,0,2400
shared_map,high,4.0,10151,wipeout,0,1,0,13,0,2,128
shared_map,high,4.0,10152,timeout,0,0,1,120,5,0,2400
shared_map,high,4.0,10153,timeout,0,0,1,120,5,0,2400
shared_map,high,4.0,10154,timeout,0,0,1,120,5,0,2400
shared_map,high,4.0,10155,timeout,0,0,1,120,4,0,1440
shared_map,high,4.0,10156,timeout,0,0,1,120,1,2,136
shared_map,high,4.0,10157,timeout,0,0,1,120,5,0,2400
shared_map,high,4.0,10158,timeout,0,0,1,120,5,0,2400
shared_map,high,4.0,10159,timeout,0,0,1,120,4,2,1456
shared_map,high,4.0,10160,timeout,0,0,1,120,5,0,2400
shared_map,high,4.0,10161,timeout,0,0,1,120,4,0,1440
shared_map,high,4.0,10162,timeout,0,0,1,120,4,0,1440
shared_map,high,4.0,10163,timeout,0,0,1,120,4,0,1440
shared_map,high,4.0,10164,wipeout,0,1,0,13,0,2,66
shared_map,high,4.0,10165,timeout,0,0,1,120,4,2,1484
shared_map,high,4.0,10166,timeout,0,0,1,120,4,2,1454
shared_map,high,4.0,10167,timeout,0,0,1,120,5,0,1440
shared_map,high,4.0,10168,timeout,0,0,1,120,5,0,2400
shared_map,high,4.0,10169,timeout,0,0,1,120,3,2,758
shared_map,high,4.0,10170,timeout,0,0,1,120,5,2,1930
shared_map,high,4.0,10171,timeout,0,0,1,120,3,0,732
shared_map,high,4.0,10172,timeout,0,0,1,120,5,0,2400
shared_map,high,4.0,10173,timeout,0,0,1,120,3,2,748
shared_map,high,4.0,10174,timeout,0,0,1,120,4,2,1454
shared_map,high,4.0,10175,timeout,0,0,1,120,4,2,1454
shared_map,high,4.0,10176,timeout,0,0,1,120,5,0,2400
shared_map,high,4.0,10177,timeout,0,0,1,120,5,0,2400
shared_map,high,4.0,10178,timeout,0,0,1,120,4,0,1440
shared_map,high,4.0,10179,timeout,0,0,1,120,5,0,1440
shared_map,high,4.0,10180,timeout,0,0,1,120,4,2,1454
shared_map,high,4.0,10181,timeout,0,0,1,120,5,2,2400
shared_map,high,4.0,10182,wipeout,0,1,0,14,0,2,110
shared_map,high,4.0,10183,wipeout,0,1,0,17,0,3,130
shared_map,high,4.0,10184,timeout,0,0,1,120,4,2,1454
shared_map,high,4.0,10185,timeout,0,0,1,120,5,0,2400
shared_map,high,4.0,10186,timeout,0,0,1,120,3,2,748
shared_map,high,4.0,10187,timeout,0,0,1,120,5,0,2400
shared_map,high,4.0,10188,timeout,0,0,1,120,2,2,296
shared_map,high,4.0,10189,timeout,0,0,1,120,5,0,2400
shared_map,high,4.0,10190,timeout,0,0,1,120,4,0,732
shared_map,high,4.0,10191,wipeout,0,1,0,15,0,2,130
shared_map,high,4.0,10192,timeout,0,0,1,120,4,2,1454
shared_map,high,4.0,10193,timeout,0,0,1,120,5,0,2400
shared_map,high,4.0,10194,timeout,0,0,1,120,4,0,1440
shared_map,high,4.0,10195,wipeout,0,1,0,16,0,2,118
shared_map,high,4.0,10196,timeout,0,0,1,120,4,2,1456
shared_map,high,4.0,10197,timeout,0,0,1,120,4,2,1454
shared_map,high,4.0,10198,timeout,0,0,1,120,5,0,2400
shared_map,high,4.0,10199,timeout,0,0,1,120,3,2,768
shared_map,high,4.0,10200,timeout,0,0,1,120,5,0,2400
shared_map,high,4.0,10201,wipeout,0,1,0,14,0,2,68
shared_map,high,4.0,10202,timeout,0,0,1,120,4,0,1440
shared_map,high,4.0,10203,timeout,0,0,1,120,1,2,62
shared_map,high,4.0,10204,timeout,0,0,1,120,5,0,1440
shared_map,high,4.0,10205,timeout,0,0,1,120,5,0,2400
shared_map,high,4.0,10206,timeout,0,0,1,120,4,0,1440
shared_map,high,4.0,10207,timeout,0,0,1,120,3,2,748
shared_map,high,4.0,10208,timeout,0,0,1,120,5,0,2400
shared_map,high,4.0,10209,timeout,0,0,1,120,4,0,1440
shared_map,high,4.0,10210,timeout,0,0,1,120,5,0,2400
shared_map,high,4.0,10211,timeout,0,0,1,120,4,2,1454
shared_map,high,4.0,10212,timeout,0,0,1,120,1,2,214
shared_map,high,4.0,10213,timeout,0,0,1,120,5,0,2400
shared_map,high,4.0,10214,timeout,0,0,1,120,5,0,2400
shared_map,high,4.0,10215,timeout,0,0,1,120,5,0,2400
shared_map,high,4.0,10216,timeout,0,0,1,120,5,0,2400
shared_map,high,4.0,10217,timeout,0,0,1,120,4,2,1456
shared_map,high,4.0,10218,timeout,0,0,1,120,4,0,1440
shared_map,high,4.0,10219,timeout,0,0,1,120,4,0,1440
shared_map,high,4.0,10220,timeout,0,0,1,120,4,2,1464
shared_map,high,4.0,10221,timeout,0,0,1,120,4,2,1454
shared_map,high,4.0,10222,timeout,0,0,1,120,4,2,1460
shared_map,high,4.0,10223,timeout,0,0,1,120,3,2,762
shared_map,high,4.0,10224,timeout,0,0,1,120,4,0,744
shared_map,high,4.0,10225,timeout,0,0,1,120,5,0,1440
shared_map,high,4.0,10226,timeout,0,0,1,120,4,0,750
shared_map,high,4.0,10227,timeout,0,0,1,120,3,2,348
shared_map,high,4.0,10228,timeout,0,0,1,120,4,2,1454
shared_map,high,4.0,10229,wipeout,0,1,0,18,0,2,90
shared_map,high,4.0,10230,timeout,0,0,1,120,2,2,310
shared_map,high,4.0,10231,timeout,0,0,1,120,5,0,1440
shared_map,high,4.0,10232,timeout,0,0,1,120,5,3,2400
shared_map,high,4.0,10233,timeout,0,0,1,120,4,0,744
shared_map,high,4.0,10234,timeout,0,0,1,120,4,0,1440
shared_map,high,4.0,10235,timeout,0,0,1,120,5,0,2400
shared_map,high,4.0,10236,timeout,0,0,1,120,5,0,2400
shared_map,high,4.0,10237,timeout,0,0,1,120,5,0,2400
shared_map,high,4.0,10238,timeout,0,0,1,120,2,3,298
shared_map,high,4.0,10239,timeout,0,0,1,120,5,0,1440
shared_map,high,4.0,10240,timeout,0,0,1,120,4,2,1456
shared_map,high,4.0,10241,timeout,0,0,1,120,4,0,1440
shared_map,high,4.0,10242,timeout,0,0,1,120,4,2,1464
shared_map,high,4.0,10243,timeout,0,0,1,120,5,0,2400
shared_map,high,4.0,10244,timeout,0,0,1,120,2,2,302
shared_map,high,4.0,10245,timeout,0,0,1,120,5,0,2400
shared_map,high,4.0,10246,wipeout,0,1,0,14,0,2,156
shared_map,high,4.0,10247,timeout,0,0,1,120,4,0,1440
shared_map,high,4.0,10248,timeout,0,0,1,120,5,0,1440
shared_map,high,4.0,10249,timeout,0,0,1,120,4,2,1456
shared_map,high,4.0,10250,timeout,0,0,1,120,5,0,2400
shared_map,high,4.0,10251,timeout,0,0,1,120,3,0,738
shared_map,high,4.0,10252,timeout,0,0,1,120,5,0,2394
shared_map,high,4.0,10253,timeout,0,0,1,120,4,0,1440
shared_map,high,4.0,10254,timeout,0,0,1,120,4,0,1440
shared_map,high,4.0,10255,timeout,0,0,1,120,5,0,2400
shared_map,high,4.0,10256,timeout,0,0,1,120,4,0,1440
shared_map,high,4.0,10257,timeout,0,0,1,120,3,0,738
shared_map,high,4.0,10258,timeout,0,0,1,120,4,2,1464
shared_map,high,4.0,10259,timeout,0,0,1,120,5,0,2400
shared_map,high,4.0,10260,timeout,0,0,1,120,5,0,2400
shared_map,high,4.0,10261,timeout,0,0,1,120,5,0,2400
shared_map,high,4.0,10262,timeout,0,0,1,120,3,2,750
shared_map,high,4.0,10263,timeout,0,0,1,120,4,2,1464
shared_map,high,4.0,10264,wipeout,0,1,0,15,0,2,104
shared_map,high,4.0,10265,timeout,0,0,1,120,3,0,744
shared_map,high,4.0,10266,timeout,0,0,1,120,4,0,1440
shared_map,high,4.0,10267,timeout,0,0,1,120,5,0,2400
shared_map,high,4.0,10268,timeout,0,0,1,120,5,0,2400
shared_map,high,4.0,10269,timeout,0,0,1,120,4,0,1440
shared_map,high,4.0,10270,timeout,0,0,1,120,5,0,2400
shared_map,high,4.0,10271,timeout,0,0,1,120,4,2,1458
shared_map,high,4.0,10272,timeout,0,0,1,120,5,0,2400
shared_map,high,4.0,10273,timeout,0,0,1,120,5,0,2400
shared_map,high,4.0,10274,timeout,0,0,1,120,5,0,2400
shared_map,high,4.0,10275,timeout,0,0,1,120,5,0,2400
shared_map,high,4.0,10276,timeout,0,0,1,120,5,0,2400
shared_map,high,4.0,10277,timeout,0,0,1,120,5,0,2400
shared_map,high,4.0,10278,timeout,0,0,1,120,4,0,1440
shared_map,high,4.0,10279,timeout,0,0,1,120,5,0,2400
shared_map,high,4.0,10280,timeout,0,0,1,120,4,0,1440
shared_map,high,4.0,10281,timeout,0,0,1,120,4,0,1440
shared_map,high,4.0,10282,timeout,0,0,1,120,4,2,1456
shared_map,high,4.0,10283,timeout,0,0,1,120,4,2,1472
shared_map,high,4.0,10284,timeout,0,0,1,120,4,0,738
shared_map,high,4.0,10285,timeout,0,0,1,120,5,0,2400
shared_map,high,4.0,10286,timeout,0,0,1,120,5,0,2400
shared_map,high,4.0,10287,timeout,0,0,1,120,5,0,2400
shared_map,high,4.0,10288,timeout,0,0,1,120,5,0,2400
shared_map,high,4.0,10289,timeout,0,0,1,120,5,0,2400
shared_map,high,4.0,10290,timeout,0,0,1,120,5,0,2400
shared_map,high,4.0,10291,timeout,0,0,1,120,3,2,818
shared_map,high,4.0,10292,wipeout,0,1,0,11,0,2,78
shared_map,high,4.0,10293,timeout,0,0,1,120,5,0,2400
shared_map,high,4.0,10294,timeout,0,0,1,120,1,2,70
shared_map,high,4.0,10295,wipeout,0,1,0,14,0,2,172
shared_map,high,4.0,10296,timeout,0,0,1,120,4,2,1456
shared_map,high,4.0,10297,timeout,0,0,1,120,3,2,788
shared_map,high,4.0,10298,timeout,0,0,1,120,4,2,1454
shared_map,high,4.0,10299,timeout,0,0,1,120,5,0,2400
shared_map,high,4.0,10300,timeout,0,0,1,120,4,2,1454
shared_map,high,4.0,10301,timeout,0,0,1,120,5,0,2400
shared_map,high,4.0,10302,timeout,0,0,1,120,5,0,2400
shared_map,high,4.0,10303,wipeout,0,1,0,15,0,3,164
shared_map,high,4.0,10304,timeout,0,0,1,120,4,0,1440
shared_map,high,4.0,10305,timeout,0,0,1,120,5,0,2400
shared_map,high,4.0,10306,timeout,0,0,1,120,4,2,1456
shared_map,high,4.0,10307,timeout,0,0,1,120,4,2,1454
shared_map,high,4.0,10308,timeout,0,0,1,120,3,0,738
shared_map,high,4.0,10309,timeout,0,0,1,120,4,2,1454
shared_map,high,4.0,10310,timeout,0,0,1,120,5,2,2400
shared_map,high,4.0,10311,timeout,0,0,1,120,5,0,2400
shared_map,high,4.0,10312,timeout,0,0,1,120,4,2,1458
shared_map,high,4.0,10313,timeout,0,0,1,120,5,0,2400
shared_map,high,4.0,10314,timeout,0,0,1,120,5,0,2400
shared_map,high,4.0,10315,timeout,0,0,1,120,5,0,2400
shared_map,high,4.0,10316,timeout,0,0,1,120,4,2,1456
shared_map,high,4.0,10317,timeout,0,0,1,120,4,2,1460
shared_map,high,4.0,10318,wipeout,0,1,0,14,0,2,78
shared_map,high,4.0,10319,timeout,0,0,1,120,4,0,1440
shared_map,high,4.0,10320,timeout,0,0,1,120,5,0,2400
shared_map,high,4.0,10321,timeout,0,0,1,120,5,0,2400
shared_map,high,4.0,10322,timeout,0,0,1,120,5,0,2400
shared_map,high,4.0,10323,timeout,0,0,1,120,5,0,2400
shared_map,high,4.0,10324,timeout,0,0,1,120,4,2,1472
shared_map,high,4.0,10325,timeout,0,0,1,120,5,0,2400
shared_map,high,4.0,10326,timeout,0,0,1,120,3,3,316
shared_map,high,4.0,10327,timeout,0,0,1,120,5,0,2400
shared_map,high,4.0,10328,timeout,0,0,1,120,3,0,738
shared_map,high,4.0,10329,timeout,0,0,1,120,4,2,1456
shared_map,high,4.0,10330,timeout,0,0,1,120,5,0,2400
shared_map,high,4.0,10331,timeout,0,0,1,120,5,0,2400
shared_map,high,4.0,10332,wipeout,0,1,0,12,0,2,66
shared_map,high,4.0,10333,timeout,0,0,1,120,4,0,1440
shared_map,high,4.0,10334,timeout,0,0,1,120,1,3,134
shared_map,high,4.0,10335,timeout,0,0,1,120,5,0,2400
shared_map,high,4.0,10336,timeout,0,0,1,120,3,0,744
shared_map,high,4.0,10337,wipeout,0,1,0,13,0,3,66
shared_map,high,4.0,10338,timeout,0,0,1,120,3,0,738
shared_map,high,4.0,10339,timeout,0,0,1,120,5,0,2400
shared_map,high,4.0,10340,timeout,0,0,1,120,5,0,2400
shared_map,high,4.0,10341,timeout,0,0,1,120,4,2,1454
shared_map,high,4.0,10342,timeout,0,0,1,120,5,0,2400
shared_map,high,4.0,10343,timeout,0,0,1,120,3,0,738
shared_map,high,4.0,10344,timeout,0,0,1,120,5,0,2400
shared_map,high,4.0,10345,timeout,0,0,1,120,5,0,2400
shared_map,high,4.0,10346,timeout,0,0,1,120,3,2,758
shared_map,high,4.0,10347,timeout,0,0,1,120,4,2,1454
shared_map,high,4.0,10348,timeout,0,0,1,120,4,2,1456
shared_map,high,4.0,10349,timeout,0,0,1,120,4,2,1456
shared_map,high,4.0,10350,timeout,0,0,1,120,4,2,1454
shared_map,high,4.0,10351,wipeout,0,1,0,16,0,3,146
shared_map,high,4.0,10352,timeout,0,0,1,120,5,0,2400
shared_map,high,4.0,10353,timeout,0,0,1,120,5,0,2400
shared_map,high,4.0,10354,timeout,0,0,1,120,5,0,2400
shared_map,high,4.0,10355,timeout,0,0,1,120,5,0,2400
shared_map,high,4.0,10356,timeout,0,0,1,120,4,2,1456
shared_map,high,4.0,10357,timeout,0,0,1,120,3,0,744
shared_map,high,4.0,10358,timeout,0,0,1,120,4,0,1440
shared_map,high,4.0,10359,timeout,0,0,1,120,4,2,1454
shared_map,high,4.0,10360,timeout,0,0,1,120,5,0,2400
shared_map,high,4.0,10361,wipeout,0,1,0,12,0,2,94
shared_map,high,4.0,10362,timeout,0,0,1,120,5,0,2400
shared_map,high,4.0,10363,timeout,0,0,1,120,3,0,738
shared_map,high,4.0,10364,timeout,0,0,1,120,5,0,2400
shared_map,high,4.0,10365,wipeout,0,1,0,22,0,2,160
shared_map,high,4.0,10366,timeout,0,0,1,120,3,2,760
shared_map,high,4.0,10367,timeout,0,0,1,120,5,0,1440
shared_map,high,4.0,10368,timeout,0,0,1,120,4,3,1482
shared_map,high,4.0,10369,timeout,0,0,1,120,5,0,1440
shared_map,high,4.0,10370,timeout,0,0,1,120,5,0,2400
shared_map,high,4.0,10371,timeout,0,0,1,120,4,2,1454
shared_map,high,4.0,10372,wipeout,0,1,0,14,0,2,78
shared_map,high,4.0,10373,timeout,0,0,1,120,5,2,2400
shared_map,high,4.0,10374,timeout,0,0,1,120,3,0,756
shared_map,high,4.0,10375,timeout,0,0,1,120,4,0,1440
shared_map,high,4.0,10376,timeout,0,0,1,120,4,2,1456
shared_map,high,4.0,10377,timeout,0,0,1,120,1,2,52
shared_map,high,4.0,10378,wipeout,0,1,0,11,0,2,90
shared_map,high,4.0,10379,timeout,0,0,1,120,4,3,1480
shared_map,high,4.0,10380,timeout,0,0,1,120,4,0,1440
shared_map,high,4.0,10381,timeout,0,0,1,120,4,2,1454
shared_map,high,4.0,10382,timeout,0,0,1,120,4,0,1440
shared_map,high,4.0,10383,timeout,0,0,1,120,4,2,1464
shared_map,high,4.0,10384,timeout,0,0,1,120,2,2,306
shared_map,high,4.0,10385,timeout,0,0,1,120,1,2,54
shared_map,high,4.0,10386,timeout,0,0,1,120,3,0,744
shared_map,high,4.0,10387,timeout,0,0,1,120,5,0,2400
shared_map,high,4.0,10388,timeout,0,0,1,120,4,0,1440
shared_map,high,4.0,10389,timeout,0,0,1,120,5,0,2400
shared_map,high,4.0,10390,timeout,0,0,1,120,3,0,744
shared_map,high,4.0,10391,wipeout,0,1,0,14,0,2,156
shared_map,high,4.0,10392,timeout,0,0,1,120,5,0,2400
shared_map,high,4.0,10393,timeout,0,0,1,120,2,2,300
shared_map,high,4.0,10394,timeout,0,0,1,120,4,2,1454
shared_map,high,4.0,10395,timeout,0,0,1,120,5,0,2400
shared_map,high,4.0,10396,timeout,0,0,1,120,4,0,1440
shared_map,high,4.0,10397,timeout,0,0,1,120,5,2,2282
shared_map,high,4.0,10398,timeout,0,0,1,120,5,0,2400
shared_map,high,4.0,10399,timeout,0,0,1,120,4,2,1456
shared_map,high,4.0,10400,timeout,0,0,1,120,4,2,1456
shared_map,high,4.0,10401,timeout,0,0,1,120,4,2,1454
shared_map,high,4.0,10402,timeout,0,0,1,120,4,2,1454
shared_map,high,4.0,10403,timeout,0,0,1,120,4,2,1456
shared_map,high,4.0,10404,wipeout,0,1,0,11,0,2,120
shared_map,high,4.0,10405,timeout,0,0,1,120,2,2,288
shared_map,high,4.0,10406,wipeout,0,1,0,6,0,3,86
shared_map,high,4.0,10407,timeout,0,0,1,120,4,2,1454
shared_map,high,4.0,10408,timeout,0,0,1,120,1,2,182
shared_map,high,4.0,10409,timeout,0,0,1,120,4,2,1456
shared_map,high,4.0,10410,timeout,0,0,1,120,5,0,2400
shared_map,high,4.0,10411,timeout,0,0,1,120,5,0,2400
shared_map,high,4.0,10412,timeout,0,0,1,120,5,0,2400
shared_map,high,4.0,10413,timeout,0,0,1,120,3,2,762
shared_map,high,4.0,10414,wipeout,0,1,0,11,0,3,100
shared_map,high,4.0,10415,timeout,0,0,1,120,5,0,2400
shared_map,high,4.0,10416,timeout,0,0,1,120,5,0,1440
shared_map,high,4.0,10417,timeout,0,0,1,120,1,2,168
shared_map,high,4.0,10418,timeout,0,0,1,120,4,2,1454
shared_map,high,4.0,10419,wipeout,0,1,0,11,0,2,132
shared_map,high,4.0,10420,timeout,0,0,1,120,1,2,174
shared_map,high,4.0,10421,wipeout,0,1,0,11,0,2,134
shared_map,high,4.0,10422,timeout,0,0,1,120,4,0,738
shared_map,high,4.0,10423,wipeout,0,1,0,9,0,2,86
shared_map,high,4.0,10424,timeout,0,0,1,120,5,0,2400
shared_map,high,4.0,10425,timeout,0,0,1,120,5,0,2400
shared_map,high,4.0,10426,timeout,0,0,1,120,3,0,732
shared_map,high,4.0,10427,timeout,0,0,1,120,2,3,308
shared_map,high,4.0,10428,timeout,0,0,1,120,5,2,2282
shared_map,high,4.0,10429,timeout,0,0,1,120,5,0,2400
shared_map,high,4.0,10430,wipeout,0,1,0,9,0,3,96
shared_map,high,4.0,10431,timeout,0,0,1,120,4,0,1440
shared_map,high,4.0,10432,timeout,0,0,1,120,5,0,2400
shared_map,high,4.0,10433,timeout,0,0,1,120,4,0,1440
shared_map,high,4.0,10434,timeout,0,0,1,120,5,0,2400
shared_map,high,4.0,10435,timeout,0,0,1,120,4,2,1460
shared_map,high,4.0,10436,timeout,0,0,1,120,3,2,750
shared_map,high,4.0,10437,timeout,0,0,1,120,5,0,2400
shared_map,high,4.0,10438,timeout,0,0,1,120,3,0,732
shared_map,high,4.0,10439,timeout,0,0,1,120,4,2,1454
shared_map,high,4.0,10440,timeout,0,0,1,120,1,3,66
shared_map,high,4.0,10441,timeout,0,0,1,120,4,2,1454
shared_map,high,4.0,10442,timeout,0,0,1,120,5,0,2400
shared_map,high,4.0,10443,timeout,0,0,1,120,1,3,72
shared_map,high,4.0,10444,timeout,0,0,1,120,4,0,1440
shared_map,high,4.0,10445,timeout,0,0,1,120,5,0,2400
shared_map,high,4.0,10446,timeout,0,0,1,120,5,2,2400
shared_map,high,4.0,10447,timeout,0,0,1,120,4,2,1456
shared_map,high,4.0,10448,timeout,0,0,1,120,4,0,756
shared_map,high,4.0,10449,timeout,0,0,1,120,5,0,2400
shared_map,high,4.0,10450,timeout,0,0,1,120,1,3,120
shared_map,high,4.0,10451,wipeout,0,1,0,10,0,3,168
shared_map,high,4.0,10452,timeout,0,0,1,120,4,2,1464
shared_map,high,4.0,10453,timeout,0,0,1,120,3,2,748
shared_map,high,4.0,10454,timeout,0,0,1,120,5,0,2400
shared_map,high,4.0,10455,timeout,0,0,1,120,3,0,738
shared_map,high,4.0,10456,timeout,0,0,1,120,5,0,2400
shared_map,high,4.0,10457,timeout,0,0,1,120,4,2,1454
shared_map,high,4.0,10458,timeout,0,0,1,120,4,0,1440
shared_map,high,4.0,10459,timeout,0,0,1,120,3,0,750
shared_map,high,4.0,10460,timeout,0,0,1,120,4,2,1456
shared_map,high,4.0,10461,timeout,0,0,1,120,3,0,738
shared_map,high,4.0,10462,timeout,0,0,1,120,4,2,1456
shared_map,high,4.0,10463,timeout,0,0,1,120,4,0,1440
shared_map,high,4.0,10464,timeout,0,0,1,120,5,0,2400
shared_map,high,4.0,10465,timeout,0,0,1,120,4,2,1454
shared_map,high,4.0,10466,timeout,0,0,1,120,4,2,1454
shared_map,high,4.0,10467,timeout,0,0,1,120,3,2,768
shared_map,high,4.0,10468,timeout,0,0,1,120,5,2,2400
shared_map,high,4.0,10469,timeout,0,0,1,120,5,0,2400
shared_map,high,4.0,10470,timeout,0,0,1,120,4,0,1440
shared_map,high,4.0,10471,timeout,0,0,1,120,5,0,1440
shared_map,high,4.0,10472,timeout,0,0,1,120,4,2,1454
shared_map,high,4.0,10473,timeout,0,0,1,120,4,0,1440
shared_map,high,4.0,10474,timeout,0,0,1,120,5,0,2400
shared_map,high,4.0,10475,timeout,0,0,1,120,5,0,2400
shared_map,high,4.0,10476,timeout,0,0,1,120,5,0,2400
shared_map,high,4.0,10477,timeout,0,0,1,120,4,2,1454
shared_map,high,4.0,10478,timeout,0,0,1,120,4,0,1440
shared_map,high,4.0,10479,timeout,0,0,1,120,2,2,332
shared_map,high,4.0,10480,timeout,0,0,1,120,4,2,1478
shared_map,high,4.0,10481,timeout,0,0,1,120,4,2,1456
shared_map,high,4.0,10482,timeout,0,0,1,120,5,0,1440
shared_map,high,4.0,10483,timeout,0,0,1,120,5,0,2400
shared_map,high,4.0,10484,timeout,0,0,1,120,4,2,1454
shared_map,high,4.0,10485,timeout,0,0,1,120,4,0,738
shared_map,high,4.0,10486,timeout,0,0,1,120,2,3,162
shared_map,high,4.0,10487,timeout,0,0,1,120,4,0,1440
shared_map,high,4.0,10488,timeout,0,0,1,120,5,0,2400
shared_map,high,4.0,10489,timeout,0,0,1,120,3,0,738
shared_map,high,4.0,10490,timeout,0,0,1,120,5,0,1440
shared_map,high,4.0,10491,timeout,0,0,1,120,5,0,2400
shared_map,high,4.0,10492,timeout,0,0,1,120,4,2,1456
shared_map,high,4.0,10493,timeout,0,0,1,120,5,0,2400
shared_map,high,4.0,10494,timeout,0,0,1,120,5,3,2400
shared_map,high,4.0,10495,timeout,0,0,1,120,4,2,1456
shared_map,high,4.0,10496,timeout,0,0,1,120,4,0,1440
shared_map,high,4.0,10497,timeout,0,0,1,120,3,2,750
shared_map,high,4.0,10498,timeout,0,0,1,120,5,0,1440
shared_map,high,4.0,10499,timeout,0,0,1,120,5,0,2400
split_exit,high,4.0,10000,timeout,0,0,1,120,2,2,320
split_exit,high,4.0,10001,timeout,0,0,1,120,3,0,739
split_exit,high,4.0,10002,timeout,0,0,1,120,3,0,748
split_exit,high,4.0,10003,wipeout,0,1,0,8,0,2,36
split_exit,high,4.0,10004,wipeout,0,1,0,10,0,2,60
split_exit,high,4.0,10005,timeout,0,0,1,120,3,2,256
split_exit,high,4.0,10006,timeout,0,0,1,120,3,2,314
split_exit,high,4.0,10007,timeout,0,0,1,120,3,2,260
split_exit,high,4.0,10008,timeout,0,0,1,120,3,2,730
split_exit,high,4.0,10009,timeout,0,0,1,120,3,0,751
split_exit,high,4.0,10010,timeout,0,0,1,120,2,2,252
split_exit,high,4.0,10011,timeout,0,0,1,120,2,2,274
split_exit,high,4.0,10012,timeout,0,0,1,120,5,0,1559
split_exit,high,4.0,10013,timeout,0,0,1,120,3,4,256
split_exit,high,4.0,10014,timeout,0,0,1,120,2,2,251
split_exit,high,4.0,10015,timeout,0,0,1,120,3,4,256
split_exit,high,4.0,10016,timeout,0,0,1,120,3,2,751
split_exit,high,4.0,10017,timeout,0,0,1,120,1,2,26
split_exit,high,4.0,10018,timeout,0,0,1,120,4,4,254
split_exit,high,4.0,10019,timeout,0,0,1,120,3,0,771
split_exit,high,4.0,10020,timeout,0,0,1,120,3,3,262
split_exit,high,4.0,10021,timeout,0,0,1,120,3,4,252
split_exit,high,4.0,10022,timeout,0,0,1,120,3,4,254
split_exit,high,4.0,10023,timeout,0,0,1,120,2,2,256
split_exit,high,4.0,10024,timeout,0,0,1,120,2,2,254
split_exit,high,4.0,10025,wipeout,0,1,0,10,0,3,36
split_exit,high,4.0,10026,timeout,0,0,1,120,1,3,35
split_exit,high,4.0,10027,timeout,0,0,1,120,3,2,761
split_exit,high,4.0,10028,timeout,0,0,1,120,2,2,256
split_exit,high,4.0,10029,timeout,0,0,1,120,3,4,249
split_exit,high,4.0,10030,timeout,0,0,1,120,3,0,739
split_exit,high,4.0,10031,timeout,0,0,1,120,3,3,249
split_exit,high,4.0,10032,wipeout,0,1,0,10,0,2,28
split_exit,high,4.0,10033,timeout,0,0,1,120,3,2,258
split_exit,high,4.0,10034,timeout,0,0,1,120,2,2,254
split_exit,high,4.0,10035,timeout,0,0,1,120,3,0,753
split_exit,high,4.0,10036,timeout,0,0,1,120,1,2,60
split_exit,high,4.0,10037,timeout,0,0,1,120,1,2,18
split_exit,high,4.0,10038,timeout,0,0,1,120,3,2,756
split_exit,high,4.0,10039,timeout,0,0,1,120,2,2,254
split_exit,high,4.0,10040,wipeout,0,1,0,9,0,3,24
split_exit,high,4.0,10041,timeout,0,0,1,120,4,2,488
split_exit,high,4.0,10042,timeout,0,0,1,120,2,2,254
split_exit,high,4.0,10043,wipeout,0,1,0,7,0,2,29
split_exit,high,4.0,10044,timeout,0,0,1,120,3,0,735
split_exit,high,4.0,10045,timeout,0,0,1,120,3,0,733
split_exit,high,4.0,10046,timeout,0,0,1,120,2,3,250
split_exit,high,4.0,10047,timeout,0,0,1,120,3,2,739
split_exit,high,4.0,10048,timeout,0,0,1,120,2,2,252
split_exit,high,4.0,10049,timeout,0,0,1,120,3,2,743
split_exit,high,4.0,10050,wipeout,0,1,0,7,0,2,36
split_exit,high,4.0,10051,timeout,0,0,1,120,3,0,733
split_exit,high,4.0,10052,timeout,0,0,1,120,3,0,814
split_exit,high,4.0,10053,timeout,0,0,1,120,3,0,737
split_exit,high,4.0,10054,timeout,0,0,1,120,5,0,2267
split_exit,high,4.0,10055,timeout,0,0,1,120,2,2,282
split_exit,high,4.0,10056,timeout,0,0,1,120,3,3,249
split_exit,high,4.0,10057,timeout,0,0,1,120,3,0,733
split_exit,high,4.0,10058,timeout,0,0,1,120,3,0,759
split_exit,high,4.0,10059,timeout,0,0,1,120,3,2,758
split_exit,high,4.0,10060,timeout,0,0,1,120,3,0,754
split_exit,high,4.0,10061,timeout,0,0,1,120,3,4,249
split_exit,high,4.0,10062,timeout,0,0,1,120,3,0,780
split_exit,high,4.0,10063,timeout,0,0,1,120,3,4,484
split_exit,high,4.0,10064,timeout,0,0,1,120,3,5,249
split_exit,high,4.0,10065,timeout,0,0,1,120,2,4,255
split_exit,high,4.0,10066,timeout,0,0,1,120,5,2,1559
split_exit,high,4.0,10067,timeout,0,0,1,120,2,3,254
split_exit,high,4.0,10068,timeout,0,0,1,120,4,0,735
split_exit,high,4.0,10069,wipeout,0,1,0,5,0,3,22
split_exit,high,4.0,10070,timeout,0,0,1,120,2,2,282
split_exit,high,4.0,10071,timeout,0,0,1,120,3,0,736
split_exit,high,4.0,10072,timeout,0,0,1,120,5,0,1205
split_exit,high,4.0,10073,timeout,0,0,1,120,2,2,258
split_exit,high,4.0,10074,timeout,0,0,1,120,3,2,730
split_exit,high,4.0,10075,timeout,0,0,1,120,2,2,282
split_exit,high,4.0,10076,timeout,0,0,1,120,4,4,254
split_exit,high,4.0,10077,timeout,0,0,1,120,2,0,250
split_exit,high,4.0,10078,timeout,0,0,1,120,3,0,733
split_exit,high,4.0,10079,timeout,0,0,1,120,2,2,250
split_exit,high,4.0,10080,timeout,0,0,1,120,2,2,254
split_exit,high,4.0,10081,timeout,0,0,1,120,3,2,724
split_exit,high,4.0,10082,timeout,0,0,1,120,3,0,731
split_exit,high,4.0,10083,wipeout,0,1,0,11,0,2,95
split_exit,high,4.0,10084,timeout,0,0,1,120,2,2,249
split_exit,high,4.0,10085,timeout,0,0,1,120,2,2,274
split_exit,high,4.0,10086,timeout,0,0,1,120,3,4,256
split_exit,high,4.0,10087,timeout,0,0,1,120,3,0,739
split_exit,high,4.0,10088,timeout,0,0,1,120,3,0,726
split_exit,high,4.0,10089,timeout,0,0,1,120,4,0,1456
split_exit,high,4.0,10090,timeout,0,0,1,120,1,3,49
split_exit,high,4.0,10091,timeout,0,0,1,120,3,0,728
split_exit,high,4.0,10092,timeout,0,0,1,120,3,2,724
split_exit,high,4.0,10093,timeout,0,0,1,120,2,3,254
split_exit,high,4.0,10094,timeout,0,0,1,120,1,2,33
split_exit,high,4.0,10095,timeout,0,0,1,120,2,4,254
split_exit,high,4.0,10096,wipeout,0,1,0,16,0,2,77
split_exit,high,4.0,10097,timeout,0,0,1,120,3,0,726
split_exit,high,4.0,10098,timeout,0,0,1,120,3,0,736
split_exit,high,4.0,10099,timeout,0,0,1,120,2,2,260
split_exit,high,4.0,10100,timeout,0,0,1,120,5,0,969
split_exit,high,4.0,10101,timeout,0,0,1,120,3,4,553
split_exit,high,4.0,10102,timeout,0,0,1,120,4,0,735
split_exit,high,4.0,10103,timeout,0,0,1,120,4,0,1449
split_exit,high,4.0,10104,timeout,0,0,1,120,3,2,736
split_exit,high,4.0,10105,timeout,0,0,1,120,5,0,2267
split_exit,high,4.0,10106,timeout,0,0,1,120,2,4,258
split_exit,high,4.0,10107,wipeout,0,1,0,6,0,2,53
split_exit,high,4.0,10108,timeout,0,0,1,120,3,0,754
split_exit,high,4.0,10109,timeout,0,0,1,120,2,4,254
split_exit,high,4.0,10110,wipeout,0,1,0,6,0,2,34
split_exit,high,4.0,10111,timeout,0,0,1,120,1,2,30
split_exit,high,4.0,10112,timeout,0,0,1,120,2,2,260
split_exit,high,4.0,10113,wipeout,0,1,0,10,0,2,47
split_exit,high,4.0,10114,timeout,0,0,1,120,3,2,735
split_exit,high,4.0,10115,timeout,0,0,1,120,2,2,254
split_exit,high,4.0,10116,timeout,0,0,1,120,1,2,65
split_exit,high,4.0,10117,timeout,0,0,1,120,2,2,256
split_exit,high,4.0,10118,timeout,0,0,1,120,3,0,737
split_exit,high,4.0,10119,timeout,0,0,1,120,3,4,279
split_exit,high,4.0,10120,timeout,0,0,1,120,2,4,262
split_exit,high,4.0,10121,timeout,0,0,1,120,2,2,249
split_exit,high,4.0,10122,timeout,0,0,1,120,2,3,247
split_exit,high,4.0,10123,timeout,0,0,1,120,2,2,267
split_exit,high,4.0,10124,timeout,0,0,1,120,2,2,256
split_exit,high,4.0,10125,timeout,0,0,1,120,4,3,738
split_exit,high,4.0,10126,timeout,0,0,1,120,3,0,766
split_exit,high,4.0,10127,timeout,0,0,1,120,1,2,77
split_exit,high,4.0,10128,timeout,0,0,1,120,3,0,736
split_exit,high,4.0,10129,timeout,0,0,1,120,2,2,254
split_exit,high,4.0,10130,wipeout,0,1,0,10,0,3,30
split_exit,high,4.0,10131,timeout,0,0,1,120,4,2,509
split_exit,high,4.0,10132,wipeout,0,1,0,12,0,2,30
split_exit,high,4.0,10133,timeout,0,0,1,120,2,2,258
split_exit,high,4.0,10134,timeout,0,0,1,120,4,2,488
split_exit,high,4.0,10135,timeout,0,0,1,120,2,4,255
split_exit,high,4.0,10136,timeout,0,0,1,120,2,2,256
split_exit,high,4.0,10137,timeout,0,0,1,120,3,0,759
split_exit,high,4.0,10138,timeout,0,0,1,120,3,2,741
split_exit,high,4.0,10139,timeout,0,0,1,120,2,3,260
split_exit,high,4.0,10140,timeout,0,0,1,120,2,2,293
split_exit,high,4.0,10141,timeout,0,0,1,120,3,0,758
split_exit,high,4.0,10142,timeout,0,0,1,120,3,2,759
split_exit,high,4.0,10143,timeout,0,0,1,120,3,0,766
split_exit,high,4.0,10144,timeout,0,0,1,120,4,0,733
split_exit,high,4.0,10145,timeout,0,0,1,120,2,2,312
split_exit,high,4.0,10146,wipeout,0,1,0,10,0,2,49
split_exit,high,4.0,10147,timeout,0,0,1,120,3,2,264
split_exit,high,4.0,10148,wipeout,0,1,0,6,0,2,53
split_exit,high,4.0,10149,timeout,0,0,1,120,3,4,250
split_exit,high,4.0,10150,timeout,0,0,1,120,3,2,728
split_exit,high,4.0,10151,wipeout,0,1,0,7,0,2,46
split_exit,high,4.0,10152,timeout,0,0,1,120,3,0,766
split_exit,high,4.0,10153,timeout,0,0,1,120,4,0,1205
split_exit,high,4.0,10154,timeout,0,0,1,120,3,2,736
split_exit,high,4.0,10155,timeout,0,0,1,120,3,4,255
split_exit,high,4.0,10156,timeout,0,0,1,120,1,2,93
split_exit,high,4.0,10157,timeout,0,0,1,120,3,0,758
split_exit,high,4.0,10158,timeout,0,0,1,120,3,0,748
split_exit,high,4.0,10159,timeout,0,0,1,120,2,2,254
split_exit,high,4.0,10160,timeout,0,0,1,120,3,2,752
split_exit,high,4.0,10161,timeout,0,0,1,120,2,0,256
split_exit,high,4.0,10162,timeout,0,0,1,120,3,4,251
split_exit,high,4.0,10163,timeout,0,0,1,120,2,0,250
split_exit,high,4.0,10164,wipeout,0,1,0,9,0,2,30
split_exit,high,4.0,10165,timeout,0,0,1,120,2,2,270
split_exit,high,4.0,10166,timeout,0,0,1,120,2,2,254
split_exit,high,4.0,10167,timeout,0,0,1,120,4,4,488
split_exit,high,4.0,10168,timeout,0,0,1,120,5,2,1794
split_exit,high,4.0,10169,timeout,0,0,1,120,3,2,256
split_exit,high,4.0,10170,timeout,0,0,1,120,3,0,733
split_exit,high,4.0,10171,timeout,0,0,1,120,2,4,250
split_exit,high,4.0,10172,timeout,0,0,1,120,4,0,1028
split_exit,high,4.0,10173,timeout,0,0,1,120,1,2,18
split_exit,high,4.0,10174,timeout,0,0,1,120,3,2,256
split_exit,high,4.0,10175,timeout,0,0,1,120,2,3,250
split_exit,high,4.0,10176,timeout,0,0,1,120,4,0,739
split_exit,high,4.0,10177,timeout,0,0,1,120,3,0,800
split_exit,high,4.0,10178,timeout,0,0,1,120,3,4,254
split_exit,high,4.0,10179,timeout,0,0,1,120,2,4,259
split_exit,high,4.0,10180,timeout,0,0,1,120,2,2,254
split_exit,high,4.0,10181,timeout,0,0,1,120,3,2,764
split_exit,high,4.0,10182,wipeout,0,1,0,12,0,2,69
split_exit,high,4.0,10183,wipeout,0,1,0,10,0,2,35
split_exit,high,4.0,10184,timeout,0,0,1,120,2,2,252
split_exit,high,4.0,10185,timeout,0,0,1,120,3,0,751
split_exit,high,4.0,10186,timeout,0,0,1,120,2,2,256
split_exit,high,4.0,10187,timeout,0,0,1,120,3,2,728
split_exit,high,4.0,10188,timeout,0,0,1,120,1,2,31
split_exit,high,4.0,10189,timeout,0,0,1,120,3,0,760
split_exit,high,4.0,10190,timeout,0,0,1,120,3,4,249
split_exit,high,4.0,10191,wipeout,0,1,0,11,0,2,38
split_exit,high,4.0,10192,timeout,0,0,1,120,3,2,256
split_exit,high,4.0,10193,timeout,0,0,1,120,3,2,726
split_exit,high,4.0,10194,timeout,0,0,1,120,2,4,261
split_exit,high,4.0,10195,wipeout,0,1,0,10,0,2,56
split_exit,high,4.0,10196,timeout,0,0,1,120,4,2,488
split_exit,high,4.0,10197,timeout,0,0,1,120,2,2,252
split_exit,high,4.0,10198,timeout,0,0,1,120,3,0,728
split_exit,high,4.0,10199,timeout,0,0,1,120,1,2,39
split_exit,high,4.0,10200,timeout,0,0,1,120,3,2,733
split_exit,high,4.0,10201,wipeout,0,1,0,12,0,2,21
split_exit,high,4.0,10202,timeout,0,0,1,120,2,0,258
split_exit,high,4.0,10203,timeout,0,0,1,120,1,2,30
split_exit,high,4.0,10204,timeout,0,0,1,120,3,4,255
split_exit,high,4.0,10205,timeout,0,0,1,120,3,0,802
split_exit,high,4.0,10206,timeout,0,0,1,120,2,0,250
split_exit,high,4.0,10207,timeout,0,0,1,120,1,2,18
split_exit,high,4.0,10208,timeout,0,0,1,120,3,2,736
split_exit,high,4.0,10209,timeout,0,0,1,120,2,3,257
split_exit,high,4.0,10210,timeout,0,0,1,120,3,0,728
split_exit,high,4.0,10211,timeout,0,0,1,120,2,2,256
split_exit,high,4.0,10212,wipeout,0,1,0,11,0,2,39
split_exit,high,4.0,10213,timeout,0,0,1,120,3,2,735
split_exit,high,4.0,10214,timeout,0,0,1,120,3,0,733
split_exit,high,4.0,10215,timeout,0,0,1,120,3,0,758
split_exit,high,4.0,10216,timeout,0,0,1,120,3,0,760
split_exit,high,4.0,10217,timeout,0,0,1,120,2,2,256
split_exit,high,4.0,10218,timeout,0,0,1,120,2,0,250
split_exit,high,4.0,10219,timeout,0,0,1,120,3,4,488
split_exit,high,4.0,10220,timeout,0,0,1,120,2,2,256
split_exit,high,4.0,10221,timeout,0,0,1,120,3,2,254
split_exit,high,4.0,10222,timeout,0,0,1,120,2,2,256
split_exit,high,4.0,10223,timeout,0,0,1,120,2,2,285
split_exit,high,4.0,10224,timeout,0,0,1,120,3,4,245
split_exit,high,4.0,10225,timeout,0,0,1,120,3,4,260
split_exit,high,4.0,10226,timeout,0,0,1,120,3,4,263
split_exit,high,4.0,10227,timeout,0,0,1,120,1,2,34
split_exit,high,4.0,10228,timeout,0,0,1,120,2,2,256
split_exit,high,4.0,10229,wipeout,0,1,0,7,0,2,63
split_exit,high,4.0,10230,timeout,0,0,1,120,1,2,44
split_exit,high,4.0,10231,timeout,0,0,1,120,3,4,257
split_exit,high,4.0,10232,timeout,0,0,1,120,1,3,48
split_exit,high,4.0,10233,timeout,0,0,1,120,3,4,249
split_exit,high,4.0,10234,timeout,0,0,1,120,2,3,261
split_exit,high,4.0,10235,timeout,0,0,1,120,3,0,766
split_exit,high,4.0,10236,timeout,0,0,1,120,3,0,728
split_exit,high,4.0,10237,timeout,0,0,1,120,3,0,739
split_exit,high,4.0,10238,timeout,0,0,1,120,2,3,268
split_exit,high,4.0,10239,timeout,0,0,1,120,2,4,252
split_exit,high,4.0,10240,timeout,0,0,1,120,2,2,352
split_exit,high,4.0,10241,timeout,0,0,1,120,2,4,261
split_exit,high,4.0,10242,timeout,0,0,1,120,2,3,256
split_exit,high,4.0,10243,timeout,0,0,1,120,4,0,733
split_exit,high,4.0,10244,timeout,0,0,1,120,1,2,34
split_exit,high,4.0,10245,timeout,0,0,1,120,3,0,758
split_exit,high,4.0,10246,timeout,0,0,1,120,1,2,72
split_exit,high,4.0,10247,timeout,0,0,1,120,3,4,483
split_exit,high,4.0,10248,timeout,0,0,1,120,2,4,255
split_exit,high,4.0,10249,timeout,0,0,1,120,2,2,256
split_exit,high,4.0,10250,timeout,0,0,1,120,4,0,739
split_exit,high,4.0,10251,timeout,0,0,1,120,3,4,256
split_exit,high,4.0,10252,timeout,0,0,1,120,2,2,254
split_exit,high,4.0,10253,timeout,0,0,1,120,3,2,257
split_exit,high,4.0,10254,timeout,0,0,1,120,3,4,425
split_exit,high,4.0,10255,timeout,0,0,1,120,3,0,728
split_exit,high,4.0,10256,timeout,0,0,1,120,3,3,260
split_exit,high,4.0,10257,timeout,0,0,1,120,3,4,253
split_exit,high,4.0,10258,timeout,0,0,1,120,2,2,256
split_exit,high,4.0,10259,timeout,0,0,1,120,3,0,736
split_exit,high,4.0,10260,timeout,0,0,1,120,3,0,737
split_exit,high,4.0,10261,timeout,0,0,1,120,3,2,759
split_exit,high,4.0,10262,timeout,0,0,1,120,1,2,20
split_exit,high,4.0,10263,timeout,0,0,1,120,2,2,256
split_exit,high,4.0,10264,wipeout,0,1,0,15,0,2,44
split_exit,high,4.0,10265,timeout,0,0,1,120,3,3,249
split_exit,high,4.0,10266,timeout,0,0,1,120,3,4,257
split_exit,high,4.0,10267,timeout,0,0,1,120,3,0,736
split_exit,high,4.0,10268,timeout,0,0,1,120,3,2,728
split_exit,high,4.0,10269,timeout,0,0,1,120,3,4,546
split_exit,high,4.0,10270,timeout,0,0,1,120,3,0,766
split_exit,high,4.0,10271,timeout,0,0,1,120,2,2,254
split_exit,high,4.0,10272,timeout,0,0,1,120,3,0,758
split_exit,high,4.0,10273,timeout,0,0,1,120,3,4,728
split_exit,high,4.0,10274,timeout,0,0,1,120,3,0,735
split_exit,high,4.0,10275,timeout,0,0,1,120,3,0,751
split_exit,high,4.0,10276,timeout,0,0,1,120,5,0,2267
split_exit,high,4.0,10277,timeout,0,0,1,120,4,0,735
split_exit,high,4.0,10278,timeout,0,0,1,120,2,2,251
split_exit,high,4.0,10279,timeout,0,0,1,120,3,2,730
split_exit,high,4.0,10280,timeout,0,0,1,120,2,4,256
split_exit,high,4.0,10281,timeout,0,0,1,120,2,4,257
split_exit,high,4.0,10282,timeout,0,0,1,120,3,2,729
split_exit,high,4.0,10283,timeout,0,0,1,120,3,2,264
split_exit,high,4.0,10284,timeout,0,0,1,120,2,4,250
split_exit,high,4.0,10285,timeout,0,0,1,120,4,0,1205
split_exit,high,4.0,10286,timeout,0,0,1,120,3,0,734
split_exit,high,4.0,10287,timeout,0,0,1,120,3,2,747
split_exit,high,4.0,10288,timeout,0,0,1,120,3,0,726
split_exit,high,4.0,10289,timeout,0,0,1,120,4,0,735
split_exit,high,4.0,10290,timeout,0,0,1,120,3,2,728
split_exit,high,4.0,10291,timeout,0,0,1,120,1,3,64
split_exit,high,4.0,10292,timeout,0,0,1,120,2,2,280
split_exit,high,4.0,10293,timeout,0,0,1,120,3,3,728
split_exit,high,4.0,10294,timeout,0,0,1,120,1,2,34
split_exit,high,4.0,10295,wipeout,0,1,0,13,0,2,91
split_exit,high,4.0,10296,timeout,0,0,1,120,2,2,24
split_exit,high,4.0,10297,timeout,0,0,1,120,2,2,273
split_exit,high,4.0,10298,timeout,0,0,1,120,2,3,256
split_exit,high,4.0,10299,timeout,0,0,1,120,3,0,743
split_exit,high,4.0,10300,timeout,0,0,1,120,2,2,256
split_exit,high,4.0,10301,timeout,0,0,1,120,3,0,726
split_exit,high,4.0,10302,timeout,0,0,1,120,3,0,737
split_exit,high,4.0,10303,wipeout,0,1,0,15,0,2,66
split_exit,high,4.0,10304,timeout,0,0,1,120,2,2,250
split_exit,high,4.0,10305,timeout,0,0,1,120,4,0,739
split_exit,high,4.0,10306,timeout,0,0,1,120,2,2,256
split_exit,high,4.0,10307,timeout,0,0,1,120,4,2,488
split_exit,high,4.0,10308,timeout,0,0,1,120,2,4,250
split_exit,high,4.0,10309,timeout,0,0,1,120,2,2,252
split_exit,high,4.0,10310,timeout,0,0,1,120,1,2,69
split_exit,high,4.0,10311,timeout,0,0,1,120,3,0,726
split_exit,high,4.0,10312,timeout,0,0,1,120,2,2,254
split_exit,high,4.0,10313,timeout,0,0,1,120,3,0,748
split_exit,high,4.0,10314,timeout,0,0,1,120,3,0,733
split_exit,high,4.0,10315,timeout,0,0,1,120,3,2,728
split_exit,high,4.0,10316,timeout,0,0,1,120,3,2,254
split_exit,high,4.0,10317,timeout,0,0,1,120,2,2,258
split_exit,high,4.0,10318,wipeout,0,1,0,7,0,2,32
split_exit,high,4.0,10319,timeout,0,0,1,120,3,0,258
split_exit,high,4.0,10320,timeout,0,0,1,120,4,0,735
split_exit,high,4.0,10321,timeout,0,0,1,120,3,0,760
split_exit,high,4.0,10322,timeout,0,0,1,120,4,2,1442
split_exit,high,4.0,10323,timeout,0,0,1,120,3,0,766
split_exit,high,4.0,10324,timeout,0,0,1,120,2,2,260
split_exit,high,4.0,10325,timeout,0,0,1,120,3,0,759
split_exit,high,4.0,10326,timeout,0,0,1,120,2,2,285
split_exit,high,4.0,10327,timeout,0,0,1,120,4,0,733
split_exit,high,4.0,10328,timeout,0,0,1,120,3,4,249
split_exit,high,4.0,10329,timeout,0,0,1,120,4,2,488
split_exit,high,4.0,10330,timeout,0,0,1,120,3,3,756
split_exit,high,4.0,10331,timeout,0,0,1,120,3,0,751
split_exit,high,4.0,10332,timeout,0,0,1,120,1,2,40
split_exit,high,4.0,10333,timeout,0,0,1,120,3,3,253
split_exit,high,4.0,10334,timeout,0,0,1,120,1,2,56
split_exit,high,4.0,10335,timeout,0,0,1,120,3,2,749
split_exit,high,4.0,10336,timeout,0,0,1,120,3,5,254
split_exit,high,4.0,10337,wipeout,0,1,0,5,0,2,39
split_exit,high,4.0,10338,timeout,0,0,1,120,3,4,249
split_exit,high,4.0,10339,timeout,0,0,1,120,3,0,766
split_exit,high,4.0,10340,timeout,0,0,1,120,3,0,751
split_exit,high,4.0,10341,timeout,0,0,1,120,2,2,254
split_exit,high,4.0,10342,timeout,0,0,1,120,3,2,764
split_exit,high,4.0,10343,timeout,0,0,1,120,3,4,254
split_exit,high,4.0,10344,timeout,0,0,1,120,3,0,794
split_exit,high,4.0,10345,timeout,0,0,1,120,3,0,759
split_exit,high,4.0,10346,timeout,0,0,1,120,2,2,259
split_exit,high,4.0,10347,timeout,0,0,1,120,2,2,254
split_exit,high,4.0,10348,timeout,0,0,1,120,2,2,254
split_exit,high,4.0,10349,timeout,0,0,1,120,2,2,260
split_exit,high,4.0,10350,timeout,0,0,1,120,2,2,256
split_exit,high,4.0,10351,wipeout,0,1,0,15,0,3,95
split_exit,high,4.0,10352,timeout,0,0,1,120,4,2,735
split_exit,high,4.0,10353,timeout,0,0,1,120,4,0,733
split_exit,high,4.0,10354,timeout,0,0,1,120,4,0,735
split_exit,high,4.0,10355,timeout,0,0,1,120,3,0,758
split_exit,high,4.0,10356,timeout,0,0,1,120,2,3,252
split_exit,high,4.0,10357,timeout,0,0,1,120,3,2,256
split_exit,high,4.0,10358,timeout,0,0,1,120,3,4,485
split_exit,high,4.0,10359,timeout,0,0,1,120,2,2,252
split_exit,high,4.0,10360,timeout,0,0,1,120,3,0,728
split_exit,high,4.0,10361,wipeout,0,1,0,12,0,2,28
split_exit,high,4.0,10362,timeout,0,0,1,120,3,0,764
split_exit,high,4.0,10363,timeout,0,0,1,120,3,4,254
split_exit,high,4.0,10364,timeout,0,0,1,120,3,0,753
split_exit,high,4.0,10365,wipeout,0,1,0,12,0,2,26
split_exit,high,4.0,10366,timeout,0,0,1,120,2,2,254
split_exit,high,4.0,10367,timeout,0,0,1,120,3,4,257
split_exit,high,4.0,10368,timeout,0,0,1,120,2,3,268
split_exit,high,4.0,10369,timeout,0,0,1,120,3,4,257
split_exit,high,4.0,10370,timeout,0,0,1,120,3,0,735
split_exit,high,4.0,10371,timeout,0,0,1,120,2,3,254
split_exit,high,4.0,10372,wipeout,0,1,0,7,0,2,32
split_exit,high,4.0,10373,timeout,0,0,1,120,2,2,296
split_exit,high,4.0,10374,timeout,0,0,1,120,2,2,249
split_exit,high,4.0,10375,timeout,0,0,1,120,3,4,257
split_exit,high,4.0,10376,timeout,0,0,1,120,4,2,488
split_exit,high,4.0,10377,timeout,0,0,1,120,2,2,305
split_exit,high,4.0,10378,wipeout,0,1,0,12,0,2,31
split_exit,high,4.0,10379,timeout,0,0,1,120,3,3,271
split_exit,high,4.0,10380,timeout,0,0,1,120,2,0,250
split_exit,high,4.0,10381,timeout,0,0,1,120,4,2,488
split_exit,high,4.0,10382,timeout,0,0,1,120,2,4,260
split_exit,high,4.0,10383,timeout,0,0,1,120,2,2,256
split_exit,high,4.0,10384,timeout,0,0,1,120,2,2,265
split_exit,high,4.0,10385,timeout,0,0,1,120,3,2,774
split_exit,high,4.0,10386,timeout,0,0,1,120,3,3,257
split_exit,high,4.0,10387,timeout,0,0,1,120,3,3,747
split_exit,high,4.0,10388,timeout,0,0,1,120,3,4,257
split_exit,high,4.0,10389,timeout,0,0,1,120,3,0,748
split_exit,high,4.0,10390,timeout,0,0,1,120,3,2,256
split_exit,high,4.0,10391,wipeout,0,1,0,11,0,2,75
split_exit,high,4.0,10392,timeout,0,0,1,120,3,2,735
split_exit,high,4.0,10393,timeout,0,0,1,120,1,2,54
split_exit,high,4.0,10394,timeout,0,0,1,120,2,2,254
split_exit,high,4.0,10395,timeout,0,0,1,120,4,0,733
split_exit,high,4.0,10396,timeout,0,0,1,120,2,4,253
split_exit,high,4.0,10397,timeout,0,0,1,120,2,3,260
split_exit,high,4.0,10398,timeout,0,0,1,120,3,2,728
split_exit,high,4.0,10399,timeout,0,0,1,120,2,2,254
split_exit,high,4.0,10400,timeout,0,0,1,120,3,2,256
split_exit,high,4.0,10401,timeout,0,0,1,120,4,2,488
split_exit,high,4.0,10402,timeout,0,0,1,120,3,2,256
split_exit,high,4.0,10403,timeout,0,0,1,120,3,2,734
split_exit,high,4.0,10404,wipeout,0,1,0,13,0,2,45
split_exit,high,4.0,10405,timeout,0,0,1,120,2,2,48
split_exit,high,4.0,10406,wipeout,0,1,0,8,0,3,44
split_exit,high,4.0,10407,timeout,0,0,1,120,2,2,252
split_exit,high,4.0,10408,wipeout,0,1,0,12,0,2,60
split_exit,high,4.0,10409,timeout,0,0,1,120,3,2,256
split_exit,high,4.0,10410,timeout,0,0,1,120,3,0,754
split_exit,high,4.0,10411,timeout,0,0,1,120,3,0,775
split_exit,high,4.0,10412,timeout,0,0,1,120,3,0,766
split_exit,high,4.0,10413,timeout,0,0,1,120,2,2,285
split_exit,high,4.0,10414,wipeout,0,1,0,15,0,2,48
split_exit,high,4.0,10415,timeout,0,0,1,120,4,0,739
split_exit,high,4.0,10416,timeout,0,0,1,120,2,4,258
split_exit,high,4.0,10417,timeout,0,0,1,120,2,2,342
split_exit,high,4.0,10418,timeout,0,0,1,120,2,2,256
split_exit,high,4.0,10419,wipeout,0,1,0,12,0,2,67
split_exit,high,4.0,10420,wipeout,0,1,0,15,0,2,79
split_exit,high,4.0,10421,wipeout,0,1,0,9,0,2,81
split_exit,high,4.0,10422,timeout,0,0,1,120,3,3,257
split_exit,high,4.0,10423,wipeout,0,1,0,8,0,2,40
split_exit,high,4.0,10424,timeout,0,0,1,120,4,0,735
split_exit,high,4.0,10425,timeout,0,0,1,120,3,0,733
split_exit,high,4.0,10426,timeout,0,0,1,120,3,4,257
split_exit,high,4.0,10427,timeout,0,0,1,120,1,2,41
split_exit,high,4.0,10428,timeout,0,0,1,120,3,2,726
split_exit,high,4.0,10429,timeout,0,0,1,120,3,0,726
split_exit,high,4.0,10430,wipeout,0,1,0,6,0,2,30
split_exit,high,4.0,10431,timeout,0,0,1,120,3,4,256
split_exit,high,4.0,10432,timeout,0,0,1,120,4,0,739
split_exit,high,4.0,10433,timeout,0,0,1,120,2,4,258
split_exit,high,4.0,10434,timeout,0,0,1,120,3,0,737
split_exit,high,4.0,10435,timeout,0,0,1,120,2,2,258
split_exit,high,4.0,10436,timeout,0,0,1,120,1,2,20
split_exit,high,4.0,10437,timeout,0,0,1,120,3,0,733
split_exit,high,4.0,10438,timeout,0,0,1,120,4,4,258
split_exit,high,4.0,10439,timeout,0,0,1,120,2,2,254
split_exit,high,4.0,10440,wipeout,0,1,0,8,0,3,31
split_exit,high,4.0,10441,timeout,0,0,1,120,2,2,256
split_exit,high,4.0,10442,timeout,0,0,1,120,3,2,762
split_exit,high,4.0,10443,timeout,0,0,1,120,1,2,30
split_exit,high,4.0,10444,timeout,0,0,1,120,3,4,255
split_exit,high,4.0,10445,timeout,0,0,1,120,3,0,766
split_exit,high,4.0,10446,timeout,0,0,1,120,2,2,259
split_exit,high,4.0,10447,timeout,0,0,1,120,2,2,254
split_exit,high,4.0,10448,timeout,0,0,1,120,2,3,257
split_exit,high,4.0,10449,timeout,0,0,1,120,3,2,738
split_exit,high,4.0,10450,wipeout,0,1,0,8,0,3,30
split_exit,high,4.0,10451,timeout,0,0,1,120,2,3,322
split_exit,high,4.0,10452,timeout,0,0,1,120,2,2,256
split_exit,high,4.0,10453,timeout,0,0,1,120,1,2,18
split_exit,high,4.0,10454,timeout,0,0,1,120,3,2,726
split_exit,high,4.0,10455,timeout,0,0,1,120,2,4,250
split_exit,high,4.0,10456,timeout,0,0,1,120,3,2,752
split_exit,high,4.0,10457,timeout,0,0,1,120,2,3,254
split_exit,high,4.0,10458,timeout,0,0,1,120,2,4,256
split_exit,high,4.0,10459,timeout,0,0,1,120,2,3,252
split_exit,high,4.0,10460,timeout,0,0,1,120,2,2,258
split_exit,high,4.0,10461,timeout,0,0,1,120,3,4,254
split_exit,high,4.0,10462,timeout,0,0,1,120,3,2,256
split_exit,high,4.0,10463,timeout,0,0,1,120,3,4,259
split_exit,high,4.0,10464,timeout,0,0,1,120,3,0,771
split_exit,high,4.0,10465,timeout,0,0,1,120,2,2,252
split_exit,high,4.0,10466,timeout,0,0,1,120,2,2,254
split_exit,high,4.0,10467,timeout,0,0,1,120,1,2,20
split_exit,high,4.0,10468,timeout,0,0,1,120,4,2,1248
split_exit,high,4.0,10469,timeout,0,0,1,120,3,0,734
split_exit,high,4.0,10470,timeout,0,0,1,120,2,4,256
split_exit,high,4.0,10471,timeout,0,0,1,120,2,4,263
split_exit,high,4.0,10472,timeout,0,0,1,120,2,3,254
split_exit,high,4.0,10473,timeout,0,0,1,120,3,3,253
split_exit,high,4.0,10474,timeout,0,0,1,120,3,0,766
split_exit,high,4.0,10475,timeout,0,0,1,120,3,0,751
split_exit,high,4.0,10476,timeout,0,0,1,120,3,2,726
split_exit,high,4.0,10477,timeout,0,0,1,120,3,2,256
split_exit,high,4.0,10478,timeout,0,0,1,120,3,4,253
split_exit,high,4.0,10479,timeout,0,0,1,120,1,2,41
split_exit,high,4.0,10480,timeout,0,0,1,120,2,2,264
split_exit,high,4.0,10481,timeout,0,0,1,120,2,2,254
split_exit,high,4.0,10482,timeout,0,0,1,120,2,4,256
split_exit,high,4.0,10483,timeout,0,0,1,120,4,0,739
split_exit,high,4.0,10484,timeout,0,0,1,120,2,3,254
split_exit,high,4.0,10485,timeout,0,0,1,120,2,4,248
split_exit,high,4.0,10486,timeout,0,0,1,120,2,2,269
split_exit,high,4.0,10487,timeout,0,0,1,120,3,4,427
split_exit,high,4.0,10488,timeout,0,0,1,120,3,2,728
split_exit,high,4.0,10489,timeout,0,0,1,120,3,5,254
split_exit,high,4.0,10490,timeout,0,0,1,120,2,4,269
split_exit,high,4.0,10491,timeout,0,0,1,120,3,3,741
split_exit,high,4.0,10492,timeout,0,0,1,120,2,2,254
split_exit,high,4.0,10493,timeout,0,0,1,120,5,0,969
split_exit,high,4.0,10494,timeout,0,0,1,120,2,3,291
split_exit,high,4.0,10495,timeout,0,0,1,120,3,2,256
split_exit,high,4.0,10496,timeout,0,0,1,120,2,0,250
split_exit,high,4.0,10497,timeout,0,0,1,120,1,2,20
split_exit,high,4.0,10498,timeout,0,0,1,120,3,4,255
split_exit,high,4.0,10499,timeout,0,0,1,120,4,0,733
lone_entry,high,15.0,10000,wipeout,0,1,0,2,0,2,0
lone_entry,high,15.0,10001,wipeout,0,1,0,16,0,0,0
lone_entry,high,15.0,10002,timeout,0,0,1,120,1,0,0
lone_entry,high,15.0,10003,wipeout,0,1,0,2,0,2,0
lone_entry,high,15.0,10004,wipeout,0,1,0,4,0,2,0
lone_entry,high,15.0,10005,wipeout,0,1,0,4,0,0,0
lone_entry,high,15.0,10006,wipeout,0,1,0,2,0,2,0
lone_entry,high,15.0,10007,wipeout,0,1,0,6,0,0,0
lone_entry,high,15.0,10008,wipeout,0,1,0,6,0,0,0
lone_entry,high,15.0,10009,timeout,0,0,1,120,1,0,0
lone_entry,high,15.0,10010,wipeout,0,1,0,10,0,0,0
lone_entry,high,15.0,10011,wipeout,0,1,0,7,0,3,0
lone_entry,high,15.0,10012,wipeout,0,1,0,28,0,0,0
lone_entry,high,15.0,10013,wipeout,0,1,0,24,0,2,0
lone_entry,high,15.0,10014,wipeout,0,1,0,15,0,2,0
lone_entry,high,15.0,10015,wipeout,0,1,0,16,0,0,0
lone_entry,high,15.0,10016,wipeout,0,1,0,14,0,0,0
lone_entry,high,15.0,10017,wipeout,0,1,0,2,0,2,0
lone_entry,high,15.0,10018,timeout,0,0,1,120,1,2,0
lone_entry,high,15.0,10019,wipeout,0,1,0,10,0,0,0
lone_entry,high,15.0,10020,wipeout,0,1,0,18,0,3,0
lone_entry,high,15.0,10021,timeout,0,0,1,120,1,0,0
lone_entry,high,15.0,10022,wipeout,0,1,0,8,0,2,0
lone_entry,high,15.0,10023,wipeout,0,1,0,3,0,0,0
lone_entry,high,15.0,10024,wipeout,0,1,0,6,0,0,0
lone_entry,high,15.0,10025,wipeout,0,1,0,3,0,2,0
lone_entry,high,15.0,10026,wipeout,0,1,0,5,0,3,0
lone_entry,high,15.0,10027,wipeout,0,1,0,18,0,0,0
lone_entry,high,15.0,10028,wipeout,0,1,0,3,0,0,0
lone_entry,high,15.0,10029,wipeout,0,1,0,12,0,2,0
lone_entry,high,15.0,10030,wipeout,0,1,0,16,0,2,0
lone_entry,high,15.0,10031,wipeout,0,1,0,6,0,0,0
lone_entry,high,15.0,10032,wipeout,0,1,0,5,0,2,0
lone_entry,high,15.0,10033,wipeout,0,1,0,3,0,0,0
lone_entry,high,15.0,10034,wipeout,0,1,0,4,0,0,0
lone_entry,high,15.0,10035,wipeout,0,1,0,10,0,0,0
lone_entry,high,15.0,10036,wipeout,0,1,0,6,0,3,0
lone_entry,high,15.0,10037,wipeout,0,1,0,5,0,0,0
lone_entry,high,15.0,10038,wipeout,0,1,0,4,0,2,0
lone_entry,high,15.0,10039,wipeout,0,1,0,4,0,0,0
lone_entry,high,15.0,10040,wipeout,0,1,0,3,0,3,0
lone_entry,high,15.0,10041,wipeout,0,1,0,3,0,0,0
lone_entry,high,15.0,10042,wipeout,0,1,0,4,0,0,0
lone_entry,high,15.0,10043,wipeout,0,1,0,2,0,2,0
lone_entry,high,15.0,10044,wipeout,0,1,0,10,0,0,0
lone_entry,high,15.0,10045,wipeout,0,1,0,11,0,2,0
lone_entry,high,15.0,10046,wipeout,0,1,0,6,0,0,0
lone_entry,high,15.0,10047,wipeout,0,1,0,9,0,0,0
lone_entry,high,15.0,10048,wipeout,0,1,0,3,0,0,0
lone_entry,high,15.0,10049,wipeout,0,1,0,16,0,4,0
lone_entry,high,15.0,10050,wipeout,0,1,0,4,0,2,0
lone_entry,high,15.0,10051,wipeout,0,1,0,10,0,0,0
lone_entry,high,15.0,10052,wipeout,0,1,0,16,0,2,0
lone_entry,high,15.0,10053,wipeout,0,1,0,17,0,2,0
lone_entry,high,15.0,10054,timeout,0,0,1,120,1,0,0
lone_entry,high,15.0,10055,wipeout,0,1,0,4,0,3,0
lone_entry,high,15.0,10056,wipeout,0,1,0,11,0,2,0
lone_entry,high,15.0,10057,wipeout,0,1,0,9,0,2,0
lone_entry,high,15.0,10058,wipeout,0,1,0,17,0,0,0
lone_entry,high,15.0,10059,wipeout,0,1,0,9,0,2,0
lone_entry,high,15.0,10060,wipeout,0,1,0,8,0,0,0
lone_entry,high,15.0,10061,wipeout,0,1,0,10,0,2,0
lone_entry,high,15.0,10062,wipeout,0,1,0,8,0,0,0
lone_entry,high,15.0,10063,wipeout,0,1,0,6,0,2,0
lone_entry,high,15.0,10064,wipeout,0,1,0,13,0,2,0
lone_entry,high,15.0,10065,timeout,0,0,1,120,1,0,0
lone_entry,high,15.0,10066,wipeout,0,1,0,24,0,0,0
lone_entry,high,15.0,10067,wipeout,0,1,0,6,0,0,0
lone_entry,high,15.0,10068,wipeout,0,1,0,17,0,2,0
lone_entry,high,15.0,10069,wipeout,0,1,0,3,0,3,0
lone_entry,high,15.0,10070,wipeout,0,1,0,6,0,2,0
lone_entry,high,15.0,10071,wipeout,0,1,0,31,0,2,0
lone_entry,high,15.0,10072,wipeout,0,1,0,19,0,4,0
lone_entry,high,15.0,10073,wipeout,0,1,0,3,0,0,0
lone_entry,high,15.0,10074,wipeout,0,1,0,6,0,2,0
lone_entry,high,15.0,10075,wipeout,0,1,0,2,0,2,0
lone_entry,high,15.0,10076,wipeout,0,1,0,21,0,2,0
lone_entry,high,15.0,10077,wipeout,0,1,0,8,0,0,0
lone_entry,high,15.0,10078,wipeout,0,1,0,22,0,2,0
lone_entry,high,15.0,10079,wipeout,0,1,0,13,0,2,0
lone_entry,high,15.0,10080,wipeout,0,1,0,5,0,2,0
lone_entry,high,15.0,10081,wipeout,0,1,0,6,0,3,0
lone_entry,high,15.0,10082,timeout,0,0,1,120,1,0,0
lone_entry,high,15.0,10083,wipeout,0,1,0,4,0,2,0
lone_entry,high,15.0,10084,wipeout,0,1,0,8,0,2,0
lone_entry,high,15.0,10085,wipeout,0,1,0,4,0,2,0
lone_entry,high,15.0,10086,timeout,0,0,1,120,1,0,0
lone_entry,high,15.0,10087,timeout,0,0,1,120,1,0,0
lone_entry,high,15.0,10088,wipeout,0,1,0,12,0,0,0
lone_entry,high,15.0,10089,timeout,0,0,1,120,1,0,0
lone_entry,high,15.0,10090,wipeout,0,1,0,4,0,2,0
lone_entry,high,15.0,10091,wipeout,0,1,0,9,0,0,0
lone_entry,high,15.0,10092,wipeout,0,1,0,4,0,2,0
lone_entry,high,15.0,10093,wipeout,0,1,0,4,0,0,0
lone_entry,high,15.0,10094,wipeout,0,1,0,2,0,2,0
lone_entry,high,15.0,10095,wipeout,0,1,0,22,0,2,0
lone_entry,high,15.0,10096,wipeout,0,1,0,3,0,3,0
lone_entry,high,15.0,10097,wipeout,0,1,0,10,0,0,0
lone_entry,high,15.0,10098,wipeout,0,1,0,8,0,2,0
lone_entry,high,15.0,10099,wipeout,0,1,0,18,0,2,0
lone_entry,high,15.0,10100,wipeout,0,1,0,16,0,0,0
lone_entry,high,15.0,10101,wipeout,0,1,0,12,0,0,0
lone_entry,high,15.0,10102,wipeout,0,1,0,18,0,0,0
lone_entry,high,15.0,10103,wipeout,0,1,0,10,0,2,0
lone_entry,high,15.0,10104,wipeout,0,1,0,15,0,2,0
lone_entry,high,15.0,10105,wipeout,0,1,0,15,0,0,0
lone_entry,high,15.0,10106,wipeout,0,1,0,19,0,2,0
lone_entry,high,15.0,10107,wipeout,0,1,0,3,0,2,0
lone_entry,high,15.0,10108,wipeout,0,1,0,9,0,0,0
lone_entry,high,15.0,10109,wipeout,0,1,0,14,0,0,0
lone_entry,high,15.0,10110,wipeout,0,1,0,2,0,2,0
lone_entry,high,15.0,10111,wipeout,0,1,0,3,0,2,0
lone_entry,high,15.0,10112,wipeout,0,1,0,4,0,2,0
lone_entry,high,15.0,10113,wipeout,0,1,0,2,0,2,0
lone_entry,high,15.0,10114,wipeout,0,1,0,21,0,3,0
lone_entry,high,15.0,10115,wipeout,0,1,0,5,0,0,0
lone_entry,high,15.0,10116,wipeout,0,1,0,2,0,2,0
lone_entry,high,15.0,10117,wipeout,0,1,0,8,0,0,0
lone_entry,high,15.0,10118,wipeout,0,1,0,16,0,0,0
lone_entry,high,15.0,10119,wipeout,0,1,0,23,0,0,0
lone_entry,high,15.0,10120,wipeout,0,1,0,14,0,0,0
lone_entry,high,15.0,10121,wipeout,0,1,0,8,0,0,0
lone_entry,high,15.0,10122,timeout,0,0,1,120,1,0,0
lone_entry,high,15.0,10123,wipeout,0,1,0,5,0,3,0
lone_entry,high,15.0,10124,wipeout,0,1,0,6,0,0,0
lone_entry,high,15.0,10125,wipeout,0,1,0,14,0,4,0
lone_entry,high,15.0,10126,wipeout,0,1,0,8,0,0,0
lone_entry,high,15.0,10127,wipeout,0,1,0,5,0,2,0
lone_entry,high,15.0,10128,wipeout,0,1,0,13,0,2,0
lone_entry,high,15.0,10129,wipeout,0,1,0,6,0,2,0
lone_entry,high,15.0,10130,wipeout,0,1,0,4,0,2,0
lone_entry,high,15.0,10131,wipeout,0,1,0,3,0,3,0
lone_entry,high,15.0,10132,wipeout,0,1,0,4,0,2,0
lone_entry,high,15.0,10133,wipeout,0,1,0,5,0,0,0
lone_entry,high,15.0,10134,wipeout,0,1,0,6,0,0,0
lone_entry,high,15.0,10135,wipeout,0,1,0,6,0,2,0
lone_entry,high,15.0,10136,wipeout,0,1,0,17,0,2,0
lone_entry,high,15.0,10137,wipeout,0,1,0,9,0,0,0
lone_entry,high,15.0,10138,wipeout,0,1,0,18,0,2,0
lone_entry,high,15.0,10139,wipeout,0,1,0,6,0,0,0
lone_entry,high,15.0,10140,wipeout,0,1,0,5,0,2,0
lone_entry,high,15.0,10141,wipeout,0,1,0,10,0,0,0
lone_entry,high,15.0,10142,wipeout,0,1,0,5,0,2,0
lone_entry,high,15.0,10143,wipeout,0,1,0,13,0,0,0
lone_entry,high,15.0,10144,wipeout,0,1,0,12,0,0,0
lone_entry,high,15.0,10145,wipeout,0,1,0,4,0,2,0
lone_entry,high,15.0,10146,wipeout,0,1,0,3,0,2,0
lone_entry,high,15.0,10147,wipeout,0,1,0,4,0,0,0
lone_entry,high,15.0,10148,wipeout,0,1,0,3,0,2,0
lone_entry,high,15.0,10149,wipeout,0,1,0,10,0,0,0
lone_entry,high,15.0,10150,wipeout,0,1,0,13,0,0,0
lone_entry,high,15.0,10151,wipeout,0,1,0,2,0,2,0
lone_entry,high,15.0,10152,wipeout,0,1,0,9,0,0,0
lone_entry,high,15.0,10153,wipeout,0,1,0,14,0,0,0
lone_entry,high,15.0,10154,wipeout,0,1,0,19,0,0,0
lone_entry,high,15.0,10155,wipeout,0,1,0,13,0,0,0
lone_entry,high,15.0,10156,wipeout,0,1,0,6,0,2,0
lone_entry,high,15.0,10157,wipeout,0,1,0,7,0,0,0
lone_entry,high,15.0,10158,wipeout,0,1,0,38,0,3,0
lone_entry,high,15.0,10159,wipeout,0,1,0,8,0,0,0
lone_entry,high,15.0,10160,wipeout,0,1,0,7,0,2,0
lone_entry,high,15.0,10161,wipeout,0,1,0,19,0,2,0
lone_entry,high,15.0,10162,wipeout,0,1,0,16,0,0,0
lone_entry,high,15.0,10163,wipeout,0,1,0,17,0,0,0
lone_entry,high,15.0,10164,wipeout,0,1,0,5,0,2,0
lone_entry,high,15.0,10165,wipeout,0,1,0,12,0,0,0
lone_entry,high,15.0,10166,wipeout,0,1,0,5,0,0,0
lone_entry,high,15.0,10167,wipeout,0,1,0,22,0,0,0
lone_entry,high,15.0,10168,wipeout,0,1,0,10,0,3,0
lone_entry,high,15.0,10169,timeout,0,0,1,120,1,0,0
lone_entry,high,15.0,10170,wipeout,0,1,0,6,0,2,0
lone_entry,high,15.0,10171,wipeout,0,1,0,5,0,2,0
lone_entry,high,15.0,10172,timeout,0,0,1,120,1,0,0
lone_entry,high,15.0,10173,wipeout,0,1,0,3,0,0,0
lone_entry,high,15.0,10174,wipeout,0,1,0,6,0,0,0
lone_entry,high,15.0,10175,wipeout,0,1,0,14,0,0,0
lone_entry,high,15.0,10176,timeout,0,0,1,120,1,0,0
lone_entry,high,15.0,10177,wipeout,0,1,0,20,0,2,0
lone_entry,high,15.0,10178,wipeout,0,1,0,20,0,2,0
lone_entry,high,15.0,10179,wipeout,0,1,0,9,0,2,0
lone_entry,high,15.0,10180,wipeout,0,1,0,5,0,0,0
lone_entry,high,15.0,10181,wipeout,0,1,0,2,0,2,0
lone_entry,high,15.0,10182,wipeout,0,1,0,3,0,2,0
lone_entry,high,15.0,10183,wipeout,0,1,0,3,0,2,0
lone_entry,high,15.0,10184,wipeout,0,1,0,4,0,0,0
lone_entry,high,15.0,10185,wipeout,0,1,0,7,0,0,0
lone_entry,high,15.0,10186,wipeout,0,1,0,6,0,0,0
lone_entry,high,15.0,10187,wipeout,0,1,0,8,0,2,0
lone_entry,high,15.0,10188,wipeout,0,1,0,2,0,2,0
lone_entry,high,15.0,10189,wipeout,0,1,0,9,0,0,0
lone_entry,high,15.0,10190,wipeout,0,1,0,3,0,0,0
lone_entry,high,15.0,10191,wipeout,0,1,0,2,0,2,0
lone_entry,high,15.0,10192,wipeout,0,1,0,9,0,0,0
lone_entry,high,15.0,10193,wipeout,0,1,0,11,0,2,0
lone_entry,high,15.0,10194,wipeout,0,1,0,22,0,0,0
lone_entry,high,15.0,10195,wipeout,0,1,0,5,0,3,0
lone_entry,high,15.0,10196,wipeout,0,1,0,4,0,2,0
lone_entry,high,15.0,10197,wipeout,0,1,0,4,0,0,0
lone_entry,high,15.0,10198,wipeout,0,1,0,9,0,0,0
lone_entry,high,15.0,10199,wipeout,0,1,0,4,0,2,0
lone_entry,high,15.0,10200,wipeout,0,1,0,8,0,2,0
lone_entry,high,15.0,10201,wipeout,0,1,0,4,0,2,0
lone_entry,high,15.0,10202,timeout,0,0,1,120,1,0,0
lone_entry,high,15.0,10203,wipeout,0,1,0,3,0,3,0
lone_entry,high,15.0,10204,wipeout,0,1,0,20,0,2,0
lone_entry,high,15.0,10205,wipeout,0,1,0,13,0,0,0
lone_entry,high,15.0,10206,timeout,0,0,1,120,1,0,0
lone_entry,high,15.0,10207,wipeout,0,1,0,3,0,0,0
lone_entry,high,15.0,10208,wipeout,0,1,0,10,0,2,0
lone_entry,high,15.0,10209,timeout,0,0,1,120,1,0,0
lone_entry,high,15.0,10210,wipeout,0,1,0,8,0,0,0
lone_entry,high,15.0,10211,wipeout,0,1,0,3,0,0,0
lone_entry,high,15.0,10212,wipeout,0,1,0,6,0,3,0
lone_entry,high,15.0,10213,wipeout,0,1,0,12,0,2,0
lone_entry,high,15.0,10214,timeout,0,0,1,120,1,0,0
lone_entry,high,15.0,10215,wipeout,0,1,0,18,0,0,0
lone_entry,high,15.0,10216,wipeout,0,1,0,9,0,0,0
lone_entry,high,15.0,10217,wipeout,0,1,0,6,0,0,0
lone_entry,high,15.0,10218,wipeout,0,1,0,8,0,0,0
lone_entry,high,15.0,10219,wipeout,0,1,0,26,0,0,0
lone_entry,high,15.0,10220,wipeout,0,1,0,4,0,0,0
lone_entry,high,15.0,10221,wipeout,0,1,0,5,0,0,0
lone_entry,high,15.0,10222,wipeout,0,1,0,3,0,2,0
lone_entry,high,15.0,10223,wipeout,0,1,0,2,0,2,0
lone_entry,high,15.0,10224,timeout,0,0,1,120,1,0,0
lone_entry,high,15.0,10225,wipeout,0,1,0,11,0,2,0
lone_entry,high,15.0,10226,wipeout,0,1,0,11,0,2,0
lone_entry,high,15.0,10227,wipeout,0,1,0,3,0,2,0
lone_entry,high,15.0,10228,wipeout,0,1,0,6,0,0,0
lone_entry,high,15.0,10229,wipeout,0,1,0,3,0,2,0
lone_entry,high,15.0,10230,wipeout,0,1,0,3,0,3,0
lone_entry,high,15.0,10231,wipeout,0,1,0,7,0,2,0
lone_entry,high,15.0,10232,wipeout,0,1,0,3,0,3,0
lone_entry,high,15.0,10233,wipeout,0,1,0,5,0,2,0
lone_entry,high,15.0,10234,wipeout,0,1,0,19,0,2,0
lone_entry,high,15.0,10235,wipeout,0,1,0,25,0,2,0
lone_entry,high,15.0,10236,wipeout,0,1,0,9,0,0,0
lone_entry,high,15.0,10237,wipeout,0,1,0,19,0,2,0
lone_entry,high,15.0,10238,wipeout,0,1,0,4,0,3,0
lone_entry,high,15.0,10239,wipeout,0,1,0,12,0,2,0
lone_entry,high,15.0,10240,wipeout,0,1,0,3,0,2,0
lone_entry,high,15.0,10241,wipeout,0,1,0,25,0,2,0
lone_entry,high,15.0,10242,wipeout,0,1,0,7,0,0,0
lone_entry,high,15.0,10243,wipeout,0,1,0,21,0,3,0
lone_entry,high,15.0,10244,wipeout,0,1,0,2,0,2,0
lone_entry,high,15.0,10245,wipeout,0,1,0,8,0,2,0
lone_entry,high,15.0,10246,wipeout,0,1,0,6,0,2,0
lone_entry,high,15.0,10247,wipeout,0,1,0,13,0,0,0
lone_entry,high,15.0,10248,wipeout,0,1,0,14,0,0,0
lone_entry,high,15.0,10249,wipeout,0,1,0,4,0,0,0
lone_entry,high,15.0,10250,wipeout,0,1,0,19,0,2,0
lone_entry,high,15.0,10251,wipeout,0,1,0,21,0,0,0
lone_entry,high,15.0,10252,wipeout,0,1,0,9,0,0,0
lone_entry,high,15.0,10253,wipeout,0,1,0,15,0,2,0
lone_entry,high,15.0,10254,timeout,0,0,1,120,1,0,0
lone_entry,high,15.0,10255,wipeout,0,1,0,6,0,0,0
lone_entry,high,15.0,10256,wipeout,0,1,0,18,0,3,0
lone_entry,high,15.0,10257,wipeout,0,1,0,16,0,0,0
lone_entry,high,15.0,10258,wipeout,0,1,0,8,0,0,0
lone_entry,high,15.0,10259,timeout,0,0,1,120,1,0,0
lone_entry,high,15.0,10260,wipeout,0,1,0,16,0,0,0
lone_entry,high,15.0,10261,wipeout,0,1,0,8,0,0,0
lone_entry,high,15.0,10262,wipeout,0,1,0,8,0,0,0
lone_entry,high,15.0,10263,wipeout,0,1,0,12,0,0,0
lone_entry,high,15.0,10264,wipeout,0,1,0,4,0,2,0
lone_entry,high,15.0,10265,wipeout,0,1,0,16,0,2,0
lone_entry,high,15.0,10266,timeout,0,0,1,120,1,0,0
lone_entry,high,15.0,10267,timeout,0,0,1,120,1,0,0
lone_entry,high,15.0,10268,wipeout,0,1,0,10,0,0,0
lone_entry,high,15.0,10269,wipeout,0,1,0,20,0,0,0
lone_entry,high,15.0,10270,timeout,0,0,1,120,1,0,0
lone_entry,high,15.0,10271,wipeout,0,1,0,12,0,0,0
lone_entry,high,15.0,10272,wipeout,0,1,0,12,0,0,0
lone_entry,high,15.0,10273,wipeout,0,1,0,9,0,0,0
lone_entry,high,15.0,10274,wipeout,0,1,0,13,0,2,0
lone_entry,high,15.0,10275,wipeout,0,1,0,8,0,0,0
lone_entry,high,15.0,10276,wipeout,0,1,0,33,0,3,0
lone_entry,high,15.0,10277,timeout,0,0,1,120,1,0,0
lone_entry,high,15.0,10278,wipeout,0,1,0,13,0,2,0
lone_entry,high,15.0,10279,wipeout,0,1,0,7,0,0,0
lone_entry,high,15.0,10280,wipeout,0,1,0,9,0,0,0
lone_entry,high,15.0,10281,wipeout,0,1,0,13,0,0,0
lone_entry,high,15.0,10282,wipeout,0,1,0,3,0,2,0
lone_entry,high,15.0,10283,wipeout,0,1,0,4,0,0,0
lone_entry,high,15.0,10284,wipeout,0,1,0,7,0,0,0
lone_entry,high,15.0,10285,wipeout,0,1,0,15,0,2,0
lone_entry,high,15.0,10286,wipeout,0,1,0,9,0,0,0
lone_entry,high,15.0,10287,wipeout,0,1,0,18,0,0,0
lone_entry,high,15.0,10288,wipeout,0,1,0,6,0,0,0
lone_entry,high,15.0,10289,wipeout,0,1,0,18,0,0,0
lone_entry,high,15.0,10290,wipeout,0,1,0,8,0,0,0
lone_entry,high,15.0,10291,wipeout,0,1,0,3,0,2,0
lone_entry,high,15.0,10292,wipeout,0,1,0,2,0,2,0
lone_entry,high,15.0,10293,wipeout,0,1,0,5,0,0,0
lone_entry,high,15.0,10294,wipeout,0,1,0,4,0,2,0
lone_entry,high,15.0,10295,wipeout,0,1,0,5,0,2,0
lone_entry,high,15.0,10296,wipeout,0,1,0,4,0,0,0
lone_entry,high,15.0,10297,wipeout,0,1,0,3,0,2,0
lone_entry,high,15.0,10298,wipeout,0,1,0,7,0,2,0
lone_entry,high,15.0,10299,wipeout,0,1,0,21,0,2,0
lone_entry,high,15.0,10300,wipeout,0,1,0,3,0,0,0
lone_entry,high,15.0,10301,wipeout,0,1,0,6,0,0,0
lone_entry,high,15.0,10302,wipeout,0,1,0,10,0,0,0
lone_entry,high,15.0,10303,wipeout,0,1,0,4,0,3,0
lone_entry,high,15.0,10304,wipeout,0,1,0,7,0,2,0
lone_entry,high,15.0,10305,timeout,0,0,1,120,1,2,0
lone_entry,high,15.0,10306,wipeout,0,1,0,6,0,0,0
lone_entry,high,15.0,10307,wipeout,0,1,0,5,0,0,0
lone_entry,high,15.0,10308,timeout,0,0,1,120,1,0,0
lone_entry,high,15.0,10309,wipeout,0,1,0,7,0,2,0
lone_entry,high,15.0,10310,wipeout,0,1,0,5,0,2,0
lone_entry,high,15.0,10311,wipeout,0,1,0,6,0,0,0
lone_entry,high,15.0,10312,wipeout,0,1,0,11,0,2,0
lone_entry,high,15.0,10313,wipeout,0,1,0,32,0,4,0
lone_entry,high,15.0,10314,wipeout,0,1,0,9,0,0,0
lone_entry,high,15.0,10315,wipeout,0,1,0,6,0,2,0
lone_entry,high,15.0,10316,wipeout,0,1,0,6,0,0,0
lone_entry,high,15.0,10317,wipeout,0,1,0,8,0,0,0
lone_entry,high,15.0,10318,wipeout,0,1,0,5,0,2,0
lone_entry,high,15.0,10319,wipeout,0,1,0,18,0,0,0
lone_entry,high,15.0,10320,wipeout,0,1,0,21,0,4,0
lone_entry,high,15.0,10321,wipeout,0,1,0,14,0,2,0
lone_entry,high,15.0,10322,wipeout,0,1,0,10,0,2,0
lone_entry,high,15.0,10323,timeout,0,0,1,120,1,0,0
lone_entry,high,15.0,10324,timeout,0,0,1,120,1,0,0
lone_entry,high,15.0,10325,wipeout,0,1,0,17,0,0,0
lone_entry,high,15.0,10326,wipeout,0,1,0,5,0,2,0
lone_entry,high,15.0,10327,wipeout,0,1,0,17,0,0,0
lone_entry,high,15.0,10328,wipeout,0,1,0,4,0,0,0
lone_entry,high,15.0,10329,wipeout,0,1,0,4,0,0,0
lone_entry,high,15.0,10330,wipeout,0,1,0,16,0,0,0
lone_entry,high,15.0,10331,wipeout,0,1,0,8,0,0,0
lone_entry,high,15.0,10332,wipeout,0,1,0,4,0,2,0
lone_entry,high,15.0,10333,wipeout,0,1,0,19,0,0,0
lone_entry,high,15.0,10334,wipeout,0,1,0,4,0,2,0
lone_entry,high,15.0,10335,wipeout,0,1,0,9,0,2,0
lone_entry,high,15.0,10336,wipeout,0,1,0,6,0,0,0
lone_entry,high,15.0,10337,wipeout,0,1,0,5,0,2,0
lone_entry,high,15.0,10338,wipeout,0,1,0,18,0,2,0
lone_entry,high,15.0,10339,wipeout,0,1,0,9,0,2,0
lone_entry,high,15.0,10340,timeout,0,0,1,120,1,0,0
lone_entry,high,15.0,10341,wipeout,0,1,0,15,0,0,0
lone_entry,high,15.0,10342,wipeout,0,1,0,8,0,3,0
lone_entry,high,15.0,10343,wipeout,0,1,0,11,0,2,0
lone_entry,high,15.0,10344,wipeout,0,1,0,17,0,0,0
lone_entry,high,15.0,10345,wipeout,0,1,0,10,0,0,0
lone_entry,high,15.0,10346,wipeout,0,1,0,3,0,2,0
lone_entry,high,15.0,10347,wipeout,0,1,0,8,0,2,0
lone_entry,high,15.0,10348,wipeout,0,1,0,6,0,0,0
lone_entry,high,15.0,10349,wipeout,0,1,0,7,0,2,0
lone_entry,high,15.0,10350,wipeout,0,1,0,6,0,0,0
lone_entry,high,15.0,10351,wipeout,0,1,0,3,0,2,0
lone_entry,high,15.0,10352,wipeout,0,1,0,15,0,4,0
lone_entry,high,15.0,10353,wipeout,0,1,0,12,0,0,0
lone_entry,high,15.0,10354,wipeout,0,1,0,17,0,3,0
lone_entry,high,15.0,10355,timeout,0,0,1,120,1,2,0
lone_entry,high,15.0,10356,wipeout,0,1,0,9,0,0,0
lone_entry,high,15.0,10357,wipeout,0,1,0,11,0,2,0
lone_entry,high,15.0,10358,timeout,0,0,1,120,1,0,0
lone_entry,high,15.0,10359,wipeout,0,1,0,11,0,0,0
lone_entry,high,15.0,10360,wipeout,0,1,0,9,0,0,0
lone_entry,high,15.0,10361,wipeout,0,1,0,5,0,2,0
lone_entry,high,15.0,10362,wipeout,0,1,0,10,0,0,0
lone_entry,high,15.0,10363,wipeout,0,1,0,20,0,0,0
lone_entry,high,15.0,10364,timeout,0,0,1,120,1,0,0
lone_entry,high,15.0,10365,wipeout,0,1,0,5,0,2,0
lone_entry,high,15.0,10366,wipeout,0,1,0,6,0,0,0
lone_entry,high,15.0,10367,timeout,0,0,1,120,1,0,0
lone_entry,high,15.0,10368,wipeout,0,1,0,11,0,0,0
lone_entry,high,15.0,10369,wipeout,0,1,0,18,0,0,0
lone_entry,high,15.0,10370,wipeout,0,1,0,17,0,0,0
lone_entry,high,15.0,10371,wipeout,0,1,0,6,0,0,0
lone_entry,high,15.0,10372,wipeout,0,1,0,5,0,2,0
lone_entry,high,15.0,10373,wipeout,0,1,0,3,0,2,0
lone_entry,high,15.0,10374,wipeout,0,1,0,16,0,2,0
lone_entry,high,15.0,10375,wipeout,0,1,0,11,0,0,0
lone_entry,high,15.0,10376,wipeout,0,1,0,3,0,0,0
lone_entry,high,15.0,10377,wipeout,0,1,0,3,0,2,0
lone_entry,high,15.0,10378,wipeout,0,1,0,5,0,2,0
lone_entry,high,15.0,10379,wipeout,0,1,0,4,0,3,0
lone_entry,high,15.0,10380,wipeout,0,1,0,15,0,0,0
lone_entry,high,15.0,10381,wipeout,0,1,0,9,0,0,0
lone_entry,high,15.0,10382,wipeout,0,1,0,23,0,2,0
lone_entry,high,15.0,10383,wipeout,0,1,0,8,0,0,0
lone_entry,high,15.0,10384,wipeout,0,1,0,6,0,2,0
lone_entry,high,15.0,10385,wipeout,0,1,0,5,0,3,0
lone_entry,high,15.0,10386,wipeout,0,1,0,10,0,2,0
lone_entry,high,15.0,10387,wipeout,0,1,0,19,0,2,0
lone_entry,high,15.0,10388,timeout,0,0,1,120,1,0,0
lone_entry,high,15.0,10389,wipeout,0,1,0,7,0,0,0
lone_entry,high,15.0,10390,wipeout,0,1,0,11,0,2,0
lone_entry,high,15.0,10391,wipeout,0,1,0,4,0,2,0
lone_entry,high,15.0,10392,wipeout,0,1,0,12,0,2,0
lone_entry,high,15.0,10393,wipeout,0,1,0,4,0,2,0
lone_entry,high,15.0,10394,wipeout,0,1,0,5,0,0,0
lone_entry,high,15.0,10395,timeout,0,0,1,120,1,0,0
lone_entry,high,15.0,10396,wipeout,0,1,0,22,0,0,0
lone_entry,high,15.0,10397,wipeout,0,1,0,7,0,2,0
lone_entry,high,15.0,10398,wipeout,0,1,0,9,0,0,0
lone_entry,high,15.0,10399,wipeout,0,1,0,4,0,0,0
lone_entry,high,15.0,10400,wipeout,0,1,0,4,0,0,0
lone_entry,high,15.0,10401,wipeout,0,1,0,4,0,2,0
lone_entry,high,15.0,10402,wipeout,0,1,0,4,0,0,0
lone_entry,high,15.0,10403,wipeout,0,1,0,7,0,2,0
lone_entry,high,15.0,10404,wipeout,0,1,0,2,0,2,0
lone_entry,high,15.0,10405,wipeout,0,1,0,5,0,2,0
lone_entry,high,15.0,10406,wipeout,0,1,0,3,0,3,0
lone_entry,high,15.0,10407,wipeout,0,1,0,10,0,0,0
lone_entry,high,15.0,10408,wipeout,0,1,0,3,0,2,0
lone_entry,high,15.0,10409,wipeout,0,1,0,6,0,0,0
lone_entry,high,15.0,10410,wipeout,0,1,0,11,0,0,0
lone_entry,high,15.0,10411,wipeout,0,1,0,8,0,0,0
lone_entry,high,15.0,10412,wipeout,0,1,0,16,0,0,0
lone_entry,high,15.0,10413,wipeout,0,1,0,2,0,2,0
lone_entry,high,15.0,10414,wipeout,0,1,0,4,0,3,0
lone_entry,high,15.0,10415,wipeout,0,1,0,18,0,0,0
lone_entry,high,15.0,10416,wipeout,0,1,0,16,0,0,0
lone_entry,high,15.0,10417,wipeout,0,1,0,5,0,3,0
lone_entry,high,15.0,10418,wipeout,0,1,0,3,0,0,0
lone_entry,high,15.0,10419,wipeout,0,1,0,3,0,2,0
lone_entry,high,15.0,10420,wipeout,0,1,0,6,0,2,0
lone_entry,high,15.0,10421,wipeout,0,1,0,4,0,2,0
lone_entry,high,15.0,10422,wipeout,0,1,0,16,0,2,0
lone_entry,high,15.0,10423,wipeout,0,1,0,6,0,2,0
lone_entry,high,15.0,10424,wipeout,0,1,0,15,0,2,0
lone_entry,high,15.0,10425,wipeout,0,1,0,9,0,2,0
lone_entry,high,15.0,10426,wipeout,0,1,0,13,0,3,0
lone_entry,high,15.0,10427,wipeout,0,1,0,4,0,2,0
lone_entry,high,15.0,10428,wipeout,0,1,0,9,0,3,0
lone_entry,high,15.0,10429,wipeout,0,1,0,11,0,0,0
lone_entry,high,15.0,10430,wipeout,0,1,0,2,0,2,0
lone_entry,high,15.0,10431,wipeout,0,1,0,22,0,2,0
lone_entry,high,15.0,10432,wipeout,0,1,0,12,0,2,0
lone_entry,high,15.0,10433,wipeout,0,1,0,13,0,2,0
lone_entry,high,15.0,10434,timeout,0,0,1,120,1,0,0
lone_entry,high,15.0,10435,wipeout,0,1,0,8,0,0,0
lone_entry,high,15.0,10436,wipeout,0,1,0,9,0,0,0
lone_entry,high,15.0,10437,wipeout,0,1,0,18,0,2,0
lone_entry,high,15.0,10438,wipeout,0,1,0,7,0,0,0
lone_entry,high,15.0,10439,wipeout,0,1,0,3,0,0,0
lone_entry,high,15.0,10440,wipeout,0,1,0,5,0,2,0
lone_entry,high,15.0,10441,wipeout,0,1,0,3,0,0,0
lone_entry,high,15.0,10442,timeout,0,0,1,120,1,2,0
lone_entry,high,15.0,10443,wipeout,0,1,0,3,0,3,0
lone_entry,high,15.0,10444,timeout,0,0,1,120,1,0,0
lone_entry,high,15.0,10445,timeout,0,0,1,120,1,2,0
lone_entry,high,15.0,10446,wipeout,0,1,0,2,0,2,0
lone_entry,high,15.0,10447,wipeout,0,1,0,5,0,0,0
lone_entry,high,15.0,10448,wipeout,0,1,0,7,0,2,0
lone_entry,high,15.0,10449,wipeout,0,1,0,9,0,2,0
lone_entry,high,15.0,10450,wipeout,0,1,0,4,0,2,0
lone_entry,high,15.0,10451,wipeout,0,1,0,5,0,2,0
lone_entry,high,15.0,10452,wipeout,0,1,0,4,0,0,0
lone_entry,high,15.0,10453,wipeout,0,1,0,3,0,2,0
lone_entry,high,15.0,10454,wipeout,0,1,0,7,0,3,0
lone_entry,high,15.0,10455,wipeout,0,1,0,7,0,2,0
lone_entry,high,15.0,10456,wipeout,0,1,0,16,0,0,0
lone_entry,high,15.0,10457,wipeout,0,1,0,3,0,0,0
lone_entry,high,15.0,10458,timeout,0,0,1,120,1,0,0
lone_entry,high,15.0,10459,wipeout,0,1,0,5,0,0,0
lone_entry,high,15.0,10460,wipeout,0,1,0,3,0,0,0
lone_entry,high,15.0,10461,wipeout,0,1,0,20,0,2,0
lone_entry,high,15.0,10462,wipeout,0,1,0,5,0,0,0
lone_entry,high,15.0,10463,wipeout,0,1,0,13,0,0,0
lone_entry,high,15.0,10464,wipeout,0,1,0,10,0,0,0
lone_entry,high,15.0,10465,wipeout,0,1,0,4,0,0,0
lone_entry,high,15.0,10466,wipeout,0,1,0,5,0,0,0
lone_entry,high,15.0,10467,wipeout,0,1,0,4,0,2,0
lone_entry,high,15.0,10468,wipeout,0,1,0,5,0,3,0
lone_entry,high,15.0,10469,wipeout,0,1,0,10,0,0,0
lone_entry,high,15.0,10470,wipeout,0,1,0,9,0,2,0
lone_entry,high,15.0,10471,wipeout,0,1,0,12,0,0,0
lone_entry,high,15.0,10472,wipeout,0,1,0,10,0,2,0
lone_entry,high,15.0,10473,wipeout,0,1,0,17,0,0,0
lone_entry,high,15.0,10474,wipeout,0,1,0,13,0,2,0
lone_entry,high,15.0,10475,wipeout,0,1,0,8,0,0,0
lone_entry,high,15.0,10476,wipeout,0,1,0,8,0,2,0
lone_entry,high,15.0,10477,wipeout,0,1,0,4,0,0,0
lone_entry,high,15.0,10478,wipeout,0,1,0,18,0,0,0
lone_entry,high,15.0,10479,wipeout,0,1,0,4,0,2,0
lone_entry,high,15.0,10480,wipeout,0,1,0,10,0,0,0
lone_entry,high,15.0,10481,wipeout,0,1,0,8,0,0,0
lone_entry,high,15.0,10482,timeout,0,0,1,120,1,0,0
lone_entry,high,15.0,10483,wipeout,0,1,0,16,0,0,0
lone_entry,high,15.0,10484,timeout,0,0,1,120,1,0,0
lone_entry,high,15.0,10485,wipeout,0,1,0,10,0,0,0
lone_entry,high,15.0,10486,wipeout,0,1,0,3,0,2,0
lone_entry,high,15.0,10487,wipeout,0,1,0,12,0,0,0
lone_entry,high,15.0,10488,wipeout,0,1,0,10,0,0,0
lone_entry,high,15.0,10489,wipeout,0,1,0,7,0,2,0
lone_entry,high,15.0,10490,wipeout,0,1,0,16,0,0,0
lone_entry,high,15.0,10491,wipeout,0,1,0,15,0,3,0
lone_entry,high,15.0,10492,wipeout,0,1,0,4,0,0,0
lone_entry,high,15.0,10493,wipeout,0,1,0,19,0,3,0
lone_entry,high,15.0,10494,wipeout,0,1,0,2,0,2,0
lone_entry,high,15.0,10495,wipeout,0,1,0,4,0,0,0
lone_entry,high,15.0,10496,wipeout,0,1,0,7,0,0,0
lone_entry,high,15.0,10497,wipeout,0,1,0,8,0,0,0
lone_entry,high,15.0,10498,wipeout,0,1,0,13,0,0,0
lone_entry,high,15.0,10499,wipeout,0,1,0,16,0,2,0
blind_follow,high,15.0,10000,timeout,0,0,1,120,2,2,0
blind_follow,high,15.0,10001,timeout,0,0,1,120,4,0,0
blind_follow,high,15.0,10002,timeout,0,0,1,120,5,0,0
blind_follow,high,15.0,10003,wipeout,0,1,0,14,0,3,0
blind_follow,high,15.0,10004,wipeout,0,1,0,15,0,2,0
blind_follow,high,15.0,10005,timeout,0,0,1,120,1,3,0
blind_follow,high,15.0,10006,timeout,0,0,1,120,4,2,0
blind_follow,high,15.0,10007,wipeout,0,1,0,30,0,0,0
blind_follow,high,15.0,10008,timeout,0,0,1,120,2,0,0
blind_follow,high,15.0,10009,timeout,0,0,1,120,5,0,0
blind_follow,high,15.0,10010,timeout,0,0,1,120,2,3,0
blind_follow,high,15.0,10011,timeout,0,0,1,120,2,3,0
blind_follow,high,15.0,10012,timeout,0,0,1,120,4,0,0
blind_follow,high,15.0,10013,timeout,0,0,1,120,2,4,0
blind_follow,high,15.0,10014,timeout,0,0,1,120,3,2,0
blind_follow,high,15.0,10015,timeout,0,0,1,120,1,0,0
blind_follow,high,15.0,10016,timeout,0,0,1,120,2,0,0
blind_follow,high,15.0,10017,timeout,0,0,1,120,1,2,0
blind_follow,high,15.0,10018,timeout,0,0,1,120,4,2,0
blind_follow,high,15.0,10019,timeout,0,0,1,120,4,0,0
blind_follow,high,15.0,10020,timeout,0,0,1,120,3,3,0
blind_follow,high,15.0,10021,timeout,0,0,1,120,5,0,0
blind_follow,high,15.0,10022,timeout,0,0,1,120,1,2,0
blind_follow,high,15.0,10023,timeout,0,0,1,120,1,0,0
blind_follow,high,15.0,10024,timeout,0,0,1,120,4,0,0
blind_follow,high,15.0,10025,wipeout,0,1,0,13,0,2,0
blind_follow,high,15.0,10026,timeout,0,0,1,120,1,3,0
blind_follow,high,15.0,10027,timeout,0,0,1,120,3,0,0
blind_follow,high,15.0,10028,timeout,0,0,1,120,5,0,0
blind_follow,high,15.0,10029,wipeout,0,1,0,27,0,3,0
blind_follow,high,15.0,10030,timeout,0,0,1,120,4,2,0
blind_follow,high,15.0,10031,timeout,0,0,1,120,3,0,0
blind_follow,high,15.0,10032,wipeout,0,1,0,8,0,2,0
blind_follow,high,15.0,10033,timeout,0,0,1,120,1,2,0
blind_follow,high,15.0,10034,timeout,0,0,1,120,2,0,0
blind_follow,high,15.0,10035,timeout,0,0,1,120,4,0,0
blind_follow,high,15.0,10036,wipeout,0,1,0,14,0,3,0
blind_follow,high,15.0,10037,timeout,0,0,1,120,1,2,0
blind_follow,high,15.0,10038,wipeout,0,1,0,14,0,2,0
blind_follow,high,15.0,10039,timeout,0,0,1,120,1,0,0
blind_follow,high,15.0,10040,wipeout,0,1,0,8,0,3,0
blind_follow,high,15.0,10041,timeout,0,0,1,120,1,2,0
blind_follow,high,15.0,10042,timeout,0,0,1,120,1,0,0
blind_follow,high,15.0,10043,timeout,0,0,1,120,2,2,0
blind_follow,high,15.0,10044,timeout,0,0,1,120,4,0,0
blind_follow,high,15.0,10045,timeout,0,0,1,120,3,2,0
blind_follow,high,15.0,10046,timeout,0,0,1,120,5,0,0
blind_follow,high,15.0,10047,timeout,0,0,1,120,4,0,0
blind_follow,high,15.0,10048,timeout,0,0,1,120,2,3,0
blind_follow,high,15.0,10049,timeout,0,0,1,120,4,4,0
blind_follow,high,15.0,10050,wipeout,0,1,0,7,0,2,0
blind_follow,high,15.0,10051,timeout,0,0,1,120,4,0,0
blind_follow,high,15.0,10052,timeout,0,0,1,120,4,2,0
blind_follow,high,15.0,10053,timeout,0,0,1,120,4,2,0
blind_follow,high,15.0,10054,timeout,0,0,1,120,5,0,0
blind_follow,high,15.0,10055,wipeout,0,1,0,8,0,3,0
blind_follow,high,15.0,10056,timeout,0,0,1,120,1,3,0
blind_follow,high,15.0,10057,timeout,0,0,1,120,1,3,0
blind_follow,high,15.0,10058,timeout,0,0,1,120,4,2,0
blind_follow,high,15.0,10059,timeout,0,0,1,120,4,2,0
blind_follow,high,15.0,10060,timeout,0,0,1,120,4,2,0
blind_follow,high,15.0,10061,timeout,0,0,1,120,1,2,0
blind_follow,high,15.0,10062,timeout,0,0,1,120,4,0,0
blind_follow,high,15.0,10063,timeout,0,0,1,120,2,2,0
blind_follow,high,15.0,10064,timeout,0,0,1,120,2,2,0
blind_follow,high,15.0,10065,timeout,0,0,1,120,4,0,0
blind_follow,high,15.0,10066,timeout,0,0,1,120,4,0,0
blind_follow,high,15.0,10067,timeout,0,0,1,120,3,0,0
blind_follow,high,15.0,10068,timeout,0,0,1,120,4,2,0
blind_follow,high,15.0,10069,wipeout,0,1,0,9,0,3,0
blind_follow,high,15.0,10070,timeout,0,0,1,120,1,3,0
blind_follow,high,15.0,10071,timeout,0,0,1,120,2,2,0
blind_follow,high,15.0,10072,timeout,0,0,1,120,4,4,0
blind_follow,high,15.0,10073,timeout,0,0,1,120,1,2,0
blind_follow,high,15.0,10074,timeout,0,0,1,120,1,2,0
blind_follow,high,15.0,10075,timeout,0,0,1,120,1,3,0
blind_follow,high,15.0,10076,timeout,0,0,1,120,1,2,0
blind_follow,high,15.0,10077,wipeout,0,1,0,25,0,2,0
blind_follow,high,15.0,10078,timeout,0,0,1,120,4,2,0
blind_follow,high,15.0,10079,timeout,0,0,1,120,1,2,0
blind_follow,high,15.0,10080,timeout,0,0,1,120,1,2,0
blind_follow,high,15.0,10081,timeout,0,0,1,120,1,3,0
blind_follow,high,15.0,10082,timeout,0,0,1,120,5,0,0
blind_follow,high,15.0,10083,timeout,0,0,1,120,1,2,0
blind_follow,high,15.0,10084,wipeout,0,1,0,19,0,2,0
blind_follow,high,15.0,10085,wipeout,0,1,0,22,0,4,0
blind_follow,high,15.0,10086,timeout,0,0,1,120,4,0,0
blind_follow,high,15.0,10087,timeout,0,0,1,120,5,0,0
blind_follow,high,15.0,10088,timeout,0,0,1,120,4,2,0
blind_follow,high,15.0,10089,timeout,0,0,1,120,5,0,0
blind_follow,high,15.0,10090,timeout,0,0,1,120,1,3,0
blind_follow,high,15.0,10091,timeout,0,0,1,120,4,0,0
blind_follow,high,15.0,10092,timeout,0,0,1,120,1,2,0
blind_follow,high,15.0,10093,timeout,0,0,1,120,1,2,0
blind_follow,high,15.0,10094,wipeout,0,1,0,18,0,3,0
blind_follow,high,15.0,10095,wipeout,0,1,0,37,0,3,0
blind_follow,high,15.0,10096,wipeout,0,1,0,19,0,4,0
blind_follow,high,15.0,10097,timeout,0,0,1,120,3,0,0
blind_follow,high,15.0,10098,timeout,0,0,1,120,4,2,0
blind_follow,high,15.0,10099,timeout,0,0,1,120,3,2,0
blind_follow,high,15.0,10100,timeout,0,0,1,120,4,0,0
blind_follow,high,15.0,10101,timeout,0,0,1,120,3,2,0
blind_follow,high,15.0,10102,timeout,0,0,1,120,4,0,0
blind_follow,high,15.0,10103,timeout,0,0,1,120,4,2,0
blind_follow,high,15.0,10104,timeout,0,0,1,120,4,2,0
blind_follow,high,15.0,10105,timeout,0,0,1,120,4,0,0
blind_follow,high,15.0,10106,timeout,0,0,1,120,1,2,0
blind_follow,high,15.0,10107,wipeout,0,1,0,12,0,3,0
blind_follow,high,15.0,10108,timeout,0,0,1,120,4,2,0
blind_follow,high,15.0,10109,timeout,0,0,1,120,2,2,0
blind_follow,high,15.0,10110,wipeout,0,1,0,10,0,3,0
blind_follow,high,15.0,10111,wipeout,0,1,0,22,0,3,0
blind_follow,high,15.0,10112,timeout,0,0,1,120,1,2,0
blind_follow,high,15.0,10113,timeout,0,0,1,120,1,3,0
blind_follow,high,15.0,10114,timeout,0,0,1,120,4,3,0
blind_follow,high,15.0,10115,timeout,0,0,1,120,3,0,0
blind_follow,high,15.0,10116,timeout,0,0,1,120,2,2,0
blind_follow,high,15.0,10117,timeout,0,0,1,120,3,0,0
blind_follow,high,15.0,10118,timeout,0,0,1,120,4,0,0
blind_follow,high,15.0,10119,timeout,0,0,1,120,2,0,0
blind_follow,high,15.0,10120,timeout,0,0,1,120,1,2,0
blind_follow,high,15.0,10121,timeout,0,0,1,120,4,0,0
blind_follow,high,15.0,10122,timeout,0,0,1,120,4,0,0
blind_follow,high,15.0,10123,wipeout,0,1,0,9,0,4,0
blind_follow,high,15.0,10124,timeout,0,0,1,120,3,0,0
blind_follow,high,15.0,10125,timeout,0,0,1,120,4,4,0
blind_follow,high,15.0,10126,timeout,0,0,1,120,4,0,0
blind_follow,high,15.0,10127,timeout,0,0,1,120,3,2,0
blind_follow,high,15.0,10128,timeout,0,0,1,120,4,2,0
blind_follow,high,15.0,10129,timeout,0,0,1,120,1,2,0
blind_follow,high,15.0,10130,wipeout,0,1,0,13,0,3,0
blind_follow,high,15.0,10131,wipeout,0,1,0,11,0,3,0
blind_follow,high,15.0,10132,wipeout,0,1,0,10,0,2,0
blind_follow,high,15.0,10133,timeout,0,0,1,120,1,2,0
blind_follow,high,15.0,10134,wipeout,0,1,0,30,0,0,0
blind_follow,high,15.0,10135,timeout,0,0,1,120,2,2,0
blind_follow,high,15.0,10136,timeout,0,0,1,120,2,2,0
blind_follow,high,15.0,10137,timeout,0,0,1,120,4,0,0
blind_follow,high,15.0,10138,timeout,0,0,1,120,4,2,0
blind_follow,high,15.0,10139,timeout,0,0,1,120,2,0,0
blind_follow,high,15.0,10140,timeout,0,0,1,120,3,2,0
blind_follow,high,15.0,10141,timeout,0,0,1,120,4,0,0
blind_follow,high,15.0,10142,timeout,0,0,1,120,4,2,0
blind_follow,high,15.0,10143,timeout,0,0,1,120,4,0,0
blind_follow,high,15.0,10144,timeout,0,0,1,120,3,2,0
blind_follow,high,15.0,10145,wipeout,0,1,0,16,0,3,0
blind_follow,high,15.0,10146,timeout,0,0,1,120,2,2,0
blind_follow,high,15.0,10147,timeout,0,0,1,120,3,0,0
blind_follow,high,15.0,10148,wipeout,0,1,0,16,0,2,0
blind_follow,high,15.0,10149,timeout,0,0,1,120,2,0,0
blind_follow,high,15.0,10150,timeout,0,0,1,120,4,0,0
blind_follow,high,15.0,10151,wipeout,0,1,0,14,0,4,0
blind_follow,high,15.0,10152,timeout,0,0,1,120,4,0,0
blind_follow,high,15.0,10153,timeout,0,0,1,120,4,0,0
blind_follow,high,15.0,10154,wipeout,0,1,0,33,0,5,0
blind_follow,high,15.0,10155,timeout,0,0,1,120,1,0,0
blind_follow,high,15.0,10156,timeout,0,0,1,120,1,3,0
blind_follow,high,15.0,10157,timeout,0,0,1,120,4,0,0
blind_follow,high,15.0,10158,timeout,0,0,1,120,3,3,0
blind_follow,high,15.0,10159,timeout,0,0,1,120,1,0,0
blind_follow,high,15.0,10160,timeout,0,0,1,120,4,2,0
blind_follow,high,15.0,10161,timeout,0,0,1,120,3,2,0
blind_follow,high,15.0,10162,timeout,0,0,1,120,2,0,0
blind_follow,high,15.0,10163,wipeout,0,1,0,43,0,0,0
blind_follow,high,15.0,10164,wipeout,0,1,0,9,0,2,0
blind_follow,high,15.0,10165,timeout,0,0,1,120,2,0,0
blind_follow,high,15.0,10166,timeout,0,0,1,120,2,0,0
blind_follow,high,15.0,10167,timeout,0,0,1,120,1,2,0
blind_follow,high,15.0,10168,timeout,0,0,1,120,4,3,0
blind_follow,high,15.0,10169,timeout,0,0,1,120,5,0,0
blind_follow,high,15.0,10170,timeout,0,0,1,120,2,2,0
blind_follow,high,15.0,10171,timeout,0,0,1,120,2,2,0
blind_follow,high,15.0,10172,timeout,0,0,1,120,5,0,0
blind_follow,high,15.0,10173,wipeout,0,1,0,14,0,2,0
blind_follow,high,15.0,10174,timeout,0,0,1,120,2,2,0
blind_follow,high,15.0,10175,timeout,0,0,1,120,3,2,0
blind_follow,high,15.0,10176,timeout,0,0,1,120,5,0,0
blind_follow,high,15.0,10177,timeout,0,0,1,120,4,2,0
blind_follow,high,15.0,10178,timeout,0,0,1,120,2,2,0
blind_follow,high,15.0,10179,timeout,0,0,1,120,4,2,0
blind_follow,high,15.0,10180,timeout,0,0,1,120,3,0,0
blind_follow,high,15.0,10181,timeout,0,0,1,120,3,2,0
blind_follow,high,15.0,10182,timeout,0,0,1,120,1,2,0
blind_follow,high,15.0,10183,wipeout,0,1,0,18,0,2,0
blind_follow,high,15.0,10184,timeout,0,0,1,120,3,2,0
blind_follow,high,15.0,10185,timeout,0,0,1,120,4,0,0
blind_follow,high,15.0,10186,timeout,0,0,1,120,2,2,0
blind_follow,high,15.0,10187,timeout,0,0,1,120,2,2,0
blind_follow,high,15.0,10188,timeout,0,0,1,120,2,3,0
blind_follow,high,15.0,10189,timeout,0,0,1,120,5,0,0
blind_follow,high,15.0,10190,timeout,0,0,1,120,4,0,0
blind_follow,high,15.0,10191,wipeout,0,1,0,19,0,3,0
blind_follow,high,15.0,10192,wipeout,0,1,0,28,0,2,0
blind_follow,high,15.0,10193,timeout,0,0,1,120,3,2,0
blind_follow,high,15.0,10194,timeout,0,0,1,120,2,2,0
blind_follow,high,15.0,10195,wipeout,0,1,0,9,0,3,0
blind_follow,high,15.0,10196,timeout,0,0,1,120,2,2,0
blind_follow,high,15.0,10197,timeout,0,0,1,120,1,2,0
blind_follow,high,15.0,10198,timeout,0,0,1,120,4,0,0
blind_follow,high,15.0,10199,wipeout,0,1,0,13,0,3,0
blind_follow,high,15.0,10200,timeout,0,0,1,120,4,2,0
blind_follow,high,15.0,10201,timeout,0,0,1,120,1,2,0
blind_follow,high,15.0,10202,timeout,0,0,1,120,4,0,0
blind_follow,high,15.0,10203,wipeout,0,1,0,13,0,3,0
blind_follow,high,15.0,10204,timeout,0,0,1,120,1,2,0
blind_follow,high,15.0,10205,timeout,0,0,1,120,4,0,0
blind_follow,high,15.0,10206,timeout,0,0,1,120,4,0,0
blind_follow,high,15.0,10207,wipeout,0,1,0,14,0,2,0
blind_follow,high,15.0,10208,timeout,0,0,1,120,4,2,0
blind_follow,high,15.0,10209,timeout,0,0,1,120,4,0,0
blind_follow,high,15.0,10210,timeout,0,0,1,120,4,0,0
blind_follow,high,15.0,10211,timeout,0,0,1,120,4,0,0
blind_follow,high,15.0,10212,timeout,0,0,1,120,1,3,0
blind_follow,high,15.0,10213,timeout,0,0,1,120,4,2,0
blind_follow,high,15.0,10214,timeout,0,0,1,120,5,0,0
blind_follow,high,15.0,10215,timeout,0,0,1,120,4,0,0
blind_follow,high,15.0,10216,timeout,0,0,1,120,4,0,0
blind_follow,high,15.0,10217,timeout,0,0,1,120,4,0,0
blind_follow,high,15.0,10218,wipeout,0,1,0,25,0,2,0
blind_follow,high,15.0,10219,timeout,0,0,1,120,2,2,0
blind_follow,high,15.0,10220,timeout,0,0,1,120,1,0,0
blind_follow,high,15.0,10221,timeout,0,0,1,120,3,0,0
blind_follow,high,15.0,10222,wipeout,0,1,0,14,0,2,0
blind_follow,high,15.0,10223,wipeout,0,1,0,14,0,2,0
blind_follow,high,15.0,10224,timeout,0,0,1,120,4,0,0
blind_follow,high,15.0,10225,timeout,0,0,1,120,2,2,0
blind_follow,high,15.0,10226,timeout,0,0,1,120,1,2,0
blind_follow,high,15.0,10227,timeout,0,0,1,120,5,2,0
blind_follow,high,15.0,10228,timeout,0,0,1,120,2,0,0
blind_follow,high,15.0,10229,timeout,0,0,1,120,2,2,0
blind_follow,high,15.0,10230,wipeout,0,1,0,11,0,3,0
blind_follow,high,15.0,10231,timeout,0,0,1,120,4,2,0
blind_follow,high,15.0,10232,wipeout,0,1,0,8,0,3,0
blind_follow,high,15.0,10233,timeout,0,0,1,120,2,2,0
blind_follow,high,15.0,10234,timeout,0,0,1,120,3,2,0
blind_follow,high,15.0,10235,timeout,0,0,1,120,4,2,0
blind_follow,high,15.0,10236,timeout,0,0,1,120,4,0,0
blind_follow,high,15.0,10237,timeout,0,0,1,120,4,2,0
blind_follow,high,15.0,10238,wipeout,0,1,0,6,0,3,0
blind_follow,high,15.0,10239,timeout,0,0,1,120,1,2,0
blind_follow,high,15.0,10240,timeout,0,0,1,120,2,2,0
blind_follow,high,15.0,10241,timeout,0,0,1,120,1,3,0
blind_follow,high,15.0,10242,timeout,0,0,1,120,3,2,0
blind_follow,high,15.0,10243,timeout,0,0,1,120,4,3,0
blind_follow,high,15.0,10244,wipeout,0,1,0,14,0,4,0
blind_follow,high,15.0,10245,timeout,0,0,1,120,4,2,0
blind_follow,high,15.0,10246,wipeout,0,1,0,12,0,2,0
blind_follow,high,15.0,10247,timeout,0,0,1,120,1,2,0
blind_follow,high,15.0,10248,timeout,0,0,1,120,1,0,0
blind_follow,high,15.0,10249,timeout,0,0,1,120,1,2,0
blind_follow,high,15.0,10250,timeout,0,0,1,120,4,2,0
blind_follow,high,15.0,10251,timeout,0,0,1,120,2,2,0
blind_follow,high,15.0,10252,timeout,0,0,1,120,4,3,0
blind_follow,high,15.0,10253,timeout,0,0,1,120,3,2,0
blind_follow,high,15.0,10254,timeout,0,0,1,120,4,0,0
blind_follow,high,15.0,10255,timeout,0,0,1,120,4,0,0
blind_follow,high,15.0,10256,timeout,0,0,1,120,3,3,0
blind_follow,high,15.0,10257,timeout,0,0,1,120,2,0,0
blind_follow,high,15.0,10258,timeout,0,0,1,120,3,0,0
blind_follow,high,15.0,10259,timeout,0,0,1,120,5,0,0
blind_follow,high,15.0,10260,timeout,0,0,1,120,4,0,0
blind_follow,high,15.0,10261,timeout,0,0,1,120,4,0,0
blind_follow,high,15.0,10262,timeout,0,0,1,120,1,2,0
blind_follow,high,15.0,10263,timeout,0,0,1,120,1,2,0
blind_follow,high,15.0,10264,timeout,0,0,1,120,1,2,0
blind_follow,high,15.0,10265,timeout,0,0,1,120,2,2,0
blind_follow,high,15.0,10266,timeout,0,0,1,120,5,0,0
blind_follow,high,15.0,10267,timeout,0,0,1,120,5,0,0
blind_follow,high,15.0,10268,timeout,0,0,1,120,4,0,0
blind_follow,high,15.0,10269,timeout,0,0,1,120,1,0,0
blind_follow,high,15.0,10270,timeout,0,0,1,120,5,0,0
blind_follow,high,15.0,10271,timeout,0,0,1,120,3,2,0
blind_follow,high,15.0,10272,timeout,0,0,1,120,4,0,0
blind_follow,high,15.0,10273,timeout,0,0,1,120,4,0,0
blind_follow,high,15.0,10274,timeout,0,0,1,120,4,2,0
blind_follow,high,15.0,10275,timeout,0,0,1,120,2,0,0
blind_follow,high,15.0,10276,timeout,0,0,1,120,5,3,0
blind_follow,high,15.0,10277,timeout,0,0,1,120,5,0,0
blind_follow,high,15.0,10278,timeout,0,0,1,120,3,2,0
blind_follow,high,15.0,10279,timeout,0,0,1,120,1,2,0
blind_follow,high,15.0,10280,timeout,0,0,1,120,1,3,0
blind_follow,high,15.0,10281,timeout,0,0,1,120,1,2,0
blind_follow,high,15.0,10282,timeout,0,0,1,120,2,2,0
blind_follow,high,15.0,10283,timeout,0,0,1,120,3,0,0
blind_follow,high,15.0,10284,timeout,0,0,1,120,1,0,0
blind_follow,high,15.0,10285,timeout,0,0,1,120,4,2,0
blind_follow,high,15.0,10286,timeout,0,0,1,120,4,0,0
blind_follow,high,15.0,10287,timeout,0,0,1,120,4,0,0
blind_follow,high,15.0,10288,timeout,0,0,1,120,2,0,0
blind_follow,high,15.0,10289,timeout,0,0,1,120,4,0,0
blind_follow,high,15.0,10290,timeout,0,0,1,120,4,0,0
blind_follow,high,15.0,10291,timeout,0,0,1,120,2,3,0
blind_follow,high,15.0,10292,timeout,0,0,1,120,1,2,0
blind_follow,high,15.0,10293,timeout,0,0,1,120,3,0,0
blind_follow,high,15.0,10294,wipeout,0,1,0,14,0,3,0
blind_follow,high,15.0,10295,wipeout,0,1,0,14,0,2,0
blind_follow,high,15.0,10296,timeout,0,0,1,120,2,0,0
blind_follow,high,15.0,10297,timeout,0,0,1,120,2,2,0
blind_follow,high,15.0,10298,wipeout,0,1,0,14,0,2,0
blind_follow,high,15.0,10299,timeout,0,0,1,120,4,2,0
blind_follow,high,15.0,10300,timeout,0,0,1,120,1,3,0
blind_follow,high,15.0,10301,timeout,0,0,1,120,2,0,0
blind_follow,high,15.0,10302,timeout,0,0,1,120,4,2,0
blind_follow,high,15.0,10303,timeout,0,0,1,120,3,3,0
blind_follow,high,15.0,10304,wipeout,0,1,0,25,0,2,0
blind_follow,high,15.0,10305,timeout,0,0,1,120,5,2,0
blind_follow,high,15.0,10306,timeout,0,0,1,120,3,0,0
blind_follow,high,15.0,10307,timeout,0,0,1,120,3,0,0
blind_follow,high,15.0,10308,timeout,0,0,1,120,4,0,0
blind_follow,high,15.0,10309,timeout,0,0,1,120,1,2,0
blind_follow,high,15.0,10310,wipeout,0,1,0,13,0,2,0
blind_follow,high,15.0,10311,timeout,0,0,1,120,2,0,0
blind_follow,high,15.0,10312,timeout,0,0,1,120,3,2,0
blind_follow,high,15.0,10313,timeout,0,0,1,120,3,4,0
blind_follow,high,15.0,10314,timeout,0,0,1,120,4,2,0
blind_follow,high,15.0,10315,timeout,0,0,1,120,1,2,0
blind_follow,high,15.0,10316,timeout,0,0,1,120,3,0,0
blind_follow,high,15.0,10317,wipeout,0,1,0,20,0,2,0
blind_follow,high,15.0,10318,wipeout,0,1,0,7,0,2,0
blind_follow,high,15.0,10319,timeout,0,0,1,120,3,0,0
blind_follow,high,15.0,10320,timeout,0,0,1,120,4,4,0
blind_follow,high,15.0,10321,timeout,0,0,1,120,4,3,0
blind_follow,high,15.0,10322,timeout,0,0,1,120,4,2,0
blind_follow,high,15.0,10323,timeout,0,0,1,120,5,0,0
blind_follow,high,15.0,10324,timeout,0,0,1,120,5,0,0
blind_follow,high,15.0,10325,timeout,0,0,1,120,3,0,0
blind_follow,high,15.0,10326,timeout,0,0,1,120,1,3,0
blind_follow,high,15.0,10327,timeout,0,0,1,120,4,0,0
blind_follow,high,15.0,10328,timeout,0,0,1,120,2,3,0
blind_follow,high,15.0,10329,timeout,0,0,1,120,1,2,0
blind_follow,high,15.0,10330,timeout,0,0,1,120,2,0,0
blind_follow,high,15.0,10331,timeout,0,0,1,120,5,0,0
blind_follow,high,15.0,10332,wipeout,0,1,0,14,0,2,0
blind_follow,high,15.0,10333,timeout,0,0,1,120,1,2,0
blind_follow,high,15.0,10334,wipeout,0,1,0,17,0,3,0
blind_follow,high,15.0,10335,timeout,0,0,1,120,4,2,0
blind_follow,high,15.0,10336,wipeout,0,1,0,30,0,0,0
blind_follow,high,15.0,10337,wipeout,0,1,0,10,0,3,0
blind_follow,high,15.0,10338,wipeout,0,1,0,33,0,4,0
blind_follow,high,15.0,10339,timeout,0,0,1,120,4,2,0
blind_follow,high,15.0,10340,timeout,0,0,1,120,5,0,0
blind_follow,high,15.0,10341,timeout,0,0,1,120,4,2,0
blind_follow,high,15.0,10342,timeout,0,0,1,120,4,3,0
blind_follow,high,15.0,10343,timeout,0,0,1,120,1,2,0
blind_follow,high,15.0,10344,timeout,0,0,1,120,3,0,0
blind_follow,high,15.0,10345,timeout,0,0,1,120,4,0,0
blind_follow,high,15.0,10346,wipeout,0,1,0,12,0,2,0
blind_follow,high,15.0,10347,timeout,0,0,1,120,3,2,0
blind_follow,high,15.0,10348,timeout,0,0,1,120,3,0,0
blind_follow,high,15.0,10349,timeout,0,0,1,120,2,2,0
blind_follow,high,15.0,10350,timeout,0,0,1,120,1,2,0
blind_follow,high,15.0,10351,timeout,0,0,1,120,1,2,0
blind_follow,high,15.0,10352,timeout,0,0,1,120,4,4,0
blind_follow,high,15.0,10353,timeout,0,0,1,120,3,2,0
blind_follow,high,15.0,10354,timeout,0,0,1,120,4,3,0
blind_follow,high,15.0,10355,timeout,0,0,1,120,5,2,0
blind_follow,high,15.0,10356,timeout,0,0,1,120,1,0,0
blind_follow,high,15.0,10357,timeout,0,0,1,120,2,2,0
blind_follow,high,15.0,10358,timeout,0,0,1,120,4,0,0
blind_follow,high,15.0,10359,timeout,0,0,1,120,2,2,0
blind_follow,high,15.0,10360,timeout,0,0,1,120,4,2,0
blind_follow,high,15.0,10361,timeout,0,0,1,120,3,2,0
blind_follow,high,15.0,10362,timeout,0,0,1,120,4,0,0
blind_follow,high,15.0,10363,timeout,0,0,1,120,2,2,0
blind_follow,high,15.0,10364,timeout,0,0,1,120,5,0,0
blind_follow,high,15.0,10365,wipeout,0,1,0,16,0,3,0
blind_follow,high,15.0,10366,timeout,0,0,1,120,2,2,0
blind_follow,high,15.0,10367,timeout,0,0,1,120,4,0,0
blind_follow,high,15.0,10368,timeout,0,0,1,120,3,0,0
blind_follow,high,15.0,10369,timeout,0,0,1,120,1,4,0
blind_follow,high,15.0,10370,timeout,0,0,1,120,4,0,0
blind_follow,high,15.0,10371,timeout,0,0,1,120,1,0,0
blind_follow,high,15.0,10372,wipeout,0,1,0,7,0,2,0
blind_follow,high,15.0,10373,timeout,0,0,1,120,1,3,0
blind_follow,high,15.0,10374,timeout,0,0,1,120,2,2,0
blind_follow,high,15.0,10375,timeout,0,0,1,120,1,2,0
blind_follow,high,15.0,10376,timeout,0,0,1,120,2,0,0
blind_follow,high,15.0,10377,timeout,0,0,1,120,3,2,0
blind_follow,high,15.0,10378,timeout,0,0,1,120,2,2,0
blind_follow,high,15.0,10379,wipeout,0,1,0,14,0,4,0
blind_follow,high,15.0,10380,timeout,0,0,1,120,2,0,0
blind_follow,high,15.0,10381,wipeout,0,1,0,28,0,2,0
blind_follow,high,15.0,10382,timeout,0,0,1,120,2,2,0
blind_follow,high,15.0,10383,timeout,0,0,1,120,3,0,0
blind_follow,high,15.0,10384,wipeout,0,1,0,14,0,2,0
blind_follow,high,15.0,10385,wipeout,0,1,0,14,0,4,0
blind_follow,high,15.0,10386,timeout,0,0,1,120,2,2,0
blind_follow,high,15.0,10387,timeout,0,0,1,120,4,2,0
blind_follow,high,15.0,10388,timeout,0,0,1,120,5,0,0
blind_follow,high,15.0,10389,timeout,0,0,1,120,4,0,0
blind_follow,high,15.0,10390,timeout,0,0,1,120,1,3,0
blind_follow,high,15.0,10391,wipeout,0,1,0,12,0,2,0
blind_follow,high,15.0,10392,timeout,0,0,1,120,4,2,0
blind_follow,high,15.0,10393,timeout,0,0,1,120,2,2,0
blind_follow,high,15.0,10394,timeout,0,0,1,120,2,2,0
blind_follow,high,15.0,10395,timeout,0,0,1,120,5,0,0
blind_follow,high,15.0,10396,timeout,0,0,1,120,2,2,0
blind_follow,high,15.0,10397,timeout,0,0,1,120,2,2,0
blind_follow,high,15.0,10398,timeout,0,0,1,120,4,0,0
blind_follow,high,15.0,10399,timeout,0,0,1,120,1,0,0
blind_follow,high,15.0,10400,timeout,0,0,1,120,2,2,0
blind_follow,high,15.0,10401,timeout,0,0,1,120,1,2,0
blind_follow,high,15.0,10402,wipeout,0,1,0,29,0,2,0
blind_follow,high,15.0,10403,wipeout,0,1,0,23,0,2,0
blind_follow,high,15.0,10404,wipeout,0,1,0,12,0,2,0
blind_follow,high,15.0,10405,wipeout,0,1,0,17,0,3,0
blind_follow,high,15.0,10406,timeout,0,0,1,120,4,3,0
blind_follow,high,15.0,10407,timeout,0,0,1,120,2,2,0
blind_follow,high,15.0,10408,wipeout,0,1,0,16,0,4,0
blind_follow,high,15.0,10409,timeout,0,0,1,120,2,0,0
blind_follow,high,15.0,10410,timeout,0,0,1,120,4,0,0
blind_follow,high,15.0,10411,timeout,0,0,1,120,4,0,0
blind_follow,high,15.0,10412,timeout,0,0,1,120,3,0,0
blind_follow,high,15.0,10413,wipeout,0,1,0,14,0,2,0
blind_follow,high,15.0,10414,wipeout,0,1,0,6,0,3,0
blind_follow,high,15.0,10415,timeout,0,0,1,120,4,0,0
blind_follow,high,15.0,10416,timeout,0,0,1,120,1,0,0
blind_follow,high,15.0,10417,wipeout,0,1,0,6,0,3,0
blind_follow,high,15.0,10418,timeout,0,0,1,120,5,0,0
blind_follow,high,15.0,10419,wipeout,0,1,0,12,0,2,0
blind_follow,high,15.0,10420,wipeout,0,1,0,16,0,2,0
blind_follow,high,15.0,10421,wipeout,0,1,0,11,0,2,0
blind_follow,high,15.0,10422,timeout,0,0,1,120,1,3,0
blind_follow,high,15.0,10423,wipeout,0,1,0,10,0,3,0
blind_follow,high,15.0,10424,timeout,0,0,1,120,4,2,0
blind_follow,high,15.0,10425,timeout,0,0,1,120,4,2,0
blind_follow,high,15.0,10426,timeout,0,0,1,120,1,3,0
blind_follow,high,15.0,10427,wipeout,0,1,0,15,0,2,0
blind_follow,high,15.0,10428,timeout,0,0,1,120,2,3,0
blind_follow,high,15.0,10429,timeout,0,0,1,120,4,0,0
blind_follow,high,15.0,10430,wipeout,0,1,0,9,0,3,0
blind_follow,high,15.0,10431,timeout,0,0,1,120,1,2,0
blind_follow,high,15.0,10432,timeout,0,0,1,120,4,2,0
blind_follow,high,15.0,10433,timeout,0,0,1,120,2,3,0
blind_follow,high,15.0,10434,timeout,0,0,1,120,5,0,0
blind_follow,high,15.0,10435,timeout,0,0,1,120,1,2,0
blind_follow,high,15.0,10436,wipeout,0,1,0,15,0,2,0
blind_follow,high,15.0,10437,timeout,0,0,1,120,4,2,0
blind_follow,high,15.0,10438,timeout,0,0,1,120,2,0,0
blind_follow,high,15.0,10439,timeout,0,0,1,120,2,0,0
blind_follow,high,15.0,10440,wipeout,0,1,0,12,0,3,0
blind_follow,high,15.0,10441,timeout,0,0,1,120,3,0,0
blind_follow,high,15.0,10442,timeout,0,0,1,120,5,2,0
blind_follow,high,15.0,10443,timeout,0,0,1,120,3,3,0
blind_follow,high,15.0,10444,timeout,0,0,1,120,5,0,0
blind_follow,high,15.0,10445,timeout,0,0,1,120,5,2,0
blind_follow,high,15.0,10446,timeout,0,0,1,120,1,2,0
blind_follow,high,15.0,10447,timeout,0,0,1,120,4,0,0
blind_follow,high,15.0,10448,timeout,0,0,1,120,2,2,0
blind_follow,high,15.0,10449,timeout,0,0,1,120,4,2,0
blind_follow,high,15.0,10450,wipeout,0,1,0,11,0,3,0
blind_follow,high,15.0,10451,timeout,0,0,1,120,1,2,0
blind_follow,high,15.0,10452,timeout,0,0,1,120,3,0,0
blind_follow,high,15.0,10453,wipeout,0,1,0,13,0,2,0
blind_follow,high,15.0,10454,timeout,0,0,1,120,1,3,0
blind_follow,high,15.0,10455,timeout,0,0,1,120,2,2,0
blind_follow,high,15.0,10456,timeout,0,0,1,120,3,0,0
blind_follow,high,15.0,10457,timeout,0,0,1,120,1,0,0
blind_follow,high,15.0,10458,timeout,0,0,1,120,2,0,0
blind_follow,high,15.0,10459,timeout,0,0,1,120,1,2,0
blind_follow,high,15.0,10460,timeout,0,0,1,120,1,2,0
blind_follow,high,15.0,10461,timeout,0,0,1,120,1,3,0
blind_follow,high,15.0,10462,timeout,0,0,1,120,2,0,0
blind_follow,high,15.0,10463,timeout,0,0,1,120,4,0,0
blind_follow,high,15.0,10464,timeout,0,0,1,120,4,0,0
blind_follow,high,15.0,10465,timeout,0,0,1,120,2,0,0
blind_follow,high,15.0,10466,timeout,0,0,1,120,1,0,0
blind_follow,high,15.0,10467,timeout,0,0,1,120,1,2,0
blind_follow,high,15.0,10468,timeout,0,0,1,120,1,3,0
blind_follow,high,15.0,10469,timeout,0,0,1,120,4,0,0
blind_follow,high,15.0,10470,wipeout,0,1,0,25,0,3,0
blind_follow,high,15.0,10471,timeout,0,0,1,120,2,0,0
blind_follow,high,15.0,10472,timeout,0,0,1,120,2,2,0
blind_follow,high,15.0,10473,timeout,0,0,1,120,3,0,0
blind_follow,high,15.0,10474,timeout,0,0,1,120,4,2,0
blind_follow,high,15.0,10475,timeout,0,0,1,120,2,2,0
blind_follow,high,15.0,10476,timeout,0,0,1,120,3,3,0
blind_follow,high,15.0,10477,timeout,0,0,1,120,1,2,0
blind_follow,high,15.0,10478,timeout,0,0,1,120,1,2,0
blind_follow,high,15.0,10479,wipeout,0,1,0,19,0,2,0
blind_follow,high,15.0,10480,timeout,0,0,1,120,3,2,0
blind_follow,high,15.0,10481,timeout,0,0,1,120,3,0,0
blind_follow,high,15.0,10482,timeout,0,0,1,120,4,0,0
blind_follow,high,15.0,10483,timeout,0,0,1,120,4,0,0
blind_follow,high,15.0,10484,timeout,0,0,1,120,5,0,0
blind_follow,high,15.0,10485,timeout,0,0,1,120,3,0,0
blind_follow,high,15.0,10486,wipeout,0,1,0,16,0,3,0
blind_follow,high,15.0,10487,timeout,0,0,1,120,2,0,0
blind_follow,high,15.0,10488,timeout,0,0,1,120,4,0,0
blind_follow,high,15.0,10489,timeout,0,0,1,120,2,2,0
blind_follow,high,15.0,10490,timeout,0,0,1,120,1,0,0
blind_follow,high,15.0,10491,timeout,0,0,1,120,4,3,0
blind_follow,high,15.0,10492,timeout,0,0,1,120,1,0,0
blind_follow,high,15.0,10493,timeout,0,0,1,120,4,3,0
blind_follow,high,15.0,10494,timeout,0,0,1,120,3,3,0
blind_follow,high,15.0,10495,timeout,0,0,1,120,3,0,0
blind_follow,high,15.0,10496,timeout,0,0,1,120,1,0,0
blind_follow,high,15.0,10497,wipeout,0,1,0,24,0,2,0
blind_follow,high,15.0,10498,timeout,0,0,1,120,1,3,0
blind_follow,high,15.0,10499,timeout,0,0,1,120,4,2,0
shared_map,high,15.0,10000,wipeout,0,1,0,15,0,2,178
shared_map,high,15.0,10001,timeout,0,0,1,120,5,0,2400
shared_map,high,15.0,10002,timeout,0,0,1,120,5,0,2400
shared_map,high,15.0,10003,wipeout,0,1,0,13,0,2,114
shared_map,high,15.0,10004,wipeout,0,1,0,14,0,2,150
shared_map,high,15.0,10005,timeout,0,0,1,120,4,2,1456
shared_map,high,15.0,10006,timeout,0,0,1,120,4,2,1488
shared_map,high,15.0,10007,timeout,0,0,1,120,4,2,1456
shared_map,high,15.0,10008,timeout,0,0,1,120,5,0,2400
shared_map,high,15.0,10009,timeout,0,0,1,120,5,0,2400
shared_map,high,15.0,10010,timeout,0,0,1,120,4,2,1456
shared_map,high,15.0,10011,timeout,0,0,1,120,2,2,392
shared_map,high,15.0,10012,timeout,0,0,1,120,5,0,2400
shared_map,high,15.0,10013,timeout,0,0,1,120,5,0,1440
shared_map,high,15.0,10014,timeout,0,0,1,120,4,0,1440
shared_map,high,15.0,10015,timeout,0,0,1,120,3,0,750
shared_map,high,15.0,10016,timeout,0,0,1,120,5,0,2400
shared_map,high,15.0,10017,timeout,0,0,1,120,4,2,1464
shared_map,high,15.0,10018,timeout,0,0,1,120,3,0,738
shared_map,high,15.0,10019,timeout,0,0,1,120,5,0,2400
shared_map,high,15.0,10020,timeout,0,0,1,120,4,0,1440
shared_map,high,15.0,10021,timeout,0,0,1,120,4,0,738
shared_map,high,15.0,10022,timeout,0,0,1,120,4,0,738
shared_map,high,15.0,10023,timeout,0,0,1,120,4,2,1456
shared_map,high,15.0,10024,timeout,0,0,1,120,4,2,1456
shared_map,high,15.0,10025,wipeout,0,1,0,11,0,3,70
shared_map,high,15.0,10026,wipeout,0,1,0,9,0,3,78
shared_map,high,15.0,10027,timeout,0,0,1,120,5,0,2400
shared_map,high,15.0,10028,timeout,0,0,1,120,4,2,1456
shared_map,high,15.0,10029,timeout,0,0,1,120,3,0,732
shared_map,high,15.0,10030,timeout,0,0,1,120,5,0,2400
shared_map,high,15.0,10031,timeout,0,0,1,120,3,0,738
shared_map,high,15.0,10032,wipeout,0,1,0,14,0,2,74
shared_map,high,15.0,10033,timeout,0,0,1,120,4,2,1456
shared_map,high,15.0,10034,timeout,0,0,1,120,4,2,1456
shared_map,high,15.0,10035,timeout,0,0,1,120,5,0,2400
shared_map,high,15.0,10036,timeout,0,0,1,120,1,2,162
shared_map,high,15.0,10037,timeout,0,0,1,120,3,2,748
shared_map,high,15.0,10038,timeout,0,0,1,120,4,2,1464
shared_map,high,15.0,10039,timeout,0,0,1,120,4,2,1456
shared_map,high,15.0,10040,wipeout,0,1,0,17,0,3,184
shared_map,high,15.0,10041,timeout,0,0,1,120,4,2,1456
shared_map,high,15.0,10042,timeout,0,0,1,120,4,2,1456
shared_map,high,15.0,10043,wipeout,0,1,0,12,0,2,114
shared_map,high,15.0,10044,timeout,0,0,1,120,5,0,2400
shared_map,high,15.0,10045,timeout,0,0,1,120,5,0,2400
shared_map,high,15.0,10046,timeout,0,0,1,120,4,0,738
shared_map,high,15.0,10047,timeout,0,0,1,120,5,0,2400
shared_map,high,15.0,10048,timeout,0,0,1,120,4,2,1456
shared_map,high,15.0,10049,timeout,0,0,1,120,5,0,2400
shared_map,high,15.0,10050,timeout,0,0,1,120,2,2,286
shared_map,high,15.0,10051,timeout,0,0,1,120,5,0,2400
shared_map,high,15.0,10052,timeout,0,0,1,120,5,0,2400
shared_map,high,15.0,10053,timeout,0,0,1,120,5,0,2400
shared_map,high,15.0,10054,timeout,0,0,1,120,5,0,2400
shared_map,high,15.0,10055,timeout,0,0,1,120,2,3,286
shared_map,high,15.0,10056,timeout,0,0,1,120,3,0,738
shared_map,high,15.0,10057,timeout,0,0,1,120,4,2,1480
shared_map,high,15.0,10058,timeout,0,0,1,120,5,0,2400
shared_map,high,15.0,10059,timeout,0,0,1,120,5,0,2400
shared_map,high,15.0,10060,timeout,0,0,1,120,5,0,2400
shared_map,high,15.0,10061,timeout,0,0,1,120,4,0,744
shared_map,high,15.0,10062,timeout,0,0,1,120,5,0,2400
shared_map,high,15.0,10063,timeout,0,0,1,120,5,0,1440
shared_map,high,15.0,10064,timeout,0,0,1,120,3,0,744
shared_map,high,15.0,10065,timeout,0,0,1,120,4,0,1440
shared_map,high,15.0,10066,timeout,0,0,1,120,5,0,2400
shared_map,high,15.0,10067,timeout,0,0,1,120,4,2,1456
shared_map,high,15.0,10068,timeout,0,0,1,120,5,0,2400
shared_map,high,15.0,10069,wipeout,0,1,0,7,0,3,84
shared_map,high,15.0,10070,timeout,0,0,1,120,2,2,336
shared_map,high,15.0,10071,timeout,0,0,1,120,5,0,2400
shared_map,high,15.0,10072,timeout,0,0,1,120,5,0,2400
shared_map,high,15.0,10073,timeout,0,0,1,120,4,2,1456
shared_map,high,15.0,10074,timeout,0,0,1,120,5,2,2400
shared_map,high,15.0,10075,wipeout,0,1,0,9,0,3,80
shared_map,high,15.0,10076,timeout,0,0,1,120,3,0,738
shared_map,high,15.0,10077,timeout,0,0,1,120,4,0,1440
shared_map,high,15.0,10078,timeout,0,0,1,120,5,0,2400
shared_map,high,15.0,10079,timeout,0,0,1,120,5,0,1440
shared_map,high,15.0,10080,timeout,0,0,1,120,4,2,1456
shared_map,high,15.0,10081,timeout,0,0,1,120,4,2,1464
shared_map,high,15.0,10082,timeout,0,0,1,120,5,0,2400
shared_map,high,15.0,10083,wipeout,0,1,0,16,0,2,182
shared_map,high,15.0,10084,timeout,0,0,1,120,3,0,738
shared_map,high,15.0,10085,timeout,0,0,1,120,3,3,816
shared_map,high,15.0,10086,timeout,0,0,1,120,4,0,1440
shared_map,high,15.0,10087,timeout,0,0,1,120,5,0,2400
shared_map,high,15.0,10088,timeout,0,0,1,120,5,0,2400
shared_map,high,15.0,10089,timeout,0,0,1,120,5,0,2400
shared_map,high,15.0,10090,timeout,0,0,1,120,1,3,160
shared_map,high,15.0,10091,timeout,0,0,1,120,5,0,2400
shared_map,high,15.0,10092,timeout,0,0,1,120,4,2,1456
shared_map,high,15.0,10093,timeout,0,0,1,120,4,2,1456
shared_map,high,15.0,10094,timeout,0,0,1,120,5,2,2400
shared_map,high,15.0,10095,timeout,0,0,1,120,4,0,1440
shared_map,high,15.0,10096,wipeout,0,1,0,17,0,2,204
shared_map,high,15.0,10097,timeout,0,0,1,120,5,0,2400
shared_map,high,15.0,10098,timeout,0,0,1,120,5,0,2400
shared_map,high,15.0,10099,timeout,0,0,1,120,4,0,1440
shared_map,high,15.0,10100,timeout,0,0,1,120,5,0,2400
shared_map,high,15.0,10101,timeout,0,0,1,120,5,0,1440
shared_map,high,15.0,10102,timeout,0,0,1,120,5,0,2400
shared_map,high,15.0,10103,timeout,0,0,1,120,5,0,2400
shared_map,high,15.0,10104,timeout,0,0,1,120,5,0,2400
shared_map,high,15.0,10105,timeout,0,0,1,120,5,0,2400
shared_map,high,15.0,10106,timeout,0,0,1,120,4,0,1440
shared_map,high,15.0,10107,wipeout,0,1,0,9,0,2,96
shared_map,high,15.0,10108,timeout,0,0,1,120,5,0,2400
shared_map,high,15.0,10109,timeout,0,0,1,120,4,0,1440
shared_map,high,15.0,10110,wipeout,0,1,0,7,0,3,78
shared_map,high,15.0,10111,timeout,0,0,1,120,2,2,332
shared_map,high,15.0,10112,timeout,0,0,1,120,3,2,754
shared_map,high,15.0,10113,timeout,0,0,1,120,2,2,386
shared_map,high,15.0,10114,timeout,0,0,1,120,5,0,2400
shared_map,high,15.0,10115,timeout,0,0,1,120,4,2,1456
shared_map,high,15.0,10116,wipeout,0,1,0,12,0,2,114
shared_map,high,15.0,10117,timeout,0,0,1,120,4,2,1512
shared_map,high,15.0,10118,timeout,0,0,1,120,5,0,2400
shared_map,high,15.0,10119,timeout,0,0,1,120,5,0,1440
shared_map,high,15.0,10120,timeout,0,0,1,120,5,0,1440
shared_map,high,15.0,10121,timeout,0,0,1,120,3,0,738
shared_map,high,15.0,10122,timeout,0,0,1,120,4,0,1440
shared_map,high,15.0,10123,timeout,0,0,1,120,4,2,1464
shared_map,high,15.0,10124,timeout,0,0,1,120,4,2,1464
shared_map,high,15.0,10125,timeout,0,0,1,120,5,0,2400
shared_map,high,15.0,10126,timeout,0,0,1,120,5,0,2400
shared_map,high,15.0,10127,wipeout,0,1,0,15,0,2,200
shared_map,high,15.0,10128,timeout,0,0,1,120,5,0,2400
shared_map,high,15.0,10129,timeout,0,0,1,120,4,2,1456
shared_map,high,15.0,10130,wipeout,0,1,0,12,0,3,142
shared_map,high,15.0,10131,timeout,0,0,1,120,5,2,2400
shared_map,high,15.0,10132,wipeout,0,1,0,10,0,2,76
shared_map,high,15.0,10133,timeout,0,0,1,120,4,2,1456
shared_map,high,15.0,10134,timeout,0,0,1,120,3,2,754
shared_map,high,15.0,10135,timeout,0,0,1,120,5,0,1440
shared_map,high,15.0,10136,timeout,0,0,1,120,4,0,1440
shared_map,high,15.0,10137,timeout,0,0,1,120,5,0,2400
shared_map,high,15.0,10138,timeout,0,0,1,120,5,0,2400
shared_map,high,15.0,10139,timeout,0,0,1,120,4,2,1464
shared_map,high,15.0,10140,timeout,0,0,1,120,4,2,1464
shared_map,high,15.0,10141,timeout,0,0,1,120,5,0,2400
shared_map,high,15.0,10142,timeout,0,0,1,120,5,0,2400
shared_map,high,15.0,10143,timeout,0,0,1,120,5,0,2400
shared_map,high,15.0,10144,timeout,0,0,1,120,5,0,2400
shared_map,high,15.0,10145,timeout,0,0,1,120,4,2,1464
shared_map,high,15.0,10146,timeout,0,0,1,120,1,2,88
shared_map,high,15.0,10147,timeout,0,0,1,120,4,2,1472
shared_map,high,15.0,10148,wipeout,0,1,0,10,0,2,98
shared_map,high,15.0,10149,timeout,0,0,1,120,4,0,744
shared_map,high,15.0,10150,timeout,0,0,1,120,5,0,2400
shared_map,high,15.0,10151,wipeout,0,1,0,13,0,2,128
shared_map,high,15.0,10152,timeout,0,0,1,120,5,0,2400
shared_map,high,15.0,10153,timeout,0,0,1,120,5,0,2400
shared_map,high,15.0,10154,timeout,0,0,1,120,5,0,2400
shared_map,high,15.0,10155,timeout,0,0,1,120,4,0,1440
shared_map,high,15.0,10156,timeout,0,0,1,120,1,2,190
shared_map,high,15.0,10157,timeout,0,0,1,120,5,0,2400
shared_map,high,15.0,10158,timeout,0,0,1,120,5,0,2400
shared_map,high,15.0,10159,timeout,0,0,1,120,4,2,1456
shared_map,high,15.0,10160,timeout,0,0,1,120,5,0,2400
shared_map,high,15.0,10161,timeout,0,0,1,120,4,0,1440
shared_map,high,15.0,10162,timeout,0,0,1,120,4,0,1440
shared_map,high,15.0,10163,timeout,0,0,1,120,4,0,1440
shared_map,high,15.0,10164,wipeout,0,1,0,13,0,2,66
shared_map,high,15.0,10165,timeout,0,0,1,120,4,2,1512
shared_map,high,15.0,10166,timeout,0,0,1,120,4,2,1456
shared_map,high,15.0,10167,timeout,0,0,1,120,5,0,1440
shared_map,high,15.0,10168,timeout,0,0,1,120,5,0,2400
shared_map,high,15.0,10169,timeout,0,0,1,120,3,2,760
shared_map,high,15.0,10170,timeout,0,0,1,120,5,2,2400
shared_map,high,15.0,10171,timeout,0,0,1,120,3,0,732
shared_map,high,15.0,10172,timeout,0,0,1,120,5,0,2400
shared_map,high,15.0,10173,timeout,0,0,1,120,3,2,748
shared_map,high,15.0,10174,timeout,0,0,1,120,4,2,1456
shared_map,high,15.0,10175,timeout,0,0,1,120,4,2,1496
shared_map,high,15.0,10176,timeout,0,0,1,120,5,0,2400
shared_map,high,15.0,10177,timeout,0,0,1,120,5,0,2400
shared_map,high,15.0,10178,timeout,0,0,1,120,4,0,1440
shared_map,high,15.0,10179,timeout,0,0,1,120,5,0,1440
shared_map,high,15.0,10180,timeout,0,0,1,120,4,2,1456
shared_map,high,15.0,10181,timeout,0,0,1,120,5,2,2400
shared_map,high,15.0,10182,wipeout,0,1,0,14,0,2,110
shared_map,high,15.0,10183,wipeout,0,1,0,17,0,3,138
shared_map,high,15.0,10184,timeout,0,0,1,120,4,2,1456
shared_map,high,15.0,10185,timeout,0,0,1,120,5,0,2400
shared_map,high,15.0,10186,timeout,0,0,1,120,3,2,748
shared_map,high,15.0,10187,timeout,0,0,1,120,5,0,2400
shared_map,high,15.0,10188,timeout,0,0,1,120,2,2,296
shared_map,high,15.0,10189,timeout,0,0,1,120,5,0,2400
shared_map,high,15.0,10190,timeout,0,0,1,120,4,0,732
shared_map,high,15.0,10191,wipeout,0,1,0,15,0,2,130
shared_map,high,15.0,10192,timeout,0,0,1,120,4,2,1488
shared_map,high,15.0,10193,timeout,0,0,1,120,5,0,2400
shared_map,high,15.0,10194,timeout,0,0,1,120,4,0,1440
shared_map,high,15.0,10195,wipeout,0,1,0,16,0,2,118
shared_map,high,15.0,10196,timeout,0,0,1,120,4,2,1456
shared_map,high,15.0,10197,timeout,0,0,1,120,4,2,1456
shared_map,high,15.0,10198,timeout,0,0,1,120,5,0,2400
shared_map,high,15.0,10199,timeout,0,0,1,120,3,2,768
shared_map,high,15.0,10200,timeout,0,0,1,120,5,0,2400
shared_map,high,15.0,10201,wipeout,0,1,0,14,0,2,68
shared_map,high,15.0,10202,timeout,0,0,1,120,4,0,1440
shared_map,high,15.0,10203,timeout,0,0,1,120,1,2,62
shared_map,high,15.0,10204,timeout,0,0,1,120,5,0,1440
shared_map,high,15.0,10205,timeout,0,0,1,120,5,0,2400
shared_map,high,15.0,10206,timeout,0,0,1,120,4,0,1440
shared_map,high,15.0,10207,timeout,0,0,1,120,3,2,748
shared_map,high,15.0,10208,timeout,0,0,1,120,5,0,2400
shared_map,high,15.0,10209,timeout,0,0,1,120,4,0,1440
shared_map,high,15.0,10210,timeout,0,0,1,120,5,0,2400
shared_map,high,15.0,10211,timeout,0,0,1,120,4,2,1464
shared_map,high,15.0,10212,timeout,0,0,1,120,1,2,214
shared_map,high,15.0,10213,timeout,0,0,1,120,5,0,2400
shared_map,high,15.0,10214,timeout,0,0,1,120,5,0,2400
shared_map,high,15.0,10215,timeout,0,0,1,120,5,0,2400
shared_map,high,15.0,10216,timeout,0,0,1,120,5,0,2400
shared_map,high,15.0,10217,timeout,0,0,1,120,4,2,1456
shared_map,high,15.0,10218,timeout,0,0,1,120,4,0,1440
shared_map,high,15.0,10219,timeout,0,0,1,120,4,0,1440
shared_map,high,15.0,10220,timeout,0,0,1,120,4,2,1464
shared_map,high,15.0,10221,timeout,0,0,1,120,4,2,1456
shared_map,high,15.0,10222,timeout,0,0,1,120,4,2,1464
shared_map,high,15.0,10223,timeout,0,0,1,120,3,2,768
shared_map,high,15.0,10224,timeout,0,0,1,120,4,0,744
shared_map,high,15.0,10225,timeout,0,0,1,120,5,0,1440
shared_map,high,15.0,10226,timeout,0,0,1,120,4,0,750
shared_map,high,15.0,10227,timeout,0,0,1,120,3,2,832
shared_map,high,15.0,10228,timeout,0,0,1,120,4,2,1456
shared_map,high,15.0,10229,wipeout,0,1,0,18,0,2,90
shared_map,high,15.0,10230,timeout,0,0,1,120,2,2,310
shared_map,high,15.0,10231,timeout,0,0,1,120,5,0,1440
shared_map,high,15.0,10232,timeout,0,0,1,120,5,3,2400
shared_map,high,15.0,10233,timeout,0,0,1,120,4,0,744
shared_map,high,15.0,10234,timeout,0,0,1,120,4,0,1440
shared_map,high,15.0,10235,timeout,0,0,1,120,5,0,2400
shared_map,high,15.0,10236,timeout,0,0,1,120,5,0,2400
shared_map,high,15.0,10237,timeout,0,0,1,120,5,0,2400
shared_map,high,15.0,10238,timeout,0,0,1,120,2,3,298
shared_map,high,15.0,10239,timeout,0,0,1,120,5,0,1440
shared_map,high,15.0,10240,timeout,0,0,1,120,4,2,1456
shared_map,high,15.0,10241,timeout,0,0,1,120,4,0,1440
shared_map,high,15.0,10242,timeout,0,0,1,120,4,2,1464
shared_map,high,15.0,10243,timeout,0,0,1,120,5,0,2400
shared_map,high,15.0,10244,timeout,0,0,1,120,2,2,302
shared_map,high,15.0,10245,timeout,0,0,1,120,5,0,2400
shared_map,high,15.0,10246,wipeout,0,1,0,14,0,2,156
shared_map,high,15.0,10247,timeout,0,0,1,120,4,0,1440
shared_map,high,15.0,10248,timeout,0,0,1,120,5,0,1440
shared_map,high,15.0,10249,timeout,0,0,1,120,4,2,1456
shared_map,high,15.0,10250,timeout,0,0,1,120,5,0,2400
shared_map,high,15.0,10251,timeout,0,0,1,120,3,0,738
shared_map,high,15.0,10252,timeout,0,0,1,120,5,0,2400
shared_map,high,15.0,10253,timeout,0,0,1,120,4,0,1440
shared_map,high,15.0,10254,timeout,0,0,1,120,4,0,1440
shared_map,high,15.0,10255,timeout,0,0,1,120,5,0,2400
shared_map,high,15.0,10256,timeout,0,0,1,120,4,0,1440
shared_map,high,15.0,10257,timeout,0,0,1,120,3,0,738
shared_map,high,15.0,10258,timeout,0,0,1,120,4,2,1464
shared_map,high,15.0,10259,timeout,0,0,1,120,5,0,2400
shared_map,high,15.0,10260,timeout,0,0,1,120,5,0,2400
shared_map,high,15.0,10261,timeout,0,0,1,120,5,0,2400
shared_map,high,15.0,10262,timeout,0,0,1,120,3,2,754
shared_map,high,15.0,10263,timeout,0,0,1,120,4,2,1464
shared_map,high,15.0,10264,wipeout,0,1,0,15,0,2,104
shared_map,high,15.0,10265,timeout,0,0,1,120,3,0,744
shared_map,high,15.0,10266,timeout,0,0,1,120,4,0,1440
shared_map,high,15.0,10267,timeout,0,0,1,120,5,0,2400
shared_map,high,15.0,10268,timeout,0,0,1,120,5,0,2400
shared_map,high,15.0,10269,timeout,0,0,1,120,4,0,1440
shared_map,high,15.0,10270,timeout,0,0,1,120,5,0,2400
shared_map,high,15.0,10271,timeout,0,0,1,120,4,2,1496
shared_map,high,15.0,10272,timeout,0,0,1,120,5,0,2400
shared_map,high,15.0,10273,timeout,0,0,1,120,5,0,2400
shared_map,high,15.0,10274,timeout,0,0,1,120,5,0,2400
shared_map,high,15.0,10275,timeout,0,0,1,120,5,0,2400
shared_map,high,15.0,10276,timeout,0,0,1,120,5,0,2400
shared_map,high,15.0,10277,timeout,0,0,1,120,5,0,2400
shared_map,high,15.0,10278,timeout,0,0,1,120,4,0,1440
shared_map,high,15.0,10279,timeout,0,0,1,120,5,0,2400
shared_map,high,15.0,10280,timeout,0,0,1,120,4,0,1440
shared_map,high,15.0,10281,timeout,0,0,1,120,4,0,1440
shared_map,high,15.0,10282,timeout,0,0,1,120,4,2,1456
shared_map,high,15.0,10283,timeout,0,0,1,120,4,2,1472
shared_map,high,15.0,10284,timeout,0,0,1,120,4,0,738
shared_map,high,15.0,10285,timeout,0,0,1,120,5,0,2400
shared_map,high,15.0,10286,timeout,0,0,1,120,5,0,2400
shared_map,high,15.0,10287,timeout,0,0,1,120,5,0,2400
shared_map,high,15.0,10288,timeout,0,0,1,120,5,0,2400
shared_map,high,15.0,10289,timeout,0,0,1,120,5,0,2400
shared_map,high,15.0,10290,timeout,0,0,1,120,5,0,2400
shared_map,high,15.0,10291,timeout,0,0,1,120,3,2,818
shared_map,high,15.0,10292,wipeout,0,1,0,11,0,2,78
shared_map,high,15.0,10293,timeout,0,0,1,120,5,0,2400
shared_map,high,15.0,10294,timeout,0,0,1,120,1,2,70
shared_map,high,15.0,10295,wipeout,0,1,0,14,0,2,172
shared_map,high,15.0,10296,timeout,0,0,1,120,4,2,1456
shared_map,high,15.0,10297,timeout,0,0,1,120,3,2,788
shared_map,high,15.0,10298,timeout,0,0,1,120,4,2,1456
shared_map,high,15.0,10299,timeout,0,0,1,120,5,0,2400
shared_map,high,15.0,10300,timeout,0,0,1,120,4,2,1456
shared_map,high,15.0,10301,timeout,0,0,1,120,5,0,2400
shared_map,high,15.0,10302,timeout,0,0,1,120,5,0,2400
shared_map,high,15.0,10303,wipeout,0,1,0,15,0,3,170
shared_map,high,15.0,10304,timeout,0,0,1,120,4,0,1440
shared_map,high,15.0,10305,timeout,0,0,1,120,5,0,2400
shared_map,high,15.0,10306,timeout,0,0,1,120,4,2,1456
shared_map,high,15.0,10307,timeout,0,0,1,120,4,2,1464
shared_map,high,15.0,10308,timeout,0,0,1,120,3,0,738
shared_map,high,15.0,10309,timeout,0,0,1,120,4,2,1456
shared_map,high,15.0,10310,timeout,0,0,1,120,5,2,2400
shared_map,high,15.0,10311,timeout,0,0,1,120,5,0,2400
shared_map,high,15.0,10312,timeout,0,0,1,120,4,2,1488
shared_map,high,15.0,10313,timeout,0,0,1,120,5,0,2400
shared_map,high,15.0,10314,timeout,0,0,1,120,5,0,2400
shared_map,high,15.0,10315,timeout,0,0,1,120,5,0,2400
shared_map,high,15.0,10316,timeout,0,0,1,120,4,2,1456
shared_map,high,15.0,10317,timeout,0,0,1,120,4,2,1464
shared_map,high,15.0,10318,wipeout,0,1,0,14,0,2,78
shared_map,high,15.0,10319,timeout,0,0,1,120,4,0,1440
shared_map,high,15.0,10320,timeout,0,0,1,120,5,0,2400
shared_map,high,15.0,10321,timeout,0,0,1,120,5,0,2400
shared_map,high,15.0,10322,timeout,0,0,1,120,5,0,2400
shared_map,high,15.0,10323,timeout,0,0,1,120,5,0,2400
shared_map,high,15.0,10324,timeout,0,0,1,120,4,2,1472
shared_map,high,15.0,10325,timeout,0,0,1,120,5,0,2400
shared_map,high,15.0,10326,timeout,0,0,1,120,3,3,818
shared_map,high,15.0,10327,timeout,0,0,1,120,5,0,2400
shared_map,high,15.0,10328,timeout,0,0,1,120,3,0,738
shared_map,high,15.0,10329,timeout,0,0,1,120,4,2,1456
shared_map,high,15.0,10330,timeout,0,0,1,120,5,0,2400
shared_map,high,15.0,10331,timeout,0,0,1,120,5,0,2400
shared_map,high,15.0,10332,wipeout,0,1,0,12,0,2,66
shared_map,high,15.0,10333,timeout,0,0,1,120,4,0,1440
shared_map,high,15.0,10334,timeout,0,0,1,120,1,3,188
shared_map,high,15.0,10335,timeout,0,0,1,120,5,0,2400
shared_map,high,15.0,10336,timeout,0,0,1,120,3,0,744
shared_map,high,15.0,10337,wipeout,0,1,0,13,0,3,66
shared_map,high,15.0,10338,timeout,0,0,1,120,3,0,738
shared_map,high,15.0,10339,timeout,0,0,1,120,5,0,2400
shared_map,high,15.0,10340,timeout,0,0,1,120,5,0,2400
shared_map,high,15.0,10341,timeout,0,0,1,120,4,2,1488
shared_map,high,15.0,10342,timeout,0,0,1,120,5,0,2400
shared_map,high,15.0,10343,timeout,0,0,1,120,3,0,738
shared_map,high,15.0,10344,timeout,0,0,1,120,5,0,2400
shared_map,high,15.0,10345,timeout,0,0,1,120,5,0,2400
shared_map,high,15.0,10346,timeout,0,0,1,120,3,2,762
shared_map,high,15.0,10347,timeout,0,0,1,120,4,2,1464
shared_map,high,15.0,10348,timeout,0,0,1,120,4,2,1456
shared_map,high,15.0,10349,timeout,0,0,1,120,4,2,1456
shared_map,high,15.0,10350,timeout,0,0,1,120,4,2,1456
shared_map,high,15.0,10351,wipeout,0,1,0,16,0,3,146
shared_map,high,15.0,10352,timeout,0,0,1,120,5,0,2400
shared_map,high,15.0,10353,timeout,0,0,1,120,5,0,2400
shared_map,high,15.0,10354,timeout,0,0,1,120,5,0,2400
shared_map,high,15.0,10355,timeout,0,0,1,120,5,0,2400
shared_map,high,15.0,10356,timeout,0,0,1,120,4,2,1456
shared_map,high,15.0,10357,timeout,0,0,1,120,3,0,744
shared_map,high,15.0,10358,timeout,0,0,1,120,4,0,1440
shared_map,high,15.0,10359,timeout,0,0,1,120,4,2,1456
shared_map,high,15.0,10360,timeout,0,0,1,120,5,0,2400
shared_map,high,15.0,10361,wipeout,0,1,0,12,0,2,94
shared_map,high,15.0,10362,timeout,0,0,1,120,5,0,2400
shared_map,high,15.0,10363,timeout,0,0,1,120,3,0,738
shared_map,high,15.0,10364,timeout,0,0,1,120,5,0,2400
shared_map,high,15.0,10365,wipeout,0,1,0,22,0,2,160
shared_map,high,15.0,10366,timeout,0,0,1,120,3,2,760
shared_map,high,15.0,10367,timeout,0,0,1,120,5,0,1440
shared_map,high,15.0,10368,timeout,0,0,1,120,4,3,1504
shared_map,high,15.0,10369,timeout,0,0,1,120,5,0,1440
shared_map,high,15.0,10370,timeout,0,0,1,120,5,0,2400
shared_map,high,15.0,10371,timeout,0,0,1,120,4,2,1456
shared_map,high,15.0,10372,wipeout,0,1,0,14,0,2,78
shared_map,high,15.0,10373,timeout,0,0,1,120,5,2,2400
shared_map,high,15.0,10374,timeout,0,0,1,120,3,0,756
shared_map,high,15.0,10375,timeout,0,0,1,120,4,0,1440
shared_map,high,15.0,10376,timeout,0,0,1,120,4,2,1456
shared_map,high,15.0,10377,timeout,0,0,1,120,1,2,52
shared_map,high,15.0,10378,wipeout,0,1,0,11,0,2,90
shared_map,high,15.0,10379,timeout,0,0,1,120,4,3,1488
shared_map,high,15.0,10380,timeout,0,0,1,120,4,0,1440
shared_map,high,15.0,10381,timeout,0,0,1,120,4,2,1456
shared_map,high,15.0,10382,timeout,0,0,1,120,4,0,1440
shared_map,high,15.0,10383,timeout,0,0,1,120,4,2,1464
shared_map,high,15.0,10384,timeout,0,0,1,120,2,2,330
shared_map,high,15.0,10385,timeout,0,0,1,120,1,2,54
shared_map,high,15.0,10386,timeout,0,0,1,120,3,0,744
shared_map,high,15.0,10387,timeout,0,0,1,120,5,0,2400
shared_map,high,15.0,10388,timeout,0,0,1,120,4,0,1440
shared_map,high,15.0,10389,timeout,0,0,1,120,5,0,2400
shared_map,high,15.0,10390,timeout,0,0,1,120,3,0,744
shared_map,high,15.0,10391,wipeout,0,1,0,14,0,2,156
shared_map,high,15.0,10392,timeout,0,0,1,120,5,0,2400
shared_map,high,15.0,10393,timeout,0,0,1,120,2,2,300
shared_map,high,15.0,10394,timeout,0,0,1,120,4,2,1456
shared_map,high,15.0,10395,timeout,0,0,1,120,5,0,2400
shared_map,high,15.0,10396,timeout,0,0,1,120,4,0,1440
shared_map,high,15.0,10397,timeout,0,0,1,120,5,2,2400
shared_map,high,15.0,10398,timeout,0,0,1,120,5,0,2400
shared_map,high,15.0,10399,timeout,0,0,1,120,4,2,1456
shared_map,high,15.0,10400,timeout,0,0,1,120,4,2,1456
shared_map,high,15.0,10401,timeout,0,0,1,120,4,2,1456
shared_map,high,15.0,10402,timeout,0,0,1,120,4,2,1464
shared_map,high,15.0,10403,timeout,0,0,1,120,4,2,1464
shared_map,high,15.0,10404,wipeout,0,1,0,11,0,2,120
shared_map,high,15.0,10405,timeout,0,0,1,120,2,2,288
shared_map,high,15.0,10406,wipeout,0,1,0,6,0,3,86
shared_map,high,15.0,10407,timeout,0,0,1,120,4,2,1456
shared_map,high,15.0,10408,timeout,0,0,1,120,1,2,182
shared_map,high,15.0,10409,timeout,0,0,1,120,4,2,1456
shared_map,high,15.0,10410,timeout,0,0,1,120,5,0,2400
shared_map,high,15.0,10411,timeout,0,0,1,120,5,0,2400
shared_map,high,15.0,10412,timeout,0,0,1,120,5,0,2400
shared_map,high,15.0,10413,timeout,0,0,1,120,3,2,768
shared_map,high,15.0,10414,wipeout,0,1,0,11,0,3,100
shared_map,high,15.0,10415,timeout,0,0,1,120,5,0,2400
shared_map,high,15.0,10416,timeout,0,0,1,120,5,0,1440
shared_map,high,15.0,10417,timeout,0,0,1,120,1,2,168
shared_map,high,15.0,10418,timeout,0,0,1,120,4,2,1464
shared_map,high,15.0,10419,wipeout,0,1,0,11,0,2,132
shared_map,high,15.0,10420,timeout,0,0,1,120,1,2,174
shared_map,high,15.0,10421,wipeout,0,1,0,11,0,2,134
shared_map,high,15.0,10422,timeout,0,0,1,120,4,0,738
shared_map,high,15.0,10423,wipeout,0,1,0,9,0,2,100
shared_map,high,15.0,10424,timeout,0,0,1,120,5,0,2400
shared_map,high,15.0,10425,timeout,0,0,1,120,5,0,2400
shared_map,high,15.0,10426,timeout,0,0,1,120,3,0,732
shared_map,high,15.0,10427,timeout,0,0,1,120,2,3,356
shared_map,high,15.0,10428,timeout,0,0,1,120,5,2,2400
shared_map,high,15.0,10429,timeout,0,0,1,120,5,0,2400
shared_map,high,15.0,10430,wipeout,0,1,0,9,0,3,96
shared_map,high,15.0,10431,timeout,0,0,1,120,4,0,1440
shared_map,high,15.0,10432,timeout,0,0,1,120,5,0,2400
shared_map,high,15.0,10433,timeout,0,0,1,120,4,0,1440
shared_map,high,15.0,10434,timeout,0,0,1,120,5,0,2400
shared_map,high,15.0,10435,timeout,0,0,1,120,4,2,1464
shared_map,high,15.0,10436,timeout,0,0,1,120,3,2,754
shared_map,high,15.0,10437,timeout,0,0,1,120,5,0,2400
shared_map,high,15.0,10438,timeout,0,0,1,120,3,0,732
shared_map,high,15.0,10439,timeout,0,0,1,120,4,2,1456
shared_map,high,15.0,10440,timeout,0,0,1,120,1,3,66
shared_map,high,15.0,10441,timeout,0,0,1,120,4,2,1456
shared_map,high,15.0,10442,timeout,0,0,1,120,5,0,2400
shared_map,high,15.0,10443,timeout,0,0,1,120,1,3,72
shared_map,high,15.0,10444,timeout,0,0,1,120,4,0,1440
shared_map,high,15.0,10445,timeout,0,0,1,120,5,0,2400
shared_map,high,15.0,10446,timeout,0,0,1,120,5,2,2400
shared_map,high,15.0,10447,timeout,0,0,1,120,4,2,1456
shared_map,high,15.0,10448,timeout,0,0,1,120,4,0,756
shared_map,high,15.0,10449,timeout,0,0,1,120,5,0,2400
shared_map,high,15.0,10450,timeout,0,0,1,120,1,3,120
shared_map,high,15.0,10451,wipeout,0,1,0,10,0,3,168
shared_map,high,15.0,10452,timeout,0,0,1,120,4,2,1464
shared_map,high,15.0,10453,timeout,0,0,1,120,3,2,748
shared_map,high,15.0,10454,timeout,0,0,1,120,5,0,2400
shared_map,high,15.0,10455,timeout,0,0,1,120,3,0,738
shared_map,high,15.0,10456,timeout,0,0,1,120,5,0,2400
shared_map,high,15.0,10457,timeout,0,0,1,120,4,2,1464
shared_map,high,15.0,10458,timeout,0,0,1,120,4,0,1440
shared_map,high,15.0,10459,timeout,0,0,1,120,3,0,750
shared_map,high,15.0,10460,timeout,0,0,1,120,4,2,1456
shared_map,high,15.0,10461,timeout,0,0,1,120,3,0,738
shared_map,high,15.0,10462,timeout,0,0,1,120,4,2,1456
shared_map,high,15.0,10463,timeout,0,0,1,120,4,0,1440
shared_map,high,15.0,10464,timeout,0,0,1,120,5,0,2400
shared_map,high,15.0,10465,timeout,0,0,1,120,4,2,1456
shared_map,high,15.0,10466,timeout,0,0,1,120,4,2,1464
shared_map,high,15.0,10467,timeout,0,0,1,120,3,2,768
shared_map,high,15.0,10468,timeout,0,0,1,120,5,2,2400
shared_map,high,15.0,10469,timeout,0,0,1,120,5,0,2400
shared_map,high,15.0,10470,timeout,0,0,1,120,4,0,1440
shared_map,high,15.0,10471,timeout,0,0,1,120,5,0,1440
shared_map,high,15.0,10472,timeout,0,0,1,120,4,2,1456
shared_map,high,15.0,10473,timeout,0,0,1,120,4,0,1440
shared_map,high,15.0,10474,timeout,0,0,1,120,5,0,2400
shared_map,high,15.0,10475,timeout,0,0,1,120,5,0,2400
shared_map,high,15.0,10476,timeout,0,0,1,120,5,0,2400
shared_map,high,15.0,10477,timeout,0,0,1,120,4,2,1456
shared_map,high,15.0,10478,timeout,0,0,1,120,4,0,1440
shared_map,high,15.0,10479,timeout,0,0,1,120,2,2,428
shared_map,high,15.0,10480,timeout,0,0,1,120,4,2,1480
shared_map,high,15.0,10481,timeout,0,0,1,120,4,2,1456
shared_map,high,15.0,10482,timeout,0,0,1,120,5,0,1440
shared_map,high,15.0,10483,timeout,0,0,1,120,5,0,2400
shared_map,high,15.0,10484,timeout,0,0,1,120,4,2,1528
shared_map,high,15.0,10485,timeout,0,0,1,120,4,0,738
shared_map,high,15.0,10486,timeout,0,0,1,120,2,3,382
shared_map,high,15.0,10487,timeout,0,0,1,120,4,0,1440
shared_map,high,15.0,10488,timeout,0,0,1,120,5,0,2400
shared_map,high,15.0,10489,timeout,0,0,1,120,3,0,738
shared_map,high,15.0,10490,timeout,0,0,1,120,5,0,1440
shared_map,high,15.0,10491,timeout,0,0,1,120,5,0,2400
shared_map,high,15.0,10492,timeout,0,0,1,120,4,2,1456
shared_map,high,15.0,10493,timeout,0,0,1,120,5,0,2400
shared_map,high,15.0,10494,timeout,0,0,1,120,5,3,2400
shared_map,high,15.0,10495,timeout,0,0,1,120,4,2,1456
shared_map,high,15.0,10496,timeout,0,0,1,120,4,0,1440
shared_map,high,15.0,10497,timeout,0,0,1,120,3,2,754
shared_map,high,15.0,10498,timeout,0,0,1,120,5,0,1440
shared_map,high,15.0,10499,timeout,0,0,1,120,5,0,2400
split_exit,high,15.0,10000,timeout,0,0,1,120,2,2,338
split_exit,high,15.0,10001,timeout,0,0,1,120,3,0,831
split_exit,high,15.0,10002,timeout,0,0,1,120,3,0,760
split_exit,high,15.0,10003,wipeout,0,1,0,8,0,2,60
split_exit,high,15.0,10004,wipeout,0,1,0,10,0,2,78
split_exit,high,15.0,10005,timeout,0,0,1,120,3,2,257
split_exit,high,15.0,10006,timeout,0,0,1,120,3,2,792
split_exit,high,15.0,10007,timeout,0,0,1,120,3,2,261
split_exit,high,15.0,10008,timeout,0,0,1,120,3,2,730
split_exit,high,15.0,10009,timeout,0,0,1,120,3,0,768
split_exit,high,15.0,10010,timeout,0,0,1,120,2,2,253
split_exit,high,15.0,10011,timeout,0,0,1,120,2,2,312
split_exit,high,15.0,10012,timeout,0,0,1,120,5,0,2400
split_exit,high,15.0,10013,timeout,0,0,1,120,3,4,273
split_exit,high,15.0,10014,timeout,0,0,1,120,2,2,289
split_exit,high,15.0,10015,timeout,0,0,1,120,3,4,277
split_exit,high,15.0,10016,timeout,0,0,1,120,3,2,768
split_exit,high,15.0,10017,timeout,0,0,1,120,1,2,52
split_exit,high,15.0,10018,timeout,0,0,1,120,4,4,733
split_exit,high,15.0,10019,timeout,0,0,1,120,3,0,786
split_exit,high,15.0,10020,timeout,0,0,1,120,3,3,778
split_exit,high,15.0,10021,timeout,0,0,1,120,3,4,262
split_exit,high,15.0,10022,timeout,0,0,1,120,3,4,269
split_exit,high,15.0,10023,timeout,0,0,1,120,2,2,257
split_exit,high,15.0,10024,timeout,0,0,1,120,2,2,254
split_exit,high,15.0,10025,wipeout,0,1,0,10,0,3,54
split_exit,high,15.0,10026,timeout,0,0,1,120,1,3,54
split_exit,high,15.0,10027,timeout,0,0,1,120,3,2,788
split_exit,high,15.0,10028,timeout,0,0,1,120,2,2,261
split_exit,high,15.0,10029,timeout,0,0,1,120,3,4,261
split_exit,high,15.0,10030,timeout,0,0,1,120,3,0,768
split_exit,high,15.0,10031,timeout,0,0,1,120,3,3,295
split_exit,high,15.0,10032,wipeout,0,1,0,10,0,2,52
split_exit,high,15.0,10033,timeout,0,0,1,120,3,2,259
split_exit,high,15.0,10034,timeout,0,0,1,120,2,2,257
split_exit,high,15.0,10035,timeout,0,0,1,120,3,0,768
split_exit,high,15.0,10036,timeout,0,0,1,120,1,2,122
split_exit,high,15.0,10037,timeout,0,0,1,120,1,2,24
split_exit,high,15.0,10038,timeout,0,0,1,120,3,2,778
split_exit,high,15.0,10039,timeout,0,0,1,120,2,2,255
split_exit,high,15.0,10040,wipeout,0,1,0,9,0,3,42
split_exit,high,15.0,10041,timeout,0,0,1,120,4,2,489
split_exit,high,15.0,10042,timeout,0,0,1,120,2,2,255
split_exit,high,15.0,10043,wipeout,0,1,0,7,0,2,46
split_exit,high,15.0,10044,timeout,0,0,1,120,3,0,804
split_exit,high,15.0,10045,timeout,0,0,1,120,3,0,790
split_exit,high,15.0,10046,timeout,0,0,1,120,2,3,261
split_exit,high,15.0,10047,timeout,0,0,1,120,3,2,788
split_exit,high,15.0,10048,timeout,0,0,1,120,2,2,253
split_exit,high,15.0,10049,timeout,0,0,1,120,3,2,804
split_exit,high,15.0,10050,wipeout,0,1,0,7,0,2,60
split_exit,high,15.0,10051,timeout,0,0,1,120,3,0,744
split_exit,high,15.0,10052,timeout,0,0,1,120,3,0,830
split_exit,high,15.0,10053,timeout,0,0,1,120,3,0,782
split_exit,high,15.0,10054,timeout,0,0,1,120,5,0,2400
split_exit,high,15.0,10055,timeout,0,0,1,120,2,2,306
split_exit,high,15.0,10056,timeout,0,0,1,120,3,3,300
split_exit,high,15.0,10057,timeout,0,0,1,120,3,0,754
split_exit,high,15.0,10058,timeout,0,0,1,120,3,0,774
split_exit,high,15.0,10059,timeout,0,0,1,120,3,2,774
split_exit,high,15.0,10060,timeout,0,0,1,120,3,0,808
split_exit,high,15.0,10061,timeout,0,0,1,120,3,4,266
split_exit,high,15.0,10062,timeout,0,0,1,120,3,0,796
split_exit,high,15.0,10063,timeout,0,0,1,120,3,4,726
split_exit,high,15.0,10064,timeout,0,0,1,120,3,5,294
split_exit,high,15.0,10065,timeout,0,0,1,120,2,4,269
split_exit,high,15.0,10066,timeout,0,0,1,120,5,2,2400
split_exit,high,15.0,10067,timeout,0,0,1,120,2,3,257
split_exit,high,15.0,10068,timeout,0,0,1,120,4,0,1464
split_exit,high,15.0,10069,wipeout,0,1,0,5,0,3,30
split_exit,high,15.0,10070,timeout,0,0,1,120,2,2,344
split_exit,high,15.0,10071,timeout,0,0,1,120,3,0,760
split_exit,high,15.0,10072,timeout,0,0,1,120,5,0,2400
split_exit,high,15.0,10073,timeout,0,0,1,120,2,2,259
split_exit,high,15.0,10074,timeout,0,0,1,120,3,2,772
split_exit,high,15.0,10075,timeout,0,0,1,120,2,2,302
split_exit,high,15.0,10076,timeout,0,0,1,120,4,4,733
split_exit,high,15.0,10077,timeout,0,0,1,120,2,0,269
split_exit,high,15.0,10078,timeout,0,0,1,120,3,0,754
split_exit,high,15.0,10079,timeout,0,0,1,120,2,2,265
split_exit,high,15.0,10080,timeout,0,0,1,120,2,2,255
split_exit,high,15.0,10081,timeout,0,0,1,120,3,2,725
split_exit,high,15.0,10082,timeout,0,0,1,120,3,0,738
split_exit,high,15.0,10083,wipeout,0,1,0,11,0,2,108
split_exit,high,15.0,10084,timeout,0,0,1,120,2,2,261
split_exit,high,15.0,10085,timeout,0,0,1,120,2,2,312
split_exit,high,15.0,10086,timeout,0,0,1,120,3,4,309
split_exit,high,15.0,10087,timeout,0,0,1,120,3,0,768
split_exit,high,15.0,10088,timeout,0,0,1,120,3,0,738
split_exit,high,15.0,10089,timeout,0,0,1,120,4,0,1472
split_exit,high,15.0,10090,timeout,0,0,1,120,1,3,130
split_exit,high,15.0,10091,timeout,0,0,1,120,3,0,753
split_exit,high,15.0,10092,timeout,0,0,1,120,3,2,725
split_exit,high,15.0,10093,timeout,0,0,1,120,2,3,257
split_exit,high,15.0,10094,timeout,0,0,1,120,1,2,58
split_exit,high,15.0,10095,timeout,0,0,1,120,2,4,273
split_exit,high,15.0,10096,wipeout,0,1,0,16,0,2,92
split_exit,high,15.0,10097,timeout,0,0,1,120,3,0,742
split_exit,high,15.0,10098,timeout,0,0,1,120,3,0,744
split_exit,high,15.0,10099,timeout,0,0,1,120,2,2,352
split_exit,high,15.0,10100,timeout,0,0,1,120,5,0,2400
split_exit,high,15.0,10101,timeout,0,0,1,120,3,4,759
split_exit,high,15.0,10102,timeout,0,0,1,120,4,0,1464
split_exit,high,15.0,10103,timeout,0,0,1,120,4,0,1464
split_exit,high,15.0,10104,timeout,0,0,1,120,3,2,794
split_exit,high,15.0,10105,timeout,0,0,1,120,5,0,2400
split_exit,high,15.0,10106,timeout,0,0,1,120,2,4,277
split_exit,high,15.0,10107,wipeout,0,1,0,6,0,2,66
split_exit,high,15.0,10108,timeout,0,0,1,120,3,0,756
split_exit,high,15.0,10109,timeout,0,0,1,120,2,4,266
split_exit,high,15.0,10110,wipeout,0,1,0,6,0,2,49
split_exit,high,15.0,10111,timeout,0,0,1,120,1,2,50
split_exit,high,15.0,10112,timeout,0,0,1,120,2,2,260
split_exit,high,15.0,10113,wipeout,0,1,0,10,0,2,72
split_exit,high,15.0,10114,timeout,0,0,1,120,3,2,774
split_exit,high,15.0,10115,timeout,0,0,1,120,2,2,255
split_exit,high,15.0,10116,timeout,0,0,1,120,1,2,80
split_exit,high,15.0,10117,timeout,0,0,1,120,2,2,284
split_exit,high,15.0,10118,timeout,0,0,1,120,3,0,782
split_exit,high,15.0,10119,timeout,0,0,1,120,3,4,317
split_exit,high,15.0,10120,timeout,0,0,1,120,2,4,288
split_exit,high,15.0,10121,timeout,0,0,1,120,2,2,261
split_exit,high,15.0,10122,timeout,0,0,1,120,2,3,254
split_exit,high,15.0,10123,timeout,0,0,1,120,2,2,286
split_exit,high,15.0,10124,timeout,0,0,1,120,2,2,257
split_exit,high,15.0,10125,timeout,0,0,1,120,4,3,1464
split_exit,high,15.0,10126,timeout,0,0,1,120,3,0,782
split_exit,high,15.0,10127,timeout,0,0,1,120,1,2,104
split_exit,high,15.0,10128,timeout,0,0,1,120,3,0,748
split_exit,high,15.0,10129,timeout,0,0,1,120,2,2,254
split_exit,high,15.0,10130,wipeout,0,1,0,10,0,3,48
split_exit,high,15.0,10131,timeout,0,0,1,120,4,2,1488
split_exit,high,15.0,10132,wipeout,0,1,0,12,0,2,44
split_exit,high,15.0,10133,timeout,0,0,1,120,2,2,259
split_exit,high,15.0,10134,timeout,0,0,1,120,4,2,489
split_exit,high,15.0,10135,timeout,0,0,1,120,2,4,270
split_exit,high,15.0,10136,timeout,0,0,1,120,2,2,306
split_exit,high,15.0,10137,timeout,0,0,1,120,3,0,774
split_exit,high,15.0,10138,timeout,0,0,1,120,3,2,845
split_exit,high,15.0,10139,timeout,0,0,1,120,2,3,266
split_exit,high,15.0,10140,timeout,0,0,1,120,2,2,328
split_exit,high,15.0,10141,timeout,0,0,1,120,3,0,774
split_exit,high,15.0,10142,timeout,0,0,1,120,3,2,776
split_exit,high,15.0,10143,timeout,0,0,1,120,3,0,794
split_exit,high,15.0,10144,timeout,0,0,1,120,4,0,1456
split_exit,high,15.0,10145,timeout,0,0,1,120,2,2,324
split_exit,high,15.0,10146,wipeout,0,1,0,10,0,2,80
split_exit,high,15.0,10147,timeout,0,0,1,120,3,2,267
split_exit,high,15.0,10148,wipeout,0,1,0,6,0,2,66
split_exit,high,15.0,10149,timeout,0,0,1,120,3,4,258
split_exit,high,15.0,10150,timeout,0,0,1,120,3,2,744
split_exit,high,15.0,10151,wipeout,0,1,0,7,0,2,68
split_exit,high,15.0,10152,timeout,0,0,1,120,3,0,782
split_exit,high,15.0,10153,timeout,0,0,1,120,4,0,1456
split_exit,high,15.0,10154,timeout,0,0,1,120,3,2,760
split_exit,high,15.0,10155,timeout,0,0,1,120,3,4,286
split_exit,high,15.0,10156,timeout,0,0,1,120,1,2,180
split_exit,high,15.0,10157,timeout,0,0,1,120,3,0,774
split_exit,high,15.0,10158,timeout,0,0,1,120,3,0,760
split_exit,high,15.0,10159,timeout,0,0,1,120,2,2,257
split_exit,high,15.0,10160,timeout,0,0,1,120,3,2,776
split_exit,high,15.0,10161,timeout,0,0,1,120,2,0,303
split_exit,high,15.0,10162,timeout,0,0,1,120,3,4,265
split_exit,high,15.0,10163,timeout,0,0,1,120,2,0,269
split_exit,high,15.0,10164,wipeout,0,1,0,9,0,2,52
split_exit,high,15.0,10165,timeout,0,0,1,120,2,2,281
split_exit,high,15.0,10166,timeout,0,0,1,120,2,2,255
split_exit,high,15.0,10167,timeout,0,0,1,120,4,4,740
split_exit,high,15.0,10168,timeout,0,0,1,120,5,2,2400
split_exit,high,15.0,10169,timeout,0,0,1,120,3,2,257
split_exit,high,15.0,10170,timeout,0,0,1,120,3,0,754
split_exit,high,15.0,10171,timeout,0,0,1,120,2,4,266
split_exit,high,15.0,10172,timeout,0,0,1,120,4,0,1456
split_exit,high,15.0,10173,timeout,0,0,1,120,1,2,27
split_exit,high,15.0,10174,timeout,0,0,1,120,3,2,257
split_exit,high,15.0,10175,timeout,0,0,1,120,2,3,270
split_exit,high,15.0,10176,timeout,0,0,1,120,4,0,1480
split_exit,high,15.0,10177,timeout,0,0,1,120,3,0,816
split_exit,high,15.0,10178,timeout,0,0,1,120,3,4,733
split_exit,high,15.0,10179,timeout,0,0,1,120,2,4,284
split_exit,high,15.0,10180,timeout,0,0,1,120,2,2,255
split_exit,high,15.0,10181,timeout,0,0,1,120,3,2,794
split_exit,high,15.0,10182,wipeout,0,1,0,12,0,2,90
split_exit,high,15.0,10183,wipeout,0,1,0,10,0,2,66
split_exit,high,15.0,10184,timeout,0,0,1,120,2,2,253
split_exit,high,15.0,10185,timeout,0,0,1,120,3,0,768
split_exit,high,15.0,10186,timeout,0,0,1,120,2,2,257
split_exit,high,15.0,10187,timeout,0,0,1,120,3,2,728
split_exit,high,15.0,10188,timeout,0,0,1,120,1,2,48
split_exit,high,15.0,10189,timeout,0,0,1,120,3,0,816
split_exit,high,15.0,10190,timeout,0,0,1,120,3,4,261
split_exit,high,15.0,10191,wipeout,0,1,0,11,0,2,52
split_exit,high,15.0,10192,timeout,0,0,1,120,3,2,274
split_exit,high,15.0,10193,timeout,0,0,1,120,3,2,730
split_exit,high,15.0,10194,timeout,0,0,1,120,2,4,288
split_exit,high,15.0,10195,wipeout,0,1,0,10,0,2,78
split_exit,high,15.0,10196,timeout,0,0,1,120,4,2,489
split_exit,high,15.0,10197,timeout,0,0,1,120,2,2,253
split_exit,high,15.0,10198,timeout,0,0,1,120,3,0,750
split_exit,high,15.0,10199,timeout,0,0,1,120,1,2,58
split_exit,high,15.0,10200,timeout,0,0,1,120,3,2,748
split_exit,high,15.0,10201,wipeout,0,1,0,12,0,2,40
split_exit,high,15.0,10202,timeout,0,0,1,120,2,0,335
split_exit,high,15.0,10203,timeout,0,0,1,120,1,2,52
split_exit,high,15.0,10204,timeout,0,0,1,120,3,4,274
split_exit,high,15.0,10205,timeout,0,0,1,120,3,0,818
split_exit,high,15.0,10206,timeout,0,0,1,120,2,0,269
split_exit,high,15.0,10207,timeout,0,0,1,120,1,2,27
split_exit,high,15.0,10208,timeout,0,0,1,120,3,2,794
split_exit,high,15.0,10209,timeout,0,0,1,120,2,3,277
split_exit,high,15.0,10210,timeout,0,0,1,120,3,0,751
split_exit,high,15.0,10211,timeout,0,0,1,120,2,2,262
split_exit,high,15.0,10212,wipeout,0,1,0,11,0,2,64
split_exit,high,15.0,10213,timeout,0,0,1,120,3,2,768
split_exit,high,15.0,10214,timeout,0,0,1,120,3,0,744
split_exit,high,15.0,10215,timeout,0,0,1,120,3,0,774
split_exit,high,15.0,10216,timeout,0,0,1,120,3,0,776
split_exit,high,15.0,10217,timeout,0,0,1,120,2,2,257
split_exit,high,15.0,10218,timeout,0,0,1,120,2,0,269
split_exit,high,15.0,10219,timeout,0,0,1,120,3,4,740
split_exit,high,15.0,10220,timeout,0,0,1,120,2,2,258
split_exit,high,15.0,10221,timeout,0,0,1,120,3,2,255
split_exit,high,15.0,10222,timeout,0,0,1,120,2,2,262
split_exit,high,15.0,10223,timeout,0,0,1,120,2,2,306
split_exit,high,15.0,10224,timeout,0,0,1,120,3,4,255
split_exit,high,15.0,10225,timeout,0,0,1,120,3,4,277
split_exit,high,15.0,10226,timeout,0,0,1,120,3,4,284
split_exit,high,15.0,10227,timeout,0,0,1,120,1,2,66
split_exit,high,15.0,10228,timeout,0,0,1,120,2,2,257
split_exit,high,15.0,10229,wipeout,0,1,0,7,0,2,98
split_exit,high,15.0,10230,timeout,0,0,1,120,1,2,60
split_exit,high,15.0,10231,timeout,0,0,1,120,3,4,285
split_exit,high,15.0,10232,timeout,0,0,1,120,1,3,74
split_exit,high,15.0,10233,timeout,0,0,1,120,3,4,266
split_exit,high,15.0,10234,timeout,0,0,1,120,2,3,334
split_exit,high,15.0,10235,timeout,0,0,1,120,3,0,782
split_exit,high,15.0,10236,timeout,0,0,1,120,3,0,750
split_exit,high,15.0,10237,timeout,0,0,1,120,3,0,831
split_exit,high,15.0,10238,timeout,0,0,1,120,2,3,284
split_exit,high,15.0,10239,timeout,0,0,1,120,2,4,262
split_exit,high,15.0,10240,timeout,0,0,1,120,2,2,378
split_exit,high,15.0,10241,timeout,0,0,1,120,2,4,277
split_exit,high,15.0,10242,timeout,0,0,1,120,2,3,257
split_exit,high,15.0,10243,timeout,0,0,1,120,4,0,1456
split_exit,high,15.0,10244,timeout,0,0,1,120,1,2,48
split_exit,high,15.0,10245,timeout,0,0,1,120,3,0,774
split_exit,high,15.0,10246,timeout,0,0,1,120,1,2,104
split_exit,high,15.0,10247,timeout,0,0,1,120,3,4,726
split_exit,high,15.0,10248,timeout,0,0,1,120,2,4,270
split_exit,high,15.0,10249,timeout,0,0,1,120,2,2,257
split_exit,high,15.0,10250,timeout,0,0,1,120,4,0,1480
split_exit,high,15.0,10251,timeout,0,0,1,120,3,4,288
split_exit,high,15.0,10252,timeout,0,0,1,120,2,2,256
split_exit,high,15.0,10253,timeout,0,0,1,120,3,2,768
split_exit,high,15.0,10254,timeout,0,0,1,120,3,4,726
split_exit,high,15.0,10255,timeout,0,0,1,120,3,0,751
split_exit,high,15.0,10256,timeout,0,0,1,120,3,3,778
split_exit,high,15.0,10257,timeout,0,0,1,120,3,4,281
split_exit,high,15.0,10258,timeout,0,0,1,120,2,2,258
split_exit,high,15.0,10259,timeout,0,0,1,120,3,0,754
split_exit,high,15.0,10260,timeout,0,0,1,120,3,0,782
split_exit,high,15.0,10261,timeout,0,0,1,120,3,2,810
split_exit,high,15.0,10262,timeout,0,0,1,120,1,2,24
split_exit,high,15.0,10263,timeout,0,0,1,120,2,2,258
split_exit,high,15.0,10264,wipeout,0,1,0,15,0,2,68
split_exit,high,15.0,10265,timeout,0,0,1,120,3,3,294
split_exit,high,15.0,10266,timeout,0,0,1,120,3,4,285
split_exit,high,15.0,10267,timeout,0,0,1,120,3,0,748
split_exit,high,15.0,10268,timeout,0,0,1,120,3,2,752
split_exit,high,15.0,10269,timeout,0,0,1,120,3,4,740
split_exit,high,15.0,10270,timeout,0,0,1,120,3,0,782
split_exit,high,15.0,10271,timeout,0,0,1,120,2,2,273
split_exit,high,15.0,10272,timeout,0,0,1,120,3,0,774
split_exit,high,15.0,10273,timeout,0,0,1,120,3,4,756
split_exit,high,15.0,10274,timeout,0,0,1,120,3,0,810
split_exit,high,15.0,10275,timeout,0,0,1,120,3,0,768
split_exit,high,15.0,10276,timeout,0,0,1,120,5,0,2400
split_exit,high,15.0,10277,timeout,0,0,1,120,4,0,1464
split_exit,high,15.0,10278,timeout,0,0,1,120,2,2,289
split_exit,high,15.0,10279,timeout,0,0,1,120,3,2,730
split_exit,high,15.0,10280,timeout,0,0,1,120,2,4,277
split_exit,high,15.0,10281,timeout,0,0,1,120,2,4,266
split_exit,high,15.0,10282,timeout,0,0,1,120,3,2,760
split_exit,high,15.0,10283,timeout,0,0,1,120,3,2,267
split_exit,high,15.0,10284,timeout,0,0,1,120,2,4,261
split_exit,high,15.0,10285,timeout,0,0,1,120,4,0,1456
split_exit,high,15.0,10286,timeout,0,0,1,120,3,0,768
split_exit,high,15.0,10287,timeout,0,0,1,120,3,2,768
split_exit,high,15.0,10288,timeout,0,0,1,120,3,0,756
split_exit,high,15.0,10289,timeout,0,0,1,120,4,0,1464
split_exit,high,15.0,10290,timeout,0,0,1,120,3,2,751
split_exit,high,15.0,10291,timeout,0,0,1,120,1,3,86
split_exit,high,15.0,10292,timeout,0,0,1,120,2,2,294
split_exit,high,15.0,10293,timeout,0,0,1,120,3,3,740
split_exit,high,15.0,10294,timeout,0,0,1,120,1,2,52
split_exit,high,15.0,10295,wipeout,0,1,0,13,0,2,104
split_exit,high,15.0,10296,timeout,0,0,1,120,2,2,25
split_exit,high,15.0,10297,timeout,0,0,1,120,2,2,298
split_exit,high,15.0,10298,timeout,0,0,1,120,2,3,257
split_exit,high,15.0,10299,timeout,0,0,1,120,3,0,762
split_exit,high,15.0,10300,timeout,0,0,1,120,2,2,261
split_exit,high,15.0,10301,timeout,0,0,1,120,3,0,756
split_exit,high,15.0,10302,timeout,0,0,1,120,3,0,762
split_exit,high,15.0,10303,wipeout,0,1,0,15,0,2,78
split_exit,high,15.0,10304,timeout,0,0,1,120,2,2,269
split_exit,high,15.0,10305,timeout,0,0,1,120,4,0,1480
split_exit,high,15.0,10306,timeout,0,0,1,120,2,2,257
split_exit,high,15.0,10307,timeout,0,0,1,120,4,2,492
split_exit,high,15.0,10308,timeout,0,0,1,120,2,4,261
split_exit,high,15.0,10309,timeout,0,0,1,120,2,2,253
split_exit,high,15.0,10310,timeout,0,0,1,120,1,2,82
split_exit,high,15.0,10311,timeout,0,0,1,120,3,0,756
split_exit,high,15.0,10312,timeout,0,0,1,120,2,2,270
split_exit,high,15.0,10313,timeout,0,0,1,120,3,0,760
split_exit,high,15.0,10314,timeout,0,0,1,120,3,0,744
split_exit,high,15.0,10315,timeout,0,0,1,120,3,2,728
split_exit,high,15.0,10316,timeout,0,0,1,120,3,2,255
split_exit,high,15.0,10317,timeout,0,0,1,120,2,2,264
split_exit,high,15.0,10318,wipeout,0,1,0,7,0,2,46
split_exit,high,15.0,10319,timeout,0,0,1,120,3,0,662
split_exit,high,15.0,10320,timeout,0,0,1,120,4,0,1464
split_exit,high,15.0,10321,timeout,0,0,1,120,3,0,776
split_exit,high,15.0,10322,timeout,0,0,1,120,4,2,1456
split_exit,high,15.0,10323,timeout,0,0,1,120,3,0,782
split_exit,high,15.0,10324,timeout,0,0,1,120,2,2,262
split_exit,high,15.0,10325,timeout,0,0,1,120,3,0,774
split_exit,high,15.0,10326,timeout,0,0,1,120,2,2,352
split_exit,high,15.0,10327,timeout,0,0,1,120,4,0,1456
split_exit,high,15.0,10328,timeout,0,0,1,120,3,4,266
split_exit,high,15.0,10329,timeout,0,0,1,120,4,2,489
split_exit,high,15.0,10330,timeout,0,0,1,120,3,3,782
split_exit,high,15.0,10331,timeout,0,0,1,120,3,0,768
split_exit,high,15.0,10332,timeout,0,0,1,120,1,2,58
split_exit,high,15.0,10333,timeout,0,0,1,120,3,3,741
split_exit,high,15.0,10334,timeout,0,0,1,120,1,2,112
split_exit,high,15.0,10335,timeout,0,0,1,120,3,2,802
split_exit,high,15.0,10336,timeout,0,0,1,120,3,5,272
split_exit,high,15.0,10337,wipeout,0,1,0,5,0,2,58
split_exit,high,15.0,10338,timeout,0,0,1,120,3,4,258
split_exit,high,15.0,10339,timeout,0,0,1,120,3,0,782
split_exit,high,15.0,10340,timeout,0,0,1,120,3,0,768
split_exit,high,15.0,10341,timeout,0,0,1,120,2,2,271
split_exit,high,15.0,10342,timeout,0,0,1,120,3,2,782
split_exit,high,15.0,10343,timeout,0,0,1,120,3,4,273
split_exit,high,15.0,10344,timeout,0,0,1,120,3,0,810
split_exit,high,15.0,10345,timeout,0,0,1,120,3,0,774
split_exit,high,15.0,10346,timeout,0,0,1,120,2,2,275
split_exit,high,15.0,10347,timeout,0,0,1,120,2,2,260
split_exit,high,15.0,10348,timeout,0,0,1,120,2,2,255
split_exit,high,15.0,10349,timeout,0,0,1,120,2,2,261
split_exit,high,15.0,10350,timeout,0,0,1,120,2,2,257
split_exit,high,15.0,10351,wipeout,0,1,0,15,0,3,126
split_exit,high,15.0,10352,timeout,0,0,1,120,4,2,1456
split_exit,high,15.0,10353,timeout,0,0,1,120,4,0,1456
split_exit,high,15.0,10354,timeout,0,0,1,120,4,0,1464
split_exit,high,15.0,10355,timeout,0,0,1,120,3,0,774
split_exit,high,15.0,10356,timeout,0,0,1,120,2,3,253
split_exit,high,15.0,10357,timeout,0,0,1,120,3,2,273
split_exit,high,15.0,10358,timeout,0,0,1,120,3,4,733
split_exit,high,15.0,10359,timeout,0,0,1,120,2,2,253
split_exit,high,15.0,10360,timeout,0,0,1,120,3,0,750
split_exit,high,15.0,10361,wipeout,0,1,0,12,0,2,44
split_exit,high,15.0,10362,timeout,0,0,1,120,3,0,768
split_exit,high,15.0,10363,timeout,0,0,1,120,3,4,273
split_exit,high,15.0,10364,timeout,0,0,1,120,3,0,768
split_exit,high,15.0,10365,wipeout,0,1,0,12,0,2,44
split_exit,high,15.0,10366,timeout,0,0,1,120,2,2,255
split_exit,high,15.0,10367,timeout,0,0,1,120,3,4,297
split_exit,high,15.0,10368,timeout,0,0,1,120,2,3,277
split_exit,high,15.0,10369,timeout,0,0,1,120,3,4,277
split_exit,high,15.0,10370,timeout,0,0,1,120,3,0,768
split_exit,high,15.0,10371,timeout,0,0,1,120,2,3,256
split_exit,high,15.0,10372,wipeout,0,1,0,7,0,2,46
split_exit,high,15.0,10373,timeout,0,0,1,120,2,2,308
split_exit,high,15.0,10374,timeout,0,0,1,120,2,2,290
split_exit,high,15.0,10375,timeout,0,0,1,120,3,4,285
split_exit,high,15.0,10376,timeout,0,0,1,120,4,2,489
split_exit,high,15.0,10377,timeout,0,0,1,120,2,2,320
split_exit,high,15.0,10378,wipeout,0,1,0,12,0,2,48
split_exit,high,15.0,10379,timeout,0,0,1,120,3,3,772
split_exit,high,15.0,10380,timeout,0,0,1,120,2,0,269
split_exit,high,15.0,10381,timeout,0,0,1,120,4,2,489
split_exit,high,15.0,10382,timeout,0,0,1,120,2,4,277
split_exit,high,15.0,10383,timeout,0,0,1,120,2,2,258
split_exit,high,15.0,10384,timeout,0,0,1,120,2,2,304
split_exit,high,15.0,10385,timeout,0,0,1,120,3,2,790
split_exit,high,15.0,10386,timeout,0,0,1,120,3,3,277
split_exit,high,15.0,10387,timeout,0,0,1,120,3,3,832
split_exit,high,15.0,10388,timeout,0,0,1,120,3,4,277
split_exit,high,15.0,10389,timeout,0,0,1,120,3,0,760
split_exit,high,15.0,10390,timeout,0,0,1,120,3,2,273
split_exit,high,15.0,10391,wipeout,0,1,0,11,0,2,112
split_exit,high,15.0,10392,timeout,0,0,1,120,3,2,768
split_exit,high,15.0,10393,timeout,0,0,1,120,1,2,78
split_exit,high,15.0,10394,timeout,0,0,1,120,2,2,255
split_exit,high,15.0,10395,timeout,0,0,1,120,4,0,1456
split_exit,high,15.0,10396,timeout,0,0,1,120,2,4,266
split_exit,high,15.0,10397,timeout,0,0,1,120,2,3,260
split_exit,high,15.0,10398,timeout,0,0,1,120,3,2,753
split_exit,high,15.0,10399,timeout,0,0,1,120,2,2,255
split_exit,high,15.0,10400,timeout,0,0,1,120,3,2,257
split_exit,high,15.0,10401,timeout,0,0,1,120,4,2,488
split_exit,high,15.0,10402,timeout,0,0,1,120,3,2,262
split_exit,high,15.0,10403,timeout,0,0,1,120,3,2,754
split_exit,high,15.0,10404,wipeout,0,1,0,13,0,2,66
split_exit,high,15.0,10405,timeout,0,0,1,120,2,2,284
split_exit,high,15.0,10406,wipeout,0,1,0,8,0,3,70
split_exit,high,15.0,10407,timeout,0,0,1,120,2,2,253
split_exit,high,15.0,10408,wipeout,0,1,0,12,0,2,72
split_exit,high,15.0,10409,timeout,0,0,1,120,3,2,257
split_exit,high,15.0,10410,timeout,0,0,1,120,3,0,808
split_exit,high,15.0,10411,timeout,0,0,1,120,3,0,824
split_exit,high,15.0,10412,timeout,0,0,1,120,3,0,782
split_exit,high,15.0,10413,timeout,0,0,1,120,2,2,306
split_exit,high,15.0,10414,wipeout,0,1,0,15,0,2,74
split_exit,high,15.0,10415,timeout,0,0,1,120,4,0,1480
split_exit,high,15.0,10416,timeout,0,0,1,120,2,4,277
split_exit,high,15.0,10417,timeout,0,0,1,120,2,2,396
split_exit,high,15.0,10418,timeout,0,0,1,120,2,2,262
split_exit,high,15.0,10419,wipeout,0,1,0,12,0,2,96
split_exit,high,15.0,10420,wipeout,0,1,0,15,0,2,112
split_exit,high,15.0,10421,wipeout,0,1,0,9,0,2,94
split_exit,high,15.0,10422,timeout,0,0,1,120,3,3,277
split_exit,high,15.0,10423,wipeout,0,1,0,8,0,2,78
split_exit,high,15.0,10424,timeout,0,0,1,120,4,0,1464
split_exit,high,15.0,10425,timeout,0,0,1,120,3,0,751
split_exit,high,15.0,10426,timeout,0,0,1,120,3,4,297
split_exit,high,15.0,10427,timeout,0,0,1,120,1,2,96
split_exit,high,15.0,10428,timeout,0,0,1,120,3,2,726
split_exit,high,15.0,10429,timeout,0,0,1,120,3,0,750
split_exit,high,15.0,10430,wipeout,0,1,0,6,0,2,45
split_exit,high,15.0,10431,timeout,0,0,1,120,3,4,299
split_exit,high,15.0,10432,timeout,0,0,1,120,4,0,1480
split_exit,high,15.0,10433,timeout,0,0,1,120,2,4,294
split_exit,high,15.0,10434,timeout,0,0,1,120,3,0,782
split_exit,high,15.0,10435,timeout,0,0,1,120,2,2,265
split_exit,high,15.0,10436,timeout,0,0,1,120,1,2,27
split_exit,high,15.0,10437,timeout,0,0,1,120,3,0,754
split_exit,high,15.0,10438,timeout,0,0,1,120,4,4,747
split_exit,high,15.0,10439,timeout,0,0,1,120,2,2,257
split_exit,high,15.0,10440,wipeout,0,1,0,8,0,3,48
split_exit,high,15.0,10441,timeout,0,0,1,120,2,2,257
split_exit,high,15.0,10442,timeout,0,0,1,120,3,2,810
split_exit,high,15.0,10443,timeout,0,0,1,120,1,2,52
split_exit,high,15.0,10444,timeout,0,0,1,120,3,4,278
split_exit,high,15.0,10445,timeout,0,0,1,120,3,0,782
split_exit,high,15.0,10446,timeout,0,0,1,120,2,2,290
split_exit,high,15.0,10447,timeout,0,0,1,120,2,2,255
split_exit,high,15.0,10448,timeout,0,0,1,120,2,3,281
split_exit,high,15.0,10449,timeout,0,0,1,120,3,2,756
split_exit,high,15.0,10450,wipeout,0,1,0,8,0,3,48
split_exit,high,15.0,10451,timeout,0,0,1,120,2,3,358
split_exit,high,15.0,10452,timeout,0,0,1,120,2,2,258
split_exit,high,15.0,10453,timeout,0,0,1,120,1,2,27
split_exit,high,15.0,10454,timeout,0,0,1,120,3,2,726
split_exit,high,15.0,10455,timeout,0,0,1,120,2,4,258
split_exit,high,15.0,10456,timeout,0,0,1,120,3,2,768
split_exit,high,15.0,10457,timeout,0,0,1,120,2,3,262
split_exit,high,15.0,10458,timeout,0,0,1,120,2,4,284
split_exit,high,15.0,10459,timeout,0,0,1,120,2,3,265
split_exit,high,15.0,10460,timeout,0,0,1,120,2,2,259
split_exit,high,15.0,10461,timeout,0,0,1,120,3,4,273
split_exit,high,15.0,10462,timeout,0,0,1,120,3,2,257
split_exit,high,15.0,10463,timeout,0,0,1,120,3,4,292
split_exit,high,15.0,10464,timeout,0,0,1,120,3,0,786
split_exit,high,15.0,10465,timeout,0,0,1,120,2,2,253
split_exit,high,15.0,10466,timeout,0,0,1,120,2,2,259
split_exit,high,15.0,10467,timeout,0,0,1,120,1,2,27
split_exit,high,15.0,10468,timeout,0,0,1,120,4,2,1456
split_exit,high,15.0,10469,timeout,0,0,1,120,3,0,775
split_exit,high,15.0,10470,timeout,0,0,1,120,2,4,273
split_exit,high,15.0,10471,timeout,0,0,1,120,2,4,305
split_exit,high,15.0,10472,timeout,0,0,1,120,2,3,255
split_exit,high,15.0,10473,timeout,0,0,1,120,3,3,754
split_exit,high,15.0,10474,timeout,0,0,1,120,3,0,782
split_exit,high,15.0,10475,timeout,0,0,1,120,3,0,768
split_exit,high,15.0,10476,timeout,0,0,1,120,3,2,727
split_exit,high,15.0,10477,timeout,0,0,1,120,3,2,256
split_exit,high,15.0,10478,timeout,0,0,1,120,3,4,272
split_exit,high,15.0,10479,timeout,0,0,1,120,1,2,104
split_exit,high,15.0,10480,timeout,0,0,1,120,2,2,265
split_exit,high,15.0,10481,timeout,0,0,1,120,2,2,255
split_exit,high,15.0,10482,timeout,0,0,1,120,2,4,273
split_exit,high,15.0,10483,timeout,0,0,1,120,4,0,1480
split_exit,high,15.0,10484,timeout,0,0,1,120,2,3,294
split_exit,high,15.0,10485,timeout,0,0,1,120,2,4,254
split_exit,high,15.0,10486,timeout,0,0,1,120,2,2,328
split_exit,high,15.0,10487,timeout,0,0,1,120,3,4,733
split_exit,high,15.0,10488,timeout,0,0,1,120,3,2,755
split_exit,high,15.0,10489,timeout,0,0,1,120,3,5,273
split_exit,high,15.0,10490,timeout,0,0,1,120,2,4,299
split_exit,high,15.0,10491,timeout,0,0,1,120,3,3,826
split_exit,high,15.0,10492,timeout,0,0,1,120,2,2,255
split_exit,high,15.0,10493,timeout,0,0,1,120,5,0,2400
split_exit,high,15.0,10494,timeout,0,0,1,120,2,3,324
split_exit,high,15.0,10495,timeout,0,0,1,120,3,2,257
split_exit,high,15.0,10496,timeout,0,0,1,120,2,0,269
split_exit,high,15.0,10497,timeout,0,0,1,120,1,2,27
split_exit,high,15.0,10498,timeout,0,0,1,120,3,4,274
split_exit,high,15.0,10499,timeout,0,0,1,120,4,0,1456
