strategy,difficulty,comm_range,seed,outcome,success,wipeout,timeout,steps,survivors,rings_breached,messages_sent,trapped_inside
oracle,low,4.0,10000,success,1,0,0,160,1,7,0,0
oracle,low,4.0,10001,success,1,0,0,216,1,7,0,0
oracle,low,4.0,10002,success,1,0,0,203,1,7,0,0
oracle,low,4.0,10003,wipeout,0,1,0,149,0,7,0,0
oracle,low,4.0,10004,wipeout,0,1,0,108,0,7,0,0
oracle,low,4.0,10005,success,1,0,0,161,1,7,0,0
oracle,low,4.0,10006,wipeout,0,1,0,108,0,7,0,0
oracle,low,4.0,10007,success,1,0,0,218,1,7,0,0
oracle,low,4.0,10008,wipeout,0,1,0,126,0,7,0,0
oracle,low,4.0,10009,success,1,0,0,203,1,7,0,0
oracle,low,4.0,10010,success,1,0,0,178,1,7,0,0
oracle,low,4.0,10011,success,1,0,0,132,1,7,0,0
oracle,low,4.0,10012,success,1,0,0,112,1,7,0,0
oracle,low,4.0,10013,success,1,0,0,179,1,7,0,0
oracle,low,4.0,10014,success,1,0,0,154,1,7,0,0
oracle,low,4.0,10015,wipeout,0,1,0,189,0,7,0,0
oracle,low,4.0,10016,success,1,0,0,188,1,7,0,0
oracle,low,4.0,10017,success,1,0,0,202,1,7,0,0
oracle,low,4.0,10018,success,1,0,0,191,1,7,0,0
oracle,low,4.0,10019,wipeout,0,1,0,166,0,7,0,0
oracle,low,4.0,10020,success,1,0,0,156,1,7,0,0
oracle,low,4.0,10021,wipeout,0,1,0,146,0,7,0,0
oracle,low,4.0,10022,success,1,0,0,139,1,7,0,0
oracle,low,4.0,10023,wipeout,0,1,0,109,0,7,0,0
oracle,low,4.0,10024,wipeout,0,1,0,226,0,7,0,0
oracle,low,4.0,10025,success,1,0,0,176,1,7,0,0
oracle,low,4.0,10026,wipeout,0,1,0,135,0,7,0,0
oracle,low,4.0,10027,wipeout,0,1,0,117,0,7,0,0
oracle,low,4.0,10028,wipeout,0,1,0,94,0,7,0,0
oracle,low,4.0,10029,success,1,0,0,155,1,7,0,0
oracle,low,4.0,10030,success,1,0,0,176,1,7,0,0
oracle,low,4.0,10031,wipeout,0,1,0,157,0,7,0,0
oracle,low,4.0,10032,wipeout,0,1,0,132,0,7,0,0
oracle,low,4.0,10033,success,1,0,0,175,1,7,0,0
oracle,low,4.0,10034,wipeout,0,1,0,148,0,7,0,0
oracle,low,4.0,10035,success,1,0,0,97,1,7,0,0
oracle,low,4.0,10036,success,1,0,0,166,1,7,0,0
oracle,low,4.0,10037,success,1,0,0,141,1,7,0,0
oracle,low,4.0,10038,wipeout,0,1,0,181,0,7,0,0
oracle,low,4.0,10039,wipeout,0,1,0,125,0,7,0,0
oracle,low,4.0,10040,wipeout,0,1,0,157,0,7,0,0
oracle,low,4.0,10041,wipeout,0,1,0,106,0,7,0,0
oracle,low,4.0,10042,success,1,0,0,219,1,7,0,0
oracle,low,4.0,10043,success,1,0,0,202,1,7,0,0
oracle,low,4.0,10044,wipeout,0,1,0,126,0,7,0,0
oracle,low,4.0,10045,success,1,0,0,192,1,7,0,0
oracle,low,4.0,10046,wipeout,0,1,0,120,0,6,0,0
oracle,low,4.0,10047,success,1,0,0,171,1,7,0,0
oracle,low,4.0,10048,success,1,0,0,156,1,7,0,0
oracle,low,4.0,10049,success,1,0,0,167,1,7,0,0
oracle,low,4.0,10050,success,1,0,0,132,1,7,0,0
oracle,low,4.0,10051,wipeout,0,1,0,114,0,7,0,0
oracle,low,4.0,10052,success,1,0,0,151,1,7,0,0
oracle,low,4.0,10053,success,1,0,0,186,1,7,0,0
oracle,low,4.0,10054,wipeout,0,1,0,154,0,7,0,0
oracle,low,4.0,10055,success,1,0,0,163,1,7,0,0
oracle,low,4.0,10056,success,1,0,0,131,1,7,0,0
oracle,low,4.0,10057,wipeout,0,1,0,113,0,7,0,0
oracle,low,4.0,10058,wipeout,0,1,0,178,0,7,0,0
oracle,low,4.0,10059,success,1,0,0,150,1,7,0,0
oracle,low,4.0,10060,wipeout,0,1,0,176,0,7,0,0
oracle,low,4.0,10061,wipeout,0,1,0,171,0,7,0,0
oracle,low,4.0,10062,wipeout,0,1,0,160,0,7,0,0
oracle,low,4.0,10063,wipeout,0,1,0,191,0,7,0,0
oracle,low,4.0,10064,wipeout,0,1,0,166,0,7,0,0
oracle,low,4.0,10065,wipeout,0,1,0,162,0,7,0,0
oracle,low,4.0,10066,success,1,0,0,149,1,7,0,0
oracle,low,4.0,10067,wipeout,0,1,0,169,0,7,0,0
oracle,low,4.0,10068,success,1,0,0,138,1,7,0,0
oracle,low,4.0,10069,wipeout,0,1,0,108,0,7,0,0
oracle,low,4.0,10070,wipeout,0,1,0,114,0,7,0,0
oracle,low,4.0,10071,success,1,0,0,175,1,7,0,0
oracle,low,4.0,10072,success,1,0,0,176,1,7,0,0
oracle,low,4.0,10073,success,1,0,0,164,1,7,0,0
oracle,low,4.0,10074,wipeout,0,1,0,153,0,7,0,0
oracle,low,4.0,10075,wipeout,0,1,0,129,0,7,0,0
oracle,low,4.0,10076,success,1,0,0,196,1,7,0,0
oracle,low,4.0,10077,success,1,0,0,149,1,7,0,0
oracle,low,4.0,10078,success,1,0,0,184,1,7,0,0
oracle,low,4.0,10079,success,1,0,0,230,1,7,0,0
oracle,low,4.0,10080,wipeout,0,1,0,178,0,7,0,0
oracle,low,4.0,10081,success,1,0,0,164,1,7,0,0
oracle,low,4.0,10082,wipeout,0,1,0,106,0,7,0,0
oracle,low,4.0,10083,success,1,0,0,124,1,7,0,0
oracle,low,4.0,10084,success,1,0,0,112,1,7,0,0
oracle,low,4.0,10085,success,1,0,0,168,1,7,0,0
oracle,low,4.0,10086,success,1,0,0,127,1,7,0,0
oracle,low,4.0,10087,wipeout,0,1,0,109,0,7,0,0
oracle,low,4.0,10088,wipeout,0,1,0,147,0,7,0,0
oracle,low,4.0,10089,wipeout,0,1,0,251,0,7,0,0
oracle,low,4.0,10090,wipeout,0,1,0,192,0,7,0,0
oracle,low,4.0,10091,success,1,0,0,106,1,7,0,0
oracle,low,4.0,10092,success,1,0,0,132,1,7,0,0
oracle,low,4.0,10093,success,1,0,0,132,1,7,0,0
oracle,low,4.0,10094,wipeout,0,1,0,103,0,7,0,0
oracle,low,4.0,10095,success,1,0,0,151,1,7,0,0
oracle,low,4.0,10096,success,1,0,0,108,1,7,0,0
oracle,low,4.0,10097,wipeout,0,1,0,145,0,7,0,0
oracle,low,4.0,10098,success,1,0,0,148,1,7,0,0
oracle,low,4.0,10099,success,1,0,0,179,1,7,0,0
oracle,low,4.0,10100,success,1,0,0,177,1,7,0,0
oracle,low,4.0,10101,success,1,0,0,202,1,7,0,0
oracle,low,4.0,10102,success,1,0,0,191,1,7,0,0
oracle,low,4.0,10103,wipeout,0,1,0,137,0,7,0,0
oracle,low,4.0,10104,success,1,0,0,111,1,7,0,0
oracle,low,4.0,10105,success,1,0,0,206,1,7,0,0
oracle,low,4.0,10106,wipeout,0,1,0,192,0,7,0,0
oracle,low,4.0,10107,wipeout,0,1,0,148,0,7,0,0
oracle,low,4.0,10108,wipeout,0,1,0,197,0,7,0,0
oracle,low,4.0,10109,success,1,0,0,243,1,7,0,0
oracle,low,4.0,10110,wipeout,0,1,0,204,0,7,0,0
oracle,low,4.0,10111,success,1,0,0,143,1,7,0,0
oracle,low,4.0,10112,success,1,0,0,138,1,7,0,0
oracle,low,4.0,10113,success,1,0,0,183,1,7,0,0
oracle,low,4.0,10114,success,1,0,0,163,1,7,0,0
oracle,low,4.0,10115,wipeout,0,1,0,143,0,7,0,0
oracle,low,4.0,10116,wipeout,0,1,0,158,0,7,0,0
oracle,low,4.0,10117,success,1,0,0,122,1,7,0,0
oracle,low,4.0,10118,success,1,0,0,181,1,7,0,0
oracle,low,4.0,10119,wipeout,0,1,0,168,0,7,0,0
oracle,low,4.0,10120,success,1,0,0,120,1,7,0,0
oracle,low,4.0,10121,wipeout,0,1,0,135,0,7,0,0
oracle,low,4.0,10122,success,1,0,0,138,1,7,0,0
oracle,low,4.0,10123,success,1,0,0,109,1,7,0,0
oracle,low,4.0,10124,wipeout,0,1,0,99,0,7,0,0
oracle,low,4.0,10125,success,1,0,0,145,1,7,0,0
oracle,low,4.0,10126,success,1,0,0,157,1,7,0,0
oracle,low,4.0,10127,success,1,0,0,169,1,7,0,0
oracle,low,4.0,10128,success,1,0,0,151,1,7,0,0
oracle,low,4.0,10129,success,1,0,0,143,1,7,0,0
oracle,low,4.0,10130,success,1,0,0,185,1,7,0,0
oracle,low,4.0,10131,success,1,0,0,135,1,7,0,0
oracle,low,4.0,10132,wipeout,0,1,0,121,0,7,0,0
oracle,low,4.0,10133,wipeout,0,1,0,127,0,7,0,0
oracle,low,4.0,10134,success,1,0,0,196,1,7,0,0
oracle,low,4.0,10135,success,1,0,0,167,1,7,0,0
oracle,low,4.0,10136,wipeout,0,1,0,184,0,7,0,0
oracle,low,4.0,10137,success,1,0,0,208,1,7,0,0
oracle,low,4.0,10138,success,1,0,0,141,1,7,0,0
oracle,low,4.0,10139,success,1,0,0,200,1,7,0,0
oracle,low,4.0,10140,success,1,0,0,157,1,7,0,0
oracle,low,4.0,10141,success,1,0,0,165,1,7,0,0
oracle,low,4.0,10142,success,1,0,0,128,1,7,0,0
oracle,low,4.0,10143,success,1,0,0,152,1,7,0,0
oracle,low,4.0,10144,wipeout,0,1,0,125,0,7,0,0
oracle,low,4.0,10145,success,1,0,0,193,1,7,0,0
oracle,low,4.0,10146,success,1,0,0,194,1,7,0,0
oracle,low,4.0,10147,success,1,0,0,149,1,7,0,0
oracle,low,4.0,10148,success,1,0,0,162,1,7,0,0
oracle,low,4.0,10149,wipeout,0,1,0,219,0,7,0,0
oracle,low,4.0,10150,success,1,0,0,107,1,7,0,0
oracle,low,4.0,10151,success,1,0,0,177,1,7,0,0
oracle,low,4.0,10152,wipeout,0,1,0,119,0,7,0,0
oracle,low,4.0,10153,success,1,0,0,211,1,7,0,0
oracle,low,4.0,10154,wipeout,0,1,0,133,0,7,0,0
oracle,low,4.0,10155,wipeout,0,1,0,166,0,7,0,0
oracle,low,4.0,10156,wipeout,0,1,0,170,0,7,0,0
oracle,low,4.0,10157,success,1,0,0,161,1,7,0,0
oracle,low,4.0,10158,success,1,0,0,173,1,7,0,0
oracle,low,4.0,10159,success,1,0,0,147,1,7,0,0
oracle,low,4.0,10160,success,1,0,0,142,1,7,0,0
oracle,low,4.0,10161,success,1,0,0,115,1,7,0,0
oracle,low,4.0,10162,wipeout,0,1,0,129,0,7,0,0
oracle,low,4.0,10163,wipeout,0,1,0,190,0,7,0,0
oracle,low,4.0,10164,success,1,0,0,198,1,7,0,0
oracle,low,4.0,10165,wipeout,0,1,0,167,0,7,0,0
oracle,low,4.0,10166,success,1,0,0,180,1,7,0,0
oracle,low,4.0,10167,wipeout,0,1,0,182,0,7,0,0
oracle,low,4.0,10168,success,1,0,0,111,1,7,0,0
oracle,low,4.0,10169,wipeout,0,1,0,104,0,6,0,0
oracle,low,4.0,10170,success,1,0,0,137,1,7,0,0
oracle,low,4.0,10171,success,1,0,0,138,1,7,0,0
oracle,low,4.0,10172,wipeout,0,1,0,177,0,7,0,0
oracle,low,4.0,10173,wipeout,0,1,0,89,0,7,0,0
oracle,low,4.0,10174,wipeout,0,1,0,213,0,7,0,0
oracle,low,4.0,10175,success,1,0,0,126,1,7,0,0
oracle,low,4.0,10176,wipeout,0,1,0,127,0,7,0,0
oracle,low,4.0,10177,success,1,0,0,144,1,7,0,0
oracle,low,4.0,10178,success,1,0,0,197,1,7,0,0
oracle,low,4.0,10179,success,1,0,0,225,1,7,0,0
oracle,low,4.0,10180,success,1,0,0,192,1,7,0,0
oracle,low,4.0,10181,success,1,0,0,139,1,7,0,0
oracle,low,4.0,10182,success,1,0,0,165,1,7,0,0
oracle,low,4.0,10183,success,1,0,0,176,1,7,0,0
oracle,low,4.0,10184,wipeout,0,1,0,124,0,7,0,0
oracle,low,4.0,10185,success,1,0,0,166,1,7,0,0
oracle,low,4.0,10186,success,1,0,0,161,1,7,0,0
oracle,low,4.0,10187,wipeout,0,1,0,154,0,7,0,0
oracle,low,4.0,10188,success,1,0,0,217,1,7,0,0
oracle,low,4.0,10189,wipeout,0,1,0,147,0,7,0,0
oracle,low,4.0,10190,success,1,0,0,189,1,7,0,0
oracle,low,4.0,10191,success,1,0,0,155,1,7,0,0
oracle,low,4.0,10192,wipeout,0,1,0,174,0,7,0,0
oracle,low,4.0,10193,wipeout,0,1,0,120,0,7,0,0
oracle,low,4.0,10194,success,1,0,0,199,1,7,0,0
oracle,low,4.0,10195,success,1,0,0,219,1,7,0,0
oracle,low,4.0,10196,success,1,0,0,142,1,7,0,0
oracle,low,4.0,10197,success,1,0,0,127,1,7,0,0
oracle,low,4.0,10198,wipeout,0,1,0,192,0,7,0,0
oracle,low,4.0,10199,success,1,0,0,151,1,7,0,0
oracle,low,4.0,10200,wipeout,0,1,0,138,0,7,0,0
oracle,low,4.0,10201,success,1,0,0,182,1,7,0,0
oracle,low,4.0,10202,success,1,0,0,184,1,7,0,0
oracle,low,4.0,10203,success,1,0,0,126,1,7,0,0
oracle,low,4.0,10204,success,1,0,0,197,1,7,0,0
oracle,low,4.0,10205,wipeout,0,1,0,124,0,7,0,0
oracle,low,4.0,10206,success,1,0,0,181,1,7,0,0
oracle,low,4.0,10207,success,1,0,0,136,1,7,0,0
oracle,low,4.0,10208,success,1,0,0,165,1,7,0,0
oracle,low,4.0,10209,wipeout,0,1,0,160,0,7,0,0
oracle,low,4.0,10210,wipeout,0,1,0,220,0,7,0,0
oracle,low,4.0,10211,wipeout,0,1,0,185,0,7,0,0
oracle,low,4.0,10212,wipeout,0,1,0,180,0,7,0,0
oracle,low,4.0,10213,wipeout,0,1,0,143,0,7,0,0
oracle,low,4.0,10214,wipeout,0,1,0,128,0,7,0,0
oracle,low,4.0,10215,success,1,0,0,189,1,7,0,0
oracle,low,4.0,10216,success,1,0,0,199,1,7,0,0
oracle,low,4.0,10217,success,1,0,0,188,1,7,0,0
oracle,low,4.0,10218,success,1,0,0,154,1,7,0,0
oracle,low,4.0,10219,wipeout,0,1,0,181,0,7,0,0
oracle,low,4.0,10220,wipeout,0,1,0,101,0,5,0,0
oracle,low,4.0,10221,wipeout,0,1,0,107,0,7,0,0
oracle,low,4.0,10222,wipeout,0,1,0,82,0,7,0,0
oracle,low,4.0,10223,wipeout,0,1,0,117,0,7,0,0
oracle,low,4.0,10224,success,1,0,0,175,1,7,0,0
oracle,low,4.0,10225,success,1,0,0,174,1,7,0,0
oracle,low,4.0,10226,success,1,0,0,197,1,7,0,0
oracle,low,4.0,10227,success,1,0,0,126,1,7,0,0
oracle,low,4.0,10228,success,1,0,0,187,1,7,0,0
oracle,low,4.0,10229,success,1,0,0,173,1,7,0,0
oracle,low,4.0,10230,wipeout,0,1,0,120,0,7,0,0
oracle,low,4.0,10231,wipeout,0,1,0,148,0,7,0,0
oracle,low,4.0,10232,wipeout,0,1,0,110,0,7,0,0
oracle,low,4.0,10233,success,1,0,0,169,1,7,0,0
oracle,low,4.0,10234,success,1,0,0,211,1,7,0,0
oracle,low,4.0,10235,wipeout,0,1,0,176,0,7,0,0
oracle,low,4.0,10236,success,1,0,0,122,1,7,0,0
oracle,low,4.0,10237,success,1,0,0,173,1,7,0,0
oracle,low,4.0,10238,wipeout,0,1,0,187,0,7,0,0
oracle,low,4.0,10239,success,1,0,0,119,1,7,0,0
oracle,low,4.0,10240,success,1,0,0,189,1,7,0,0
oracle,low,4.0,10241,success,1,0,0,153,1,7,0,0
oracle,low,4.0,10242,wipeout,0,1,0,204,0,7,0,0
oracle,low,4.0,10243,success,1,0,0,141,1,7,0,0
oracle,low,4.0,10244,success,1,0,0,176,1,7,0,0
oracle,low,4.0,10245,wipeout,0,1,0,136,0,7,0,0
oracle,low,4.0,10246,success,1,0,0,197,1,7,0,0
oracle,low,4.0,10247,wipeout,0,1,0,191,0,7,0,0
oracle,low,4.0,10248,success,1,0,0,194,1,7,0,0
oracle,low,4.0,10249,success,1,0,0,82,1,7,0,0
oracle,low,4.0,10250,wipeout,0,1,0,120,0,7,0,0
oracle,low,4.0,10251,wipeout,0,1,0,158,0,7,0,0
oracle,low,4.0,10252,wipeout,0,1,0,153,0,7,0,0
oracle,low,4.0,10253,wipeout,0,1,0,155,0,7,0,0
oracle,low,4.0,10254,wipeout,0,1,0,120,0,7,0,0
oracle,low,4.0,10255,success,1,0,0,182,1,7,0,0
oracle,low,4.0,10256,success,1,0,0,165,1,7,0,0
oracle,low,4.0,10257,wipeout,0,1,0,112,0,7,0,0
oracle,low,4.0,10258,success,1,0,0,170,1,7,0,0
oracle,low,4.0,10259,wipeout,0,1,0,119,0,5,0,0
oracle,low,4.0,10260,success,1,0,0,175,1,7,0,0
oracle,low,4.0,10261,wipeout,0,1,0,218,0,7,0,0
oracle,low,4.0,10262,success,1,0,0,158,1,7,0,0
oracle,low,4.0,10263,success,1,0,0,126,1,7,0,0
oracle,low,4.0,10264,success,1,0,0,160,1,7,0,0
oracle,low,4.0,10265,success,1,0,0,168,1,7,0,0
oracle,low,4.0,10266,wipeout,0,1,0,81,0,6,0,0
oracle,low,4.0,10267,success,1,0,0,218,1,7,0,0
oracle,low,4.0,10268,wipeout,0,1,0,121,0,7,0,0
oracle,low,4.0,10269,wipeout,0,1,0,199,0,7,0,0
oracle,low,4.0,10270,success,1,0,0,187,1,7,0,0
oracle,low,4.0,10271,success,1,0,0,128,1,7,0,0
oracle,low,4.0,10272,wipeout,0,1,0,187,0,7,0,0
oracle,low,4.0,10273,success,1,0,0,179,1,7,0,0
oracle,low,4.0,10274,wipeout,0,1,0,171,0,7,0,0
oracle,low,4.0,10275,success,1,0,0,187,1,7,0,0
oracle,low,4.0,10276,success,1,0,0,166,1,7,0,0
oracle,low,4.0,10277,success,1,0,0,164,1,7,0,0
oracle,low,4.0,10278,success,1,0,0,137,1,7,0,0
oracle,low,4.0,10279,success,1,0,0,216,1,7,0,0
oracle,low,4.0,10280,success,1,0,0,124,1,7,0,0
oracle,low,4.0,10281,success,1,0,0,130,1,7,0,0
oracle,low,4.0,10282,success,1,0,0,187,1,7,0,0
oracle,low,4.0,10283,wipeout,0,1,0,114,0,7,0,0
oracle,low,4.0,10284,wipeout,0,1,0,134,0,7,0,0
oracle,low,4.0,10285,success,1,0,0,149,1,7,0,0
oracle,low,4.0,10286,success,1,0,0,109,1,7,0,0
oracle,low,4.0,10287,success,1,0,0,157,1,7,0,0
oracle,low,4.0,10288,wipeout,0,1,0,160,0,7,0,0
oracle,low,4.0,10289,success,1,0,0,179,1,7,0,0
oracle,low,4.0,10290,success,1,0,0,169,1,7,0,0
oracle,low,4.0,10291,success,1,0,0,103,1,7,0,0
oracle,low,4.0,10292,wipeout,0,1,0,98,0,5,0,0
oracle,low,4.0,10293,wipeout,0,1,0,114,0,7,0,0
oracle,low,4.0,10294,success,1,0,0,218,1,7,0,0
oracle,low,4.0,10295,success,1,0,0,200,1,7,0,0
oracle,low,4.0,10296,wipeout,0,1,0,95,0,7,0,0
oracle,low,4.0,10297,wipeout,0,1,0,146,0,7,0,0
oracle,low,4.0,10298,wipeout,0,1,0,117,0,7,0,0
oracle,low,4.0,10299,success,1,0,0,131,1,7,0,0
oracle,low,4.0,10300,wipeout,0,1,0,89,0,7,0,0
oracle,low,4.0,10301,wipeout,0,1,0,114,0,7,0,0
oracle,low,4.0,10302,success,1,0,0,183,1,7,0,0
oracle,low,4.0,10303,success,1,0,0,176,1,7,0,0
oracle,low,4.0,10304,success,1,0,0,171,1,7,0,0
oracle,low,4.0,10305,success,1,0,0,181,1,7,0,0
oracle,low,4.0,10306,success,1,0,0,216,1,7,0,0
oracle,low,4.0,10307,wipeout,0,1,0,147,0,7,0,0
oracle,low,4.0,10308,success,1,0,0,152,1,7,0,0
oracle,low,4.0,10309,success,1,0,0,199,1,7,0,0
oracle,low,4.0,10310,wipeout,0,1,0,170,0,7,0,0
oracle,low,4.0,10311,wipeout,0,1,0,204,0,7,0,0
oracle,low,4.0,10312,wipeout,0,1,0,181,0,7,0,0
oracle,low,4.0,10313,success,1,0,0,139,1,7,0,0
oracle,low,4.0,10314,wipeout,0,1,0,168,0,7,0,0
oracle,low,4.0,10315,success,1,0,0,118,1,7,0,0
oracle,low,4.0,10316,success,1,0,0,206,1,7,0,0
oracle,low,4.0,10317,success,1,0,0,162,1,7,0,0
oracle,low,4.0,10318,success,1,0,0,156,1,7,0,0
oracle,low,4.0,10319,success,1,0,0,185,1,7,0,0
oracle,low,4.0,10320,success,1,0,0,133,1,7,0,0
oracle,low,4.0,10321,success,1,0,0,121,1,7,0,0
oracle,low,4.0,10322,success,1,0,0,166,1,7,0,0
oracle,low,4.0,10323,wipeout,0,1,0,292,0,7,0,0
oracle,low,4.0,10324,success,1,0,0,175,1,7,0,0
oracle,low,4.0,10325,success,1,0,0,196,1,7,0,0
oracle,low,4.0,10326,wipeout,0,1,0,121,0,7,0,0
oracle,low,4.0,10327,success,1,0,0,194,1,7,0,0
oracle,low,4.0,10328,success,1,0,0,128,1,7,0,0
oracle,low,4.0,10329,success,1,0,0,121,1,7,0,0
oracle,low,4.0,10330,success,1,0,0,233,1,7,0,0
oracle,low,4.0,10331,success,1,0,0,222,1,7,0,0
oracle,low,4.0,10332,success,1,0,0,191,1,7,0,0
oracle,low,4.0,10333,wipeout,0,1,0,107,0,7,0,0
oracle,low,4.0,10334,success,1,0,0,153,1,7,0,0
oracle,low,4.0,10335,wipeout,0,1,0,157,0,7,0,0
oracle,low,4.0,10336,success,1,0,0,168,1,7,0,0
oracle,low,4.0,10337,wipeout,0,1,0,141,0,7,0,0
oracle,low,4.0,10338,success,1,0,0,123,1,7,0,0
oracle,low,4.0,10339,wipeout,0,1,0,205,0,7,0,0
oracle,low,4.0,10340,success,1,0,0,183,1,7,0,0
oracle,low,4.0,10341,wipeout,0,1,0,183,0,7,0,0
oracle,low,4.0,10342,success,1,0,0,118,1,7,0,0
oracle,low,4.0,10343,success,1,0,0,179,1,7,0,0
oracle,low,4.0,10344,success,1,0,0,193,1,7,0,0
oracle,low,4.0,10345,wipeout,0,1,0,113,0,5,0,0
oracle,low,4.0,10346,wipeout,0,1,0,164,0,7,0,0
oracle,low,4.0,10347,wipeout,0,1,0,151,0,7,0,0
oracle,low,4.0,10348,success,1,0,0,176,1,7,0,0
oracle,low,4.0,10349,success,1,0,0,162,1,7,0,0
oracle,low,4.0,10350,wipeout,0,1,0,147,0,7,0,0
oracle,low,4.0,10351,success,1,0,0,152,1,7,0,0
oracle,low,4.0,10352,success,1,0,0,165,1,7,0,0
oracle,low,4.0,10353,success,1,0,0,157,1,7,0,0
oracle,low,4.0,10354,success,1,0,0,93,1,7,0,0
oracle,low,4.0,10355,success,1,0,0,159,1,7,0,0
oracle,low,4.0,10356,success,1,0,0,166,1,7,0,0
oracle,low,4.0,10357,wipeout,0,1,0,175,0,7,0,0
oracle,low,4.0,10358,success,1,0,0,203,1,7,0,0
oracle,low,4.0,10359,success,1,0,0,177,1,7,0,0
oracle,low,4.0,10360,success,1,0,0,207,1,7,0,0
oracle,low,4.0,10361,success,1,0,0,191,1,7,0,0
oracle,low,4.0,10362,wipeout,0,1,0,233,0,7,0,0
oracle,low,4.0,10363,wipeout,0,1,0,147,0,7,0,0
oracle,low,4.0,10364,wipeout,0,1,0,132,0,7,0,0
oracle,low,4.0,10365,success,1,0,0,180,1,7,0,0
oracle,low,4.0,10366,wipeout,0,1,0,133,0,7,0,0
oracle,low,4.0,10367,wipeout,0,1,0,165,0,7,0,0
oracle,low,4.0,10368,success,1,0,0,188,1,7,0,0
oracle,low,4.0,10369,success,1,0,0,152,1,7,0,0
oracle,low,4.0,10370,success,1,0,0,219,1,7,0,0
oracle,low,4.0,10371,wipeout,0,1,0,182,0,7,0,0
oracle,low,4.0,10372,wipeout,0,1,0,130,0,7,0,0
oracle,low,4.0,10373,wipeout,0,1,0,195,0,7,0,0
oracle,low,4.0,10374,wipeout,0,1,0,182,0,7,0,0
oracle,low,4.0,10375,success,1,0,0,204,1,7,0,0
oracle,low,4.0,10376,success,1,0,0,140,1,7,0,0
oracle,low,4.0,10377,wipeout,0,1,0,153,0,7,0,0
oracle,low,4.0,10378,success,1,0,0,157,1,7,0,0
oracle,low,4.0,10379,success,1,0,0,223,1,7,0,0
oracle,low,4.0,10380,success,1,0,0,208,1,7,0,0
oracle,low,4.0,10381,wipeout,0,1,0,137,0,7,0,0
oracle,low,4.0,10382,wipeout,0,1,0,181,0,7,0,0
oracle,low,4.0,10383,success,1,0,0,143,1,7,0,0
oracle,low,4.0,10384,wipeout,0,1,0,121,0,7,0,0
oracle,low,4.0,10385,success,1,0,0,124,1,7,0,0
oracle,low,4.0,10386,wipeout,0,1,0,124,0,7,0,0
oracle,low,4.0,10387,wipeout,0,1,0,176,0,7,0,0
oracle,low,4.0,10388,wipeout,0,1,0,117,0,7,0,0
oracle,low,4.0,10389,success,1,0,0,206,1,7,0,0
oracle,low,4.0,10390,success,1,0,0,145,1,7,0,0
oracle,low,4.0,10391,success,1,0,0,205,1,7,0,0
oracle,low,4.0,10392,success,1,0,0,176,1,7,0,0
oracle,low,4.0,10393,success,1,0,0,166,1,7,0,0
oracle,low,4.0,10394,success,1,0,0,154,1,7,0,0
oracle,low,4.0,10395,success,1,0,0,144,1,7,0,0
oracle,low,4.0,10396,success,1,0,0,179,1,7,0,0
oracle,low,4.0,10397,wipeout,0,1,0,88,0,7,0,0
oracle,low,4.0,10398,success,1,0,0,178,1,7,0,0
oracle,low,4.0,10399,success,1,0,0,175,1,7,0,0
oracle,low,4.0,10400,wipeout,0,1,0,112,0,7,0,0
oracle,low,4.0,10401,wipeout,0,1,0,159,0,7,0,0
oracle,low,4.0,10402,wipeout,0,1,0,113,0,7,0,0
oracle,low,4.0,10403,wipeout,0,1,0,131,0,7,0,0
oracle,low,4.0,10404,wipeout,0,1,0,131,0,7,0,0
oracle,low,4.0,10405,wipeout,0,1,0,145,0,7,0,0
oracle,low,4.0,10406,success,1,0,0,181,1,7,0,0
oracle,low,4.0,10407,success,1,0,0,179,1,7,0,0
oracle,low,4.0,10408,wipeout,0,1,0,121,0,6,0,0
oracle,low,4.0,10409,wipeout,0,1,0,114,0,7,0,0
oracle,low,4.0,10410,wipeout,0,1,0,164,0,7,0,0
oracle,low,4.0,10411,success,1,0,0,206,1,7,0,0
oracle,low,4.0,10412,wipeout,0,1,0,167,0,7,0,0
oracle,low,4.0,10413,success,1,0,0,136,1,7,0,0
oracle,low,4.0,10414,wipeout,0,1,0,112,0,7,0,0
oracle,low,4.0,10415,success,1,0,0,167,1,7,0,0
oracle,low,4.0,10416,wipeout,0,1,0,143,0,7,0,0
oracle,low,4.0,10417,success,1,0,0,158,1,7,0,0
oracle,low,4.0,10418,success,1,0,0,199,1,7,0,0
oracle,low,4.0,10419,wipeout,0,1,0,192,0,7,0,0
oracle,low,4.0,10420,wipeout,0,1,0,158,0,7,0,0
oracle,low,4.0,10421,wipeout,0,1,0,99,0,7,0,0
oracle,low,4.0,10422,success,1,0,0,209,1,7,0,0
oracle,low,4.0,10423,wipeout,0,1,0,135,0,6,0,0
oracle,low,4.0,10424,success,1,0,0,131,1,7,0,0
oracle,low,4.0,10425,success,1,0,0,154,1,7,0,0
oracle,low,4.0,10426,success,1,0,0,156,1,7,0,0
oracle,low,4.0,10427,wipeout,0,1,0,160,0,7,0,0
oracle,low,4.0,10428,success,1,0,0,155,1,7,0,0
oracle,low,4.0,10429,wipeout,0,1,0,120,0,7,0,0
oracle,low,4.0,10430,success,1,0,0,175,1,7,0,0
oracle,low,4.0,10431,wipeout,0,1,0,171,0,7,0,0
oracle,low,4.0,10432,wipeout,0,1,0,178,0,7,0,0
oracle,low,4.0,10433,success,1,0,0,169,1,7,0,0
oracle,low,4.0,10434,success,1,0,0,152,1,7,0,0
oracle,low,4.0,10435,wipeout,0,1,0,155,0,7,0,0
oracle,low,4.0,10436,success,1,0,0,115,1,7,0,0
oracle,low,4.0,10437,success,1,0,0,162,1,7,0,0
oracle,low,4.0,10438,wipeout,0,1,0,146,0,7,0,0
oracle,low,4.0,10439,wipeout,0,1,0,117,0,7,0,0
oracle,low,4.0,10440,wipeout,0,1,0,191,0,7,0,0
oracle,low,4.0,10441,success,1,0,0,188,1,7,0,0
oracle,low,4.0,10442,success,1,0,0,151,1,7,0,0
oracle,low,4.0,10443,success,1,0,0,164,1,7,0,0
oracle,low,4.0,10444,wipeout,0,1,0,137,0,7,0,0
oracle,low,4.0,10445,success,1,0,0,124,1,7,0,0
oracle,low,4.0,10446,success,1,0,0,119,1,7,0,0
oracle,low,4.0,10447,wipeout,0,1,0,148,0,7,0,0
oracle,low,4.0,10448,success,1,0,0,121,1,7,0,0
oracle,low,4.0,10449,success,1,0,0,146,1,7,0,0
oracle,low,4.0,10450,wipeout,0,1,0,158,0,7,0,0
oracle,low,4.0,10451,wipeout,0,1,0,144,0,7,0,0
oracle,low,4.0,10452,wipeout,0,1,0,184,0,7,0,0
oracle,low,4.0,10453,wipeout,0,1,0,190,0,7,0,0
oracle,low,4.0,10454,success,1,0,0,199,1,7,0,0
oracle,low,4.0,10455,success,1,0,0,153,1,7,0,0
oracle,low,4.0,10456,success,1,0,0,202,1,7,0,0
oracle,low,4.0,10457,wipeout,0,1,0,106,0,7,0,0
oracle,low,4.0,10458,wipeout,0,1,0,211,0,7,0,0
oracle,low,4.0,10459,success,1,0,0,183,1,7,0,0
oracle,low,4.0,10460,wipeout,0,1,0,200,0,7,0,0
oracle,low,4.0,10461,success,1,0,0,149,1,7,0,0
oracle,low,4.0,10462,success,1,0,0,126,1,7,0,0
oracle,low,4.0,10463,success,1,0,0,191,1,7,0,0
oracle,low,4.0,10464,wipeout,0,1,0,200,0,7,0,0
oracle,low,4.0,10465,success,1,0,0,218,1,7,0,0
oracle,low,4.0,10466,wipeout,0,1,0,128,0,7,0,0
oracle,low,4.0,10467,success,1,0,0,132,1,7,0,0
oracle,low,4.0,10468,success,1,0,0,154,1,7,0,0
oracle,low,4.0,10469,wipeout,0,1,0,173,0,7,0,0
oracle,low,4.0,10470,success,1,0,0,128,1,7,0,0
oracle,low,4.0,10471,success,1,0,0,186,1,7,0,0
oracle,low,4.0,10472,wipeout,0,1,0,112,0,7,0,0
oracle,low,4.0,10473,success,1,0,0,237,1,7,0,0
oracle,low,4.0,10474,success,1,0,0,150,1,7,0,0
oracle,low,4.0,10475,wipeout,0,1,0,143,0,7,0,0
oracle,low,4.0,10476,success,1,0,0,121,1,7,0,0
oracle,low,4.0,10477,success,1,0,0,156,1,7,0,0
oracle,low,4.0,10478,wipeout,0,1,0,131,0,7,0,0
oracle,low,4.0,10479,wipeout,0,1,0,191,0,7,0,0
oracle,low,4.0,10480,success,1,0,0,163,1,7,0,0
oracle,low,4.0,10481,wipeout,0,1,0,107,0,7,0,0
oracle,low,4.0,10482,wipeout,0,1,0,149,0,7,0,0
oracle,low,4.0,10483,wipeout,0,1,0,112,0,7,0,0
oracle,low,4.0,10484,wipeout,0,1,0,161,0,7,0,0
oracle,low,4.0,10485,success,1,0,0,220,1,7,0,0
oracle,low,4.0,10486,success,1,0,0,156,1,7,0,0
oracle,low,4.0,10487,success,1,0,0,211,1,7,0,0
oracle,low,4.0,10488,success,1,0,0,220,1,7,0,0
oracle,low,4.0,10489,success,1,0,0,138,1,7,0,0
oracle,low,4.0,10490,success,1,0,0,137,1,7,0,0
oracle,low,4.0,10491,wipeout,0,1,0,192,0,7,0,0
oracle,low,4.0,10492,wipeout,0,1,0,134,0,7,0,0
oracle,low,4.0,10493,success,1,0,0,145,1,7,0,0
oracle,low,4.0,10494,success,1,0,0,195,1,7,0,0
oracle,low,4.0,10495,wipeout,0,1,0,154,0,7,0,0
oracle,low,4.0,10496,success,1,0,0,137,1,7,0,0
oracle,low,4.0,10497,success,1,0,0,146,1,7,0,0
oracle,low,4.0,10498,success,1,0,0,108,1,7,0,0
oracle,low,4.0,10499,success,1,0,0,169,1,7,0,0
lone_entry,low,4.0,10000,success,1,0,0,130,1,7,0,0
lone_entry,low,4.0,10001,success,1,0,0,216,1,7,0,0
lone_entry,low,4.0,10002,success,1,0,0,175,1,7,0,0
lone_entry,low,4.0,10003,wipeout,0,1,0,149,0,7,0,0
lone_entry,low,4.0,10004,wipeout,0,1,0,108,0,7,0,0
lone_entry,low,4.0,10005,success,1,0,0,149,1,7,0,0
lone_entry,low,4.0,10006,trapped_inside,0,0,0,400,1,7,0,1
lone_entry,low,4.0,10007,trapped_inside,0,0,0,400,1,7,0,1
lone_entry,low,4.0,10008,wipeout,0,1,0,126,0,7,0,0
lone_entry,low,4.0,10009,success,1,0,0,193,1,7,0,0
lone_entry,low,4.0,10010,trapped_inside,0,0,0,400,1,7,0,1
lone_entry,low,4.0,10011,trapped_inside,0,0,0,400,1,7,0,1
lone_entry,low,4.0,10012,success,1,0,0,112,1,7,0,0
lone_entry,low,4.0,10013,success,1,0,0,179,1,7,0,0
lone_entry,low,4.0,10014,trapped_inside,0,0,0,400,1,7,0,1
lone_entry,low,4.0,10015,wipeout,0,1,0,189,0,7,0,0
lone_entry,low,4.0,10016,trapped_inside,0,0,0,400,1,7,0,1
lone_entry,low,4.0,10017,success,1,0,0,202,1,7,0,0
lone_entry,low,4.0,10018,success,1,0,0,191,1,7,0,0
lone_entry,low,4.0,10019,wipeout,0,1,0,166,0,7,0,0
lone_entry,low,4.0,10020,trapped_inside,0,0,0,400,1,7,0,1
lone_entry,low,4.0,10021,wipeout,0,1,0,146,0,7,0,0
lone_entry,low,4.0,10022,success,1,0,0,139,1,7,0,0
lone_entry,low,4.0,10023,trapped_inside,0,0,0,400,1,7,0,1
lone_entry,low,4.0,10024,wipeout,0,1,0,226,0,7,0,0
lone_entry,low,4.0,10025,success,1,0,0,139,1,7,0,0
lone_entry,low,4.0,10026,trapped_inside,0,0,0,400,1,7,0,1
lone_entry,low,4.0,10027,wipeout,0,1,0,117,0,7,0,0
lone_entry,low,4.0,10028,wipeout,0,1,0,94,0,7,0,0
lone_entry,low,4.0,10029,success,1,0,0,155,1,7,0,0
lone_entry,low,4.0,10030,success,1,0,0,176,1,7,0,0
lone_entry,low,4.0,10031,success,1,0,0,166,1,7,0,0
lone_entry,low,4.0,10032,wipeout,0,1,0,132,0,7,0,0
lone_entry,low,4.0,10033,trapped_inside,0,0,0,400,1,7,0,1
lone_entry,low,4.0,10034,trapped_inside,0,0,0,400,1,7,0,1
lone_entry,low,4.0,10035,trapped_inside,0,0,0,400,1,7,0,1
lone_entry,low,4.0,10036,success,1,0,0,166,1,7,0,0
lone_entry,low,4.0,10037,success,1,0,0,141,1,7,0,0
lone_entry,low,4.0,10038,wipeout,0,1,0,181,0,7,0,0
lone_entry,low,4.0,10039,trapped_inside,0,0,0,400,1,7,0,1
lone_entry,low,4.0,10040,trapped_inside,0,0,0,400,1,7,0,1
lone_entry,low,4.0,10041,wipeout,0,1,0,106,0,7,0,0
lone_entry,low,4.0,10042,success,1,0,0,219,1,7,0,0
lone_entry,low,4.0,10043,success,1,0,0,202,1,7,0,0
lone_entry,low,4.0,10044,trapped_inside,0,0,0,400,1,7,0,1
lone_entry,low,4.0,10045,success,1,0,0,192,1,7,0,0
lone_entry,low,4.0,10046,wipeout,0,1,0,120,0,6,0,0
lone_entry,low,4.0,10047,trapped_inside,0,0,0,400,1,7,0,1
lone_entry,low,4.0,10048,success,1,0,0,156,1,7,0,0
lone_entry,low,4.0,10049,success,1,0,0,167,1,7,0,0
lone_entry,low,4.0,10050,success,1,0,0,132,1,7,0,0
lone_entry,low,4.0,10051,success,1,0,0,120,1,7,0,0
lone_entry,low,4.0,10052,success,1,0,0,151,1,7,0,0
lone_entry,low,4.0,10053,success,1,0,0,188,1,7,0,0
lone_entry,low,4.0,10054,success,1,0,0,178,1,7,0,0
lone_entry,low,4.0,10055,trapped_inside,0,0,0,400,1,7,0,1
lone_entry,low,4.0,10056,trapped_inside,0,0,0,400,1,7,0,1
lone_entry,low,4.0,10057,success,1,0,0,132,1,7,0,0
lone_entry,low,4.0,10058,trapped_inside,0,0,0,400,1,7,0,1
lone_entry,low,4.0,10059,success,1,0,0,152,1,7,0,0
lone_entry,low,4.0,10060,success,1,0,0,166,1,7,0,0
lone_entry,low,4.0,10061,trapped_inside,0,0,0,400,1,7,0,1
lone_entry,low,4.0,10062,wipeout,0,1,0,162,0,7,0,0
lone_entry,low,4.0,10063,wipeout,0,1,0,191,0,7,0,0
lone_entry,low,4.0,10064,wipeout,0,1,0,166,0,7,0,0
lone_entry,low,4.0,10065,wipeout,0,1,0,162,0,7,0,0
lone_entry,low,4.0,10066,trapped_inside,0,0,0,400,1,7,0,1
lone_entry,low,4.0,10067,trapped_inside,0,0,0,400,1,7,0,1
lone_entry,low,4.0,10068,trapped_inside,0,0,0,400,1,7,0,1
lone_entry,low,4.0,10069,wipeout,0,1,0,108,0,7,0,0
lone_entry,low,4.0,10070,wipeout,0,1,0,114,0,7,0,0
lone_entry,low,4.0,10071,trapped_inside,0,0,0,400,1,7,0,1
lone_entry,low,4.0,10072,success,1,0,0,259,1,7,0,0
lone_entry,low,4.0,10073,success,1,0,0,170,1,7,0,0
lone_entry,low,4.0,10074,trapped_inside,0,0,0,400,1,7,0,1
lone_entry,low,4.0,10075,wipeout,0,1,0,129,0,7,0,0
lone_entry,low,4.0,10076,trapped_inside,0,0,0,400,1,7,0,1
lone_entry,low,4.0,10077,success,1,0,0,139,1,7,0,0
lone_entry,low,4.0,10078,trapped_inside,0,0,0,400,1,7,0,1
lone_entry,low,4.0,10079,trapped_inside,0,0,0,400,1,7,0,1
lone_entry,low,4.0,10080,wipeout,0,1,0,178,0,7,0,0
lone_entry,low,4.0,10081,success,1,0,0,164,1,7,0,0
lone_entry,low,4.0,10082,success,1,0,0,144,1,7,0,0
lone_entry,low,4.0,10083,success,1,0,0,124,1,7,0,0
lone_entry,low,4.0,10084,success,1,0,0,112,1,7,0,0
lone_entry,low,4.0,10085,success,1,0,0,168,1,7,0,0
lone_entry,low,4.0,10086,success,1,0,0,127,1,7,0,0
lone_entry,low,4.0,10087,wipeout,0,1,0,109,0,7,0,0
lone_entry,low,4.0,10088,wipeout,0,1,0,147,0,7,0,0
lone_entry,low,4.0,10089,wipeout,0,1,0,251,0,7,0,0
lone_entry,low,4.0,10090,wipeout,0,1,0,194,0,7,0,0
lone_entry,low,4.0,10091,success,1,0,0,107,1,7,0,0
lone_entry,low,4.0,10092,success,1,0,0,132,1,7,0,0
lone_entry,low,4.0,10093,trapped_inside,0,0,0,400,1,7,0,1
lone_entry,low,4.0,10094,wipeout,0,1,0,139,0,7,0,0
lone_entry,low,4.0,10095,trapped_inside,0,0,0,400,1,7,0,1
lone_entry,low,4.0,10096,success,1,0,0,110,1,7,0,0
lone_entry,low,4.0,10097,wipeout,0,1,0,147,0,7,0,0
lone_entry,low,4.0,10098,success,1,0,0,148,1,7,0,0
lone_entry,low,4.0,10099,success,1,0,0,179,1,7,0,0
lone_entry,low,4.0,10100,success,1,0,0,177,1,7,0,0
lone_entry,low,4.0,10101,success,1,0,0,202,1,7,0,0
lone_entry,low,4.0,10102,success,1,0,0,191,1,7,0,0
lone_entry,low,4.0,10103,wipeout,0,1,0,137,0,7,0,0
lone_entry,low,4.0,10104,success,1,0,0,111,1,7,0,0
lone_entry,low,4.0,10105,trapped_inside,0,0,0,400,1,7,0,1
lone_entry,low,4.0,10106,trapped_inside,0,0,0,400,1,7,0,1
lone_entry,low,4.0,10107,wipeout,0,1,0,148,0,7,0,0
lone_entry,low,4.0,10108,wipeout,0,1,0,197,0,7,0,0
lone_entry,low,4.0,10109,success,1,0,0,243,1,7,0,0
lone_entry,low,4.0,10110,trapped_inside,0,0,0,400,1,7,0,1
lone_entry,low,4.0,10111,trapped_inside,0,0,0,400,1,7,0,1
lone_entry,low,4.0,10112,trapped_inside,0,0,0,400,1,7,0,1
lone_entry,low,4.0,10113,success,1,0,0,166,1,7,0,0
lone_entry,low,4.0,10114,trapped_inside,0,0,0,400,1,7,0,1
lone_entry,low,4.0,10115,wipeout,0,1,0,143,0,7,0,0
lone_entry,low,4.0,10116,wipeout,0,1,0,158,0,7,0,0
lone_entry,low,4.0,10117,trapped_inside,0,0,0,400,1,7,0,1
lone_entry,low,4.0,10118,success,1,0,0,181,1,7,0,0
lone_entry,low,4.0,10119,trapped_inside,0,0,0,400,1,7,0,1
lone_entry,low,4.0,10120,success,1,0,0,120,1,7,0,0
lone_entry,low,4.0,10121,wipeout,0,1,0,135,0,7,0,0
lone_entry,low,4.0,10122,success,1,0,0,138,1,7,0,0
lone_entry,low,4.0,10123,success,1,0,0,90,1,7,0,0
lone_entry,low,4.0,10124,wipeout,0,1,0,99,0,7,0,0
lone_entry,low,4.0,10125,success,1,0,0,105,1,7,0,0
lone_entry,low,4.0,10126,success,1,0,0,157,1,7,0,0
lone_entry,low,4.0,10127,success,1,0,0,169,1,7,0,0
lone_entry,low,4.0,10128,success,1,0,0,151,1,7,0,0
lone_entry,low,4.0,10129,success,1,0,0,143,1,7,0,0
lone_entry,low,4.0,10130,trapped_inside,0,0,0,400,1,7,0,1
lone_entry,low,4.0,10131,trapped_inside,0,0,0,400,1,7,0,1
lone_entry,low,4.0,10132,trapped_inside,0,0,0,400,1,7,0,1
lone_entry,low,4.0,10133,wipeout,0,1,0,127,0,7,0,0
lone_entry,low,4.0,10134,success,1,0,0,196,1,7,0,0
lone_entry,low,4.0,10135,success,1,0,0,167,1,7,0,0
lone_entry,low,4.0,10136,wipeout,0,1,0,185,0,7,0,0
lone_entry,low,4.0,10137,success,1,0,0,208,1,7,0,0
lone_entry,low,4.0,10138,success,1,0,0,141,1,7,0,0
lone_entry,low,4.0,10139,trapped_inside,0,0,0,400,1,7,0,1
lone_entry,low,4.0,10140,success,1,0,0,157,1,7,0,0
lone_entry,low,4.0,10141,trapped_inside,0,0,0,400,1,7,0,1
lone_entry,low,4.0,10142,success,1,0,0,112,1,7,0,0
lone_entry,low,4.0,10143,success,1,0,0,152,1,7,0,0
lone_entry,low,4.0,10144,wipeout,0,1,0,125,0,7,0,0
lone_entry,low,4.0,10145,success,1,0,0,193,1,7,0,0
lone_entry,low,4.0,10146,success,1,0,0,194,1,7,0,0
lone_entry,low,4.0,10147,success,1,0,0,151,1,7,0,0
lone_entry,low,4.0,10148,success,1,0,0,162,1,7,0,0
lone_entry,low,4.0,10149,trapped_inside,0,0,0,400,1,7,0,1
lone_entry,low,4.0,10150,success,1,0,0,107,1,7,0,0
lone_entry,low,4.0,10151,success,1,0,0,177,1,7,0,0
lone_entry,low,4.0,10152,trapped_inside,0,0,0,400,1,7,0,1
lone_entry,low,4.0,10153,success,1,0,0,150,1,7,0,0
lone_entry,low,4.0,10154,success,1,0,0,114,1,7,0,0
lone_entry,low,4.0,10155,success,1,0,0,147,1,7,0,0
lone_entry,low,4.0,10156,trapped_inside,0,0,0,400,1,7,0,1
lone_entry,low,4.0,10157,trapped_inside,0,0,0,400,1,7,0,1
lone_entry,low,4.0,10158,success,1,0,0,173,1,7,0,0
lone_entry,low,4.0,10159,success,1,0,0,147,1,7,0,0
lone_entry,low,4.0,10160,trapped_inside,0,0,0,400,1,7,0,1
lone_entry,low,4.0,10161,success,1,0,0,115,1,7,0,0
lone_entry,low,4.0,10162,trapped_inside,0,0,0,400,1,7,0,1
lone_entry,low,4.0,10163,trapped_inside,0,0,0,400,1,7,0,1
lone_entry,low,4.0,10164,trapped_inside,0,0,0,400,1,7,0,1
lone_entry,low,4.0,10165,trapped_inside,0,0,0,400,1,7,0,1
lone_entry,low,4.0,10166,success,1,0,0,180,1,7,0,0
lone_entry,low,4.0,10167,success,1,0,0,168,1,7,0,0
lone_entry,low,4.0,10168,success,1,0,0,111,1,7,0,0
lone_entry,low,4.0,10169,wipeout,0,1,0,104,0,6,0,0
lone_entry,low,4.0,10170,success,1,0,0,135,1,7,0,0
lone_entry,low,4.0,10171,success,1,0,0,138,1,7,0,0
lone_entry,low,4.0,10172,success,1,0,0,178,1,7,0,0
lone_entry,low,4.0,10173,success,1,0,0,118,1,7,0,0
lone_entry,low,4.0,10174,trapped_inside,0,0,0,400,1,7,0,1
lone_entry,low,4.0,10175,success,1,0,0,126,1,7,0,0
lone_entry,low,4.0,10176,wipeout,0,1,0,129,0,7,0,0
lone_entry,low,4.0,10177,trapped_inside,0,0,0,400,1,7,0,1
lone_entry,low,4.0,10178,success,1,0,0,197,1,7,0,0
lone_entry,low,4.0,10179,success,1,0,0,207,1,7,0,0
lone_entry,low,4.0,10180,success,1,0,0,192,1,7,0,0
lone_entry,low,4.0,10181,success,1,0,0,135,1,7,0,0
lone_entry,low,4.0,10182,trapped_inside,0,0,0,400,1,7,0,1
lone_entry,low,4.0,10183,success,1,0,0,176,1,7,0,0
lone_entry,low,4.0,10184,wipeout,0,1,0,126,0,7,0,0
lone_entry,low,4.0,10185,success,1,0,0,158,1,7,0,0
lone_entry,low,4.0,10186,success,1,0,0,161,1,7,0,0
lone_entry,low,4.0,10187,trapped_inside,0,0,0,400,1,7,0,1
lone_entry,low,4.0,10188,trapped_inside,0,0,0,400,1,7,0,1
lone_entry,low,4.0,10189,wipeout,0,1,0,147,0,7,0,0
lone_entry,low,4.0,10190,success,1,0,0,189,1,7,0,0
lone_entry,low,4.0,10191,success,1,0,0,155,1,7,0,0
lone_entry,low,4.0,10192,trapped_inside,0,0,0,400,1,7,0,1
lone_entry,low,4.0,10193,trapped_inside,0,0,0,400,1,7,0,1
lone_entry,low,4.0,10194,success,1,0,0,199,1,7,0,0
lone_entry,low,4.0,10195,trapped_inside,0,0,0,400,1,7,0,1
lone_entry,low,4.0,10196,trapped_inside,0,0,0,400,1,7,0,1
lone_entry,low,4.0,10197,trapped_inside,0,0,0,400,1,7,0,1
lone_entry,low,4.0,10198,wipeout,0,1,0,157,0,7,0,0
lone_entry,low,4.0,10199,trapped_inside,0,0,0,400,1,7,0,1
lone_entry,low,4.0,10200,wipeout,0,1,0,127,0,7,0,0
lone_entry,low,4.0,10201,trapped_inside,0,0,0,400,1,7,0,1
lone_entry,low,4.0,10202,trapped_inside,0,0,0,400,1,7,0,1
lone_entry,low,4.0,10203,trapped_inside,0,0,0,400,1,7,0,1
lone_entry,low,4.0,10204,success,1,0,0,143,1,7,0,0
lone_entry,low,4.0,10205,wipeout,0,1,0,124,0,7,0,0
lone_entry,low,4.0,10206,success,1,0,0,181,1,7,0,0
lone_entry,low,4.0,10207,success,1,0,0,94,1,7,0,0
lone_entry,low,4.0,10208,success,1,0,0,165,1,7,0,0
lone_entry,low,4.0,10209,wipeout,0,1,0,160,0,7,0,0
lone_entry,low,4.0,10210,trapped_inside,0,0,0,400,1,7,0,1
lone_entry,low,4.0,10211,wipeout,0,1,0,185,0,7,0,0
lone_entry,low,4.0,10212,wipeout,0,1,0,180,0,7,0,0
lone_entry,low,4.0,10213,wipeout,0,1,0,153,0,7,0,0
lone_entry,low,4.0,10214,wipeout,0,1,0,128,0,7,0,0
lone_entry,low,4.0,10215,trapped_inside,0,0,0,400,1,7,0,1
lone_entry,low,4.0,10216,success,1,0,0,199,1,7,0,0
lone_entry,low,4.0,10217,success,1,0,0,188,1,7,0,0
lone_entry,low,4.0,10218,success,1,0,0,154,1,7,0,0
lone_entry,low,4.0,10219,trapped_inside,0,0,0,400,1,7,0,1
lone_entry,low,4.0,10220,wipeout,0,1,0,101,0,5,0,0
lone_entry,low,4.0,10221,wipeout,0,1,0,107,0,7,0,0
lone_entry,low,4.0,10222,wipeout,0,1,0,82,0,7,0,0
lone_entry,low,4.0,10223,wipeout,0,1,0,119,0,7,0,0
lone_entry,low,4.0,10224,success,1,0,0,175,1,7,0,0
lone_entry,low,4.0,10225,success,1,0,0,174,1,7,0,0
lone_entry,low,4.0,10226,trapped_inside,0,0,0,400,1,7,0,1
lone_entry,low,4.0,10227,trapped_inside,0,0,0,400,1,7,0,1
lone_entry,low,4.0,10228,success,1,0,0,175,1,7,0,0
lone_entry,low,4.0,10229,trapped_inside,0,0,0,400,1,7,0,1
lone_entry,low,4.0,10230,success,1,0,0,127,1,7,0,0
lone_entry,low,4.0,10231,wipeout,0,1,0,148,0,7,0,0
lone_entry,low,4.0,10232,success,1,0,0,152,1,7,0,0
lone_entry,low,4.0,10233,success,1,0,0,171,1,7,0,0
lone_entry,low,4.0,10234,trapped_inside,0,0,0,400,1,7,0,1
lone_entry,low,4.0,10235,success,1,0,0,141,1,7,0,0
lone_entry,low,4.0,10236,trapped_inside,0,0,0,400,1,7,0,1
lone_entry,low,4.0,10237,success,1,0,0,173,1,7,0,0
lone_entry,low,4.0,10238,wipeout,0,1,0,187,0,7,0,0
lone_entry,low,4.0,10239,success,1,0,0,119,1,7,0,0
lone_entry,low,4.0,10240,success,1,0,0,189,1,7,0,0
lone_entry,low,4.0,10241,trapped_inside,0,0,0,400,1,7,0,1
lone_entry,low,4.0,10242,trapped_inside,0,0,0,400,1,7,0,1
lone_entry,low,4.0,10243,success,1,0,0,130,1,7,0,0
lone_entry,low,4.0,10244,success,1,0,0,176,1,7,0,0
lone_entry,low,4.0,10245,trapped_inside,0,0,0,400,1,7,0,1
lone_entry,low,4.0,10246,trapped_inside,0,0,0,400,1,7,0,1
lone_entry,low,4.0,10247,success,1,0,0,166,1,7,0,0
lone_entry,low,4.0,10248,success,1,0,0,194,1,7,0,0
lone_entry,low,4.0,10249,success,1,0,0,82,1,7,0,0
lone_entry,low,4.0,10250,trapped_inside,0,0,0,400,1,7,0,1
lone_entry,low,4.0,10251,trapped_inside,0,0,0,400,1,7,0,1
lone_entry,low,4.0,10252,wipeout,0,1,0,153,0,7,0,0
lone_entry,low,4.0,10253,wipeout,0,1,0,155,0,7,0,0
lone_entry,low,4.0,10254,wipeout,0,1,0,120,0,7,0,0
lone_entry,low,4.0,10255,trapped_inside,0,0,0,400,1,7,0,1
lone_entry,low,4.0,10256,trapped_inside,0,0,0,400,1,7,0,1
lone_entry,low,4.0,10257,wipeout,0,1,0,112,0,7,0,0
lone_entry,low,4.0,10258,trapped_inside,0,0,0,400,1,7,0,1
lone_entry,low,4.0,10259,wipeout,0,1,0,119,0,5,0,0
lone_entry,low,4.0,10260,success,1,0,0,175,1,7,0,0
lone_entry,low,4.0,10261,wipeout,0,1,0,220,0,7,0,0
lone_entry,low,4.0,10262,success,1,0,0,158,1,7,0,0
lone_entry,low,4.0,10263,trapped_inside,0,0,0,400,1,7,0,1
lone_entry,low,4.0,10264,success,1,0,0,160,1,7,0,0
lone_entry,low,4.0,10265,trapped_inside,0,0,0,400,1,7,0,1
lone_entry,low,4.0,10266,wipeout,0,1,0,81,0,6,0,0
lone_entry,low,4.0,10267,success,1,0,0,218,1,7,0,0
lone_entry,low,4.0,10268,trapped_inside,0,0,0,400,1,7,0,1
lone_entry,low,4.0,10269,trapped_inside,0,0,0,400,1,7,0,1
lone_entry,low,4.0,10270,success,1,0,0,187,1,7,0,0
lone_entry,low,4.0,10271,success,1,0,0,128,1,7,0,0
lone_entry,low,4.0,10272,wipeout,0,1,0,187,0,7,0,0
lone_entry,low,4.0,10273,trapped_inside,0,0,0,400,1,7,0,1
lone_entry,low,4.0,10274,success,1,0,0,174,1,7,0,0
lone_entry,low,4.0,10275,success,1,0,0,187,1,7,0,0
lone_entry,low,4.0,10276,trapped_inside,0,0,0,400,1,7,0,1
lone_entry,low,4.0,10277,success,1,0,0,164,1,7,0,0
lone_entry,low,4.0,10278,trapped_inside,0,0,0,400,1,7,0,1
lone_entry,low,4.0,10279,success,1,0,0,216,1,7,0,0
lone_entry,low,4.0,10280,trapped_inside,0,0,0,400,1,7,0,1
lone_entry,low,4.0,10281,success,1,0,0,130,1,7,0,0
lone_entry,low,4.0,10282,success,1,0,0,187,1,7,0,0
lone_entry,low,4.0,10283,wipeout,0,1,0,114,0,7,0,0
lone_entry,low,4.0,10284,wipeout,0,1,0,148,0,7,0,0
lone_entry,low,4.0,10285,success,1,0,0,149,1,7,0,0
lone_entry,low,4.0,10286,trapped_inside,0,0,0,400,1,7,0,1
lone_entry,low,4.0,10287,success,1,0,0,159,1,7,0,0
lone_entry,low,4.0,10288,wipeout,0,1,0,160,0,7,0,0
lone_entry,low,4.0,10289,success,1,0,0,179,1,7,0,0
lone_entry,low,4.0,10290,trapped_inside,0,0,0,400,1,7,0,1
lone_entry,low,4.0,10291,trapped_inside,0,0,0,400,1,7,0,1
lone_entry,low,4.0,10292,wipeout,0,1,0,98,0,5,0,0
lone_entry,low,4.0,10293,wipeout,0,1,0,126,0,7,0,0
lone_entry,low,4.0,10294,trapped_inside,0,0,0,400,1,7,0,1
lone_entry,low,4.0,10295,success,1,0,0,200,1,7,0,0
lone_entry,low,4.0,10296,wipeout,0,1,0,95,0,7,0,0
lone_entry,low,4.0,10297,trapped_inside,0,0,0,400,1,7,0,1
lone_entry,low,4.0,10298,trapped_inside,0,0,0,400,1,7,0,1
lone_entry,low,4.0,10299,trapped_inside,0,0,0,400,1,7,0,1
lone_entry,low,4.0,10300,trapped_inside,0,0,0,400,1,7,0,1
lone_entry,low,4.0,10301,wipeout,0,1,0,114,0,7,0,0
lone_entry,low,4.0,10302,trapped_inside,0,0,0,400,1,7,0,1
lone_entry,low,4.0,10303,success,1,0,0,176,1,7,0,0
lone_entry,low,4.0,10304,trapped_inside,0,0,0,400,1,7,0,1
lone_entry,low,4.0,10305,success,1,0,0,181,1,7,0,0
lone_entry,low,4.0,10306,success,1,0,0,166,1,7,0,0
lone_entry,low,4.0,10307,wipeout,0,1,0,177,0,7,0,0
lone_entry,low,4.0,10308,success,1,0,0,152,1,7,0,0
lone_entry,low,4.0,10309,trapped_inside,0,0,0,400,1,7,0,1
lone_entry,low,4.0,10310,trapped_inside,0,0,0,400,1,7,0,1
lone_entry,low,4.0,10311,trapped_inside,0,0,0,400,1,7,0,1
lone_entry,low,4.0,10312,wipeout,0,1,0,181,0,7,0,0
lone_entry,low,4.0,10313,success,1,0,0,139,1,7,0,0
lone_entry,low,4.0,10314,wipeout,0,1,0,168,0,7,0,0
lone_entry,low,4.0,10315,trapped_inside,0,0,0,400,1,7,0,1
lone_entry,low,4.0,10316,trapped_inside,0,0,0,400,1,7,0,1
lone_entry,low,4.0,10317,success,1,0,0,132,1,7,0,0
lone_entry,low,4.0,10318,trapped_inside,0,0,0,400,1,7,0,1
lone_entry,low,4.0,10319,trapped_inside,0,0,0,400,1,7,0,1
lone_entry,low,4.0,10320,success,1,0,0,110,1,7,0,0
lone_entry,low,4.0,10321,success,1,0,0,121,1,7,0,0
lone_entry,low,4.0,10322,success,1,0,0,166,1,7,0,0
lone_entry,low,4.0,10323,wipeout,0,1,0,292,0,7,0,0
lone_entry,low,4.0,10324,success,1,0,0,175,1,7,0,0
lone_entry,low,4.0,10325,success,1,0,0,166,1,7,0,0
lone_entry,low,4.0,10326,trapped_inside,0,0,0,400,1,7,0,1
lone_entry,low,4.0,10327,success,1,0,0,194,1,7,0,0
lone_entry,low,4.0,10328,success,1,0,0,128,1,7,0,0
lone_entry,low,4.0,10329,success,1,0,0,121,1,7,0,0
lone_entry,low,4.0,10330,success,1,0,0,233,1,7,0,0
lone_entry,low,4.0,10331,success,1,0,0,222,1,7,0,0
lone_entry,low,4.0,10332,trapped_inside,0,0,0,400,1,7,0,1
lone_entry,low,4.0,10333,wipeout,0,1,0,107,0,7,0,0
lone_entry,low,4.0,10334,trapped_inside,0,0,0,400,1,7,0,1
lone_entry,low,4.0,10335,wipeout,0,1,0,159,0,7,0,0
lone_entry,low,4.0,10336,trapped_inside,0,0,0,400,1,7,0,1
lone_entry,low,4.0,10337,trapped_inside,0,0,0,400,1,7,0,1
lone_entry,low,4.0,10338,success,1,0,0,123,1,7,0,0
lone_entry,low,4.0,10339,trapped_inside,0,0,0,400,1,7,0,1
lone_entry,low,4.0,10340,trapped_inside,0,0,0,400,1,7,0,1
lone_entry,low,4.0,10341,wipeout,0,1,0,183,0,7,0,0
lone_entry,low,4.0,10342,success,1,0,0,117,1,7,0,0
lone_entry,low,4.0,10343,success,1,0,0,179,1,7,0,0
lone_entry,low,4.0,10344,trapped_inside,0,0,0,400,1,7,0,1
lone_entry,low,4.0,10345,wipeout,0,1,0,113,0,5,0,0
lone_entry,low,4.0,10346,trapped_inside,0,0,0,400,1,7,0,1
lone_entry,low,4.0,10347,trapped_inside,0,0,0,400,1,7,0,1
lone_entry,low,4.0,10348,trapped_inside,0,0,0,400,1,7,0,1
lone_entry,low,4.0,10349,success,1,0,0,162,1,7,0,0
lone_entry,low,4.0,10350,trapped_inside,0,0,0,400,1,7,0,1
lone_entry,low,4.0,10351,success,1,0,0,152,1,7,0,0
lone_entry,low,4.0,10352,success,1,0,0,239,1,7,0,0
lone_entry,low,4.0,10353,success,1,0,0,108,1,7,0,0
lone_entry,low,4.0,10354,trapped_inside,0,0,0,400,1,7,0,1
lone_entry,low,4.0,10355,success,1,0,0,159,1,7,0,0
lone_entry,low,4.0,10356,success,1,0,0,166,1,7,0,0
lone_entry,low,4.0,10357,trapped_inside,0,0,0,400,1,7,0,1
lone_entry,low,4.0,10358,success,1,0,0,196,1,7,0,0
lone_entry,low,4.0,10359,success,1,0,0,177,1,7,0,0
lone_entry,low,4.0,10360,success,1,0,0,198,1,7,0,0
lone_entry,low,4.0,10361,trapped_inside,0,0,0,400,1,7,0,1
lone_entry,low,4.0,10362,wipeout,0,1,0,233,0,7,0,0
lone_entry,low,4.0,10363,wipeout,0,1,0,147,0,7,0,0
lone_entry,low,4.0,10364,wipeout,0,1,0,132,0,7,0,0
lone_entry,low,4.0,10365,success,1,0,0,180,1,7,0,0
lone_entry,low,4.0,10366,wipeout,0,1,0,133,0,7,0,0
lone_entry,low,4.0,10367,wipeout,0,1,0,165,0,7,0,0
lone_entry,low,4.0,10368,success,1,0,0,188,1,7,0,0
lone_entry,low,4.0,10369,success,1,0,0,226,1,7,0,0
lone_entry,low,4.0,10370,trapped_inside,0,0,0,400,1,7,0,1
lone_entry,low,4.0,10371,trapped_inside,0,0,0,400,1,7,0,1
lone_entry,low,4.0,10372,trapped_inside,0,0,0,400,1,7,0,1
lone_entry,low,4.0,10373,trapped_inside,0,0,0,400,1,7,0,1
lone_entry,low,4.0,10374,wipeout,0,1,0,182,0,7,0,0
lone_entry,low,4.0,10375,success,1,0,0,204,1,7,0,0
lone_entry,low,4.0,10376,trapped_inside,0,0,0,400,1,7,0,1
lone_entry,low,4.0,10377,wipeout,0,1,0,156,0,7,0,0
lone_entry,low,4.0,10378,success,1,0,0,126,1,7,0,0
lone_entry,low,4.0,10379,trapped_inside,0,0,0,400,1,7,0,1
lone_entry,low,4.0,10380,trapped_inside,0,0,0,400,1,7,0,1
lone_entry,low,4.0,10381,trapped_inside,0,0,0,400,1,7,0,1
lone_entry,low,4.0,10382,trapped_inside,0,0,0,400,1,7,0,1
lone_entry,low,4.0,10383,trapped_inside,0,0,0,400,1,7,0,1
lone_entry,low,4.0,10384,wipeout,0,1,0,121,0,7,0,0
lone_entry,low,4.0,10385,trapped_inside,0,0,0,400,1,7,0,1
lone_entry,low,4.0,10386,trapped_inside,0,0,0,400,1,7,0,1
lone_entry,low,4.0,10387,wipeout,0,1,0,176,0,7,0,0
lone_entry,low,4.0,10388,trapped_inside,0,0,0,400,1,7,0,1
lone_entry,low,4.0,10389,trapped_inside,0,0,0,400,1,7,0,1
lone_entry,low,4.0,10390,success,1,0,0,145,1,7,0,0
lone_entry,low,4.0,10391,trapped_inside,0,0,0,400,1,7,0,1
lone_entry,low,4.0,10392,success,1,0,0,218,1,7,0,0
lone_entry,low,4.0,10393,trapped_inside,0,0,0,400,1,7,0,1
lone_entry,low,4.0,10394,success,1,0,0,177,1,7,0,0
lone_entry,low,4.0,10395,trapped_inside,0,0,0,400,1,7,0,1
lone_entry,low,4.0,10396,trapped_inside,0,0,0,400,1,7,0,1
lone_entry,low,4.0,10397,wipeout,0,1,0,88,0,7,0,0
lone_entry,low,4.0,10398,success,1,0,0,178,1,7,0,0
lone_entry,low,4.0,10399,success,1,0,0,175,1,7,0,0
lone_entry,low,4.0,10400,success,1,0,0,167,1,7,0,0
lone_entry,low,4.0,10401,wipeout,0,1,0,159,0,7,0,0
lone_entry,low,4.0,10402,wipeout,0,1,0,113,0,7,0,0
lone_entry,low,4.0,10403,trapped_inside,0,0,0,400,1,7,0,1
lone_entry,low,4.0,10404,trapped_inside,0,0,0,400,1,7,0,1
lone_entry,low,4.0,10405,success,1,0,0,153,1,7,0,0
lone_entry,low,4.0,10406,success,1,0,0,181,1,7,0,0
lone_entry,low,4.0,10407,success,1,0,0,179,1,7,0,0
lone_entry,low,4.0,10408,wipeout,0,1,0,121,0,6,0,0
lone_entry,low,4.0,10409,wipeout,0,1,0,114,0,7,0,0
lone_entry,low,4.0,10410,trapped_inside,0,0,0,400,1,7,0,1
lone_entry,low,4.0,10411,trapped_inside,0,0,0,400,1,7,0,1
lone_entry,low,4.0,10412,wipeout,0,1,0,167,0,7,0,0
lone_entry,low,4.0,10413,success,1,0,0,136,1,7,0,0
lone_entry,low,4.0,10414,trapped_inside,0,0,0,400,1,7,0,1
lone_entry,low,4.0,10415,trapped_inside,0,0,0,400,1,7,0,1
lone_entry,low,4.0,10416,trapped_inside,0,0,0,400,1,7,0,1
lone_entry,low,4.0,10417,trapped_inside,0,0,0,400,1,7,0,1
lone_entry,low,4.0,10418,success,1,0,0,199,1,7,0,0
lone_entry,low,4.0,10419,wipeout,0,1,0,192,0,7,0,0
lone_entry,low,4.0,10420,success,1,0,0,185,1,7,0,0
lone_entry,low,4.0,10421,wipeout,0,1,0,99,0,7,0,0
lone_entry,low,4.0,10422,trapped_inside,0,0,0,400,1,7,0,1
lone_entry,low,4.0,10423,wipeout,0,1,0,135,0,6,0,0
lone_entry,low,4.0,10424,trapped_inside,0,0,0,400,1,7,0,1
lone_entry,low,4.0,10425,trapped_inside,0,0,0,400,1,7,0,1
lone_entry,low,4.0,10426,success,1,0,0,156,1,7,0,0
lone_entry,low,4.0,10427,wipeout,0,1,0,160,0,7,0,0
lone_entry,low,4.0,10428,success,1,0,0,155,1,7,0,0
lone_entry,low,4.0,10429,wipeout,0,1,0,120,0,7,0,0
lone_entry,low,4.0,10430,success,1,0,0,175,1,7,0,0
lone_entry,low,4.0,10431,trapped_inside,0,0,0,400,1,7,0,1
lone_entry,low,4.0,10432,wipeout,0,1,0,178,0,7,0,0
lone_entry,low,4.0,10433,success,1,0,0,169,1,7,0,0
lone_entry,low,4.0,10434,success,1,0,0,152,1,7,0,0
lone_entry,low,4.0,10435,success,1,0,0,163,1,7,0,0
lone_entry,low,4.0,10436,trapped_inside,0,0,0,400,1,7,0,1
lone_entry,low,4.0,10437,trapped_inside,0,0,0,400,1,7,0,1
lone_entry,low,4.0,10438,success,1,0,0,132,1,7,0,0
lone_entry,low,4.0,10439,wipeout,0,1,0,117,0,7,0,0
lone_entry,low,4.0,10440,trapped_inside,0,0,0,400,1,7,0,1
lone_entry,low,4.0,10441,success,1,0,0,188,1,7,0,0
lone_entry,low,4.0,10442,trapped_inside,0,0,0,400,1,7,0,1
lone_entry,low,4.0,10443,trapped_inside,0,0,0,400,1,7,0,1
lone_entry,low,4.0,10444,wipeout,0,1,0,137,0,7,0,0
lone_entry,low,4.0,10445,success,1,0,0,124,1,7,0,0
lone_entry,low,4.0,10446,trapped_inside,0,0,0,400,1,7,0,1
lone_entry,low,4.0,10447,trapped_inside,0,0,0,400,1,7,0,1
lone_entry,low,4.0,10448,trapped_inside,0,0,0,400,1,7,0,1
lone_entry,low,4.0,10449,success,1,0,0,146,1,7,0,0
lone_entry,low,4.0,10450,trapped_inside,0,0,0,400,1,7,0,1
lone_entry,low,4.0,10451,wipeout,0,1,0,143,0,7,0,0
lone_entry,low,4.0,10452,trapped_inside,0,0,0,400,1,7,0,1
lone_entry,low,4.0,10453,trapped_inside,0,0,0,400,1,7,0,1
lone_entry,low,4.0,10454,success,1,0,0,199,1,7,0,0
lone_entry,low,4.0,10455,trapped_inside,0,0,0,400,1,7,0,1
lone_entry,low,4.0,10456,success,1,0,0,202,1,7,0,0
lone_entry,low,4.0,10457,wipeout,0,1,0,106,0,7,0,0
lone_entry,low,4.0,10458,wipeout,0,1,0,211,0,7,0,0
lone_entry,low,4.0,10459,success,1,0,0,185,1,7,0,0
lone_entry,low,4.0,10460,wipeout,0,1,0,200,0,7,0,0
lone_entry,low,4.0,10461,success,1,0,0,149,1,7,0,0
lone_entry,low,4.0,10462,trapped_inside,0,0,0,400,1,7,0,1
lone_entry,low,4.0,10463,success,1,0,0,191,1,7,0,0
lone_entry,low,4.0,10464,trapped_inside,0,0,0,400,1,7,0,1
lone_entry,low,4.0,10465,success,1,0,0,218,1,7,0,0
lone_entry,low,4.0,10466,wipeout,0,1,0,132,0,7,0,0
lone_entry,low,4.0,10467,success,1,0,0,132,1,7,0,0
lone_entry,low,4.0,10468,success,1,0,0,154,1,7,0,0
lone_entry,low,4.0,10469,trapped_inside,0,0,0,400,1,7,0,1
lone_entry,low,4.0,10470,trapped_inside,0,0,0,400,1,7,0,1
lone_entry,low,4.0,10471,success,1,0,0,186,1,7,0,0
lone_entry,low,4.0,10472,trapped_inside,0,0,0,400,1,7,0,1
lone_entry,low,4.0,10473,success,1,0,0,173,1,7,0,0
lone_entry,low,4.0,10474,success,1,0,0,150,1,7,0,0
lone_entry,low,4.0,10475,trapped_inside,0,0,0,400,1,7,0,1
lone_entry,low,4.0,10476,success,1,0,0,121,1,7,0,0
lone_entry,low,4.0,10477,success,1,0,0,156,1,7,0,0
lone_entry,low,4.0,10478,trapped_inside,0,0,0,400,1,7,0,1
lone_entry,low,4.0,10479,wipeout,0,1,0,191,0,7,0,0
lone_entry,low,4.0,10480,success,1,0,0,167,1,7,0,0
lone_entry,low,4.0,10481,success,1,0,0,124,1,7,0,0
lone_entry,low,4.0,10482,wipeout,0,1,0,149,0,7,0,0
lone_entry,low,4.0,10483,trapped_inside,0,0,0,400,1,7,0,1
lone_entry,low,4.0,10484,trapped_inside,0,0,0,400,1,7,0,1
lone_entry,low,4.0,10485,success,1,0,0,220,1,7,0,0
lone_entry,low,4.0,10486,success,1,0,0,156,1,7,0,0
lone_entry,low,4.0,10487,success,1,0,0,211,1,7,0,0
lone_entry,low,4.0,10488,success,1,0,0,220,1,7,0,0
lone_entry,low,4.0,10489,success,1,0,0,140,1,7,0,0
lone_entry,low,4.0,10490,trapped_inside,0,0,0,400,1,7,0,1
lone_entry,low,4.0,10491,trapped_inside,0,0,0,400,1,7,0,1
lone_entry,low,4.0,10492,wipeout,0,1,0,134,0,7,0,0
lone_entry,low,4.0,10493,success,1,0,0,145,1,7,0,0
lone_entry,low,4.0,10494,success,1,0,0,195,1,7,0,0
lone_entry,low,4.0,10495,wipeout,0,1,0,154,0,7,0,0
lone_entry,low,4.0,10496,success,1,0,0,137,1,7,0,0
lone_entry,low,4.0,10497,success,1,0,0,146,1,7,0,0
lone_entry,low,4.0,10498,success,1,0,0,108,1,7,0,0
lone_entry,low,4.0,10499,success,1,0,0,169,1,7,0,0
blind_follow,low,4.0,10000,success,1,0,0,130,5,7,0,0
blind_follow,low,4.0,10001,success,1,0,0,216,5,7,0,0
blind_follow,low,4.0,10002,success,1,0,0,175,5,7,0,0
blind_follow,low,4.0,10003,success,1,0,0,156,5,7,0,0
blind_follow,low,4.0,10004,success,1,0,0,184,5,7,0,0
blind_follow,low,4.0,10005,success,1,0,0,149,5,7,0,0
blind_follow,low,4.0,10006,trapped_inside,0,0,0,400,4,7,0,1
blind_follow,low,4.0,10007,trapped_inside,0,0,0,400,5,7,0,1
blind_follow,low,4.0,10008,success,1,0,0,202,5,7,0,0
blind_follow,low,4.0,10009,success,1,0,0,193,5,7,0,0
blind_follow,low,4.0,10010,trapped_inside,0,0,0,400,5,7,0,1
blind_follow,low,4.0,10011,trapped_inside,0,0,0,400,5,7,0,1
blind_follow,low,4.0,10012,success,1,0,0,112,5,7,0,0
blind_follow,low,4.0,10013,success,1,0,0,179,5,7,0,0
blind_follow,low,4.0,10014,trapped_inside,0,0,0,400,5,7,0,1
blind_follow,low,4.0,10015,success,1,0,0,211,5,7,0,0
blind_follow,low,4.0,10016,trapped_inside,0,0,0,400,5,7,0,1
blind_follow,low,4.0,10017,success,1,0,0,202,5,7,0,0
blind_follow,low,4.0,10018,success,1,0,0,191,5,7,0,0
blind_follow,low,4.0,10019,trapped_inside,0,0,0,400,4,7,0,1
blind_follow,low,4.0,10020,trapped_inside,0,0,0,400,5,7,0,1
blind_follow,low,4.0,10021,success,1,0,0,171,5,7,0,0
blind_follow,low,4.0,10022,success,1,0,0,139,5,7,0,0
blind_follow,low,4.0,10023,trapped_inside,0,0,0,400,5,7,0,1
blind_follow,low,4.0,10024,success,1,0,0,227,5,7,0,0
blind_follow,low,4.0,10025,success,1,0,0,139,5,7,0,0
blind_follow,low,4.0,10026,trapped_inside,0,0,0,400,5,7,0,1
blind_follow,low,4.0,10027,trapped_inside,0,0,0,400,4,7,0,1
blind_follow,low,4.0,10028,success,1,0,0,134,5,7,0,0
blind_follow,low,4.0,10029,success,1,0,0,155,5,7,0,0
blind_follow,low,4.0,10030,success,1,0,0,176,5,7,0,0
blind_follow,low,4.0,10031,success,1,0,0,166,5,7,0,0
blind_follow,low,4.0,10032,success,1,0,0,152,5,7,0,0
blind_follow,low,4.0,10033,trapped_inside,0,0,0,400,5,7,0,1
blind_follow,low,4.0,10034,trapped_inside,0,0,0,400,5,7,0,1
blind_follow,low,4.0,10035,trapped_inside,0,0,0,400,5,7,0,1
blind_follow,low,4.0,10036,success,1,0,0,166,5,7,0,0
blind_follow,low,4.0,10037,success,1,0,0,141,4,7,0,0
blind_follow,low,4.0,10038,success,1,0,0,190,5,7,0,0
blind_follow,low,4.0,10039,trapped_inside,0,0,0,400,5,7,0,1
blind_follow,low,4.0,10040,trapped_inside,0,0,0,400,5,7,0,1
blind_follow,low,4.0,10041,success,1,0,0,138,5,7,0,0
blind_follow,low,4.0,10042,success,1,0,0,219,5,7,0,0
blind_follow,low,4.0,10043,success,1,0,0,202,5,7,0,0
blind_follow,low,4.0,10044,trapped_inside,0,0,0,400,5,7,0,1
blind_follow,low,4.0,10045,success,1,0,0,192,5,7,0,0
blind_follow,low,4.0,10046,success,1,0,0,202,5,7,0,0
blind_follow,low,4.0,10047,trapped_inside,0,0,0,400,5,7,0,1
blind_follow,low,4.0,10048,success,1,0,0,156,5,7,0,0
blind_follow,low,4.0,10049,success,1,0,0,167,5,7,0,0
blind_follow,low,4.0,10050,success,1,0,0,132,5,7,0,0
blind_follow,low,4.0,10051,success,1,0,0,120,5,7,0,0
blind_follow,low,4.0,10052,success,1,0,0,151,5,7,0,0
blind_follow,low,4.0,10053,success,1,0,0,188,5,7,0,0
blind_follow,low,4.0,10054,success,1,0,0,178,5,7,0,0
blind_follow,low,4.0,10055,trapped_inside,0,0,0,400,5,7,0,1
blind_follow,low,4.0,10056,trapped_inside,0,0,0,400,5,7,0,1
blind_follow,low,4.0,10057,success,1,0,0,132,5,7,0,0
blind_follow,low,4.0,10058,trapped_inside,0,0,0,400,5,7,0,1
blind_follow,low,4.0,10059,success,1,0,0,152,5,7,0,0
blind_follow,low,4.0,10060,success,1,0,0,166,5,7,0,0
blind_follow,low,4.0,10061,trapped_inside,0,0,0,400,5,7,0,1
blind_follow,low,4.0,10062,trapped_inside,0,0,0,400,4,7,0,1
blind_follow,low,4.0,10063,success,1,0,0,225,5,7,0,0
blind_follow,low,4.0,10064,success,1,0,0,194,5,7,0,0
blind_follow,low,4.0,10065,success,1,0,0,201,5,7,0,0
blind_follow,low,4.0,10066,trapped_inside,0,0,0,400,5,7,0,1
blind_follow,low,4.0,10067,trapped_inside,0,0,0,400,5,7,0,1
blind_follow,low,4.0,10068,trapped_inside,0,0,0,400,5,7,0,1
blind_follow,low,4.0,10069,success,1,0,0,143,5,7,0,0
blind_follow,low,4.0,10070,success,1,0,0,204,4,7,0,0
blind_follow,low,4.0,10071,trapped_inside,0,0,0,400,5,7,0,1
blind_follow,low,4.0,10072,success,1,0,0,259,5,7,0,0
blind_follow,low,4.0,10073,success,1,0,0,170,5,7,0,0
blind_follow,low,4.0,10074,trapped_inside,0,0,0,400,5,7,0,1
blind_follow,low,4.0,10075,success,1,0,0,180,5,7,0,0
blind_follow,low,4.0,10076,trapped_inside,0,0,0,400,5,7,0,1
blind_follow,low,4.0,10077,success,1,0,0,139,5,7,0,0
blind_follow,low,4.0,10078,trapped_inside,0,0,0,400,5,7,0,1
blind_follow,low,4.0,10079,trapped_inside,0,0,0,400,5,7,0,1
blind_follow,low,4.0,10080,success,1,0,0,182,5,7,0,0
blind_follow,low,4.0,10081,success,1,0,0,164,5,7,0,0
blind_follow,low,4.0,10082,success,1,0,0,144,5,7,0,0
blind_follow,low,4.0,10083,success,1,0,0,124,5,7,0,0
blind_follow,low,4.0,10084,success,1,0,0,112,5,7,0,0
blind_follow,low,4.0,10085,success,1,0,0,168,5,7,0,0
blind_follow,low,4.0,10086,success,1,0,0,127,5,7,0,0
blind_follow,low,4.0,10087,trapped_inside,0,0,0,400,4,7,0,1
blind_follow,low,4.0,10088,trapped_inside,0,0,0,400,4,7,0,1
blind_follow,low,4.0,10089,trapped_inside,0,0,0,400,4,7,0,1
blind_follow,low,4.0,10090,success,1,0,0,196,5,7,0,0
blind_follow,low,4.0,10091,success,1,0,0,107,5,7,0,0
blind_follow,low,4.0,10092,success,1,0,0,132,5,7,0,0
blind_follow,low,4.0,10093,trapped_inside,0,0,0,400,5,7,0,1
blind_follow,low,4.0,10094,success,1,0,0,204,5,7,0,0
blind_follow,low,4.0,10095,trapped_inside,0,0,0,400,5,7,0,1
blind_follow,low,4.0,10096,success,1,0,0,110,5,7,0,0
blind_follow,low,4.0,10097,trapped_inside,0,0,0,400,4,7,0,1
blind_follow,low,4.0,10098,success,1,0,0,148,5,7,0,0
blind_follow,low,4.0,10099,success,1,0,0,179,5,7,0,0
blind_follow,low,4.0,10100,success,1,0,0,177,5,7,0,0
blind_follow,low,4.0,10101,success,1,0,0,202,5,7,0,0
blind_follow,low,4.0,10102,success,1,0,0,191,5,7,0,0
blind_follow,low,4.0,10103,trapped_inside,0,0,0,400,4,7,0,1
blind_follow,low,4.0,10104,success,1,0,0,111,5,7,0,0
blind_follow,low,4.0,10105,trapped_inside,0,0,0,400,5,7,0,1
blind_follow,low,4.0,10106,trapped_inside,0,0,0,400,5,7,0,1
blind_follow,low,4.0,10107,success,1,0,0,157,5,7,0,0
blind_follow,low,4.0,10108,trapped_inside,0,0,0,400,4,7,0,1
blind_follow,low,4.0,10109,success,1,0,0,243,5,7,0,0
blind_follow,low,4.0,10110,trapped_inside,0,0,0,400,5,7,0,1
blind_follow,low,4.0,10111,trapped_inside,0,0,0,400,5,7,0,1
blind_follow,low,4.0,10112,trapped_inside,0,0,0,400,5,7,0,1
blind_follow,low,4.0,10113,success,1,0,0,166,5,7,0,0
blind_follow,low,4.0,10114,trapped_inside,0,0,0,400,5,7,0,1
blind_follow,low,4.0,10115,success,1,0,0,201,5,7,0,0
blind_follow,low,4.0,10116,trapped_inside,0,0,0,400,4,7,0,1
blind_follow,low,4.0,10117,trapped_inside,0,0,0,400,5,7,0,1
blind_follow,low,4.0,10118,success,1,0,0,181,5,7,0,0
blind_follow,low,4.0,10119,trapped_inside,0,0,0,400,5,7,0,1
blind_follow,low,4.0,10120,success,1,0,0,120,5,7,0,0
blind_follow,low,4.0,10121,success,1,0,0,228,5,7,0,0
blind_follow,low,4.0,10122,success,1,0,0,138,4,7,0,0
blind_follow,low,4.0,10123,success,1,0,0,90,5,7,0,0
blind_follow,low,4.0,10124,success,1,0,0,179,5,7,0,0
blind_follow,low,4.0,10125,success,1,0,0,105,5,7,0,0
blind_follow,low,4.0,10126,success,1,0,0,157,5,7,0,0
blind_follow,low,4.0,10127,success,1,0,0,169,4,7,0,0
blind_follow,low,4.0,10128,success,1,0,0,151,5,7,0,0
blind_follow,low,4.0,10129,success,1,0,0,143,5,7,0,0
blind_follow,low,4.0,10130,trapped_inside,0,0,0,400,4,7,0,1
blind_follow,low,4.0,10131,trapped_inside,0,0,0,400,5,7,0,1
blind_follow,low,4.0,10132,trapped_inside,0,0,0,400,5,7,0,1
blind_follow,low,4.0,10133,success,1,0,0,171,5,7,0,0
blind_follow,low,4.0,10134,success,1,0,0,196,5,7,0,0
blind_follow,low,4.0,10135,success,1,0,0,167,5,7,0,0
blind_follow,low,4.0,10136,success,1,0,0,190,5,7,0,0
blind_follow,low,4.0,10137,success,1,0,0,208,5,7,0,0
blind_follow,low,4.0,10138,success,1,0,0,141,5,7,0,0
blind_follow,low,4.0,10139,trapped_inside,0,0,0,400,5,7,0,1
blind_follow,low,4.0,10140,success,1,0,0,157,5,7,0,0
blind_follow,low,4.0,10141,trapped_inside,0,0,0,400,5,7,0,1
blind_follow,low,4.0,10142,success,1,0,0,112,5,7,0,0
blind_follow,low,4.0,10143,success,1,0,0,152,5,7,0,0
blind_follow,low,4.0,10144,success,1,0,0,170,5,7,0,0
blind_follow,low,4.0,10145,success,1,0,0,193,5,7,0,0
blind_follow,low,4.0,10146,success,1,0,0,194,5,7,0,0
blind_follow,low,4.0,10147,success,1,0,0,151,5,7,0,0
blind_follow,low,4.0,10148,success,1,0,0,162,5,7,0,0
blind_follow,low,4.0,10149,trapped_inside,0,0,0,400,5,7,0,1
blind_follow,low,4.0,10150,success,1,0,0,107,5,7,0,0
blind_follow,low,4.0,10151,success,1,0,0,177,5,7,0,0
blind_follow,low,4.0,10152,trapped_inside,0,0,0,400,5,7,0,1
blind_follow,low,4.0,10153,success,1,0,0,150,5,7,0,0
blind_follow,low,4.0,10154,success,1,0,0,114,5,7,0,0
blind_follow,low,4.0,10155,success,1,0,0,147,5,7,0,0
blind_follow,low,4.0,10156,trapped_inside,0,0,0,400,5,7,0,1
blind_follow,low,4.0,10157,trapped_inside,0,0,0,400,5,7,0,1
blind_follow,low,4.0,10158,success,1,0,0,173,5,7,0,0
blind_follow,low,4.0,10159,success,1,0,0,147,5,7,0,0
blind_follow,low,4.0,10160,trapped_inside,0,0,0,400,5,7,0,1
blind_follow,low,4.0,10161,success,1,0,0,115,5,7,0,0
blind_follow,low,4.0,10162,trapped_inside,0,0,0,400,5,7,0,1
blind_follow,low,4.0,10163,trapped_inside,0,0,0,400,5,7,0,1
blind_follow,low,4.0,10164,trapped_inside,0,0,0,400,5,7,0,1
blind_follow,low,4.0,10165,trapped_inside,0,0,0,400,5,7,0,1
blind_follow,low,4.0,10166,success,1,0,0,180,5,7,0,0
blind_follow,low,4.0,10167,success,1,0,0,168,5,7,0,0
blind_follow,low,4.0,10168,success,1,0,0,111,5,7,0,0
blind_follow,low,4.0,10169,trapped_inside,0,0,0,400,5,7,0,1
blind_follow,low,4.0,10170,success,1,0,0,135,5,7,0,0
blind_follow,low,4.0,10171,success,1,0,0,138,5,7,0,0
blind_follow,low,4.0,10172,success,1,0,0,178,5,7,0,0
blind_follow,low,4.0,10173,success,1,0,0,118,5,7,0,0
blind_follow,low,4.0,10174,trapped_inside,0,0,0,400,4,7,0,1
blind_follow,low,4.0,10175,success,1,0,0,126,5,7,0,0
blind_follow,low,4.0,10176,trapped_inside,0,0,0,400,4,7,0,1
blind_follow,low,4.0,10177,trapped_inside,0,0,0,400,5,7,0,1
blind_follow,low,4.0,10178,success,1,0,0,197,5,7,0,0
blind_follow,low,4.0,10179,success,1,0,0,207,4,7,0,0
blind_follow,low,4.0,10180,success,1,0,0,192,5,7,0,0
blind_follow,low,4.0,10181,success,1,0,0,135,5,7,0,0
blind_follow,low,4.0,10182,trapped_inside,0,0,0,400,5,7,0,1
blind_follow,low,4.0,10183,success,1,0,0,176,5,7,0,0
blind_follow,low,4.0,10184,success,1,0,0,197,5,7,0,0
blind_follow,low,4.0,10185,success,1,0,0,158,5,7,0,0
blind_follow,low,4.0,10186,success,1,0,0,161,5,7,0,0
blind_follow,low,4.0,10187,trapped_inside,0,0,0,400,5,7,0,1
blind_follow,low,4.0,10188,trapped_inside,0,0,0,400,5,7,0,1
blind_follow,low,4.0,10189,trapped_inside,0,0,0,400,4,7,0,1
blind_follow,low,4.0,10190,success,1,0,0,189,5,7,0,0
blind_follow,low,4.0,10191,success,1,0,0,155,5,7,0,0
blind_follow,low,4.0,10192,trapped_inside,0,0,0,400,5,7,0,1
blind_follow,low,4.0,10193,trapped_inside,0,0,0,400,5,7,0,1
blind_follow,low,4.0,10194,success,1,0,0,199,5,7,0,0
blind_follow,low,4.0,10195,trapped_inside,0,0,0,400,5,7,0,1
blind_follow,low,4.0,10196,trapped_inside,0,0,0,400,5,7,0,1
blind_follow,low,4.0,10197,trapped_inside,0,0,0,400,5,7,0,1
blind_follow,low,4.0,10198,success,1,0,0,181,5,7,0,0
blind_follow,low,4.0,10199,trapped_inside,0,0,0,400,5,7,0,1
blind_follow,low,4.0,10200,trapped_inside,0,0,0,400,4,7,0,1
blind_follow,low,4.0,10201,trapped_inside,0,0,0,400,5,7,0,1
blind_follow,low,4.0,10202,trapped_inside,0,0,0,400,5,7,0,1
blind_follow,low,4.0,10203,trapped_inside,0,0,0,400,5,7,0,1
blind_follow,low,4.0,10204,success,1,0,0,143,5,7,0,0
blind_follow,low,4.0,10205,trapped_inside,0,0,0,400,4,7,0,1
blind_follow,low,4.0,10206,success,1,0,0,181,5,7,0,0
blind_follow,low,4.0,10207,success,1,0,0,94,4,7,0,0
blind_follow,low,4.0,10208,success,1,0,0,165,5,7,0,0
blind_follow,low,4.0,10209,success,1,0,0,174,5,7,0,0
blind_follow,low,4.0,10210,trapped_inside,0,0,0,400,5,7,0,1
blind_follow,low,4.0,10211,success,1,0,0,243,5,7,0,0
blind_follow,low,4.0,10212,success,1,0,0,205,5,7,0,0
blind_follow,low,4.0,10213,trapped_inside,0,0,0,400,4,7,0,1
blind_follow,low,4.0,10214,trapped_inside,0,0,0,400,4,7,0,1
blind_follow,low,4.0,10215,trapped_inside,0,0,0,400,5,7,0,1
blind_follow,low,4.0,10216,success,1,0,0,199,5,7,0,0
blind_follow,low,4.0,10217,success,1,0,0,188,5,7,0,0
blind_follow,low,4.0,10218,success,1,0,0,154,5,7,0,0
blind_follow,low,4.0,10219,trapped_inside,0,0,0,400,5,7,0,1
blind_follow,low,4.0,10220,success,1,0,0,180,5,7,0,0
blind_follow,low,4.0,10221,trapped_inside,0,0,0,400,5,7,0,1
blind_follow,low,4.0,10222,success,1,0,0,150,5,7,0,0
blind_follow,low,4.0,10223,success,1,0,0,157,5,7,0,0
blind_follow,low,4.0,10224,success,1,0,0,175,5,7,0,0
blind_follow,low,4.0,10225,success,1,0,0,174,5,7,0,0
blind_follow,low,4.0,10226,trapped_inside,0,0,0,400,5,7,0,1
blind_follow,low,4.0,10227,trapped_inside,0,0,0,400,5,7,0,1
blind_follow,low,4.0,10228,success,1,0,0,175,5,7,0,0
blind_follow,low,4.0,10229,trapped_inside,0,0,0,400,5,7,0,1
blind_follow,low,4.0,10230,success,1,0,0,127,5,7,0,0
blind_follow,low,4.0,10231,success,1,0,0,189,5,7,0,0
blind_follow,low,4.0,10232,success,1,0,0,152,5,7,0,0
blind_follow,low,4.0,10233,success,1,0,0,171,5,7,0,0
blind_follow,low,4.0,10234,trapped_inside,0,0,0,400,5,7,0,1
blind_follow,low,4.0,10235,success,1,0,0,141,5,7,0,0
blind_follow,low,4.0,10236,trapped_inside,0,0,0,400,5,7,0,1
blind_follow,low,4.0,10237,success,1,0,0,173,5,7,0,0
blind_follow,low,4.0,10238,success,1,0,0,204,4,7,0,0
blind_follow,low,4.0,10239,success,1,0,0,119,5,7,0,0
blind_follow,low,4.0,10240,success,1,0,0,189,5,7,0,0
blind_follow,low,4.0,10241,trapped_inside,0,0,0,400,5,7,0,1
blind_follow,low,4.0,10242,trapped_inside,0,0,0,400,5,7,0,1
blind_follow,low,4.0,10243,success,1,0,0,130,5,7,0,0
blind_follow,low,4.0,10244,success,1,0,0,176,5,7,0,0
blind_follow,low,4.0,10245,trapped_inside,0,0,0,400,5,7,0,1
blind_follow,low,4.0,10246,trapped_inside,0,0,0,400,5,7,0,1
blind_follow,low,4.0,10247,success,1,0,0,166,5,7,0,0
blind_follow,low,4.0,10248,success,1,0,0,194,5,7,0,0
blind_follow,low,4.0,10249,success,1,0,0,82,5,7,0,0
blind_follow,low,4.0,10250,trapped_inside,0,0,0,400,5,7,0,1
blind_follow,low,4.0,10251,trapped_inside,0,0,0,400,5,7,0,1
blind_follow,low,4.0,10252,success,1,0,0,169,5,7,0,0
blind_follow,low,4.0,10253,trapped_inside,0,0,0,400,4,7,0,1
blind_follow,low,4.0,10254,success,1,0,0,184,5,7,0,0
blind_follow,low,4.0,10255,trapped_inside,0,0,0,400,5,7,0,1
blind_follow,low,4.0,10256,trapped_inside,0,0,0,400,5,7,0,1
blind_follow,low,4.0,10257,success,1,0,0,204,5,7,0,0
blind_follow,low,4.0,10258,trapped_inside,0,0,0,400,5,7,0,1
blind_follow,low,4.0,10259,timeout,0,0,1,400,4,5,0,0
blind_follow,low,4.0,10260,success,1,0,0,175,5,7,0,0
blind_follow,low,4.0,10261,trapped_inside,0,0,0,400,4,7,0,1
blind_follow,low,4.0,10262,success,1,0,0,158,5,7,0,0
blind_follow,low,4.0,10263,trapped_inside,0,0,0,400,5,7,0,1
blind_follow,low,4.0,10264,success,1,0,0,160,5,7,0,0
blind_follow,low,4.0,10265,trapped_inside,0,0,0,400,5,7,0,1
blind_follow,low,4.0,10266,success,1,0,0,163,5,7,0,0
blind_follow,low,4.0,10267,success,1,0,0,218,5,7,0,0
blind_follow,low,4.0,10268,trapped_inside,0,0,0,400,5,7,0,1
blind_follow,low,4.0,10269,trapped_inside,0,0,0,400,5,7,0,1
blind_follow,low,4.0,10270,success,1,0,0,187,5,7,0,0
blind_follow,low,4.0,10271,success,1,0,0,128,5,7,0,0
blind_follow,low,4.0,10272,trapped_inside,0,0,0,400,4,7,0,1
blind_follow,low,4.0,10273,trapped_inside,0,0,0,400,5,7,0,1
blind_follow,low,4.0,10274,success,1,0,0,174,5,7,0,0
blind_follow,low,4.0,10275,success,1,0,0,187,5,7,0,0
blind_follow,low,4.0,10276,trapped_inside,0,0,0,400,5,7,0,1
blind_follow,low,4.0,10277,success,1,0,0,164,5,7,0,0
blind_follow,low,4.0,10278,trapped_inside,0,0,0,400,5,7,0,1
blind_follow,low,4.0,10279,success,1,0,0,216,5,7,0,0
blind_follow,low,4.0,10280,trapped_inside,0,0,0,400,5,7,0,1
blind_follow,low,4.0,10281,success,1,0,0,130,5,7,0,0
blind_follow,low,4.0,10282,success,1,0,0,187,5,7,0,0
blind_follow,low,4.0,10283,success,1,0,0,193,5,7,0,0
blind_follow,low,4.0,10284,trapped_inside,0,0,0,400,5,7,0,1
blind_follow,low,4.0,10285,success,1,0,0,149,5,7,0,0
blind_follow,low,4.0,10286,trapped_inside,0,0,0,400,5,7,0,1
blind_follow,low,4.0,10287,success,1,0,0,159,5,7,0,0
blind_follow,low,4.0,10288,trapped_inside,0,0,0,400,4,7,0,1
blind_follow,low,4.0,10289,success,1,0,0,179,5,7,0,0
blind_follow,low,4.0,10290,trapped_inside,0,0,0,400,5,7,0,1
blind_follow,low,4.0,10291,trapped_inside,0,0,0,400,5,7,0,1
blind_follow,low,4.0,10292,trapped_inside,0,0,0,400,5,7,0,1
blind_follow,low,4.0,10293,trapped_inside,0,0,0,400,4,7,0,1
blind_follow,low,4.0,10294,trapped_inside,0,0,0,400,5,7,0,1
blind_follow,low,4.0,10295,success,1,0,0,200,5,7,0,0
blind_follow,low,4.0,10296,success,1,0,0,154,5,7,0,0
blind_follow,low,4.0,10297,trapped_inside,0,0,0,400,5,7,0,1
blind_follow,low,4.0,10298,trapped_inside,0,0,0,400,5,7,0,1
blind_follow,low,4.0,10299,trapped_inside,0,0,0,400,5,7,0,1
blind_follow,low,4.0,10300,trapped_inside,0,0,0,400,5,7,0,1
blind_follow,low,4.0,10301,trapped_inside,0,0,0,400,4,7,0,1
blind_follow,low,4.0,10302,trapped_inside,0,0,0,400,5,7,0,1
blind_follow,low,4.0,10303,success,1,0,0,176,5,7,0,0
blind_follow,low,4.0,10304,trapped_inside,0,0,0,400,5,7,0,1
blind_follow,low,4.0,10305,success,1,0,0,181,5,7,0,0
blind_follow,low,4.0,10306,success,1,0,0,166,5,7,0,0
blind_follow,low,4.0,10307,success,1,0,0,179,5,7,0,0
blind_follow,low,4.0,10308,success,1,0,0,152,5,7,0,0
blind_follow,low,4.0,10309,trapped_inside,0,0,0,400,5,7,0,1
blind_follow,low,4.0,10310,trapped_inside,0,0,0,400,5,7,0,1
blind_follow,low,4.0,10311,trapped_inside,0,0,0,400,5,7,0,1
blind_follow,low,4.0,10312,success,1,0,0,193,5,7,0,0
blind_follow,low,4.0,10313,success,1,0,0,139,5,7,0,0
blind_follow,low,4.0,10314,trapped_inside,0,0,0,400,4,7,0,1
blind_follow,low,4.0,10315,trapped_inside,0,0,0,400,5,7,0,1
blind_follow,low,4.0,10316,trapped_inside,0,0,0,400,5,7,0,1
blind_follow,low,4.0,10317,success,1,0,0,132,5,7,0,0
blind_follow,low,4.0,10318,trapped_inside,0,0,0,400,5,7,0,1
blind_follow,low,4.0,10319,trapped_inside,0,0,0,400,5,7,0,1
blind_follow,low,4.0,10320,success,1,0,0,110,5,7,0,0
blind_follow,low,4.0,10321,success,1,0,0,121,5,7,0,0
blind_follow,low,4.0,10322,success,1,0,0,166,5,7,0,0
blind_follow,low,4.0,10323,trapped_inside,0,0,0,400,4,7,0,1
blind_follow,low,4.0,10324,success,1,0,0,175,5,7,0,0
blind_follow,low,4.0,10325,success,1,0,0,166,5,7,0,0
blind_follow,low,4.0,10326,trapped_inside,0,0,0,400,5,7,0,1
blind_follow,low,4.0,10327,success,1,0,0,194,5,7,0,0
blind_follow,low,4.0,10328,success,1,0,0,128,5,7,0,0
blind_follow,low,4.0,10329,success,1,0,0,121,5,7,0,0
blind_follow,low,4.0,10330,success,1,0,0,233,5,7,0,0
blind_follow,low,4.0,10331,success,1,0,0,222,5,7,0,0
blind_follow,low,4.0,10332,trapped_inside,0,0,0,400,5,7,0,1
blind_follow,low,4.0,10333,success,1,0,0,194,5,7,0,0
blind_follow,low,4.0,10334,trapped_inside,0,0,0,400,5,7,0,1
blind_follow,low,4.0,10335,success,1,0,0,178,5,7,0,0
blind_follow,low,4.0,10336,trapped_inside,0,0,0,400,5,7,0,1
blind_follow,low,4.0,10337,trapped_inside,0,0,0,400,5,7,0,1
blind_follow,low,4.0,10338,success,1,0,0,123,5,7,0,0
blind_follow,low,4.0,10339,trapped_inside,0,0,0,400,5,7,0,1
blind_follow,low,4.0,10340,trapped_inside,0,0,0,400,5,7,0,1
blind_follow,low,4.0,10341,success,1,0,0,199,5,7,0,0
blind_follow,low,4.0,10342,success,1,0,0,117,5,7,0,0
blind_follow,low,4.0,10343,success,1,0,0,179,5,7,0,0
blind_follow,low,4.0,10344,trapped_inside,0,0,0,400,5,7,0,1
blind_follow,low,4.0,10345,timeout,0,0,1,400,4,5,0,0
blind_follow,low,4.0,10346,trapped_inside,0,0,0,400,5,7,0,1
blind_follow,low,4.0,10347,trapped_inside,0,0,0,400,5,7,0,1
blind_follow,low,4.0,10348,trapped_inside,0,0,0,400,5,7,0,1
blind_follow,low,4.0,10349,success,1,0,0,162,5,7,0,0
blind_follow,low,4.0,10350,trapped_inside,0,0,0,400,5,7,0,1
blind_follow,low,4.0,10351,success,1,0,0,152,5,7,0,0
blind_follow,low,4.0,10352,success,1,0,0,239,5,7,0,0
blind_follow,low,4.0,10353,success,1,0,0,108,5,7,0,0
blind_follow,low,4.0,10354,trapped_inside,0,0,0,400,5,7,0,1
blind_follow,low,4.0,10355,success,1,0,0,159,5,7,0,0
blind_follow,low,4.0,10356,success,1,0,0,166,5,7,0,0
blind_follow,low,4.0,10357,trapped_inside,0,0,0,400,5,7,0,1
blind_follow,low,4.0,10358,success,1,0,0,196,5,7,0,0
blind_follow,low,4.0,10359,success,1,0,0,177,5,7,0,0
blind_follow,low,4.0,10360,success,1,0,0,198,5,7,0,0
blind_follow,low,4.0,10361,trapped_inside,0,0,0,400,5,7,0,1
blind_follow,low,4.0,10362,success,1,0,0,235,5,7,0,0
blind_follow,low,4.0,10363,trapped_inside,0,0,0,400,4,7,0,1
blind_follow,low,4.0,10364,trapped_inside,0,0,0,400,4,7,0,1
blind_follow,low,4.0,10365,success,1,0,0,180,5,7,0,0
blind_follow,low,4.0,10366,success,1,0,0,153,5,7,0,0
blind_follow,low,4.0,10367,success,1,0,0,183,5,7,0,0
blind_follow,low,4.0,10368,success,1,0,0,188,5,7,0,0
blind_follow,low,4.0,10369,success,1,0,0,226,5,7,0,0
blind_follow,low,4.0,10370,trapped_inside,0,0,0,400,5,7,0,1
blind_follow,low,4.0,10371,trapped_inside,0,0,0,400,5,7,0,1
blind_follow,low,4.0,10372,trapped_inside,0,0,0,400,5,7,0,1
blind_follow,low,4.0,10373,trapped_inside,0,0,0,400,5,7,0,1
blind_follow,low,4.0,10374,success,1,0,0,205,5,7,0,0
blind_follow,low,4.0,10375,success,1,0,0,204,5,7,0,0
blind_follow,low,4.0,10376,trapped_inside,0,0,0,400,5,7,0,1
blind_follow,low,4.0,10377,success,1,0,0,177,5,7,0,0
blind_follow,low,4.0,10378,success,1,0,0,126,5,7,0,0
blind_follow,low,4.0,10379,trapped_inside,0,0,0,400,5,7,0,1
blind_follow,low,4.0,10380,trapped_inside,0,0,0,400,5,7,0,1
blind_follow,low,4.0,10381,trapped_inside,0,0,0,400,4,7,0,1
blind_follow,low,4.0,10382,trapped_inside,0,0,0,400,5,7,0,1
blind_follow,low,4.0,10383,trapped_inside,0,0,0,400,5,7,0,1
blind_follow,low,4.0,10384,success,1,0,0,149,5,7,0,0
blind_follow,low,4.0,10385,trapped_inside,0,0,0,400,5,7,0,1
blind_follow,low,4.0,10386,trapped_inside,0,0,0,400,5,7,0,1
blind_follow,low,4.0,10387,trapped_inside,0,0,0,400,4,7,0,1
blind_follow,low,4.0,10388,trapped_inside,0,0,0,400,5,7,0,1
blind_follow,low,4.0,10389,trapped_inside,0,0,0,400,5,7,0,1
blind_follow,low,4.0,10390,success,1,0,0,145,5,7,0,0
blind_follow,low,4.0,10391,trapped_inside,0,0,0,400,4,7,0,1
blind_follow,low,4.0,10392,success,1,0,0,218,5,7,0,0
blind_follow,low,4.0,10393,trapped_inside,0,0,0,400,5,7,0,1
blind_follow,low,4.0,10394,success,1,0,0,177,5,7,0,0
blind_follow,low,4.0,10395,trapped_inside,0,0,0,400,5,7,0,1
blind_follow,low,4.0,10396,trapped_inside,0,0,0,400,5,7,0,1
blind_follow,low,4.0,10397,success,1,0,0,175,5,7,0,0
blind_follow,low,4.0,10398,success,1,0,0,178,5,7,0,0
blind_follow,low,4.0,10399,success,1,0,0,175,5,7,0,0
blind_follow,low,4.0,10400,success,1,0,0,167,5,7,0,0
blind_follow,low,4.0,10401,success,1,0,0,160,5,7,0,0
blind_follow,low,4.0,10402,success,1,0,0,206,5,7,0,0
blind_follow,low,4.0,10403,trapped_inside,0,0,0,400,5,7,0,1
blind_follow,low,4.0,10404,trapped_inside,0,0,0,400,5,7,0,1
blind_follow,low,4.0,10405,success,1,0,0,153,5,7,0,0
blind_follow,low,4.0,10406,success,1,0,0,181,5,7,0,0
blind_follow,low,4.0,10407,success,1,0,0,179,5,7,0,0
blind_follow,low,4.0,10408,success,1,0,0,218,5,7,0,0
blind_follow,low,4.0,10409,success,1,0,0,178,5,7,0,0
blind_follow,low,4.0,10410,trapped_inside,0,0,0,400,5,7,0,1
blind_follow,low,4.0,10411,trapped_inside,0,0,0,400,5,7,0,1
blind_follow,low,4.0,10412,trapped_inside,0,0,0,400,4,7,0,1
blind_follow,low,4.0,10413,success,1,0,0,136,5,7,0,0
blind_follow,low,4.0,10414,trapped_inside,0,0,0,400,5,7,0,1
blind_follow,low,4.0,10415,trapped_inside,0,0,0,400,5,7,0,1
blind_follow,low,4.0,10416,trapped_inside,0,0,0,400,5,7,0,1
blind_follow,low,4.0,10417,trapped_inside,0,0,0,400,5,7,0,1
blind_follow,low,4.0,10418,success,1,0,0,199,5,7,0,0
blind_follow,low,4.0,10419,success,1,0,0,230,5,7,0,0
blind_follow,low,4.0,10420,success,1,0,0,185,5,7,0,0
blind_follow,low,4.0,10421,success,1,0,0,216,5,7,0,0
blind_follow,low,4.0,10422,trapped_inside,0,0,0,400,5,7,0,1
blind_follow,low,4.0,10423,success,1,0,0,273,5,7,0,0
blind_follow,low,4.0,10424,trapped_inside,0,0,0,400,5,7,0,1
blind_follow,low,4.0,10425,trapped_inside,0,0,0,400,5,7,0,1
blind_follow,low,4.0,10426,success,1,0,0,156,5,7,0,0
blind_follow,low,4.0,10427,success,1,0,0,162,5,7,0,0
blind_follow,low,4.0,10428,success,1,0,0,155,5,7,0,0
blind_follow,low,4.0,10429,trapped_inside,0,0,0,400,4,7,0,1
blind_follow,low,4.0,10430,success,1,0,0,175,5,7,0,0
blind_follow,low,4.0,10431,trapped_inside,0,0,0,400,5,7,0,1
blind_follow,low,4.0,10432,success,1,0,0,179,5,7,0,0
blind_follow,low,4.0,10433,success,1,0,0,169,5,7,0,0
blind_follow,low,4.0,10434,success,1,0,0,152,5,7,0,0
blind_follow,low,4.0,10435,success,1,0,0,163,5,7,0,0
blind_follow,low,4.0,10436,trapped_inside,0,0,0,400,5,7,0,1
blind_follow,low,4.0,10437,trapped_inside,0,0,0,400,5,7,0,1
blind_follow,low,4.0,10438,success,1,0,0,132,5,7,0,0
blind_follow,low,4.0,10439,success,1,0,0,211,5,7,0,0
blind_follow,low,4.0,10440,trapped_inside,0,0,0,400,5,7,0,1
blind_follow,low,4.0,10441,success,1,0,0,188,5,7,0,0
blind_follow,low,4.0,10442,trapped_inside,0,0,0,400,5,7,0,1
blind_follow,low,4.0,10443,trapped_inside,0,0,0,400,5,7,0,1
blind_follow,low,4.0,10444,success,1,0,0,170,5,7,0,0
blind_follow,low,4.0,10445,success,1,0,0,124,5,7,0,0
blind_follow,low,4.0,10446,trapped_inside,0,0,0,400,5,7,0,1
blind_follow,low,4.0,10447,trapped_inside,0,0,0,400,5,7,0,1
blind_follow,low,4.0,10448,trapped_inside,0,0,0,400,5,7,0,1
blind_follow,low,4.0,10449,success,1,0,0,146,5,7,0,0
blind_follow,low,4.0,10450,trapped_inside,0,0,0,400,4,7,0,1
blind_follow,low,4.0,10451,success,1,0,0,167,5,7,0,0
blind_follow,low,4.0,10452,trapped_inside,0,0,0,400,5,7,0,1
blind_follow,low,4.0,10453,trapped_inside,0,0,0,400,5,7,0,1
blind_follow,low,4.0,10454,success,1,0,0,199,5,7,0,0
blind_follow,low,4.0,10455,trapped_inside,0,0,0,400,5,7,0,1
blind_follow,low,4.0,10456,success,1,0,0,202,5,7,0,0
blind_follow,low,4.0,10457,success,1,0,0,220,5,7,0,0
blind_follow,low,4.0,10458,success,1,0,0,232,5,7,0,0
blind_follow,low,4.0,10459,success,1,0,0,185,5,7,0,0
blind_follow,low,4.0,10460,success,1,0,0,210,5,7,0,0
blind_follow,low,4.0,10461,success,1,0,0,149,5,7,0,0
blind_follow,low,4.0,10462,trapped_inside,0,0,0,400,5,7,0,1
blind_follow,low,4.0,10463,success,1,0,0,191,5,7,0,0
blind_follow,low,4.0,10464,trapped_inside,0,0,0,400,5,7,0,1
blind_follow,low,4.0,10465,success,1,0,0,218,5,7,0,0
blind_follow,low,4.0,10466,trapped_inside,0,0,0,400,5,7,0,1
blind_follow,low,4.0,10467,success,1,0,0,132,5,7,0,0
blind_follow,low,4.0,10468,success,1,0,0,154,5,7,0,0
blind_follow,low,4.0,10469,trapped_inside,0,0,0,400,5,7,0,1
blind_follow,low,4.0,10470,trapped_inside,0,0,0,400,5,7,0,1
blind_follow,low,4.0,10471,success,1,0,0,186,5,7,0,0
blind_follow,low,4.0,10472,trapped_inside,0,0,0,400,5,7,0,1
blind_follow,low,4.0,10473,success,1,0,0,173,5,7,0,0
blind_follow,low,4.0,10474,success,1,0,0,150,5,7,0,0
blind_follow,low,4.0,10475,trapped_inside,0,0,0,400,5,7,0,1
blind_follow,low,4.0,10476,success,1,0,0,121,5,7,0,0
blind_follow,low,4.0,10477,success,1,0,0,156,5,7,0,0
blind_follow,low,4.0,10478,trapped_inside,0,0,0,400,5,7,0,1
blind_follow,low,4.0,10479,success,1,0,0,219,5,7,0,0
blind_follow,low,4.0,10480,success,1,0,0,167,5,7,0,0
blind_follow,low,4.0,10481,success,1,0,0,124,5,7,0,0
blind_follow,low,4.0,10482,success,1,0,0,180,5,7,0,0
blind_follow,low,4.0,10483,trapped_inside,0,0,0,400,5,7,0,1
blind_follow,low,4.0,10484,trapped_inside,0,0,0,400,5,7,0,1
blind_follow,low,4.0,10485,success,1,0,0,220,5,7,0,0
blind_follow,low,4.0,10486,success,1,0,0,156,5,7,0,0
blind_follow,low,4.0,10487,success,1,0,0,211,5,7,0,0
blind_follow,low,4.0,10488,success,1,0,0,220,5,7,0,0
blind_follow,low,4.0,10489,success,1,0,0,140,5,7,0,0
blind_follow,low,4.0,10490,trapped_inside,0,0,0,400,5,7,0,1
blind_follow,low,4.0,10491,trapped_inside,0,0,0,400,5,7,0,1
blind_follow,low,4.0,10492,success,1,0,0,192,5,7,0,0
blind_follow,low,4.0,10493,success,1,0,0,145,5,7,0,0
blind_follow,low,4.0,10494,success,1,0,0,195,5,7,0,0
blind_follow,low,4.0,10495,success,1,0,0,157,5,7,0,0
blind_follow,low,4.0,10496,success,1,0,0,137,5,7,0,0
blind_follow,low,4.0,10497,success,1,0,0,146,5,7,0,0
blind_follow,low,4.0,10498,success,1,0,0,108,5,7,0,0
blind_follow,low,4.0,10499,success,1,0,0,169,5,7,0,0
shared_map,low,4.0,10000,success,1,0,0,160,5,7,1818,0
shared_map,low,4.0,10001,success,1,0,0,216,5,7,3276,0
shared_map,low,4.0,10002,success,1,0,0,175,5,7,2528,0
shared_map,low,4.0,10003,success,1,0,0,156,5,7,2208,0
shared_map,low,4.0,10004,success,1,0,0,184,5,7,2662,0
shared_map,low,4.0,10005,success,1,0,0,149,5,7,1844,0
shared_map,low,4.0,10006,trapped_inside,0,0,0,400,5,7,7106,1
shared_map,low,4.0,10007,trapped_inside,0,0,0,400,5,7,6440,1
shared_map,low,4.0,10008,success,1,0,0,202,5,7,3926,0
shared_map,low,4.0,10009,success,1,0,0,193,5,7,2788,0
shared_map,low,4.0,10010,trapped_inside,0,0,0,400,5,7,7308,1
shared_map,low,4.0,10011,trapped_inside,0,0,0,400,5,7,6768,1
shared_map,low,4.0,10012,success,1,0,0,112,5,7,2174,0
shared_map,low,4.0,10013,success,1,0,0,179,5,7,1692,0
shared_map,low,4.0,10014,trapped_inside,0,0,0,400,5,7,7014,1
shared_map,low,4.0,10015,success,1,0,0,211,5,7,2532,0
shared_map,low,4.0,10016,trapped_inside,0,0,0,400,5,7,6900,1
shared_map,low,4.0,10017,success,1,0,0,202,5,7,2412,0
shared_map,low,4.0,10018,success,1,0,0,191,5,7,1600,0
shared_map,low,4.0,10019,success,1,0,0,195,5,7,3784,0
shared_map,low,4.0,10020,trapped_inside,0,0,0,400,5,7,4548,1
shared_map,low,4.0,10021,success,1,0,0,171,5,7,2080,0
shared_map,low,4.0,10022,success,1,0,0,139,5,7,1220,0
shared_map,low,4.0,10023,trapped_inside,0,0,0,400,5,7,6296,1
shared_map,low,4.0,10024,success,1,0,0,227,5,7,2134,0
shared_map,low,4.0,10025,success,1,0,0,139,5,7,1932,0
shared_map,low,4.0,10026,trapped_inside,0,0,0,400,5,7,5264,1
shared_map,low,4.0,10027,success,1,0,0,190,4,7,2954,0
shared_map,low,4.0,10028,success,1,0,0,134,5,7,1672,0
shared_map,low,4.0,10029,success,1,0,0,155,5,7,1122,0
shared_map,low,4.0,10030,success,1,0,0,176,5,7,3306,0
shared_map,low,4.0,10031,success,1,0,0,166,5,7,1784,0
shared_map,low,4.0,10032,success,1,0,0,152,5,7,1600,0
shared_map,low,4.0,10033,trapped_inside,0,0,0,400,5,7,7372,1
shared_map,low,4.0,10034,trapped_inside,0,0,0,400,5,7,6538,1
shared_map,low,4.0,10035,trapped_inside,0,0,0,400,5,7,7230,1
shared_map,low,4.0,10036,success,1,0,0,166,5,7,1682,0
shared_map,low,4.0,10037,success,1,0,0,141,5,7,1740,0
shared_map,low,4.0,10038,success,1,0,0,190,5,7,1650,0
shared_map,low,4.0,10039,trapped_inside,0,0,0,400,5,7,6694,1
shared_map,low,4.0,10040,trapped_inside,0,0,0,400,5,7,6272,1
shared_map,low,4.0,10041,success,1,0,0,138,5,7,2670,0
shared_map,low,4.0,10042,success,1,0,0,219,5,7,3526,0
shared_map,low,4.0,10043,success,1,0,0,202,5,7,1430,0
shared_map,low,4.0,10044,success,1,0,0,165,5,7,2454,0
shared_map,low,4.0,10045,success,1,0,0,192,5,7,3206,0
shared_map,low,4.0,10046,success,1,0,0,202,5,7,2262,0
shared_map,low,4.0,10047,trapped_inside,0,0,0,400,5,7,6900,1
shared_map,low,4.0,10048,success,1,0,0,156,5,7,2062,0
shared_map,low,4.0,10049,success,1,0,0,167,5,7,1730,0
shared_map,low,4.0,10050,success,1,0,0,132,5,7,1058,0
shared_map,low,4.0,10051,success,1,0,0,120,5,7,2320,0
shared_map,low,4.0,10052,success,1,0,0,151,5,7,2236,0
shared_map,low,4.0,10053,success,1,0,0,188,5,7,2778,0
shared_map,low,4.0,10054,success,1,0,0,178,5,7,3462,0
shared_map,low,4.0,10055,trapped_inside,0,0,0,400,5,7,6444,1
shared_map,low,4.0,10056,trapped_inside,0,0,0,400,5,7,4798,1
shared_map,low,4.0,10057,success,1,0,0,132,5,7,1402,0
shared_map,low,4.0,10058,trapped_inside,0,0,0,400,5,7,7376,1
shared_map,low,4.0,10059,success,1,0,0,152,5,7,1956,0
shared_map,low,4.0,10060,success,1,0,0,166,5,7,2346,0
shared_map,low,4.0,10061,trapped_inside,0,0,0,400,5,7,4338,1
shared_map,low,4.0,10062,success,1,0,0,187,5,7,3636,0
shared_map,low,4.0,10063,success,1,0,0,225,5,7,2296,0
shared_map,low,4.0,10064,success,1,0,0,194,5,7,1614,0
shared_map,low,4.0,10065,success,1,0,0,202,4,7,1950,0
shared_map,low,4.0,10066,trapped_inside,0,0,0,400,5,7,7192,1
shared_map,low,4.0,10067,trapped_inside,0,0,0,400,5,7,6988,1
shared_map,low,4.0,10068,trapped_inside,0,0,0,400,5,7,7226,1
shared_map,low,4.0,10069,success,1,0,0,143,5,7,1320,0
shared_map,low,4.0,10070,success,1,0,0,206,4,7,1704,0
shared_map,low,4.0,10071,trapped_inside,0,0,0,400,5,7,7512,1
shared_map,low,4.0,10072,success,1,0,0,258,5,7,5054,0
shared_map,low,4.0,10073,success,1,0,0,170,5,7,2440,0
shared_map,low,4.0,10074,trapped_inside,0,0,0,400,5,7,7434,1
shared_map,low,4.0,10075,success,1,0,0,180,5,7,1414,0
shared_map,low,4.0,10076,trapped_inside,0,0,0,400,5,7,4796,1
shared_map,low,4.0,10077,success,1,0,0,139,5,7,1710,0
shared_map,low,4.0,10078,trapped_inside,0,0,0,400,5,7,7454,1
shared_map,low,4.0,10079,trapped_inside,0,0,0,400,5,7,5206,1
shared_map,low,4.0,10080,success,1,0,0,182,5,7,3136,0
shared_map,low,4.0,10081,success,1,0,0,164,5,7,2264,0
shared_map,low,4.0,10082,success,1,0,0,144,5,7,2406,0
shared_map,low,4.0,10083,success,1,0,0,124,5,7,1262,0
shared_map,low,4.0,10084,success,1,0,0,112,5,7,1104,0
shared_map,low,4.0,10085,success,1,0,0,168,5,7,1470,0
shared_map,low,4.0,10086,success,1,0,0,127,5,7,1354,0
shared_map,low,4.0,10087,success,1,0,0,204,5,7,2986,0
shared_map,low,4.0,10088,success,1,0,0,196,5,7,3830,0
shared_map,low,4.0,10089,success,1,0,0,260,5,7,2700,0
shared_map,low,4.0,10090,success,1,0,0,196,5,7,2696,0
shared_map,low,4.0,10091,success,1,0,0,107,5,7,2054,0
shared_map,low,4.0,10092,success,1,0,0,132,5,7,1768,0
shared_map,low,4.0,10093,trapped_inside,0,0,0,400,5,7,6884,1
shared_map,low,4.0,10094,success,1,0,0,204,5,7,2262,0
shared_map,low,4.0,10095,trapped_inside,0,0,0,400,5,7,4756,1
shared_map,low,4.0,10096,success,1,0,0,110,5,7,1142,0
shared_map,low,4.0,10097,success,1,0,0,150,5,7,2418,0
shared_map,low,4.0,10098,success,1,0,0,148,5,7,2050,0
shared_map,low,4.0,10099,success,1,0,0,179,5,7,1432,0
shared_map,low,4.0,10100,success,1,0,0,177,5,7,2380,0
shared_map,low,4.0,10101,success,1,0,0,202,5,7,2570,0
shared_map,low,4.0,10102,success,1,0,0,191,5,7,3156,0
shared_map,low,4.0,10103,success,1,0,0,188,5,7,2210,0
shared_map,low,4.0,10104,success,1,0,0,111,5,7,1868,0
shared_map,low,4.0,10105,trapped_inside,0,0,0,400,5,7,7008,1
shared_map,low,4.0,10106,trapped_inside,0,0,0,400,5,7,4400,1
shared_map,low,4.0,10107,success,1,0,0,157,5,7,1178,0
shared_map,low,4.0,10108,success,1,0,0,201,5,7,2726,0
shared_map,low,4.0,10109,success,1,0,0,243,5,7,2160,0
shared_map,low,4.0,10110,success,1,0,0,212,5,7,1896,0
shared_map,low,4.0,10111,trapped_inside,0,0,0,400,5,7,7422,1
shared_map,low,4.0,10112,trapped_inside,0,0,0,400,5,7,6702,1
shared_map,low,4.0,10113,success,1,0,0,166,5,7,1202,0
shared_map,low,4.0,10114,trapped_inside,0,0,0,400,5,7,7360,1
shared_map,low,4.0,10115,success,1,0,0,201,5,7,2798,0
shared_map,low,4.0,10116,success,1,0,0,197,5,7,2050,0
shared_map,low,4.0,10117,trapped_inside,0,0,0,400,5,7,6754,1
shared_map,low,4.0,10118,success,1,0,0,181,5,7,2668,0
shared_map,low,4.0,10119,trapped_inside,0,0,0,400,5,7,6186,1
shared_map,low,4.0,10120,success,1,0,0,120,5,7,1208,0
shared_map,low,4.0,10121,success,1,0,0,228,5,7,2746,0
shared_map,low,4.0,10122,success,1,0,0,138,5,7,1828,0
shared_map,low,4.0,10123,success,1,0,0,90,5,7,1172,0
shared_map,low,4.0,10124,success,1,0,0,179,5,7,3468,0
shared_map,low,4.0,10125,success,1,0,0,105,5,7,2018,0
shared_map,low,4.0,10126,success,1,0,0,157,5,7,3030,0
shared_map,low,4.0,10127,success,1,0,0,169,5,7,2970,0
shared_map,low,4.0,10128,success,1,0,0,151,5,7,1856,0
shared_map,low,4.0,10129,success,1,0,0,143,5,7,2052,0
shared_map,low,4.0,10130,trapped_inside,0,0,0,400,5,7,6868,1
shared_map,low,4.0,10131,trapped_inside,0,0,0,400,5,7,6608,1
shared_map,low,4.0,10132,trapped_inside,0,0,0,400,5,7,6542,1
shared_map,low,4.0,10133,success,1,0,0,171,5,7,2252,0
shared_map,low,4.0,10134,success,1,0,0,196,5,7,2270,0
shared_map,low,4.0,10135,success,1,0,0,167,5,7,1784,0
shared_map,low,4.0,10136,success,1,0,0,190,5,7,2110,0
shared_map,low,4.0,10137,success,1,0,0,208,5,7,2618,0
shared_map,low,4.0,10138,success,1,0,0,141,5,7,2220,0
shared_map,low,4.0,10139,trapped_inside,0,0,0,400,5,7,7896,1
shared_map,low,4.0,10140,success,1,0,0,157,5,7,1876,0
shared_map,low,4.0,10141,trapped_inside,0,0,0,400,5,7,6876,1
shared_map,low,4.0,10142,success,1,0,0,112,5,7,1498,0
shared_map,low,4.0,10143,success,1,0,0,152,5,7,2948,0
shared_map,low,4.0,10144,success,1,0,0,170,5,7,3286,0
shared_map,low,4.0,10145,success,1,0,0,193,5,7,2558,0
shared_map,low,4.0,10146,success,1,0,0,194,5,7,2028,0
shared_map,low,4.0,10147,success,1,0,0,151,5,7,2414,0
shared_map,low,4.0,10148,success,1,0,0,162,5,7,1328,0
shared_map,low,4.0,10149,trapped_inside,0,0,0,400,5,7,4312,1
shared_map,low,4.0,10150,success,1,0,0,107,5,7,2086,0
shared_map,low,4.0,10151,success,1,0,0,177,5,7,1898,0
shared_map,low,4.0,10152,trapped_inside,0,0,0,400,5,7,7144,1
shared_map,low,4.0,10153,success,1,0,0,150,5,7,2180,0
shared_map,low,4.0,10154,success,1,0,0,114,5,7,2210,0
shared_map,low,4.0,10155,success,1,0,0,147,5,7,1452,0
shared_map,low,4.0,10156,trapped_inside,0,0,0,400,5,7,6500,1
shared_map,low,4.0,10157,trapped_inside,0,0,0,400,5,7,7088,1
shared_map,low,4.0,10158,success,1,0,0,173,5,7,2422,0
shared_map,low,4.0,10159,success,1,0,0,147,5,7,2856,0
shared_map,low,4.0,10160,trapped_inside,0,0,0,400,5,7,6910,1
shared_map,low,4.0,10161,success,1,0,0,115,5,7,1470,0
shared_map,low,4.0,10162,trapped_inside,0,0,0,400,5,7,4646,1
shared_map,low,4.0,10163,trapped_inside,0,0,0,400,5,7,4800,1
shared_map,low,4.0,10164,success,1,0,0,200,5,7,2338,0
shared_map,low,4.0,10165,trapped_inside,0,0,0,400,5,7,5498,1
shared_map,low,4.0,10166,success,1,0,0,180,5,7,2038,0
shared_map,low,4.0,10167,success,1,0,0,168,5,7,2116,0
shared_map,low,4.0,10168,success,1,0,0,111,5,7,1430,0
shared_map,low,4.0,10169,trapped_inside,0,0,0,400,5,7,6628,1
shared_map,low,4.0,10170,success,1,0,0,135,5,7,2388,0
shared_map,low,4.0,10171,success,1,0,0,138,5,7,1544,0
shared_map,low,4.0,10172,success,1,0,0,178,5,7,2764,0
shared_map,low,4.0,10173,success,1,0,0,118,5,7,1536,0
shared_map,low,4.0,10174,trapped_inside,0,0,0,400,5,7,6508,1
shared_map,low,4.0,10175,success,1,0,0,126,5,7,1686,0
shared_map,low,4.0,10176,success,1,0,0,207,5,7,2914,0
shared_map,low,4.0,10177,trapped_inside,0,0,0,400,5,7,7916,1
shared_map,low,4.0,10178,success,1,0,0,197,5,7,2244,0
shared_map,low,4.0,10179,success,1,0,0,244,5,7,2198,0
shared_map,low,4.0,10180,success,1,0,0,192,5,7,2044,0
shared_map,low,4.0,10181,success,1,0,0,135,5,7,1770,0
shared_map,low,4.0,10182,trapped_inside,0,0,0,400,5,7,6500,1
shared_map,low,4.0,10183,success,1,0,0,176,5,7,1668,0
shared_map,low,4.0,10184,success,1,0,0,197,5,7,2728,0
shared_map,low,4.0,10185,success,1,0,0,158,5,7,3064,0
shared_map,low,4.0,10186,success,1,0,0,161,5,7,3120,0
shared_map,low,4.0,10187,trapped_inside,0,0,0,400,5,7,6726,1
shared_map,low,4.0,10188,trapped_inside,0,0,0,400,5,7,6884,1
shared_map,low,4.0,10189,success,1,0,0,296,5,7,3134,0
shared_map,low,4.0,10190,success,1,0,0,189,5,7,2300,0
shared_map,low,4.0,10191,success,1,0,0,155,5,7,1592,0
shared_map,low,4.0,10192,trapped_inside,0,0,0,400,5,7,6864,1
shared_map,low,4.0,10193,trapped_inside,0,0,0,400,5,7,6798,1
shared_map,low,4.0,10194,success,1,0,0,199,5,7,1636,0
shared_map,low,4.0,10195,trapped_inside,0,0,0,400,5,7,6716,1
shared_map,low,4.0,10196,trapped_inside,0,0,0,400,5,7,7320,1
shared_map,low,4.0,10197,trapped_inside,0,0,0,400,5,7,6884,1
shared_map,low,4.0,10198,success,1,0,0,181,5,7,3526,0
shared_map,low,4.0,10199,trapped_inside,0,0,0,400,5,7,6972,1
shared_map,low,4.0,10200,success,1,0,0,134,5,7,1732,0
shared_map,low,4.0,10201,trapped_inside,0,0,0,400,5,7,6942,1
shared_map,low,4.0,10202,trapped_inside,0,0,0,400,5,7,6256,1
shared_map,low,4.0,10203,trapped_inside,0,0,0,400,5,7,6854,1
shared_map,low,4.0,10204,trapped_inside,0,0,0,400,5,7,5898,1
shared_map,low,4.0,10205,success,1,0,0,194,5,7,2904,0
shared_map,low,4.0,10206,success,1,0,0,181,5,7,2180,0
shared_map,low,4.0,10207,success,1,0,0,94,4,7,1144,0
shared_map,low,4.0,10208,success,1,0,0,165,5,7,2366,0
shared_map,low,4.0,10209,success,1,0,0,174,5,7,1982,0
shared_map,low,4.0,10210,trapped_inside,0,0,0,400,5,7,6830,1
shared_map,low,4.0,10211,success,1,0,0,243,5,7,2228,0
shared_map,low,4.0,10212,success,1,0,0,205,5,7,1512,0
shared_map,low,4.0,10213,trapped_inside,0,0,0,400,5,7,7130,1
shared_map,low,4.0,10214,success,1,0,0,203,5,7,3962,0
shared_map,low,4.0,10215,trapped_inside,0,0,0,400,5,7,7340,1
shared_map,low,4.0,10216,success,1,0,0,199,5,7,3192,0
shared_map,low,4.0,10217,success,1,0,0,188,5,7,1892,0
shared_map,low,4.0,10218,success,1,0,0,154,5,7,1580,0
shared_map,low,4.0,10219,trapped_inside,0,0,0,400,5,7,5966,1
shared_map,low,4.0,10220,success,1,0,0,197,5,7,3144,0
shared_map,low,4.0,10221,trapped_inside,0,0,0,400,5,7,7088,1
shared_map,low,4.0,10222,success,1,0,0,151,4,7,1622,0
shared_map,low,4.0,10223,success,1,0,0,157,5,7,1178,0
shared_map,low,4.0,10224,success,1,0,0,175,5,7,2160,0
shared_map,low,4.0,10225,success,1,0,0,174,5,7,1962,0
shared_map,low,4.0,10226,trapped_inside,0,0,0,400,5,7,4420,1
shared_map,low,4.0,10227,trapped_inside,0,0,0,400,5,7,6812,1
shared_map,low,4.0,10228,success,1,0,0,175,5,7,2356,0
shared_map,low,4.0,10229,trapped_inside,0,0,0,400,5,7,6550,1
shared_map,low,4.0,10230,success,1,0,0,127,5,7,1086,0
shared_map,low,4.0,10231,success,1,0,0,189,5,7,2268,0
shared_map,low,4.0,10232,success,1,0,0,147,5,7,1598,0
shared_map,low,4.0,10233,success,1,0,0,171,5,7,2000,0
shared_map,low,4.0,10234,trapped_inside,0,0,0,400,5,7,4508,1
shared_map,low,4.0,10235,success,1,0,0,141,5,7,2130,0
shared_map,low,4.0,10236,trapped_inside,0,0,0,400,5,7,7140,1
shared_map,low,4.0,10237,success,1,0,0,173,5,7,1836,0
shared_map,low,4.0,10238,success,1,0,0,204,5,7,2626,0
shared_map,low,4.0,10239,success,1,0,0,119,5,7,1430,0
shared_map,low,4.0,10240,success,1,0,0,189,5,7,1470,0
shared_map,low,4.0,10241,trapped_inside,0,0,0,400,5,7,6374,1
shared_map,low,4.0,10242,trapped_inside,0,0,0,400,5,7,6854,1
shared_map,low,4.0,10243,success,1,0,0,130,5,7,2134,0
shared_map,low,4.0,10244,success,1,0,0,176,5,7,1112,0
shared_map,low,4.0,10245,trapped_inside,0,0,0,400,5,7,6724,1
shared_map,low,4.0,10246,trapped_inside,0,0,0,400,5,7,6364,1
shared_map,low,4.0,10247,success,1,0,0,166,5,7,1326,0
shared_map,low,4.0,10248,success,1,0,0,194,5,7,1490,0
shared_map,low,4.0,10249,success,1,0,0,82,5,7,1568,0
shared_map,low,4.0,10250,trapped_inside,0,0,0,400,5,7,7288,1
shared_map,low,4.0,10251,trapped_inside,0,0,0,400,5,7,6832,1
shared_map,low,4.0,10252,success,1,0,0,169,5,7,1938,0
shared_map,low,4.0,10253,success,1,0,0,202,5,7,2256,0
shared_map,low,4.0,10254,success,1,0,0,184,5,7,2204,0
shared_map,low,4.0,10255,trapped_inside,0,0,0,400,5,7,6742,1
shared_map,low,4.0,10256,trapped_inside,0,0,0,400,5,7,4586,1
shared_map,low,4.0,10257,success,1,0,0,204,5,7,2150,0
shared_map,low,4.0,10258,trapped_inside,0,0,0,400,5,7,6628,1
shared_map,low,4.0,10259,trapped_inside,0,0,0,400,5,7,7942,1
shared_map,low,4.0,10260,success,1,0,0,175,5,7,2000,0
shared_map,low,4.0,10261,success,1,0,0,223,4,7,3782,0
shared_map,low,4.0,10262,success,1,0,0,158,5,7,1494,0
shared_map,low,4.0,10263,trapped_inside,0,0,0,400,5,7,7328,1
shared_map,low,4.0,10264,success,1,0,0,160,5,7,2058,0
shared_map,low,4.0,10265,trapped_inside,0,0,0,400,5,7,6330,1
shared_map,low,4.0,10266,success,1,0,0,163,5,7,1830,0
shared_map,low,4.0,10267,success,1,0,0,218,5,7,2828,0
shared_map,low,4.0,10268,trapped_inside,0,0,0,400,5,7,7652,1
shared_map,low,4.0,10269,trapped_inside,0,0,0,400,5,7,5616,1
shared_map,low,4.0,10270,success,1,0,0,187,5,7,2742,0
shared_map,low,4.0,10271,success,1,0,0,128,5,7,1778,0
shared_map,low,4.0,10272,success,1,0,0,189,5,7,3100,0
shared_map,low,4.0,10273,trapped_inside,0,0,0,400,5,7,6794,1
shared_map,low,4.0,10274,success,1,0,0,174,5,7,2556,0
shared_map,low,4.0,10275,success,1,0,0,187,5,7,2446,0
shared_map,low,4.0,10276,trapped_inside,0,0,0,400,5,7,7058,1
shared_map,low,4.0,10277,success,1,0,0,164,5,7,2556,0
shared_map,low,4.0,10278,trapped_inside,0,0,0,400,5,7,4796,1
shared_map,low,4.0,10279,success,1,0,0,216,5,7,1878,0
shared_map,low,4.0,10280,trapped_inside,0,0,0,400,5,7,6112,1
shared_map,low,4.0,10281,success,1,0,0,130,5,7,1340,0
shared_map,low,4.0,10282,success,1,0,0,187,5,7,2376,0
shared_map,low,4.0,10283,success,1,0,0,193,5,7,2884,0
shared_map,low,4.0,10284,trapped_inside,0,0,0,400,5,7,5560,1
shared_map,low,4.0,10285,success,1,0,0,149,5,7,2114,0
shared_map,low,4.0,10286,trapped_inside,0,0,0,400,5,7,6962,1
shared_map,low,4.0,10287,success,1,0,0,159,5,7,2682,0
shared_map,low,4.0,10288,success,1,0,0,185,5,7,3588,0
shared_map,low,4.0,10289,success,1,0,0,179,5,7,3064,0
shared_map,low,4.0,10290,trapped_inside,0,0,0,400,5,7,7788,1
shared_map,low,4.0,10291,trapped_inside,0,0,0,400,5,7,6798,1
shared_map,low,4.0,10292,trapped_inside,0,0,0,400,4,7,4850,1
shared_map,low,4.0,10293,trapped_inside,0,0,0,400,5,7,7930,1
shared_map,low,4.0,10294,trapped_inside,0,0,0,400,5,7,6876,1
shared_map,low,4.0,10295,success,1,0,0,200,5,7,2388,0
shared_map,low,4.0,10296,success,1,0,0,154,5,7,3014,0
shared_map,low,4.0,10297,trapped_inside,0,0,0,400,5,7,7110,1
shared_map,low,4.0,10298,trapped_inside,0,0,0,400,5,7,6664,1
shared_map,low,4.0,10299,trapped_inside,0,0,0,400,5,7,7962,1
shared_map,low,4.0,10300,trapped_inside,0,0,0,400,5,7,6868,1
shared_map,low,4.0,10301,success,1,0,0,169,5,7,2756,0
shared_map,low,4.0,10302,trapped_inside,0,0,0,400,5,7,7380,1
shared_map,low,4.0,10303,success,1,0,0,176,5,7,1530,0
shared_map,low,4.0,10304,trapped_inside,0,0,0,400,5,7,6312,1
shared_map,low,4.0,10305,success,1,0,0,181,5,7,3514,0
shared_map,low,4.0,10306,success,1,0,0,216,5,7,2804,0
shared_map,low,4.0,10307,success,1,0,0,179,5,7,2134,0
shared_map,low,4.0,10308,success,1,0,0,152,5,7,1880,0
shared_map,low,4.0,10309,trapped_inside,0,0,0,400,5,7,6700,1
shared_map,low,4.0,10310,trapped_inside,0,0,0,400,5,7,6508,1
shared_map,low,4.0,10311,trapped_inside,0,0,0,400,5,7,6954,1
shared_map,low,4.0,10312,success,1,0,0,193,5,7,2042,0
shared_map,low,4.0,10313,success,1,0,0,139,5,7,2704,0
shared_map,low,4.0,10314,success,1,0,0,182,5,7,3540,0
shared_map,low,4.0,10315,trapped_inside,0,0,0,400,5,7,7786,1
shared_map,low,4.0,10316,trapped_inside,0,0,0,400,5,7,5994,1
shared_map,low,4.0,10317,success,1,0,0,130,5,7,2264,0
shared_map,low,4.0,10318,trapped_inside,0,0,0,400,5,7,6886,1
shared_map,low,4.0,10319,trapped_inside,0,0,0,400,5,7,4800,1
shared_map,low,4.0,10320,success,1,0,0,110,5,7,2128,0
shared_map,low,4.0,10321,success,1,0,0,121,5,7,2074,0
shared_map,low,4.0,10322,success,1,0,0,166,5,7,1796,0
shared_map,low,4.0,10323,success,1,0,0,298,5,7,2968,0
shared_map,low,4.0,10324,success,1,0,0,175,5,7,2252,0
shared_map,low,4.0,10325,success,1,0,0,166,5,7,2328,0
shared_map,low,4.0,10326,trapped_inside,0,0,0,400,5,7,6786,1
shared_map,low,4.0,10327,success,1,0,0,194,5,7,2754,0
shared_map,low,4.0,10328,success,1,0,0,128,5,7,1184,0
shared_map,low,4.0,10329,success,1,0,0,121,5,7,2090,0
shared_map,low,4.0,10330,success,1,0,0,233,5,7,3328,0
shared_map,low,4.0,10331,success,1,0,0,222,5,7,2236,0
shared_map,low,4.0,10332,trapped_inside,0,0,0,400,5,7,6638,1
shared_map,low,4.0,10333,success,1,0,0,194,5,7,2214,0
shared_map,low,4.0,10334,trapped_inside,0,0,0,400,5,7,6820,1
shared_map,low,4.0,10335,success,1,0,0,178,5,7,3272,0
shared_map,low,4.0,10336,trapped_inside,0,0,0,400,5,7,6280,1
shared_map,low,4.0,10337,trapped_inside,0,0,0,400,5,7,7204,1
shared_map,low,4.0,10338,success,1,0,0,123,5,7,1012,0
shared_map,low,4.0,10339,trapped_inside,0,0,0,400,5,7,7068,1
shared_map,low,4.0,10340,trapped_inside,0,0,0,400,5,7,6970,1
shared_map,low,4.0,10341,success,1,0,0,200,4,7,2042,0
shared_map,low,4.0,10342,success,1,0,0,117,5,7,1848,0
shared_map,low,4.0,10343,success,1,0,0,179,5,7,1920,0
shared_map,low,4.0,10344,trapped_inside,0,0,0,400,5,7,7118,1
shared_map,low,4.0,10345,success,1,0,0,245,4,7,3784,0
shared_map,low,4.0,10346,trapped_inside,0,0,0,400,5,7,6194,1
shared_map,low,4.0,10347,trapped_inside,0,0,0,400,5,7,6278,1
shared_map,low,4.0,10348,trapped_inside,0,0,0,400,5,7,7724,1
shared_map,low,4.0,10349,success,1,0,0,162,5,7,2420,0
shared_map,low,4.0,10350,trapped_inside,0,0,0,400,5,7,6780,1
shared_map,low,4.0,10351,success,1,0,0,152,5,7,1468,0
shared_map,low,4.0,10352,success,1,0,0,232,5,7,3212,0
shared_map,low,4.0,10353,success,1,0,0,108,5,7,2090,0
shared_map,low,4.0,10354,trapped_inside,0,0,0,400,5,7,7292,1
shared_map,low,4.0,10355,success,1,0,0,159,5,7,2662,0
shared_map,low,4.0,10356,success,1,0,0,166,5,7,2506,0
shared_map,low,4.0,10357,trapped_inside,0,0,0,400,5,7,4800,1
shared_map,low,4.0,10358,success,1,0,0,196,5,7,1790,0
shared_map,low,4.0,10359,success,1,0,0,177,5,7,1974,0
shared_map,low,4.0,10360,success,1,0,0,198,5,7,2362,0
shared_map,low,4.0,10361,success,1,0,0,191,5,7,1462,0
shared_map,low,4.0,10362,success,1,0,0,235,5,7,2944,0
shared_map,low,4.0,10363,success,1,0,0,228,5,7,2762,0
shared_map,low,4.0,10364,success,1,0,0,230,4,7,3782,0
shared_map,low,4.0,10365,success,1,0,0,180,5,7,3494,0
shared_map,low,4.0,10366,success,1,0,0,153,5,7,2972,0
shared_map,low,4.0,10367,success,1,0,0,183,5,7,2302,0
shared_map,low,4.0,10368,success,1,0,0,188,5,7,3114,0
shared_map,low,4.0,10369,success,1,0,0,201,5,7,1732,0
shared_map,low,4.0,10370,trapped_inside,0,0,0,400,5,7,6330,1
shared_map,low,4.0,10371,trapped_inside,0,0,0,400,5,7,6728,1
shared_map,low,4.0,10372,success,1,0,0,166,5,7,1994,0
shared_map,low,4.0,10373,trapped_inside,0,0,0,400,5,7,4822,1
shared_map,low,4.0,10374,success,1,0,0,205,5,7,2066,0
shared_map,low,4.0,10375,success,1,0,0,204,5,7,1680,0
shared_map,low,4.0,10376,trapped_inside,0,0,0,400,5,7,7664,1
shared_map,low,4.0,10377,success,1,0,0,177,5,7,2278,0
shared_map,low,4.0,10378,success,1,0,0,157,5,7,1548,0
shared_map,low,4.0,10379,trapped_inside,0,0,0,400,5,7,5874,1
shared_map,low,4.0,10380,trapped_inside,0,0,0,400,5,7,5932,1
shared_map,low,4.0,10381,trapped_inside,0,0,0,400,5,7,6846,1
shared_map,low,4.0,10382,trapped_inside,0,0,0,400,5,7,6276,1
shared_map,low,4.0,10383,trapped_inside,0,0,0,400,5,7,7346,1
shared_map,low,4.0,10384,success,1,0,0,149,5,7,1030,0
shared_map,low,4.0,10385,trapped_inside,0,0,0,400,5,7,7728,1
shared_map,low,4.0,10386,trapped_inside,0,0,0,400,5,7,4732,1
shared_map,low,4.0,10387,success,1,0,0,187,5,7,3608,0
shared_map,low,4.0,10388,trapped_inside,0,0,0,400,5,7,6098,1
shared_map,low,4.0,10389,trapped_inside,0,0,0,400,5,7,6914,1
shared_map,low,4.0,10390,success,1,0,0,145,5,7,1560,0
shared_map,low,4.0,10391,trapped_inside,0,0,0,400,5,7,6566,1
shared_map,low,4.0,10392,success,1,0,0,211,5,7,2812,0
shared_map,low,4.0,10393,trapped_inside,0,0,0,400,5,7,5560,1
shared_map,low,4.0,10394,success,1,0,0,174,5,7,2612,0
shared_map,low,4.0,10395,trapped_inside,0,0,0,400,5,7,6814,1
shared_map,low,4.0,10396,trapped_inside,0,0,0,400,5,7,6296,1
shared_map,low,4.0,10397,success,1,0,0,175,5,7,2136,0
shared_map,low,4.0,10398,success,1,0,0,178,5,7,3444,0
shared_map,low,4.0,10399,success,1,0,0,175,5,7,2676,0
shared_map,low,4.0,10400,success,1,0,0,175,5,7,2504,0
shared_map,low,4.0,10401,success,1,0,0,160,5,7,1816,0
shared_map,low,4.0,10402,success,1,0,0,206,5,7,2608,0
shared_map,low,4.0,10403,trapped_inside,0,0,0,400,5,7,7910,1
shared_map,low,4.0,10404,trapped_inside,0,0,0,400,5,7,6460,1
shared_map,low,4.0,10405,success,1,0,0,153,5,7,1278,0
shared_map,low,4.0,10406,success,1,0,0,181,5,7,1828,0
shared_map,low,4.0,10407,success,1,0,0,179,5,7,2098,0
shared_map,low,4.0,10408,success,1,0,0,240,4,7,2476,0
shared_map,low,4.0,10409,success,1,0,0,178,5,7,2668,0
shared_map,low,4.0,10410,trapped_inside,0,0,0,400,5,7,7406,1
shared_map,low,4.0,10411,trapped_inside,0,0,0,400,5,7,7372,1
shared_map,low,4.0,10412,success,1,0,0,173,5,7,3348,0
shared_map,low,4.0,10413,success,1,0,0,136,5,7,1268,0
shared_map,low,4.0,10414,trapped_inside,0,0,0,400,5,7,7098,1
shared_map,low,4.0,10415,trapped_inside,0,0,0,400,5,7,6968,1
shared_map,low,4.0,10416,trapped_inside,0,0,0,400,5,7,6514,1
shared_map,low,4.0,10417,trapped_inside,0,0,0,400,5,7,6272,1
shared_map,low,4.0,10418,success,1,0,0,199,5,7,2698,0
shared_map,low,4.0,10419,success,1,0,0,230,5,7,1844,0
shared_map,low,4.0,10420,success,1,0,0,185,5,7,1536,0
shared_map,low,4.0,10421,success,1,0,0,216,5,7,986,0
shared_map,low,4.0,10422,trapped_inside,0,0,0,400,5,7,5434,1
shared_map,low,4.0,10423,success,1,0,0,273,5,7,2100,0
shared_map,low,4.0,10424,trapped_inside,0,0,0,400,5,7,7310,1
shared_map,low,4.0,10425,trapped_inside,0,0,0,400,5,7,7356,1
shared_map,low,4.0,10426,success,1,0,0,156,5,7,1378,0
shared_map,low,4.0,10427,success,1,0,0,162,5,7,1394,0
shared_map,low,4.0,10428,success,1,0,0,155,5,7,1496,0
shared_map,low,4.0,10429,success,1,0,0,245,5,7,2926,0
shared_map,low,4.0,10430,success,1,0,0,175,5,7,1960,0
shared_map,low,4.0,10431,trapped_inside,0,0,0,400,5,7,6606,1
shared_map,low,4.0,10432,success,1,0,0,179,5,7,2274,0
shared_map,low,4.0,10433,success,1,0,0,169,5,7,1606,0
shared_map,low,4.0,10434,success,1,0,0,152,5,7,2976,0
shared_map,low,4.0,10435,success,1,0,0,163,5,7,2022,0
shared_map,low,4.0,10436,trapped_inside,0,0,0,400,5,7,7182,1
shared_map,low,4.0,10437,trapped_inside,0,0,0,400,5,7,6904,1
shared_map,low,4.0,10438,success,1,0,0,161,5,7,1936,0
shared_map,low,4.0,10439,success,1,0,0,211,5,7,2116,0
shared_map,low,4.0,10440,trapped_inside,0,0,0,400,5,7,5664,1
shared_map,low,4.0,10441,success,1,0,0,188,5,7,2156,0
shared_map,low,4.0,10442,trapped_inside,0,0,0,400,5,7,7048,1
shared_map,low,4.0,10443,trapped_inside,0,0,0,400,5,7,7188,1
shared_map,low,4.0,10444,success,1,0,0,170,5,7,2068,0
shared_map,low,4.0,10445,success,1,0,0,124,5,7,1546,0
shared_map,low,4.0,10446,trapped_inside,0,0,0,400,5,7,7314,1
shared_map,low,4.0,10447,success,1,0,0,209,5,7,2692,0
shared_map,low,4.0,10448,trapped_inside,0,0,0,400,5,7,4798,1
shared_map,low,4.0,10449,success,1,0,0,146,5,7,2832,0
shared_map,low,4.0,10450,trapped_inside,0,0,0,400,5,7,6908,1
shared_map,low,4.0,10451,success,1,0,0,220,4,7,2670,0
shared_map,low,4.0,10452,trapped_inside,0,0,0,400,5,7,6034,1
shared_map,low,4.0,10453,trapped_inside,0,0,0,400,5,7,6928,1
shared_map,low,4.0,10454,success,1,0,0,199,5,7,2022,0
shared_map,low,4.0,10455,trapped_inside,0,0,0,400,5,7,4288,1
shared_map,low,4.0,10456,success,1,0,0,202,5,7,3936,0
shared_map,low,4.0,10457,success,1,0,0,220,5,7,2330,0
shared_map,low,4.0,10458,success,1,0,0,232,5,7,1778,0
shared_map,low,4.0,10459,success,1,0,0,185,5,7,2078,0
shared_map,low,4.0,10460,success,1,0,0,210,5,7,2576,0
shared_map,low,4.0,10461,success,1,0,0,149,5,7,1482,0
shared_map,low,4.0,10462,trapped_inside,0,0,0,400,5,7,7320,1
shared_map,low,4.0,10463,success,1,0,0,191,5,7,1556,0
shared_map,low,4.0,10464,trapped_inside,0,0,0,400,5,7,6570,1
shared_map,low,4.0,10465,success,1,0,0,218,5,7,2250,0
shared_map,low,4.0,10466,trapped_inside,0,0,0,400,5,7,6678,1
shared_map,low,4.0,10467,success,1,0,0,132,5,7,2184,0
shared_map,low,4.0,10468,success,1,0,0,154,5,7,1828,0
shared_map,low,4.0,10469,trapped_inside,0,0,0,400,5,7,6776,1
shared_map,low,4.0,10470,trapped_inside,0,0,0,400,5,7,4798,1
shared_map,low,4.0,10471,success,1,0,0,186,5,7,2094,0
shared_map,low,4.0,10472,trapped_inside,0,0,0,400,5,7,6710,1
shared_map,low,4.0,10473,success,1,0,0,173,4,7,1082,0
shared_map,low,4.0,10474,success,1,0,0,150,5,7,2040,0
shared_map,low,4.0,10475,trapped_inside,0,0,0,400,5,7,7114,1
shared_map,low,4.0,10476,success,1,0,0,121,5,7,2320,0
shared_map,low,4.0,10477,success,1,0,0,156,5,7,1600,0
shared_map,low,4.0,10478,trapped_inside,0,0,0,400,5,7,7308,1
shared_map,low,4.0,10479,success,1,0,0,220,4,7,1470,0
shared_map,low,4.0,10480,success,1,0,0,166,5,7,3210,0
shared_map,low,4.0,10481,success,1,0,0,124,5,7,1864,0
shared_map,low,4.0,10482,success,1,0,0,180,5,7,1918,0
shared_map,low,4.0,10483,trapped_inside,0,0,0,400,5,7,7380,1
shared_map,low,4.0,10484,trapped_inside,0,0,0,400,5,7,6608,1
shared_map,low,4.0,10485,success,1,0,0,220,5,7,2236,0
shared_map,low,4.0,10486,success,1,0,0,156,5,7,1952,0
shared_map,low,4.0,10487,success,1,0,0,211,5,7,2688,0
shared_map,low,4.0,10488,success,1,0,0,220,5,7,2220,0
shared_map,low,4.0,10489,success,1,0,0,140,5,7,1466,0
shared_map,low,4.0,10490,trapped_inside,0,0,0,400,5,7,6254,1
shared_map,low,4.0,10491,trapped_inside,0,0,0,400,4,7,4684,1
shared_map,low,4.0,10492,success,1,0,0,192,5,7,3740,0
shared_map,low,4.0,10493,success,1,0,0,145,5,7,1822,0
shared_map,low,4.0,10494,success,1,0,0,195,5,7,2416,0
shared_map,low,4.0,10495,success,1,0,0,157,5,7,2618,0
shared_map,low,4.0,10496,success,1,0,0,137,5,7,1324,0
shared_map,low,4.0,10497,success,1,0,0,146,5,7,1812,0
shared_map,low,4.0,10498,success,1,0,0,108,5,7,1294,0
shared_map,low,4.0,10499,success,1,0,0,169,5,7,2000,0
split_exit,low,4.0,10000,success,1,0,0,160,5,7,960,0
split_exit,low,4.0,10001,success,1,0,0,216,3,7,1424,0
split_exit,low,4.0,10002,success,1,0,0,175,3,7,1028,0
split_exit,low,4.0,10003,success,1,0,0,156,3,7,568,0
split_exit,low,4.0,10004,success,1,0,0,184,3,7,885,0
split_exit,low,4.0,10005,success,1,0,0,161,4,7,910,0
split_exit,low,4.0,10006,success,1,0,0,135,4,7,526,0
split_exit,low,4.0,10007,trapped_inside,0,0,0,400,3,7,2350,1
split_exit,low,4.0,10008,success,1,0,0,202,3,7,1286,0
split_exit,low,4.0,10009,success,1,0,0,203,4,7,1246,0
split_exit,low,4.0,10010,trapped_inside,0,0,0,400,3,7,2336,1
split_exit,low,4.0,10011,trapped_inside,0,0,0,400,3,7,2554,1
split_exit,low,4.0,10012,success,1,0,0,112,5,7,990,0
split_exit,low,4.0,10013,success,1,0,0,179,3,7,517,0
split_exit,low,4.0,10014,trapped_inside,0,0,0,400,3,7,2080,1
split_exit,low,4.0,10015,success,1,0,0,211,3,7,499,0
split_exit,low,4.0,10016,success,1,0,0,188,3,7,876,0
split_exit,low,4.0,10017,success,1,0,0,202,3,7,1119,0
split_exit,low,4.0,10018,success,1,0,0,191,3,7,525,0
split_exit,low,4.0,10019,success,1,0,0,195,3,7,1371,0
split_exit,low,4.0,10020,trapped_inside,0,0,0,400,3,7,2078,1
split_exit,low,4.0,10021,success,1,0,0,171,4,7,593,0
split_exit,low,4.0,10022,success,1,0,0,139,3,7,332,0
split_exit,low,4.0,10023,trapped_inside,0,0,0,400,3,7,2321,1
split_exit,low,4.0,10024,success,1,0,0,227,3,7,876,0
split_exit,low,4.0,10025,success,1,0,0,181,5,7,1225,0
split_exit,low,4.0,10026,trapped_inside,0,0,0,400,3,7,1916,1
split_exit,low,4.0,10027,success,1,0,0,189,3,7,1163,0
split_exit,low,4.0,10028,success,1,0,0,168,4,7,804,0
split_exit,low,4.0,10029,success,1,0,0,155,3,7,372,0
split_exit,low,4.0,10030,success,1,0,0,176,3,7,1496,0
split_exit,low,4.0,10031,success,1,0,0,214,3,7,483,0
split_exit,low,4.0,10032,success,1,0,0,152,5,7,951,0
split_exit,low,4.0,10033,success,1,0,0,175,5,7,1454,0
split_exit,low,4.0,10034,trapped_inside,0,0,0,400,3,7,2316,1
split_exit,low,4.0,10035,trapped_inside,0,0,0,400,3,7,2568,1
split_exit,low,4.0,10036,success,1,0,0,166,3,7,941,0
split_exit,low,4.0,10037,success,1,0,0,141,4,7,435,0
split_exit,low,4.0,10038,success,1,0,0,190,3,7,682,0
split_exit,low,4.0,10039,success,1,0,0,185,4,7,1179,0
split_exit,low,4.0,10040,trapped_inside,0,0,0,400,3,7,2309,1
split_exit,low,4.0,10041,success,1,0,0,175,5,7,1471,0
split_exit,low,4.0,10042,success,1,0,0,219,3,7,1325,0
split_exit,low,4.0,10043,success,1,0,0,202,3,7,630,0
split_exit,low,4.0,10044,success,1,0,0,165,3,7,814,0
split_exit,low,4.0,10045,success,1,0,0,192,5,7,1728,0
split_exit,low,4.0,10046,success,1,0,0,202,4,7,653,0
split_exit,low,4.0,10047,success,1,0,0,174,4,7,1353,0
split_exit,low,4.0,10048,success,1,0,0,156,3,7,746,0
split_exit,low,4.0,10049,success,1,0,0,167,3,7,847,0
split_exit,low,4.0,10050,success,1,0,0,132,3,7,537,0
split_exit,low,4.0,10051,success,1,0,0,158,4,7,1444,0
split_exit,low,4.0,10052,success,1,0,0,151,3,7,1462,0
split_exit,low,4.0,10053,success,1,0,0,186,4,7,1440,0
split_exit,low,4.0,10054,success,1,0,0,209,4,7,1468,0
split_exit,low,4.0,10055,trapped_inside,0,0,0,400,3,7,2332,1
split_exit,low,4.0,10056,trapped_inside,0,0,0,400,3,7,2004,1
split_exit,low,4.0,10057,success,1,0,0,132,3,7,949,0
split_exit,low,4.0,10058,trapped_inside,0,0,0,400,3,7,2460,1
split_exit,low,4.0,10059,success,1,0,0,150,5,7,1219,0
split_exit,low,4.0,10060,success,1,0,0,166,3,7,1199,0
split_exit,low,4.0,10061,trapped_inside,0,0,0,400,3,7,1847,1
split_exit,low,4.0,10062,success,1,0,0,185,4,7,1484,0
split_exit,low,4.0,10063,success,1,0,0,225,3,7,478,0
split_exit,low,4.0,10064,success,1,0,0,194,3,7,506,0
split_exit,low,4.0,10065,success,1,0,0,201,3,7,481,0
split_exit,low,4.0,10066,trapped_inside,0,0,0,400,3,7,2512,1
split_exit,low,4.0,10067,success,1,0,0,201,4,7,1342,0
split_exit,low,4.0,10068,success,1,0,0,138,4,7,1611,0
split_exit,low,4.0,10069,success,1,0,0,143,3,7,475,0
split_exit,low,4.0,10070,success,1,0,0,204,4,7,1395,0
split_exit,low,4.0,10071,trapped_inside,0,0,0,400,3,7,2345,1
split_exit,low,4.0,10072,success,1,0,0,186,5,7,1858,0
split_exit,low,4.0,10073,success,1,0,0,166,3,7,989,0
split_exit,low,4.0,10074,success,1,0,0,165,5,7,1685,0
split_exit,low,4.0,10075,success,1,0,0,180,3,7,631,0
split_exit,low,4.0,10076,trapped_inside,0,0,0,400,3,7,1828,1
split_exit,low,4.0,10077,success,1,0,0,139,3,7,417,0
split_exit,low,4.0,10078,success,1,0,0,203,4,7,1834,0
split_exit,low,4.0,10079,success,1,0,0,230,4,7,787,0
split_exit,low,4.0,10080,success,1,0,0,182,3,7,1122,0
split_exit,low,4.0,10081,success,1,0,0,164,4,7,1195,0
split_exit,low,4.0,10082,trapped_inside,0,0,0,400,4,7,2518,1
split_exit,low,4.0,10083,success,1,0,0,124,4,7,751,0
split_exit,low,4.0,10084,success,1,0,0,112,3,7,371,0
split_exit,low,4.0,10085,success,1,0,0,168,3,7,1225,0
split_exit,low,4.0,10086,success,1,0,0,127,3,7,293,0
split_exit,low,4.0,10087,success,1,0,0,204,3,7,1291,0
split_exit,low,4.0,10088,success,1,0,0,196,3,7,1271,0
split_exit,low,4.0,10089,success,1,0,0,260,3,7,1559,0
split_exit,low,4.0,10090,success,1,0,0,194,3,7,1369,0
split_exit,low,4.0,10091,success,1,0,0,106,3,7,959,0
split_exit,low,4.0,10092,success,1,0,0,132,3,7,706,0
split_exit,low,4.0,10093,success,1,0,0,132,5,7,1060,0
split_exit,low,4.0,10094,success,1,0,0,194,4,7,1294,0
split_exit,low,4.0,10095,trapped_inside,0,0,0,400,3,7,1910,1
split_exit,low,4.0,10096,success,1,0,0,110,3,7,703,0
split_exit,low,4.0,10097,success,1,0,0,150,5,7,1134,0
split_exit,low,4.0,10098,success,1,0,0,148,5,7,1299,0
split_exit,low,4.0,10099,success,1,0,0,179,4,7,822,0
split_exit,low,4.0,10100,success,1,0,0,177,3,7,1237,0
split_exit,low,4.0,10101,success,1,0,0,202,3,7,425,0
split_exit,low,4.0,10102,success,1,0,0,191,5,7,2153,0
split_exit,low,4.0,10103,success,1,0,0,188,5,7,1850,0
split_exit,low,4.0,10104,success,1,0,0,111,3,7,993,0
split_exit,low,4.0,10105,trapped_inside,0,0,0,400,3,7,2458,1
split_exit,low,4.0,10106,success,1,0,0,195,3,7,554,0
split_exit,low,4.0,10107,success,1,0,0,157,3,7,516,0
split_exit,low,4.0,10108,success,1,0,0,201,3,7,1348,0
split_exit,low,4.0,10109,success,1,0,0,243,3,7,553,0
split_exit,low,4.0,10110,success,1,0,0,212,3,7,729,0
split_exit,low,4.0,10111,trapped_inside,0,0,0,400,3,7,2363,1
split_exit,low,4.0,10112,success,1,0,0,138,4,7,799,0
split_exit,low,4.0,10113,success,1,0,0,166,3,7,453,0
split_exit,low,4.0,10114,success,1,0,0,163,5,7,1605,0
split_exit,low,4.0,10115,success,1,0,0,201,3,7,1148,0
split_exit,low,4.0,10116,success,1,0,0,197,4,7,1122,0
split_exit,low,4.0,10117,trapped_inside,0,0,0,400,3,7,2289,1
split_exit,low,4.0,10118,success,1,0,0,181,4,7,1383,0
split_exit,low,4.0,10119,success,1,0,0,204,4,7,591,0
split_exit,low,4.0,10120,success,1,0,0,120,3,7,285,0
split_exit,low,4.0,10121,success,1,0,0,228,3,7,599,0
split_exit,low,4.0,10122,success,1,0,0,138,5,7,853,0
split_exit,low,4.0,10123,success,1,0,0,90,3,7,718,0
split_exit,low,4.0,10124,success,1,0,0,179,4,7,1225,0
split_exit,low,4.0,10125,success,1,0,0,145,5,7,1295,0
split_exit,low,4.0,10126,success,1,0,0,157,4,7,1366,0
split_exit,low,4.0,10127,success,1,0,0,169,3,7,1168,0
split_exit,low,4.0,10128,success,1,0,0,151,4,7,1266,0
split_exit,low,4.0,10129,success,1,0,0,143,3,7,848,0
split_exit,low,4.0,10130,success,1,0,0,185,5,7,1667,0
split_exit,low,4.0,10131,success,1,0,0,159,5,7,1010,0
split_exit,low,4.0,10132,success,1,0,0,174,4,7,572,0
split_exit,low,4.0,10133,success,1,0,0,171,3,7,784,0
split_exit,low,4.0,10134,success,1,0,0,196,3,7,828,0
split_exit,low,4.0,10135,success,1,0,0,167,3,7,362,0
split_exit,low,4.0,10136,success,1,0,0,190,3,7,458,0
split_exit,low,4.0,10137,success,1,0,0,208,4,7,1402,0
split_exit,low,4.0,10138,success,1,0,0,141,4,7,1202,0
split_exit,low,4.0,10139,trapped_inside,0,0,0,400,3,7,2430,1
split_exit,low,4.0,10140,success,1,0,0,157,3,7,761,0
split_exit,low,4.0,10141,success,1,0,0,165,4,7,1099,0
split_exit,low,4.0,10142,success,1,0,0,128,4,7,1105,0
split_exit,low,4.0,10143,success,1,0,0,152,4,7,1116,0
split_exit,low,4.0,10144,success,1,0,0,170,5,7,2096,0
split_exit,low,4.0,10145,success,1,0,0,193,3,7,1460,0
split_exit,low,4.0,10146,success,1,0,0,194,3,7,945,0
split_exit,low,4.0,10147,success,1,0,0,151,5,7,972,0
split_exit,low,4.0,10148,success,1,0,0,162,3,7,817,0
split_exit,low,4.0,10149,trapped_inside,0,0,0,400,3,7,1746,1
split_exit,low,4.0,10150,success,1,0,0,107,5,7,1081,0
split_exit,low,4.0,10151,success,1,0,0,177,3,7,818,0
split_exit,low,4.0,10152,trapped_inside,0,0,0,400,3,7,2612,1
split_exit,low,4.0,10153,success,1,0,0,150,3,7,1106,0
split_exit,low,4.0,10154,success,1,0,0,141,3,7,923,0
split_exit,low,4.0,10155,success,1,0,0,199,3,7,439,0
split_exit,low,4.0,10156,success,1,0,0,172,4,7,1260,0
split_exit,low,4.0,10157,trapped_inside,0,0,0,400,3,7,2642,1
split_exit,low,4.0,10158,success,1,0,0,173,3,7,1546,0
split_exit,low,4.0,10159,success,1,0,0,147,3,7,965,0
split_exit,low,4.0,10160,success,1,0,0,142,5,7,1413,0
split_exit,low,4.0,10161,success,1,0,0,115,3,7,448,0
split_exit,low,4.0,10162,trapped_inside,0,0,0,400,3,7,1862,1
split_exit,low,4.0,10163,trapped_inside,0,0,0,400,3,7,2130,1
split_exit,low,4.0,10164,success,1,0,0,200,3,7,611,0
split_exit,low,4.0,10165,trapped_inside,0,0,0,400,3,7,2183,1
split_exit,low,4.0,10166,success,1,0,0,180,3,7,850,0
split_exit,low,4.0,10167,success,1,0,0,199,3,7,487,0
split_exit,low,4.0,10168,success,1,0,0,111,5,7,1110,0
split_exit,low,4.0,10169,trapped_inside,0,0,0,400,3,7,2385,1
split_exit,low,4.0,10170,success,1,0,0,133,4,7,1241,0
split_exit,low,4.0,10171,success,1,0,0,138,3,7,337,0
split_exit,low,4.0,10172,success,1,0,0,211,4,7,1485,0
split_exit,low,4.0,10173,success,1,0,0,128,4,7,565,0
split_exit,low,4.0,10174,success,1,0,0,216,3,7,904,0
split_exit,low,4.0,10175,success,1,0,0,126,4,7,861,0
split_exit,low,4.0,10176,success,1,0,0,207,3,7,1443,0
split_exit,low,4.0,10177,trapped_inside,0,0,0,400,3,7,2581,1
split_exit,low,4.0,10178,success,1,0,0,197,3,7,540,0
split_exit,low,4.0,10179,success,1,0,0,225,3,7,602,0
split_exit,low,4.0,10180,success,1,0,0,192,3,7,792,0
split_exit,low,4.0,10181,success,1,0,0,135,5,7,1176,0
split_exit,low,4.0,10182,trapped_inside,0,0,0,400,3,7,1919,1
split_exit,low,4.0,10183,success,1,0,0,176,3,7,772,0
split_exit,low,4.0,10184,success,1,0,0,195,4,7,1125,0
split_exit,low,4.0,10185,success,1,0,0,158,3,7,1265,0
split_exit,low,4.0,10186,success,1,0,0,161,4,7,1046,0
split_exit,low,4.0,10187,success,1,0,0,174,3,7,1128,0
split_exit,low,4.0,10188,trapped_inside,0,0,0,400,3,7,2109,1
split_exit,low,4.0,10189,success,1,0,0,296,4,7,1539,0
split_exit,low,4.0,10190,success,1,0,0,189,3,7,411,0
split_exit,low,4.0,10191,success,1,0,0,155,3,7,715,0
split_exit,low,4.0,10192,success,1,0,0,178,4,7,1114,0
split_exit,low,4.0,10193,trapped_inside,0,0,0,400,3,7,2539,1
split_exit,low,4.0,10194,success,1,0,0,199,3,7,529,0
split_exit,low,4.0,10195,trapped_inside,0,0,0,400,3,7,1990,1
split_exit,low,4.0,10196,success,1,0,0,142,4,7,1120,0
split_exit,low,4.0,10197,trapped_inside,0,0,0,400,4,7,2390,1
split_exit,low,4.0,10198,success,1,0,0,194,5,7,1805,0
split_exit,low,4.0,10199,success,1,0,0,151,3,7,871,0
split_exit,low,4.0,10200,success,1,0,0,134,3,7,879,0
split_exit,low,4.0,10201,success,1,0,0,182,4,7,875,0
split_exit,low,4.0,10202,trapped_inside,0,0,0,400,3,7,2058,1
split_exit,low,4.0,10203,success,1,0,0,137,3,7,1035,0
split_exit,low,4.0,10204,success,1,0,0,197,4,7,555,0
split_exit,low,4.0,10205,success,1,0,0,194,4,7,1431,0
split_exit,low,4.0,10206,success,1,0,0,181,3,7,556,0
split_exit,low,4.0,10207,success,1,0,0,136,4,7,598,0
split_exit,low,4.0,10208,success,1,0,0,165,3,7,1112,0
split_exit,low,4.0,10209,success,1,0,0,174,3,7,479,0
split_exit,low,4.0,10210,trapped_inside,0,0,0,400,3,7,2498,1
split_exit,low,4.0,10211,success,1,0,0,243,3,7,761,0
split_exit,low,4.0,10212,success,1,0,0,205,3,7,527,0
split_exit,low,4.0,10213,trapped_inside,0,0,0,400,3,7,2609,1
split_exit,low,4.0,10214,success,1,0,0,203,3,7,1628,0
split_exit,low,4.0,10215,trapped_inside,0,0,0,400,3,7,2458,1
split_exit,low,4.0,10216,success,1,0,0,199,4,7,1566,0
split_exit,low,4.0,10217,success,1,0,0,188,5,7,1507,0
split_exit,low,4.0,10218,success,1,0,0,154,3,7,489,0
split_exit,low,4.0,10219,trapped_inside,0,0,0,400,3,7,1803,1
split_exit,low,4.0,10220,success,1,0,0,197,3,7,1156,0
split_exit,low,4.0,10221,trapped_inside,0,0,0,400,3,7,2348,1
split_exit,low,4.0,10222,success,1,0,0,150,4,7,952,0
split_exit,low,4.0,10223,success,1,0,0,157,4,7,464,0
split_exit,low,4.0,10224,success,1,0,0,175,3,7,401,0
split_exit,low,4.0,10225,success,1,0,0,174,3,7,437,0
split_exit,low,4.0,10226,trapped_inside,0,0,0,400,3,7,1763,1
split_exit,low,4.0,10227,success,1,0,0,126,4,7,735,0
split_exit,low,4.0,10228,success,1,0,0,187,3,7,928,0
split_exit,low,4.0,10229,success,1,0,0,173,4,7,805,0
split_exit,low,4.0,10230,success,1,0,0,127,4,7,639,0
split_exit,low,4.0,10231,success,1,0,0,189,3,7,397,0
split_exit,low,4.0,10232,success,1,0,0,129,5,7,760,0
split_exit,low,4.0,10233,success,1,0,0,171,3,7,472,0
split_exit,low,4.0,10234,success,1,0,0,211,4,7,999,0
split_exit,low,4.0,10235,success,1,0,0,182,5,7,1983,0
split_exit,low,4.0,10236,trapped_inside,0,0,0,400,3,7,2665,1
split_exit,low,4.0,10237,success,1,0,0,173,3,7,1196,0
split_exit,low,4.0,10238,success,1,0,0,204,3,7,843,0
split_exit,low,4.0,10239,success,1,0,0,119,3,7,346,0
split_exit,low,4.0,10240,success,1,0,0,189,3,7,629,0
split_exit,low,4.0,10241,trapped_inside,0,0,0,400,3,7,1907,1
split_exit,low,4.0,10242,success,1,0,0,230,4,7,1149,0
split_exit,low,4.0,10243,success,1,0,0,130,3,7,1451,0
split_exit,low,4.0,10244,success,1,0,0,176,3,7,472,0
split_exit,low,4.0,10245,success,1,0,0,199,5,7,1831,0
split_exit,low,4.0,10246,trapped_inside,0,0,0,400,3,7,2052,1
split_exit,low,4.0,10247,success,1,0,0,166,3,7,372,0
split_exit,low,4.0,10248,success,1,0,0,194,3,7,450,0
split_exit,low,4.0,10249,success,1,0,0,82,4,7,733,0
split_exit,low,4.0,10250,success,1,0,0,166,3,7,1753,0
split_exit,low,4.0,10251,success,1,0,0,175,4,7,478,0
split_exit,low,4.0,10252,success,1,0,0,169,3,7,849,0
split_exit,low,4.0,10253,success,1,0,0,202,3,7,712,0
split_exit,low,4.0,10254,success,1,0,0,192,3,7,465,0
split_exit,low,4.0,10255,trapped_inside,0,0,0,400,5,7,3036,1
split_exit,low,4.0,10256,success,1,0,0,165,3,7,594,0
split_exit,low,4.0,10257,success,1,0,0,202,4,7,580,0
split_exit,low,4.0,10258,trapped_inside,0,0,0,400,3,7,2252,1
split_exit,low,4.0,10259,success,1,0,0,280,3,7,1776,0
split_exit,low,4.0,10260,success,1,0,0,175,5,7,1520,0
split_exit,low,4.0,10261,success,1,0,0,222,3,7,1432,0
split_exit,low,4.0,10262,success,1,0,0,158,4,7,642,0
split_exit,low,4.0,10263,trapped_inside,0,0,0,400,3,7,2500,1
split_exit,low,4.0,10264,success,1,0,0,160,5,7,906,0
split_exit,low,4.0,10265,success,1,0,0,168,4,7,556,0
split_exit,low,4.0,10266,success,1,0,0,161,3,7,372,0
split_exit,low,4.0,10267,success,1,0,0,218,3,7,1067,0
split_exit,low,4.0,10268,success,1,0,0,143,4,7,823,0
split_exit,low,4.0,10269,trapped_inside,0,0,0,400,3,7,1717,1
split_exit,low,4.0,10270,success,1,0,0,187,3,7,1127,0
split_exit,low,4.0,10271,success,1,0,0,128,3,7,722,0
split_exit,low,4.0,10272,success,1,0,0,189,4,7,1434,0
split_exit,low,4.0,10273,trapped_inside,0,0,0,400,3,7,2394,1
split_exit,low,4.0,10274,success,1,0,0,184,5,7,1712,0
split_exit,low,4.0,10275,success,1,0,0,187,3,7,1355,0
split_exit,low,4.0,10276,success,1,0,0,140,4,7,1232,0
split_exit,low,4.0,10277,success,1,0,0,164,3,7,996,0
split_exit,low,4.0,10278,success,1,0,0,137,5,7,689,0
split_exit,low,4.0,10279,success,1,0,0,216,4,7,1206,0
split_exit,low,4.0,10280,success,1,0,0,124,5,7,739,0
split_exit,low,4.0,10281,success,1,0,0,130,3,7,320,0
split_exit,low,4.0,10282,success,1,0,0,187,5,7,1116,0
split_exit,low,4.0,10283,success,1,0,0,237,4,7,1195,0
split_exit,low,4.0,10284,trapped_inside,0,0,0,400,3,7,1656,1
split_exit,low,4.0,10285,success,1,0,0,149,3,7,1063,0
split_exit,low,4.0,10286,trapped_inside,0,0,0,400,3,7,2417,1
split_exit,low,4.0,10287,success,1,0,0,157,3,7,1012,0
split_exit,low,4.0,10288,success,1,0,0,185,5,7,1573,0
split_exit,low,4.0,10289,success,1,0,0,179,3,7,1350,0
split_exit,low,4.0,10290,success,1,0,0,169,4,7,939,0
split_exit,low,4.0,10291,trapped_inside,0,0,0,400,3,7,2274,1
split_exit,low,4.0,10292,trapped_inside,0,0,0,400,3,7,1011,1
split_exit,low,4.0,10293,success,1,0,0,228,4,7,1536,0
split_exit,low,4.0,10294,trapped_inside,0,0,0,400,3,7,2096,1
split_exit,low,4.0,10295,success,1,0,0,200,3,7,1152,0
split_exit,low,4.0,10296,success,1,0,0,169,5,7,1389,0
split_exit,low,4.0,10297,trapped_inside,0,0,0,400,3,7,2267,1
split_exit,low,4.0,10298,success,1,0,0,178,4,7,1181,0
split_exit,low,4.0,10299,success,1,0,0,131,4,7,1179,0
split_exit,low,4.0,10300,success,1,0,0,154,5,7,1143,0
split_exit,low,4.0,10301,trapped_inside,0,0,0,400,4,7,2555,1
split_exit,low,4.0,10302,success,1,0,0,183,4,7,1656,0
split_exit,low,4.0,10303,success,1,0,0,176,4,7,772,0
split_exit,low,4.0,10304,trapped_inside,0,0,0,400,3,7,2061,1
split_exit,low,4.0,10305,success,1,0,0,181,5,7,1867,0
split_exit,low,4.0,10306,success,1,0,0,216,3,7,1245,0
split_exit,low,4.0,10307,success,1,0,0,191,3,7,725,0
split_exit,low,4.0,10308,success,1,0,0,152,3,7,351,0
split_exit,low,4.0,10309,success,1,0,0,199,4,7,1306,0
split_exit,low,4.0,10310,trapped_inside,0,0,0,400,3,7,2655,1
split_exit,low,4.0,10311,success,1,0,0,235,3,7,1158,0
split_exit,low,4.0,10312,success,1,0,0,193,4,7,783,0
split_exit,low,4.0,10313,success,1,0,0,139,3,7,1299,0
split_exit,low,4.0,10314,success,1,0,0,182,3,7,1237,0
split_exit,low,4.0,10315,success,1,0,0,119,4,7,830,0
split_exit,low,4.0,10316,trapped_inside,0,0,0,400,3,7,2378,1
split_exit,low,4.0,10317,success,1,0,0,126,5,7,1106,0
split_exit,low,4.0,10318,success,1,0,0,156,4,7,665,0
split_exit,low,4.0,10319,success,1,0,0,248,5,7,1897,0
split_exit,low,4.0,10320,success,1,0,0,110,3,7,1018,0
split_exit,low,4.0,10321,success,1,0,0,121,5,7,1571,0
split_exit,low,4.0,10322,success,1,0,0,166,3,7,741,0
split_exit,low,4.0,10323,success,1,0,0,298,3,7,1547,0
split_exit,low,4.0,10324,success,1,0,0,175,3,7,1152,0
split_exit,low,4.0,10325,success,1,0,0,196,5,7,1732,0
split_exit,low,4.0,10326,trapped_inside,0,0,0,400,4,7,2542,1
split_exit,low,4.0,10327,success,1,0,0,194,4,7,1229,0
split_exit,low,4.0,10328,success,1,0,0,128,3,7,283,0
split_exit,low,4.0,10329,success,1,0,0,121,3,7,762,0
split_exit,low,4.0,10330,success,1,0,0,233,3,7,1456,0
split_exit,low,4.0,10331,success,1,0,0,222,3,7,1022,0
split_exit,low,4.0,10332,success,1,0,0,191,3,7,909,0
split_exit,low,4.0,10333,success,1,0,0,194,3,7,455,0
split_exit,low,4.0,10334,success,1,0,0,190,4,7,1353,0
split_exit,low,4.0,10335,success,1,0,0,178,5,7,1532,0
split_exit,low,4.0,10336,success,1,0,0,168,3,7,379,0
split_exit,low,4.0,10337,trapped_inside,0,0,0,400,3,7,2275,1
split_exit,low,4.0,10338,success,1,0,0,123,5,7,729,0
split_exit,low,4.0,10339,trapped_inside,0,0,0,400,3,7,2341,1
split_exit,low,4.0,10340,success,1,0,0,183,3,7,1067,0
split_exit,low,4.0,10341,success,1,0,0,199,3,7,737,0
split_exit,low,4.0,10342,success,1,0,0,118,4,7,1277,0
split_exit,low,4.0,10343,success,1,0,0,179,4,7,519,0
split_exit,low,4.0,10344,trapped_inside,0,0,0,400,3,7,2548,1
split_exit,low,4.0,10345,success,1,0,0,244,3,7,1513,0
split_exit,low,4.0,10346,success,1,0,0,201,5,7,846,0
split_exit,low,4.0,10347,success,1,0,0,209,4,7,992,0
split_exit,low,4.0,10348,success,1,0,0,176,4,7,972,0
split_exit,low,4.0,10349,success,1,0,0,162,4,7,1193,0
split_exit,low,4.0,10350,trapped_inside,0,0,0,400,3,7,2340,1
split_exit,low,4.0,10351,success,1,0,0,152,3,7,680,0
split_exit,low,4.0,10352,success,1,0,0,236,3,7,1570,0
split_exit,low,4.0,10353,success,1,0,0,108,5,7,1375,0
split_exit,low,4.0,10354,trapped_inside,0,0,0,400,3,7,2915,1
split_exit,low,4.0,10355,success,1,0,0,159,5,7,2109,0
split_exit,low,4.0,10356,success,1,0,0,166,3,7,1031,0
split_exit,low,4.0,10357,trapped_inside,0,0,0,400,3,7,1813,1
split_exit,low,4.0,10358,success,1,0,0,203,3,7,562,0
split_exit,low,4.0,10359,success,1,0,0,177,3,7,758,0
split_exit,low,4.0,10360,success,1,0,0,207,4,7,1523,0
split_exit,low,4.0,10361,success,1,0,0,191,3,7,618,0
split_exit,low,4.0,10362,success,1,0,0,235,3,7,1240,0
split_exit,low,4.0,10363,success,1,0,0,228,3,7,496,0
split_exit,low,4.0,10364,success,1,0,0,229,3,7,1662,0
split_exit,low,4.0,10365,success,1,0,0,180,3,7,1052,0
split_exit,low,4.0,10366,success,1,0,0,153,5,7,1345,0
split_exit,low,4.0,10367,success,1,0,0,183,3,7,454,0
split_exit,low,4.0,10368,success,1,0,0,188,3,7,1256,0
split_exit,low,4.0,10369,success,1,0,0,171,3,7,455,0
split_exit,low,4.0,10370,success,1,0,0,219,5,7,1756,0
split_exit,low,4.0,10371,trapped_inside,0,0,0,400,3,7,2384,1
split_exit,low,4.0,10372,success,1,0,0,116,4,7,566,0
split_exit,low,4.0,10373,trapped_inside,0,0,0,400,3,7,1764,1
split_exit,low,4.0,10374,success,1,0,0,205,3,7,721,0
split_exit,low,4.0,10375,success,1,0,0,204,3,7,445,0
split_exit,low,4.0,10376,success,1,0,0,140,4,7,845,0
split_exit,low,4.0,10377,success,1,0,0,189,4,7,1420,0
split_exit,low,4.0,10378,success,1,0,0,157,4,7,576,0
split_exit,low,4.0,10379,success,1,0,0,223,4,7,981,0
split_exit,low,4.0,10380,trapped_inside,0,0,0,400,3,7,2046,1
split_exit,low,4.0,10381,trapped_inside,0,0,0,400,3,7,2602,1
split_exit,low,4.0,10382,success,1,0,0,206,4,7,543,0
split_exit,low,4.0,10383,trapped_inside,0,0,0,400,3,7,2474,1
split_exit,low,4.0,10384,success,1,0,0,149,3,7,672,0
split_exit,low,4.0,10385,success,1,0,0,124,4,7,1174,0
split_exit,low,4.0,10386,trapped_inside,0,0,0,400,3,7,2154,1
split_exit,low,4.0,10387,success,1,0,0,187,4,7,1560,0
split_exit,low,4.0,10388,trapped_inside,0,0,0,400,3,7,1826,1
split_exit,low,4.0,10389,trapped_inside,0,0,0,400,3,7,2614,1
split_exit,low,4.0,10390,success,1,0,0,145,3,7,335,0
split_exit,low,4.0,10391,trapped_inside,0,0,0,400,3,7,2187,1
split_exit,low,4.0,10392,trapped_inside,0,0,0,400,4,7,2820,1
split_exit,low,4.0,10393,trapped_inside,0,0,0,400,3,7,1967,1
split_exit,low,4.0,10394,success,1,0,0,176,3,7,976,0
split_exit,low,4.0,10395,success,1,0,0,144,4,7,1500,0
split_exit,low,4.0,10396,success,1,0,0,221,3,7,514,0
split_exit,low,4.0,10397,success,1,0,0,175,4,7,969,0
split_exit,low,4.0,10398,success,1,0,0,178,3,7,1229,0
split_exit,low,4.0,10399,success,1,0,0,175,3,7,1043,0
split_exit,low,4.0,10400,success,1,0,0,175,3,7,998,0
split_exit,low,4.0,10401,success,1,0,0,160,4,7,821,0
split_exit,low,4.0,10402,success,1,0,0,206,3,7,939,0
split_exit,low,4.0,10403,trapped_inside,0,0,0,400,3,7,2805,1
split_exit,low,4.0,10404,success,1,0,0,201,5,7,1526,0
split_exit,low,4.0,10405,success,1,0,0,153,3,7,436,0
split_exit,low,4.0,10406,success,1,0,0,181,3,7,851,0
split_exit,low,4.0,10407,success,1,0,0,179,3,7,720,0
split_exit,low,4.0,10408,success,1,0,0,218,3,7,804,0
split_exit,low,4.0,10409,success,1,0,0,178,3,7,1056,0
split_exit,low,4.0,10410,trapped_inside,0,0,0,400,3,7,2532,1
split_exit,low,4.0,10411,trapped_inside,0,0,0,400,3,7,3002,1
split_exit,low,4.0,10412,success,1,0,0,173,5,7,1832,0
split_exit,low,4.0,10413,success,1,0,0,136,4,7,367,0
split_exit,low,4.0,10414,success,1,0,0,177,3,7,614,0
split_exit,low,4.0,10415,success,1,0,0,167,3,7,1169,0
split_exit,low,4.0,10416,trapped_inside,0,0,0,400,3,7,1691,1
split_exit,low,4.0,10417,trapped_inside,0,0,0,400,3,7,2356,1
split_exit,low,4.0,10418,success,1,0,0,199,4,7,1555,0
split_exit,low,4.0,10419,success,1,0,0,230,3,7,777,0
split_exit,low,4.0,10420,success,1,0,0,185,3,7,620,0
split_exit,low,4.0,10421,success,1,0,0,216,3,7,403,0
split_exit,low,4.0,10422,trapped_inside,0,0,0,400,3,7,1642,1
split_exit,low,4.0,10423,success,1,0,0,273,4,7,1128,0
split_exit,low,4.0,10424,trapped_inside,0,0,0,400,3,7,2554,1
split_exit,low,4.0,10425,trapped_inside,0,0,0,400,3,7,2440,1
split_exit,low,4.0,10426,success,1,0,0,156,3,7,362,0
split_exit,low,4.0,10427,success,1,0,0,162,5,7,1447,0
split_exit,low,4.0,10428,success,1,0,0,155,5,7,1303,0
split_exit,low,4.0,10429,success,1,0,0,245,4,7,1081,0
split_exit,low,4.0,10430,success,1,0,0,175,3,7,706,0
split_exit,low,4.0,10431,trapped_inside,0,0,0,400,3,7,1932,1
split_exit,low,4.0,10432,success,1,0,0,179,5,7,1772,0
split_exit,low,4.0,10433,success,1,0,0,169,3,7,506,0
split_exit,low,4.0,10434,success,1,0,0,152,4,7,1159,0
split_exit,low,4.0,10435,success,1,0,0,163,3,7,846,0
split_exit,low,4.0,10436,success,1,0,0,115,5,7,728,0
split_exit,low,4.0,10437,success,1,0,0,162,5,7,1252,0
split_exit,low,4.0,10438,success,1,0,0,160,5,7,847,0
split_exit,low,4.0,10439,success,1,0,0,211,3,7,738,0
split_exit,low,4.0,10440,trapped_inside,0,0,0,400,3,7,1799,1
split_exit,low,4.0,10441,success,1,0,0,188,5,7,1320,0
split_exit,low,4.0,10442,success,1,0,0,151,3,7,970,0
split_exit,low,4.0,10443,trapped_inside,0,0,0,400,3,7,2267,1
split_exit,low,4.0,10444,success,1,0,0,170,3,7,404,0
split_exit,low,4.0,10445,success,1,0,0,124,4,7,1252,0
split_exit,low,4.0,10446,trapped_inside,0,0,0,400,5,7,3286,1
split_exit,low,4.0,10447,success,1,0,0,210,3,7,1174,0
split_exit,low,4.0,10448,trapped_inside,0,0,0,400,3,7,2310,1
split_exit,low,4.0,10449,success,1,0,0,146,3,7,918,0
split_exit,low,4.0,10450,success,1,0,0,179,4,7,799,0
split_exit,low,4.0,10451,success,1,0,0,202,3,7,635,0
split_exit,low,4.0,10452,trapped_inside,0,0,0,400,3,7,2328,1
split_exit,low,4.0,10453,success,1,0,0,204,4,7,777,0
split_exit,low,4.0,10454,success,1,0,0,199,4,7,1001,0
split_exit,low,4.0,10455,trapped_inside,0,0,0,400,3,7,1894,1
split_exit,low,4.0,10456,success,1,0,0,202,4,7,1423,0
split_exit,low,4.0,10457,success,1,0,0,220,3,7,970,0
split_exit,low,4.0,10458,success,1,0,0,232,3,7,503,0
split_exit,low,4.0,10459,success,1,0,0,185,3,7,489,0
split_exit,low,4.0,10460,success,1,0,0,210,4,7,1206,0
split_exit,low,4.0,10461,success,1,0,0,149,4,7,467,0
split_exit,low,4.0,10462,success,1,0,0,126,3,7,773,0
split_exit,low,4.0,10463,success,1,0,0,191,3,7,428,0
split_exit,low,4.0,10464,trapped_inside,0,0,0,400,3,7,2626,1
split_exit,low,4.0,10465,success,1,0,0,218,3,7,746,0
split_exit,low,4.0,10466,trapped_inside,0,0,0,400,3,7,2414,1
split_exit,low,4.0,10467,success,1,0,0,132,4,7,951,0
split_exit,low,4.0,10468,success,1,0,0,154,4,7,700,0
split_exit,low,4.0,10469,success,1,0,0,208,5,7,1837,0
split_exit,low,4.0,10470,success,1,0,0,128,4,7,541,0
split_exit,low,4.0,10471,success,1,0,0,186,3,7,406,0
split_exit,low,4.0,10472,trapped_inside,0,0,0,400,3,7,2326,1
split_exit,low,4.0,10473,success,1,0,0,237,3,7,659,0
split_exit,low,4.0,10474,success,1,0,0,150,4,7,1319,0
split_exit,low,4.0,10475,success,1,0,0,170,4,7,1482,0
split_exit,low,4.0,10476,success,1,0,0,121,5,7,1006,0
split_exit,low,4.0,10477,success,1,0,0,156,4,7,637,0
split_exit,low,4.0,10478,success,1,0,0,142,5,7,615,0
split_exit,low,4.0,10479,success,1,0,0,219,3,7,894,0
split_exit,low,4.0,10480,trapped_inside,0,0,0,400,4,7,2499,1
split_exit,low,4.0,10481,success,1,0,0,124,3,7,727,0
split_exit,low,4.0,10482,success,1,0,0,180,3,7,485,0
split_exit,low,4.0,10483,success,1,0,0,192,4,7,1416,0
split_exit,low,4.0,10484,trapped_inside,0,0,0,400,3,7,2322,1
split_exit,low,4.0,10485,success,1,0,0,220,4,7,752,0
split_exit,low,4.0,10486,success,1,0,0,156,5,7,908,0
split_exit,low,4.0,10487,success,1,0,0,211,3,7,700,0
split_exit,low,4.0,10488,success,1,0,0,220,5,7,1490,0
split_exit,low,4.0,10489,success,1,0,0,138,3,7,384,0
split_exit,low,4.0,10490,trapped_inside,0,0,0,400,3,7,1854,1
split_exit,low,4.0,10491,trapped_inside,0,0,0,400,3,7,2615,1
split_exit,low,4.0,10492,success,1,0,0,192,3,7,1234,0
split_exit,low,4.0,10493,success,1,0,0,145,4,7,1003,0
split_exit,low,4.0,10494,success,1,0,0,195,3,7,996,0
split_exit,low,4.0,10495,success,1,0,0,157,3,7,942,0
split_exit,low,4.0,10496,success,1,0,0,137,3,7,456,0
split_exit,low,4.0,10497,success,1,0,0,146,3,7,406,0
split_exit,low,4.0,10498,success,1,0,0,108,3,7,262,0
split_exit,low,4.0,10499,success,1,0,0,169,4,7,1362,0
oracle,low,15.0,10000,success,1,0,0,160,1,7,0,0
oracle,low,15.0,10001,success,1,0,0,216,1,7,0,0
oracle,low,15.0,10002,success,1,0,0,203,1,7,0,0
oracle,low,15.0,10003,wipeout,0,1,0,149,0,7,0,0
oracle,low,15.0,10004,wipeout,0,1,0,108,0,7,0,0
oracle,low,15.0,10005,success,1,0,0,161,1,7,0,0
oracle,low,15.0,10006,wipeout,0,1,0,108,0,7,0,0
oracle,low,15.0,10007,success,1,0,0,218,1,7,0,0
oracle,low,15.0,10008,wipeout,0,1,0,126,0,7,0,0
oracle,low,15.0,10009,success,1,0,0,203,1,7,0,0
oracle,low,15.0,10010,success,1,0,0,178,1,7,0,0
oracle,low,15.0,10011,success,1,0,0,132,1,7,0,0
oracle,low,15.0,10012,success,1,0,0,112,1,7,0,0
oracle,low,15.0,10013,success,1,0,0,179,1,7,0,0
oracle,low,15.0,10014,success,1,0,0,154,1,7,0,0
oracle,low,15.0,10015,wipeout,0,1,0,189,0,7,0,0
oracle,low,15.0,10016,success,1,0,0,188,1,7,0,0
oracle,low,15.0,10017,success,1,0,0,202,1,7,0,0
oracle,low,15.0,10018,success,1,0,0,191,1,7,0,0
oracle,low,15.0,10019,wipeout,0,1,0,166,0,7,0,0
oracle,low,15.0,10020,success,1,0,0,156,1,7,0,0
oracle,low,15.0,10021,wipeout,0,1,0,146,0,7,0,0
oracle,low,15.0,10022,success,1,0,0,139,1,7,0,0
oracle,low,15.0,10023,wipeout,0,1,0,109,0,7,0,0
oracle,low,15.0,10024,wipeout,0,1,0,226,0,7,0,0
oracle,low,15.0,10025,success,1,0,0,176,1,7,0,0
oracle,low,15.0,10026,wipeout,0,1,0,135,0,7,0,0
oracle,low,15.0,10027,wipeout,0,1,0,117,0,7,0,0
oracle,low,15.0,10028,wipeout,0,1,0,94,0,7,0,0
oracle,low,15.0,10029,success,1,0,0,155,1,7,0,0
oracle,low,15.0,10030,success,1,0,0,176,1,7,0,0
oracle,low,15.0,10031,wipeout,0,1,0,157,0,7,0,0
oracle,low,15.0,10032,wipeout,0,1,0,132,0,7,0,0
oracle,low,15.0,10033,success,1,0,0,175,1,7,0,0
oracle,low,15.0,10034,wipeout,0,1,0,148,0,7,0,0
oracle,low,15.0,10035,success,1,0,0,97,1,7,0,0
oracle,low,15.0,10036,success,1,0,0,166,1,7,0,0
oracle,low,15.0,10037,success,1,0,0,141,1,7,0,0
oracle,low,15.0,10038,wipeout,0,1,0,181,0,7,0,0
oracle,low,15.0,10039,wipeout,0,1,0,125,0,7,0,0
oracle,low,15.0,10040,wipeout,0,1,0,157,0,7,0,0
oracle,low,15.0,10041,wipeout,0,1,0,106,0,7,0,0
oracle,low,15.0,10042,success,1,0,0,219,1,7,0,0
oracle,low,15.0,10043,success,1,0,0,202,1,7,0,0
oracle,low,15.0,10044,wipeout,0,1,0,126,0,7,0,0
oracle,low,15.0,10045,success,1,0,0,192,1,7,0,0
oracle,low,15.0,10046,wipeout,0,1,0,120,0,6,0,0
oracle,low,15.0,10047,success,1,0,0,171,1,7,0,0
oracle,low,15.0,10048,success,1,0,0,156,1,7,0,0
oracle,low,15.0,10049,success,1,0,0,167,1,7,0,0
oracle,low,15.0,10050,success,1,0,0,132,1,7,0,0
oracle,low,15.0,10051,wipeout,0,1,0,114,0,7,0,0
oracle,low,15.0,10052,success,1,0,0,151,1,7,0,0
oracle,low,15.0,10053,success,1,0,0,186,1,7,0,0
oracle,low,15.0,10054,wipeout,0,1,0,154,0,7,0,0
oracle,low,15.0,10055,success,1,0,0,163,1,7,0,0
oracle,low,15.0,10056,success,1,0,0,131,1,7,0,0
oracle,low,15.0,10057,wipeout,0,1,0,113,0,7,0,0
oracle,low,15.0,10058,wipeout,0,1,0,178,0,7,0,0
oracle,low,15.0,10059,success,1,0,0,150,1,7,0,0
oracle,low,15.0,10060,wipeout,0,1,0,176,0,7,0,0
oracle,low,15.0,10061,wipeout,0,1,0,171,0,7,0,0
oracle,low,15.0,10062,wipeout,0,1,0,160,0,7,0,0
oracle,low,15.0,10063,wipeout,0,1,0,191,0,7,0,0
oracle,low,15.0,10064,wipeout,0,1,0,166,0,7,0,0
oracle,low,15.0,10065,wipeout,0,1,0,162,0,7,0,0
oracle,low,15.0,10066,success,1,0,0,149,1,7,0,0
oracle,low,15.0,10067,wipeout,0,1,0,169,0,7,0,0
oracle,low,15.0,10068,success,1,0,0,138,1,7,0,0
oracle,low,15.0,10069,wipeout,0,1,0,108,0,7,0,0
oracle,low,15.0,10070,wipeout,0,1,0,114,0,7,0,0
oracle,low,15.0,10071,success,1,0,0,175,1,7,0,0
oracle,low,15.0,10072,success,1,0,0,176,1,7,0,0
oracle,low,15.0,10073,success,1,0,0,164,1,7,0,0
oracle,low,15.0,10074,wipeout,0,1,0,153,0,7,0,0
oracle,low,15.0,10075,wipeout,0,1,0,129,0,7,0,0
oracle,low,15.0,10076,success,1,0,0,196,1,7,0,0
oracle,low,15.0,10077,success,1,0,0,149,1,7,0,0
oracle,low,15.0,10078,success,1,0,0,184,1,7,0,0
oracle,low,15.0,10079,success,1,0,0,230,1,7,0,0
oracle,low,15.0,10080,wipeout,0,1,0,178,0,7,0,0
oracle,low,15.0,10081,success,1,0,0,164,1,7,0,0
oracle,low,15.0,10082,wipeout,0,1,0,106,0,7,0,0
oracle,low,15.0,10083,success,1,0,0,124,1,7,0,0
oracle,low,15.0,10084,success,1,0,0,112,1,7,0,0
oracle,low,15.0,10085,success,1,0,0,168,1,7,0,0
oracle,low,15.0,10086,success,1,0,0,127,1,7,0,0
oracle,low,15.0,10087,wipeout,0,1,0,109,0,7,0,0
oracle,low,15.0,10088,wipeout,0,1,0,147,0,7,0,0
oracle,low,15.0,10089,wipeout,0,1,0,251,0,7,0,0
oracle,low,15.0,10090,wipeout,0,1,0,192,0,7,0,0
oracle,low,15.0,10091,success,1,0,0,106,1,7,0,0
oracle,low,15.0,10092,success,1,0,0,132,1,7,0,0
oracle,low,15.0,10093,success,1,0,0,132,1,7,0,0
oracle,low,15.0,10094,wipeout,0,1,0,103,0,7,0,0
oracle,low,15.0,10095,success,1,0,0,151,1,7,0,0
oracle,low,15.0,10096,success,1,0,0,108,1,7,0,0
oracle,low,15.0,10097,wipeout,0,1,0,145,0,7,0,0
oracle,low,15.0,10098,success,1,0,0,148,1,7,0,0
oracle,low,15.0,10099,success,1,0,0,179,1,7,0,0
oracle,low,15.0,10100,success,1,0,0,177,1,7,0,0
oracle,low,15.0,10101,success,1,0,0,202,1,7,0,0
oracle,low,15.0,10102,success,1,0,0,191,1,7,0,0
oracle,low,15.0,10103,wipeout,0,1,0,137,0,7,0,0
oracle,low,15.0,10104,success,1,0,0,111,1,7,0,0
oracle,low,15.0,10105,success,1,0,0,206,1,7,0,0
oracle,low,15.0,10106,wipeout,0,1,0,192,0,7,0,0
oracle,low,15.0,10107,wipeout,0,1,0,148,0,7,0,0
oracle,low,15.0,10108,wipeout,0,1,0,197,0,7,0,0
oracle,low,15.0,10109,success,1,0,0,243,1,7,0,0
oracle,low,15.0,10110,wipeout,0,1,0,204,0,7,0,0
oracle,low,15.0,10111,success,1,0,0,143,1,7,0,0
oracle,low,15.0,10112,success,1,0,0,138,1,7,0,0
oracle,low,15.0,10113,success,1,0,0,183,1,7,0,0
oracle,low,15.0,10114,success,1,0,0,163,1,7,0,0
oracle,low,15.0,10115,wipeout,0,1,0,143,0,7,0,0
oracle,low,15.0,10116,wipeout,0,1,0,158,0,7,0,0
oracle,low,15.0,10117,success,1,0,0,122,1,7,0,0
oracle,low,15.0,10118,success,1,0,0,181,1,7,0,0
oracle,low,15.0,10119,wipeout,0,1,0,168,0,7,0,0
oracle,low,15.0,10120,success,1,0,0,120,1,7,0,0
oracle,low,15.0,10121,wipeout,0,1,0,135,0,7,0,0
oracle,low,15.0,10122,success,1,0,0,138,1,7,0,0
oracle,low,15.0,10123,success,1,0,0,109,1,7,0,0
oracle,low,15.0,10124,wipeout,0,1,0,99,0,7,0,0
oracle,low,15.0,10125,success,1,0,0,145,1,7,0,0
oracle,low,15.0,10126,success,1,0,0,157,1,7,0,0
oracle,low,15.0,10127,success,1,0,0,169,1,7,0,0
oracle,low,15.0,10128,success,1,0,0,151,1,7,0,0
oracle,low,15.0,10129,success,1,0,0,143,1,7,0,0
oracle,low,15.0,10130,success,1,0,0,185,1,7,0,0
oracle,low,15.0,10131,success,1,0,0,135,1,7,0,0
oracle,low,15.0,10132,wipeout,0,1,0,121,0,7,0,0
oracle,low,15.0,10133,wipeout,0,1,0,127,0,7,0,0
oracle,low,15.0,10134,success,1,0,0,196,1,7,0,0
oracle,low,15.0,10135,success,1,0,0,167,1,7,0,0
oracle,low,15.0,10136,wipeout,0,1,0,184,0,7,0,0
oracle,low,15.0,10137,success,1,0,0,208,1,7,0,0
oracle,low,15.0,10138,success,1,0,0,141,1,7,0,0
oracle,low,15.0,10139,success,1,0,0,200,1,7,0,0
oracle,low,15.0,10140,success,1,0,0,157,1,7,0,0
oracle,low,15.0,10141,success,1,0,0,165,1,7,0,0
oracle,low,15.0,10142,success,1,0,0,128,1,7,0,0
oracle,low,15.0,10143,success,1,0,0,152,1,7,0,0
oracle,low,15.0,10144,wipeout,0,1,0,125,0,7,0,0
oracle,low,15.0,10145,success,1,0,0,193,1,7,0,0
oracle,low,15.0,10146,success,1,0,0,194,1,7,0,0
oracle,low,15.0,10147,success,1,0,0,149,1,7,0,0
oracle,low,15.0,10148,success,1,0,0,162,1,7,0,0
oracle,low,15.0,10149,wipeout,0,1,0,219,0,7,0,0
oracle,low,15.0,10150,success,1,0,0,107,1,7,0,0
oracle,low,15.0,10151,success,1,0,0,177,1,7,0,0
oracle,low,15.0,10152,wipeout,0,1,0,119,0,7,0,0
oracle,low,15.0,10153,success,1,0,0,211,1,7,0,0
oracle,low,15.0,10154,wipeout,0,1,0,133,0,7,0,0
oracle,low,15.0,10155,wipeout,0,1,0,166,0,7,0,0
oracle,low,15.0,10156,wipeout,0,1,0,170,0,7,0,0
oracle,low,15.0,10157,success,1,0,0,161,1,7,0,0
oracle,low,15.0,10158,success,1,0,0,173,1,7,0,0
oracle,low,15.0,10159,success,1,0,0,147,1,7,0,0
oracle,low,15.0,10160,success,1,0,0,142,1,7,0,0
oracle,low,15.0,10161,success,1,0,0,115,1,7,0,0
oracle,low,15.0,10162,wipeout,0,1,0,129,0,7,0,0
oracle,low,15.0,10163,wipeout,0,1,0,190,0,7,0,0
oracle,low,15.0,10164,success,1,0,0,198,1,7,0,0
oracle,low,15.0,10165,wipeout,0,1,0,167,0,7,0,0
oracle,low,15.0,10166,success,1,0,0,180,1,7,0,0
oracle,low,15.0,10167,wipeout,0,1,0,182,0,7,0,0
oracle,low,15.0,10168,success,1,0,0,111,1,7,0,0
oracle,low,15.0,10169,wipeout,0,1,0,104,0,6,0,0
oracle,low,15.0,10170,success,1,0,0,137,1,7,0,0
oracle,low,15.0,10171,success,1,0,0,138,1,7,0,0
oracle,low,15.0,10172,wipeout,0,1,0,177,0,7,0,0
oracle,low,15.0,10173,wipeout,0,1,0,89,0,7,0,0
oracle,low,15.0,10174,wipeout,0,1,0,213,0,7,0,0
oracle,low,15.0,10175,success,1,0,0,126,1,7,0,0
oracle,low,15.0,10176,wipeout,0,1,0,127,0,7,0,0
oracle,low,15.0,10177,success,1,0,0,144,1,7,0,0
oracle,low,15.0,10178,success,1,0,0,197,1,7,0,0
oracle,low,15.0,10179,success,1,0,0,225,1,7,0,0
oracle,low,15.0,10180,success,1,0,0,192,1,7,0,0
oracle,low,15.0,10181,success,1,0,0,139,1,7,0,0
oracle,low,15.0,10182,success,1,0,0,165,1,7,0,0
oracle,low,15.0,10183,success,1,0,0,176,1,7,0,0
oracle,low,15.0,10184,wipeout,0,1,0,124,0,7,0,0
oracle,low,15.0,10185,success,1,0,0,166,1,7,0,0
oracle,low,15.0,10186,success,1,0,0,161,1,7,0,0
oracle,low,15.0,10187,wipeout,0,1,0,154,0,7,0,0
oracle,low,15.0,10188,success,1,0,0,217,1,7,0,0
oracle,low,15.0,10189,wipeout,0,1,0,147,0,7,0,0
oracle,low,15.0,10190,success,1,0,0,189,1,7,0,0
oracle,low,15.0,10191,success,1,0,0,155,1,7,0,0
oracle,low,15.0,10192,wipeout,0,1,0,174,0,7,0,0
oracle,low,15.0,10193,wipeout,0,1,0,120,0,7,0,0
oracle,low,15.0,10194,success,1,0,0,199,1,7,0,0
oracle,low,15.0,10195,success,1,0,0,219,1,7,0,0
oracle,low,15.0,10196,success,1,0,0,142,1,7,0,0
oracle,low,15.0,10197,success,1,0,0,127,1,7,0,0
oracle,low,15.0,10198,wipeout,0,1,0,192,0,7,0,0
oracle,low,15.0,10199,success,1,0,0,151,1,7,0,0
oracle,low,15.0,10200,wipeout,0,1,0,138,0,7,0,0
oracle,low,15.0,10201,success,1,0,0,182,1,7,0,0
oracle,low,15.0,10202,success,1,0,0,184,1,7,0,0
oracle,low,15.0,10203,success,1,0,0,126,1,7,0,0
oracle,low,15.0,10204,success,1,0,0,197,1,7,0,0
oracle,low,15.0,10205,wipeout,0,1,0,124,0,7,0,0
oracle,low,15.0,10206,success,1,0,0,181,1,7,0,0
oracle,low,15.0,10207,success,1,0,0,136,1,7,0,0
oracle,low,15.0,10208,success,1,0,0,165,1,7,0,0
oracle,low,15.0,10209,wipeout,0,1,0,160,0,7,0,0
oracle,low,15.0,10210,wipeout,0,1,0,220,0,7,0,0
oracle,low,15.0,10211,wipeout,0,1,0,185,0,7,0,0
oracle,low,15.0,10212,wipeout,0,1,0,180,0,7,0,0
oracle,low,15.0,10213,wipeout,0,1,0,143,0,7,0,0
oracle,low,15.0,10214,wipeout,0,1,0,128,0,7,0,0
oracle,low,15.0,10215,success,1,0,0,189,1,7,0,0
oracle,low,15.0,10216,success,1,0,0,199,1,7,0,0
oracle,low,15.0,10217,success,1,0,0,188,1,7,0,0
oracle,low,15.0,10218,success,1,0,0,154,1,7,0,0
oracle,low,15.0,10219,wipeout,0,1,0,181,0,7,0,0
oracle,low,15.0,10220,wipeout,0,1,0,101,0,5,0,0
oracle,low,15.0,10221,wipeout,0,1,0,107,0,7,0,0
oracle,low,15.0,10222,wipeout,0,1,0,82,0,7,0,0
oracle,low,15.0,10223,wipeout,0,1,0,117,0,7,0,0
oracle,low,15.0,10224,success,1,0,0,175,1,7,0,0
oracle,low,15.0,10225,success,1,0,0,174,1,7,0,0
oracle,low,15.0,10226,success,1,0,0,197,1,7,0,0
oracle,low,15.0,10227,success,1,0,0,126,1,7,0,0
oracle,low,15.0,10228,success,1,0,0,187,1,7,0,0
oracle,low,15.0,10229,success,1,0,0,173,1,7,0,0
oracle,low,15.0,10230,wipeout,0,1,0,120,0,7,0,0
oracle,low,15.0,10231,wipeout,0,1,0,148,0,7,0,0
oracle,low,15.0,10232,wipeout,0,1,0,110,0,7,0,0
oracle,low,15.0,10233,success,1,0,0,169,1,7,0,0
oracle,low,15.0,10234,success,1,0,0,211,1,7,0,0
oracle,low,15.0,10235,wipeout,0,1,0,176,0,7,0,0
oracle,low,15.0,10236,success,1,0,0,122,1,7,0,0
oracle,low,15.0,10237,success,1,0,0,173,1,7,0,0
oracle,low,15.0,10238,wipeout,0,1,0,187,0,7,0,0
oracle,low,15.0,10239,success,1,0,0,119,1,7,0,0
oracle,low,15.0,10240,success,1,0,0,189,1,7,0,0
oracle,low,15.0,10241,success,1,0,0,153,1,7,0,0
oracle,low,15.0,10242,wipeout,0,1,0,204,0,7,0,0
oracle,low,15.0,10243,success,1,0,0,141,1,7,0,0
oracle,low,15.0,10244,success,1,0,0,176,1,7,0,0
oracle,low,15.0,10245,wipeout,0,1,0,136,0,7,0,0
oracle,low,15.0,10246,success,1,0,0,197,1,7,0,0
oracle,low,15.0,10247,wipeout,0,1,0,191,0,7,0,0
oracle,low,15.0,10248,success,1,0,0,194,1,7,0,0
oracle,low,15.0,10249,success,1,0,0,82,1,7,0,0
oracle,low,15.0,10250,wipeout,0,1,0,120,0,7,0,0
oracle,low,15.0,10251,wipeout,0,1,0,158,0,7,0,0
oracle,low,15.0,10252,wipeout,0,1,0,153,0,7,0,0
oracle,low,15.0,10253,wipeout,0,1,0,155,0,7,0,0
oracle,low,15.0,10254,wipeout,0,1,0,120,0,7,0,0
oracle,low,15.0,10255,success,1,0,0,182,1,7,0,0
oracle,low,15.0,10256,success,1,0,0,165,1,7,0,0
oracle,low,15.0,10257,wipeout,0,1,0,112,0,7,0,0
oracle,low,15.0,10258,success,1,0,0,170,1,7,0,0
oracle,low,15.0,10259,wipeout,0,1,0,119,0,5,0,0
oracle,low,15.0,10260,success,1,0,0,175,1,7,0,0
oracle,low,15.0,10261,wipeout,0,1,0,218,0,7,0,0
oracle,low,15.0,10262,success,1,0,0,158,1,7,0,0
oracle,low,15.0,10263,success,1,0,0,126,1,7,0,0
oracle,low,15.0,10264,success,1,0,0,160,1,7,0,0
oracle,low,15.0,10265,success,1,0,0,168,1,7,0,0
oracle,low,15.0,10266,wipeout,0,1,0,81,0,6,0,0
oracle,low,15.0,10267,success,1,0,0,218,1,7,0,0
oracle,low,15.0,10268,wipeout,0,1,0,121,0,7,0,0
oracle,low,15.0,10269,wipeout,0,1,0,199,0,7,0,0
oracle,low,15.0,10270,success,1,0,0,187,1,7,0,0
oracle,low,15.0,10271,success,1,0,0,128,1,7,0,0
oracle,low,15.0,10272,wipeout,0,1,0,187,0,7,0,0
oracle,low,15.0,10273,success,1,0,0,179,1,7,0,0
oracle,low,15.0,10274,wipeout,0,1,0,171,0,7,0,0
oracle,low,15.0,10275,success,1,0,0,187,1,7,0,0
oracle,low,15.0,10276,success,1,0,0,166,1,7,0,0
oracle,low,15.0,10277,success,1,0,0,164,1,7,0,0
oracle,low,15.0,10278,success,1,0,0,137,1,7,0,0
oracle,low,15.0,10279,success,1,0,0,216,1,7,0,0
oracle,low,15.0,10280,success,1,0,0,124,1,7,0,0
oracle,low,15.0,10281,success,1,0,0,130,1,7,0,0
oracle,low,15.0,10282,success,1,0,0,187,1,7,0,0
oracle,low,15.0,10283,wipeout,0,1,0,114,0,7,0,0
oracle,low,15.0,10284,wipeout,0,1,0,134,0,7,0,0
oracle,low,15.0,10285,success,1,0,0,149,1,7,0,0
oracle,low,15.0,10286,success,1,0,0,109,1,7,0,0
oracle,low,15.0,10287,success,1,0,0,157,1,7,0,0
oracle,low,15.0,10288,wipeout,0,1,0,160,0,7,0,0
oracle,low,15.0,10289,success,1,0,0,179,1,7,0,0
oracle,low,15.0,10290,success,1,0,0,169,1,7,0,0
oracle,low,15.0,10291,success,1,0,0,103,1,7,0,0
oracle,low,15.0,10292,wipeout,0,1,0,98,0,5,0,0
oracle,low,15.0,10293,wipeout,0,1,0,114,0,7,0,0
oracle,low,15.0,10294,success,1,0,0,218,1,7,0,0
oracle,low,15.0,10295,success,1,0,0,200,1,7,0,0
oracle,low,15.0,10296,wipeout,0,1,0,95,0,7,0,0
oracle,low,15.0,10297,wipeout,0,1,0,146,0,7,0,0
oracle,low,15.0,10298,wipeout,0,1,0,117,0,7,0,0
oracle,low,15.0,10299,success,1,0,0,131,1,7,0,0
oracle,low,15.0,10300,wipeout,0,1,0,89,0,7,0,0
oracle,low,15.0,10301,wipeout,0,1,0,114,0,7,0,0
oracle,low,15.0,10302,success,1,0,0,183,1,7,0,0
oracle,low,15.0,10303,success,1,0,0,176,1,7,0,0
oracle,low,15.0,10304,success,1,0,0,171,1,7,0,0
oracle,low,15.0,10305,success,1,0,0,181,1,7,0,0
oracle,low,15.0,10306,success,1,0,0,216,1,7,0,0
oracle,low,15.0,10307,wipeout,0,1,0,147,0,7,0,0
oracle,low,15.0,10308,success,1,0,0,152,1,7,0,0
oracle,low,15.0,10309,success,1,0,0,199,1,7,0,0
oracle,low,15.0,10310,wipeout,0,1,0,170,0,7,0,0
oracle,low,15.0,10311,wipeout,0,1,0,204,0,7,0,0
oracle,low,15.0,10312,wipeout,0,1,0,181,0,7,0,0
oracle,low,15.0,10313,success,1,0,0,139,1,7,0,0
oracle,low,15.0,10314,wipeout,0,1,0,168,0,7,0,0
oracle,low,15.0,10315,success,1,0,0,118,1,7,0,0
oracle,low,15.0,10316,success,1,0,0,206,1,7,0,0
oracle,low,15.0,10317,success,1,0,0,162,1,7,0,0
oracle,low,15.0,10318,success,1,0,0,156,1,7,0,0
oracle,low,15.0,10319,success,1,0,0,185,1,7,0,0
oracle,low,15.0,10320,success,1,0,0,133,1,7,0,0
oracle,low,15.0,10321,success,1,0,0,121,1,7,0,0
oracle,low,15.0,10322,success,1,0,0,166,1,7,0,0
oracle,low,15.0,10323,wipeout,0,1,0,292,0,7,0,0
oracle,low,15.0,10324,success,1,0,0,175,1,7,0,0
oracle,low,15.0,10325,success,1,0,0,196,1,7,0,0
oracle,low,15.0,10326,wipeout,0,1,0,121,0,7,0,0
oracle,low,15.0,10327,success,1,0,0,194,1,7,0,0
oracle,low,15.0,10328,success,1,0,0,128,1,7,0,0
oracle,low,15.0,10329,success,1,0,0,121,1,7,0,0
oracle,low,15.0,10330,success,1,0,0,233,1,7,0,0
oracle,low,15.0,10331,success,1,0,0,222,1,7,0,0
oracle,low,15.0,10332,success,1,0,0,191,1,7,0,0
oracle,low,15.0,10333,wipeout,0,1,0,107,0,7,0,0
oracle,low,15.0,10334,success,1,0,0,153,1,7,0,0
oracle,low,15.0,10335,wipeout,0,1,0,157,0,7,0,0
oracle,low,15.0,10336,success,1,0,0,168,1,7,0,0
oracle,low,15.0,10337,wipeout,0,1,0,141,0,7,0,0
oracle,low,15.0,10338,success,1,0,0,123,1,7,0,0
oracle,low,15.0,10339,wipeout,0,1,0,205,0,7,0,0
oracle,low,15.0,10340,success,1,0,0,183,1,7,0,0
oracle,low,15.0,10341,wipeout,0,1,0,183,0,7,0,0
oracle,low,15.0,10342,success,1,0,0,118,1,7,0,0
oracle,low,15.0,10343,success,1,0,0,179,1,7,0,0
oracle,low,15.0,10344,success,1,0,0,193,1,7,0,0
oracle,low,15.0,10345,wipeout,0,1,0,113,0,5,0,0
oracle,low,15.0,10346,wipeout,0,1,0,164,0,7,0,0
oracle,low,15.0,10347,wipeout,0,1,0,151,0,7,0,0
oracle,low,15.0,10348,success,1,0,0,176,1,7,0,0
oracle,low,15.0,10349,success,1,0,0,162,1,7,0,0
oracle,low,15.0,10350,wipeout,0,1,0,147,0,7,0,0
oracle,low,15.0,10351,success,1,0,0,152,1,7,0,0
oracle,low,15.0,10352,success,1,0,0,165,1,7,0,0
oracle,low,15.0,10353,success,1,0,0,157,1,7,0,0
oracle,low,15.0,10354,success,1,0,0,93,1,7,0,0
oracle,low,15.0,10355,success,1,0,0,159,1,7,0,0
oracle,low,15.0,10356,success,1,0,0,166,1,7,0,0
oracle,low,15.0,10357,wipeout,0,1,0,175,0,7,0,0
oracle,low,15.0,10358,success,1,0,0,203,1,7,0,0
oracle,low,15.0,10359,success,1,0,0,177,1,7,0,0
oracle,low,15.0,10360,success,1,0,0,207,1,7,0,0
oracle,low,15.0,10361,success,1,0,0,191,1,7,0,0
oracle,low,15.0,10362,wipeout,0,1,0,233,0,7,0,0
oracle,low,15.0,10363,wipeout,0,1,0,147,0,7,0,0
oracle,low,15.0,10364,wipeout,0,1,0,132,0,7,0,0
oracle,low,15.0,10365,success,1,0,0,180,1,7,0,0
oracle,low,15.0,10366,wipeout,0,1,0,133,0,7,0,0
oracle,low,15.0,10367,wipeout,0,1,0,165,0,7,0,0
oracle,low,15.0,10368,success,1,0,0,188,1,7,0,0
oracle,low,15.0,10369,success,1,0,0,152,1,7,0,0
oracle,low,15.0,10370,success,1,0,0,219,1,7,0,0
oracle,low,15.0,10371,wipeout,0,1,0,182,0,7,0,0
oracle,low,15.0,10372,wipeout,0,1,0,130,0,7,0,0
oracle,low,15.0,10373,wipeout,0,1,0,195,0,7,0,0
oracle,low,15.0,10374,wipeout,0,1,0,182,0,7,0,0
oracle,low,15.0,10375,success,1,0,0,204,1,7,0,0
oracle,low,15.0,10376,success,1,0,0,140,1,7,0,0
oracle,low,15.0,10377,wipeout,0,1,0,153,0,7,0,0
oracle,low,15.0,10378,success,1,0,0,157,1,7,0,0
oracle,low,15.0,10379,success,1,0,0,223,1,7,0,0
oracle,low,15.0,10380,success,1,0,0,208,1,7,0,0
oracle,low,15.0,10381,wipeout,0,1,0,137,0,7,0,0
oracle,low,15.0,10382,wipeout,0,1,0,181,0,7,0,0
oracle,low,15.0,10383,success,1,0,0,143,1,7,0,0
oracle,low,15.0,10384,wipeout,0,1,0,121,0,7,0,0
oracle,low,15.0,10385,success,1,0,0,124,1,7,0,0
oracle,low,15.0,10386,wipeout,0,1,0,124,0,7,0,0
oracle,low,15.0,10387,wipeout,0,1,0,176,0,7,0,0
oracle,low,15.0,10388,wipeout,0,1,0,117,0,7,0,0
oracle,low,15.0,10389,success,1,0,0,206,1,7,0,0
oracle,low,15.0,10390,success,1,0,0,145,1,7,0,0
oracle,low,15.0,10391,success,1,0,0,205,1,7,0,0
oracle,low,15.0,10392,success,1,0,0,176,1,7,0,0
oracle,low,15.0,10393,success,1,0,0,166,1,7,0,0
oracle,low,15.0,10394,success,1,0,0,154,1,7,0,0
oracle,low,15.0,10395,success,1,0,0,144,1,7,0,0
oracle,low,15.0,10396,success,1,0,0,179,1,7,0,0
oracle,low,15.0,10397,wipeout,0,1,0,88,0,7,0,0
oracle,low,15.0,10398,success,1,0,0,178,1,7,0,0
oracle,low,15.0,10399,success,1,0,0,175,1,7,0,0
oracle,low,15.0,10400,wipeout,0,1,0,112,0,7,0,0
oracle,low,15.0,10401,wipeout,0,1,0,159,0,7,0,0
oracle,low,15.0,10402,wipeout,0,1,0,113,0,7,0,0
oracle,low,15.0,10403,wipeout,0,1,0,131,0,7,0,0
oracle,low,15.0,10404,wipeout,0,1,0,131,0,7,0,0
oracle,low,15.0,10405,wipeout,0,1,0,145,0,7,0,0
oracle,low,15.0,10406,success,1,0,0,181,1,7,0,0
oracle,low,15.0,10407,success,1,0,0,179,1,7,0,0
oracle,low,15.0,10408,wipeout,0,1,0,121,0,6,0,0
oracle,low,15.0,10409,wipeout,0,1,0,114,0,7,0,0
oracle,low,15.0,10410,wipeout,0,1,0,164,0,7,0,0
oracle,low,15.0,10411,success,1,0,0,206,1,7,0,0
oracle,low,15.0,10412,wipeout,0,1,0,167,0,7,0,0
oracle,low,15.0,10413,success,1,0,0,136,1,7,0,0
oracle,low,15.0,10414,wipeout,0,1,0,112,0,7,0,0
oracle,low,15.0,10415,success,1,0,0,167,1,7,0,0
oracle,low,15.0,10416,wipeout,0,1,0,143,0,7,0,0
oracle,low,15.0,10417,success,1,0,0,158,1,7,0,0
oracle,low,15.0,10418,success,1,0,0,199,1,7,0,0
oracle,low,15.0,10419,wipeout,0,1,0,192,0,7,0,0
oracle,low,15.0,10420,wipeout,0,1,0,158,0,7,0,0
oracle,low,15.0,10421,wipeout,0,1,0,99,0,7,0,0
oracle,low,15.0,10422,success,1,0,0,209,1,7,0,0
oracle,low,15.0,10423,wipeout,0,1,0,135,0,6,0,0
oracle,low,15.0,10424,success,1,0,0,131,1,7,0,0
oracle,low,15.0,10425,success,1,0,0,154,1,7,0,0
oracle,low,15.0,10426,success,1,0,0,156,1,7,0,0
oracle,low,15.0,10427,wipeout,0,1,0,160,0,7,0,0
oracle,low,15.0,10428,success,1,0,0,155,1,7,0,0
oracle,low,15.0,10429,wipeout,0,1,0,120,0,7,0,0
oracle,low,15.0,10430,success,1,0,0,175,1,7,0,0
oracle,low,15.0,10431,wipeout,0,1,0,171,0,7,0,0
oracle,low,15.0,10432,wipeout,0,1,0,178,0,7,0,0
oracle,low,15.0,10433,success,1,0,0,169,1,7,0,0
oracle,low,15.0,10434,success,1,0,0,152,1,7,0,0
oracle,low,15.0,10435,wipeout,0,1,0,155,0,7,0,0
oracle,low,15.0,10436,success,1,0,0,115,1,7,0,0
oracle,low,15.0,10437,success,1,0,0,162,1,7,0,0
oracle,low,15.0,10438,wipeout,0,1,0,146,0,7,0,0
oracle,low,15.0,10439,wipeout,0,1,0,117,0,7,0,0
oracle,low,15.0,10440,wipeout,0,1,0,191,0,7,0,0
oracle,low,15.0,10441,success,1,0,0,188,1,7,0,0
oracle,low,15.0,10442,success,1,0,0,151,1,7,0,0
oracle,low,15.0,10443,success,1,0,0,164,1,7,0,0
oracle,low,15.0,10444,wipeout,0,1,0,137,0,7,0,0
oracle,low,15.0,10445,success,1,0,0,124,1,7,0,0
oracle,low,15.0,10446,success,1,0,0,119,1,7,0,0
oracle,low,15.0,10447,wipeout,0,1,0,148,0,7,0,0
oracle,low,15.0,10448,success,1,0,0,121,1,7,0,0
oracle,low,15.0,10449,success,1,0,0,146,1,7,0,0
oracle,low,15.0,10450,wipeout,0,1,0,158,0,7,0,0
oracle,low,15.0,10451,wipeout,0,1,0,144,0,7,0,0
oracle,low,15.0,10452,wipeout,0,1,0,184,0,7,0,0
oracle,low,15.0,10453,wipeout,0,1,0,190,0,7,0,0
oracle,low,15.0,10454,success,1,0,0,199,1,7,0,0
oracle,low,15.0,10455,success,1,0,0,153,1,7,0,0
oracle,low,15.0,10456,success,1,0,0,202,1,7,0,0
oracle,low,15.0,10457,wipeout,0,1,0,106,0,7,0,0
oracle,low,15.0,10458,wipeout,0,1,0,211,0,7,0,0
oracle,low,15.0,10459,success,1,0,0,183,1,7,0,0
oracle,low,15.0,10460,wipeout,0,1,0,200,0,7,0,0
oracle,low,15.0,10461,success,1,0,0,149,1,7,0,0
oracle,low,15.0,10462,success,1,0,0,126,1,7,0,0
oracle,low,15.0,10463,success,1,0,0,191,1,7,0,0
oracle,low,15.0,10464,wipeout,0,1,0,200,0,7,0,0
oracle,low,15.0,10465,success,1,0,0,218,1,7,0,0
oracle,low,15.0,10466,wipeout,0,1,0,128,0,7,0,0
oracle,low,15.0,10467,success,1,0,0,132,1,7,0,0
oracle,low,15.0,10468,success,1,0,0,154,1,7,0,0
oracle,low,15.0,10469,wipeout,0,1,0,173,0,7,0,0
oracle,low,15.0,10470,success,1,0,0,128,1,7,0,0
oracle,low,15.0,10471,success,1,0,0,186,1,7,0,0
oracle,low,15.0,10472,wipeout,0,1,0,112,0,7,0,0
oracle,low,15.0,10473,success,1,0,0,237,1,7,0,0
oracle,low,15.0,10474,success,1,0,0,150,1,7,0,0
oracle,low,15.0,10475,wipeout,0,1,0,143,0,7,0,0
oracle,low,15.0,10476,success,1,0,0,121,1,7,0,0
oracle,low,15.0,10477,success,1,0,0,156,1,7,0,0
oracle,low,15.0,10478,wipeout,0,1,0,131,0,7,0,0
oracle,low,15.0,10479,wipeout,0,1,0,191,0,7,0,0
oracle,low,15.0,10480,success,1,0,0,163,1,7,0,0
oracle,low,15.0,10481,wipeout,0,1,0,107,0,7,0,0
oracle,low,15.0,10482,wipeout,0,1,0,149,0,7,0,0
oracle,low,15.0,10483,wipeout,0,1,0,112,0,7,0,0
oracle,low,15.0,10484,wipeout,0,1,0,161,0,7,0,0
oracle,low,15.0,10485,success,1,0,0,220,1,7,0,0
oracle,low,15.0,10486,success,1,0,0,156,1,7,0,0
oracle,low,15.0,10487,success,1,0,0,211,1,7,0,0
oracle,low,15.0,10488,success,1,0,0,220,1,7,0,0
oracle,low,15.0,10489,success,1,0,0,138,1,7,0,0
oracle,low,15.0,10490,success,1,0,0,137,1,7,0,0
oracle,low,15.0,10491,wipeout,0,1,0,192,0,7,0,0
oracle,low,15.0,10492,wipeout,0,1,0,134,0,7,0,0
oracle,low,15.0,10493,success,1,0,0,145,1,7,0,0
oracle,low,15.0,10494,success,1,0,0,195,1,7,0,0
oracle,low,15.0,10495,wipeout,0,1,0,154,0,7,0,0
oracle,low,15.0,10496,success,1,0,0,137,1,7,0,0
oracle,low,15.0,10497,success,1,0,0,146,1,7,0,0
oracle,low,15.0,10498,success,1,0,0,108,1,7,0,0
oracle,low,15.0,10499,success,1,0,0,169,1,7,0,0
lone_entry,low,15.0,10000,success,1,0,0,130,1,7,0,0
lone_entry,low,15.0,10001,success,1,0,0,216,1,7,0,0
lone_entry,low,15.0,10002,success,1,0,0,175,1,7,0,0
lone_entry,low,15.0,10003,wipeout,0,1,0,149,0,7,0,0
lone_entry,low,15.0,10004,wipeout,0,1,0,108,0,7,0,0
lone_entry,low,15.0,10005,success,1,0,0,149,1,7,0,0
lone_entry,low,15.0,10006,trapped_inside,0,0,0,400,1,7,0,1
lone_entry,low,15.0,10007,trapped_inside,0,0,0,400,1,7,0,1
lone_entry,low,15.0,10008,wipeout,0,1,0,126,0,7,0,0
lone_entry,low,15.0,10009,success,1,0,0,193,1,7,0,0
lone_entry,low,15.0,10010,trapped_inside,0,0,0,400,1,7,0,1
lone_entry,low,15.0,10011,trapped_inside,0,0,0,400,1,7,0,1
lone_entry,low,15.0,10012,success,1,0,0,112,1,7,0,0
lone_entry,low,15.0,10013,success,1,0,0,179,1,7,0,0
lone_entry,low,15.0,10014,trapped_inside,0,0,0,400,1,7,0,1
lone_entry,low,15.0,10015,wipeout,0,1,0,189,0,7,0,0
lone_entry,low,15.0,10016,trapped_inside,0,0,0,400,1,7,0,1
lone_entry,low,15.0,10017,success,1,0,0,202,1,7,0,0
lone_entry,low,15.0,10018,success,1,0,0,191,1,7,0,0
lone_entry,low,15.0,10019,wipeout,0,1,0,166,0,7,0,0
lone_entry,low,15.0,10020,trapped_inside,0,0,0,400,1,7,0,1
lone_entry,low,15.0,10021,wipeout,0,1,0,146,0,7,0,0
lone_entry,low,15.0,10022,success,1,0,0,139,1,7,0,0
lone_entry,low,15.0,10023,trapped_inside,0,0,0,400,1,7,0,1
lone_entry,low,15.0,10024,wipeout,0,1,0,226,0,7,0,0
lone_entry,low,15.0,10025,success,1,0,0,139,1,7,0,0
lone_entry,low,15.0,10026,trapped_inside,0,0,0,400,1,7,0,1
lone_entry,low,15.0,10027,wipeout,0,1,0,117,0,7,0,0
lone_entry,low,15.0,10028,wipeout,0,1,0,94,0,7,0,0
lone_entry,low,15.0,10029,success,1,0,0,155,1,7,0,0
lone_entry,low,15.0,10030,success,1,0,0,176,1,7,0,0
lone_entry,low,15.0,10031,success,1,0,0,166,1,7,0,0
lone_entry,low,15.0,10032,wipeout,0,1,0,132,0,7,0,0
lone_entry,low,15.0,10033,trapped_inside,0,0,0,400,1,7,0,1
lone_entry,low,15.0,10034,trapped_inside,0,0,0,400,1,7,0,1
lone_entry,low,15.0,10035,trapped_inside,0,0,0,400,1,7,0,1
lone_entry,low,15.0,10036,success,1,0,0,166,1,7,0,0
lone_entry,low,15.0,10037,success,1,0,0,141,1,7,0,0
lone_entry,low,15.0,10038,wipeout,0,1,0,181,0,7,0,0
lone_entry,low,15.0,10039,trapped_inside,0,0,0,400,1,7,0,1
lone_entry,low,15.0,10040,trapped_inside,0,0,0,400,1,7,0,1
lone_entry,low,15.0,10041,wipeout,0,1,0,106,0,7,0,0
lone_entry,low,15.0,10042,success,1,0,0,219,1,7,0,0
lone_entry,low,15.0,10043,success,1,0,0,202,1,7,0,0
lone_entry,low,15.0,10044,trapped_inside,0,0,0,400,1,7,0,1
lone_entry,low,15.0,10045,success,1,0,0,192,1,7,0,0
lone_entry,low,15.0,10046,wipeout,0,1,0,120,0,6,0,0
lone_entry,low,15.0,10047,trapped_inside,0,0,0,400,1,7,0,1
lone_entry,low,15.0,10048,success,1,0,0,156,1,7,0,0
lone_entry,low,15.0,10049,success,1,0,0,167,1,7,0,0
lone_entry,low,15.0,10050,success,1,0,0,132,1,7,0,0
lone_entry,low,15.0,10051,success,1,0,0,120,1,7,0,0
lone_entry,low,15.0,10052,success,1,0,0,151,1,7,0,0
lone_entry,low,15.0,10053,success,1,0,0,188,1,7,0,0
lone_entry,low,15.0,10054,success,1,0,0,178,1,7,0,0
lone_entry,low,15.0,10055,trapped_inside,0,0,0,400,1,7,0,1
lone_entry,low,15.0,10056,trapped_inside,0,0,0,400,1,7,0,1
lone_entry,low,15.0,10057,success,1,0,0,132,1,7,0,0
lone_entry,low,15.0,10058,trapped_inside,0,0,0,400,1,7,0,1
lone_entry,low,15.0,10059,success,1,0,0,152,1,7,0,0
lone_entry,low,15.0,10060,success,1,0,0,166,1,7,0,0
lone_entry,low,15.0,10061,trapped_inside,0,0,0,400,1,7,0,1
lone_entry,low,15.0,10062,wipeout,0,1,0,162,0,7,0,0
lone_entry,low,15.0,10063,wipeout,0,1,0,191,0,7,0,0
lone_entry,low,15.0,10064,wipeout,0,1,0,166,0,7,0,0
lone_entry,low,15.0,10065,wipeout,0,1,0,162,0,7,0,0
lone_entry,low,15.0,10066,trapped_inside,0,0,0,400,1,7,0,1
lone_entry,low,15.0,10067,trapped_inside,0,0,0,400,1,7,0,1
lone_entry,low,15.0,10068,trapped_inside,0,0,0,400,1,7,0,1
lone_entry,low,15.0,10069,wipeout,0,1,0,108,0,7,0,0
lone_entry,low,15.0,10070,wipeout,0,1,0,114,0,7,0,0
lone_entry,low,15.0,10071,trapped_inside,0,0,0,400,1,7,0,1
lone_entry,low,15.0,10072,success,1,0,0,259,1,7,0,0
lone_entry,low,15.0,10073,success,1,0,0,170,1,7,0,0
lone_entry,low,15.0,10074,trapped_inside,0,0,0,400,1,7,0,1
lone_entry,low,15.0,10075,wipeout,0,1,0,129,0,7,0,0
lone_entry,low,15.0,10076,trapped_inside,0,0,0,400,1,7,0,1
lone_entry,low,15.0,10077,success,1,0,0,139,1,7,0,0
lone_entry,low,15.0,10078,trapped_inside,0,0,0,400,1,7,0,1
lone_entry,low,15.0,10079,trapped_inside,0,0,0,400,1,7,0,1
lone_entry,low,15.0,10080,wipeout,0,1,0,178,0,7,0,0
lone_entry,low,15.0,10081,success,1,0,0,164,1,7,0,0
lone_entry,low,15.0,10082,success,1,0,0,144,1,7,0,0
lone_entry,low,15.0,10083,success,1,0,0,124,1,7,0,0
lone_entry,low,15.0,10084,success,1,0,0,112,1,7,0,0
lone_entry,low,15.0,10085,success,1,0,0,168,1,7,0,0
lone_entry,low,15.0,10086,success,1,0,0,127,1,7,0,0
lone_entry,low,15.0,10087,wipeout,0,1,0,109,0,7,0,0
lone_entry,low,15.0,10088,wipeout,0,1,0,147,0,7,0,0
lone_entry,low,15.0,10089,wipeout,0,1,0,251,0,7,0,0
lone_entry,low,15.0,10090,wipeout,0,1,0,194,0,7,0,0
lone_entry,low,15.0,10091,success,1,0,0,107,1,7,0,0
lone_entry,low,15.0,10092,success,1,0,0,132,1,7,0,0
lone_entry,low,15.0,10093,trapped_inside,0,0,0,400,1,7,0,1
lone_entry,low,15.0,10094,wipeout,0,1,0,139,0,7,0,0
lone_entry,low,15.0,10095,trapped_inside,0,0,0,400,1,7,0,1
lone_entry,low,15.0,10096,success,1,0,0,110,1,7,0,0
lone_entry,low,15.0,10097,wipeout,0,1,0,147,0,7,0,0
lone_entry,low,15.0,10098,success,1,0,0,148,1,7,0,0
lone_entry,low,15.0,10099,success,1,0,0,179,1,7,0,0
lone_entry,low,15.0,10100,success,1,0,0,177,1,7,0,0
lone_entry,low,15.0,10101,success,1,0,0,202,1,7,0,0
lone_entry,low,15.0,10102,success,1,0,0,191,1,7,0,0
lone_entry,low,15.0,10103,wipeout,0,1,0,137,0,7,0,0
lone_entry,low,15.0,10104,success,1,0,0,111,1,7,0,0
lone_entry,low,15.0,10105,trapped_inside,0,0,0,400,1,7,0,1
lone_entry,low,15.0,10106,trapped_inside,0,0,0,400,1,7,0,1
lone_entry,low,15.0,10107,wipeout,0,1,0,148,0,7,0,0
lone_entry,low,15.0,10108,wipeout,0,1,0,197,0,7,0,0
lone_entry,low,15.0,10109,success,1,0,0,243,1,7,0,0
lone_entry,low,15.0,10110,trapped_inside,0,0,0,400,1,7,0,1
lone_entry,low,15.0,10111,trapped_inside,0,0,0,400,1,7,0,1
lone_entry,low,15.0,10112,trapped_inside,0,0,0,400,1,7,0,1
lone_entry,low,15.0,10113,success,1,0,0,166,1,7,0,0
lone_entry,low,15.0,10114,trapped_inside,0,0,0,400,1,7,0,1
lone_entry,low,15.0,10115,wipeout,0,1,0,143,0,7,0,0
lone_entry,low,15.0,10116,wipeout,0,1,0,158,0,7,0,0
lone_entry,low,15.0,10117,trapped_inside,0,0,0,400,1,7,0,1
lone_entry,low,15.0,10118,success,1,0,0,181,1,7,0,0
lone_entry,low,15.0,10119,trapped_inside,0,0,0,400,1,7,0,1
lone_entry,low,15.0,10120,success,1,0,0,120,1,7,0,0
lone_entry,low,15.0,10121,wipeout,0,1,0,135,0,7,0,0
lone_entry,low,15.0,10122,success,1,0,0,138,1,7,0,0
lone_entry,low,15.0,10123,success,1,0,0,90,1,7,0,0
lone_entry,low,15.0,10124,wipeout,0,1,0,99,0,7,0,0
lone_entry,low,15.0,10125,success,1,0,0,105,1,7,0,0
lone_entry,low,15.0,10126,success,1,0,0,157,1,7,0,0
lone_entry,low,15.0,10127,success,1,0,0,169,1,7,0,0
lone_entry,low,15.0,10128,success,1,0,0,151,1,7,0,0
lone_entry,low,15.0,10129,success,1,0,0,143,1,7,0,0
lone_entry,low,15.0,10130,trapped_inside,0,0,0,400,1,7,0,1
lone_entry,low,15.0,10131,trapped_inside,0,0,0,400,1,7,0,1
lone_entry,low,15.0,10132,trapped_inside,0,0,0,400,1,7,0,1
lone_entry,low,15.0,10133,wipeout,0,1,0,127,0,7,0,0
lone_entry,low,15.0,10134,success,1,0,0,196,1,7,0,0
lone_entry,low,15.0,10135,success,1,0,0,167,1,7,0,0
lone_entry,low,15.0,10136,wipeout,0,1,0,185,0,7,0,0
lone_entry,low,15.0,10137,success,1,0,0,208,1,7,0,0
lone_entry,low,15.0,10138,success,1,0,0,141,1,7,0,0
lone_entry,low,15.0,10139,trapped_inside,0,0,0,400,1,7,0,1
lone_entry,low,15.0,10140,success,1,0,0,157,1,7,0,0
lone_entry,low,15.0,10141,trapped_inside,0,0,0,400,1,7,0,1
lone_entry,low,15.0,10142,success,1,0,0,112,1,7,0,0
lone_entry,low,15.0,10143,success,1,0,0,152,1,7,0,0
lone_entry,low,15.0,10144,wipeout,0,1,0,125,0,7,0,0
lone_entry,low,15.0,10145,success,1,0,0,193,1,7,0,0
lone_entry,low,15.0,10146,success,1,0,0,194,1,7,0,0
lone_entry,low,15.0,10147,success,1,0,0,151,1,7,0,0
lone_entry,low,15.0,10148,success,1,0,0,162,1,7,0,0
lone_entry,low,15.0,10149,trapped_inside,0,0,0,400,1,7,0,1
lone_entry,low,15.0,10150,success,1,0,0,107,1,7,0,0
lone_entry,low,15.0,10151,success,1,0,0,177,1,7,0,0
lone_entry,low,15.0,10152,trapped_inside,0,0,0,400,1,7,0,1
lone_entry,low,15.0,10153,success,1,0,0,150,1,7,0,0
lone_entry,low,15.0,10154,success,1,0,0,114,1,7,0,0
lone_entry,low,15.0,10155,success,1,0,0,147,1,7,0,0
lone_entry,low,15.0,10156,trapped_inside,0,0,0,400,1,7,0,1
lone_entry,low,15.0,10157,trapped_inside,0,0,0,400,1,7,0,1
lone_entry,low,15.0,10158,success,1,0,0,173,1,7,0,0
lone_entry,low,15.0,10159,success,1,0,0,147,1,7,0,0
lone_entry,low,15.0,10160,trapped_inside,0,0,0,400,1,7,0,1
lone_entry,low,15.0,10161,success,1,0,0,115,1,7,0,0
lone_entry,low,15.0,10162,trapped_inside,0,0,0,400,1,7,0,1
lone_entry,low,15.0,10163,trapped_inside,0,0,0,400,1,7,0,1
lone_entry,low,15.0,10164,trapped_inside,0,0,0,400,1,7,0,1
lone_entry,low,15.0,10165,trapped_inside,0,0,0,400,1,7,0,1
lone_entry,low,15.0,10166,success,1,0,0,180,1,7,0,0
lone_entry,low,15.0,10167,success,1,0,0,168,1,7,0,0
lone_entry,low,15.0,10168,success,1,0,0,111,1,7,0,0
lone_entry,low,15.0,10169,wipeout,0,1,0,104,0,6,0,0
lone_entry,low,15.0,10170,success,1,0,0,135,1,7,0,0
lone_entry,low,15.0,10171,success,1,0,0,138,1,7,0,0
lone_entry,low,15.0,10172,success,1,0,0,178,1,7,0,0
lone_entry,low,15.0,10173,success,1,0,0,118,1,7,0,0
lone_entry,low,15.0,10174,trapped_inside,0,0,0,400,1,7,0,1
lone_entry,low,15.0,10175,success,1,0,0,126,1,7,0,0
lone_entry,low,15.0,10176,wipeout,0,1,0,129,0,7,0,0
lone_entry,low,15.0,10177,trapped_inside,0,0,0,400,1,7,0,1
lone_entry,low,15.0,10178,success,1,0,0,197,1,7,0,0
lone_entry,low,15.0,10179,success,1,0,0,207,1,7,0,0
lone_entry,low,15.0,10180,success,1,0,0,192,1,7,0,0
lone_entry,low,15.0,10181,success,1,0,0,135,1,7,0,0
lone_entry,low,15.0,10182,trapped_inside,0,0,0,400,1,7,0,1
lone_entry,low,15.0,10183,success,1,0,0,176,1,7,0,0
lone_entry,low,15.0,10184,wipeout,0,1,0,126,0,7,0,0
lone_entry,low,15.0,10185,success,1,0,0,158,1,7,0,0
lone_entry,low,15.0,10186,success,1,0,0,161,1,7,0,0
lone_entry,low,15.0,10187,trapped_inside,0,0,0,400,1,7,0,1
lone_entry,low,15.0,10188,trapped_inside,0,0,0,400,1,7,0,1
lone_entry,low,15.0,10189,wipeout,0,1,0,147,0,7,0,0
lone_entry,low,15.0,10190,success,1,0,0,189,1,7,0,0
lone_entry,low,15.0,10191,success,1,0,0,155,1,7,0,0
lone_entry,low,15.0,10192,trapped_inside,0,0,0,400,1,7,0,1
lone_entry,low,15.0,10193,trapped_inside,0,0,0,400,1,7,0,1
lone_entry,low,15.0,10194,success,1,0,0,199,1,7,0,0
lone_entry,low,15.0,10195,trapped_inside,0,0,0,400,1,7,0,1
lone_entry,low,15.0,10196,trapped_inside,0,0,0,400,1,7,0,1
lone_entry,low,15.0,10197,trapped_inside,0,0,0,400,1,7,0,1
lone_entry,low,15.0,10198,wipeout,0,1,0,157,0,7,0,0
lone_entry,low,15.0,10199,trapped_inside,0,0,0,400,1,7,0,1
lone_entry,low,15.0,10200,wipeout,0,1,0,127,0,7,0,0
lone_entry,low,15.0,10201,trapped_inside,0,0,0,400,1,7,0,1
lone_entry,low,15.0,10202,trapped_inside,0,0,0,400,1,7,0,1
lone_entry,low,15.0,10203,trapped_inside,0,0,0,400,1,7,0,1
lone_entry,low,15.0,10204,success,1,0,0,143,1,7,0,0
lone_entry,low,15.0,10205,wipeout,0,1,0,124,0,7,0,0
lone_entry,low,15.0,10206,success,1,0,0,181,1,7,0,0
lone_entry,low,15.0,10207,success,1,0,0,94,1,7,0,0
lone_entry,low,15.0,10208,success,1,0,0,165,1,7,0,0
lone_entry,low,15.0,10209,wipeout,0,1,0,160,0,7,0,0
lone_entry,low,15.0,10210,trapped_inside,0,0,0,400,1,7,0,1
lone_entry,low,15.0,10211,wipeout,0,1,0,185,0,7,0,0
lone_entry,low,15.0,10212,wipeout,0,1,0,180,0,7,0,0
lone_entry,low,15.0,10213,wipeout,0,1,0,153,0,7,0,0
lone_entry,low,15.0,10214,wipeout,0,1,0,128,0,7,0,0
lone_entry,low,15.0,10215,trapped_inside,0,0,0,400,1,7,0,1
lone_entry,low,15.0,10216,success,1,0,0,199,1,7,0,0
lone_entry,low,15.0,10217,success,1,0,0,188,1,7,0,0
lone_entry,low,15.0,10218,success,1,0,0,154,1,7,0,0
lone_entry,low,15.0,10219,trapped_inside,0,0,0,400,1,7,0,1
lone_entry,low,15.0,10220,wipeout,0,1,0,101,0,5,0,0
lone_entry,low,15.0,10221,wipeout,0,1,0,107,0,7,0,0
lone_entry,low,15.0,10222,wipeout,0,1,0,82,0,7,0,0
lone_entry,low,15.0,10223,wipeout,0,1,0,119,0,7,0,0
lone_entry,low,15.0,10224,success,1,0,0,175,1,7,0,0
lone_entry,low,15.0,10225,success,1,0,0,174,1,7,0,0
lone_entry,low,15.0,10226,trapped_inside,0,0,0,400,1,7,0,1
lone_entry,low,15.0,10227,trapped_inside,0,0,0,400,1,7,0,1
lone_entry,low,15.0,10228,success,1,0,0,175,1,7,0,0
lone_entry,low,15.0,10229,trapped_inside,0,0,0,400,1,7,0,1
lone_entry,low,15.0,10230,success,1,0,0,127,1,7,0,0
lone_entry,low,15.0,10231,wipeout,0,1,0,148,0,7,0,0
lone_entry,low,15.0,10232,success,1,0,0,152,1,7,0,0
lone_entry,low,15.0,10233,success,1,0,0,171,1,7,0,0
lone_entry,low,15.0,10234,trapped_inside,0,0,0,400,1,7,0,1
lone_entry,low,15.0,10235,success,1,0,0,141,1,7,0,0
lone_entry,low,15.0,10236,trapped_inside,0,0,0,400,1,7,0,1
lone_entry,low,15.0,10237,success,1,0,0,173,1,7,0,0
lone_entry,low,15.0,10238,wipeout,0,1,0,187,0,7,0,0
lone_entry,low,15.0,10239,success,1,0,0,119,1,7,0,0
lone_entry,low,15.0,10240,success,1,0,0,189,1,7,0,0
lone_entry,low,15.0,10241,trapped_inside,0,0,0,400,1,7,0,1
lone_entry,low,15.0,10242,trapped_inside,0,0,0,400,1,7,0,1
lone_entry,low,15.0,10243,success,1,0,0,130,1,7,0,0
lone_entry,low,15.0,10244,success,1,0,0,176,1,7,0,0
lone_entry,low,15.0,10245,trapped_inside,0,0,0,400,1,7,0,1
lone_entry,low,15.0,10246,trapped_inside,0,0,0,400,1,7,0,1
lone_entry,low,15.0,10247,success,1,0,0,166,1,7,0,0
lone_entry,low,15.0,10248,success,1,0,0,194,1,7,0,0
lone_entry,low,15.0,10249,success,1,0,0,82,1,7,0,0
lone_entry,low,15.0,10250,trapped_inside,0,0,0,400,1,7,0,1
lone_entry,low,15.0,10251,trapped_inside,0,0,0,400,1,7,0,1
lone_entry,low,15.0,10252,wipeout,0,1,0,153,0,7,0,0
lone_entry,low,15.0,10253,wipeout,0,1,0,155,0,7,0,0
lone_entry,low,15.0,10254,wipeout,0,1,0,120,0,7,0,0
lone_entry,low,15.0,10255,trapped_inside,0,0,0,400,1,7,0,1
lone_entry,low,15.0,10256,trapped_inside,0,0,0,400,1,7,0,1
lone_entry,low,15.0,10257,wipeout,0,1,0,112,0,7,0,0
lone_entry,low,15.0,10258,trapped_inside,0,0,0,400,1,7,0,1
lone_entry,low,15.0,10259,wipeout,0,1,0,119,0,5,0,0
lone_entry,low,15.0,10260,success,1,0,0,175,1,7,0,0
lone_entry,low,15.0,10261,wipeout,0,1,0,220,0,7,0,0
lone_entry,low,15.0,10262,success,1,0,0,158,1,7,0,0
lone_entry,low,15.0,10263,trapped_inside,0,0,0,400,1,7,0,1
lone_entry,low,15.0,10264,success,1,0,0,160,1,7,0,0
lone_entry,low,15.0,10265,trapped_inside,0,0,0,400,1,7,0,1
lone_entry,low,15.0,10266,wipeout,0,1,0,81,0,6,0,0
lone_entry,low,15.0,10267,success,1,0,0,218,1,7,0,0
lone_entry,low,15.0,10268,trapped_inside,0,0,0,400,1,7,0,1
lone_entry,low,15.0,10269,trapped_inside,0,0,0,400,1,7,0,1
lone_entry,low,15.0,10270,success,1,0,0,187,1,7,0,0
lone_entry,low,15.0,10271,success,1,0,0,128,1,7,0,0
lone_entry,low,15.0,10272,wipeout,0,1,0,187,0,7,0,0
lone_entry,low,15.0,10273,trapped_inside,0,0,0,400,1,7,0,1
lone_entry,low,15.0,10274,success,1,0,0,174,1,7,0,0
lone_entry,low,15.0,10275,success,1,0,0,187,1,7,0,0
lone_entry,low,15.0,10276,trapped_inside,0,0,0,400,1,7,0,1
lone_entry,low,15.0,10277,success,1,0,0,164,1,7,0,0
lone_entry,low,15.0,10278,trapped_inside,0,0,0,400,1,7,0,1
lone_entry,low,15.0,10279,success,1,0,0,216,1,7,0,0
lone_entry,low,15.0,10280,trapped_inside,0,0,0,400,1,7,0,1
lone_entry,low,15.0,10281,success,1,0,0,130,1,7,0,0
lone_entry,low,15.0,10282,success,1,0,0,187,1,7,0,0
lone_entry,low,15.0,10283,wipeout,0,1,0,114,0,7,0,0
lone_entry,low,15.0,10284,wipeout,0,1,0,148,0,7,0,0
lone_entry,low,15.0,10285,success,1,0,0,149,1,7,0,0
lone_entry,low,15.0,10286,trapped_inside,0,0,0,400,1,7,0,1
lone_entry,low,15.0,10287,success,1,0,0,159,1,7,0,0
lone_entry,low,15.0,10288,wipeout,0,1,0,160,0,7,0,0
lone_entry,low,15.0,10289,success,1,0,0,179,1,7,0,0
lone_entry,low,15.0,10290,trapped_inside,0,0,0,400,1,7,0,1
lone_entry,low,15.0,10291,trapped_inside,0,0,0,400,1,7,0,1
lone_entry,low,15.0,10292,wipeout,0,1,0,98,0,5,0,0
lone_entry,low,15.0,10293,wipeout,0,1,0,126,0,7,0,0
lone_entry,low,15.0,10294,trapped_inside,0,0,0,400,1,7,0,1
lone_entry,low,15.0,10295,success,1,0,0,200,1,7,0,0
lone_entry,low,15.0,10296,wipeout,0,1,0,95,0,7,0,0
lone_entry,low,15.0,10297,trapped_inside,0,0,0,400,1,7,0,1
lone_entry,low,15.0,10298,trapped_inside,0,0,0,400,1,7,0,1
lone_entry,low,15.0,10299,trapped_inside,0,0,0,400,1,7,0,1
lone_entry,low,15.0,10300,trapped_inside,0,0,0,400,1,7,0,1
lone_entry,low,15.0,10301,wipeout,0,1,0,114,0,7,0,0
lone_entry,low,15.0,10302,trapped_inside,0,0,0,400,1,7,0,1
lone_entry,low,15.0,10303,success,1,0,0,176,1,7,0,0
lone_entry,low,15.0,10304,trapped_inside,0,0,0,400,1,7,0,1
lone_entry,low,15.0,10305,success,1,0,0,181,1,7,0,0
lone_entry,low,15.0,10306,success,1,0,0,166,1,7,0,0
lone_entry,low,15.0,10307,wipeout,0,1,0,177,0,7,0,0
lone_entry,low,15.0,10308,success,1,0,0,152,1,7,0,0
lone_entry,low,15.0,10309,trapped_inside,0,0,0,400,1,7,0,1
lone_entry,low,15.0,10310,trapped_inside,0,0,0,400,1,7,0,1
lone_entry,low,15.0,10311,trapped_inside,0,0,0,400,1,7,0,1
lone_entry,low,15.0,10312,wipeout,0,1,0,181,0,7,0,0
lone_entry,low,15.0,10313,success,1,0,0,139,1,7,0,0
lone_entry,low,15.0,10314,wipeout,0,1,0,168,0,7,0,0
lone_entry,low,15.0,10315,trapped_inside,0,0,0,400,1,7,0,1
lone_entry,low,15.0,10316,trapped_inside,0,0,0,400,1,7,0,1
lone_entry,low,15.0,10317,success,1,0,0,132,1,7,0,0
lone_entry,low,15.0,10318,trapped_inside,0,0,0,400,1,7,0,1
lone_entry,low,15.0,10319,trapped_inside,0,0,0,400,1,7,0,1
lone_entry,low,15.0,10320,success,1,0,0,110,1,7,0,0
lone_entry,low,15.0,10321,success,1,0,0,121,1,7,0,0
lone_entry,low,15.0,10322,success,1,0,0,166,1,7,0,0
lone_entry,low,15.0,10323,wipeout,0,1,0,292,0,7,0,0
lone_entry,low,15.0,10324,success,1,0,0,175,1,7,0,0
lone_entry,low,15.0,10325,success,1,0,0,166,1,7,0,0
lone_entry,low,15.0,10326,trapped_inside,0,0,0,400,1,7,0,1
lone_entry,low,15.0,10327,success,1,0,0,194,1,7,0,0
lone_entry,low,15.0,10328,success,1,0,0,128,1,7,0,0
lone_entry,low,15.0,10329,success,1,0,0,121,1,7,0,0
lone_entry,low,15.0,10330,success,1,0,0,233,1,7,0,0
lone_entry,low,15.0,10331,success,1,0,0,222,1,7,0,0
lone_entry,low,15.0,10332,trapped_inside,0,0,0,400,1,7,0,1
lone_entry,low,15.0,10333,wipeout,0,1,0,107,0,7,0,0
lone_entry,low,15.0,10334,trapped_inside,0,0,0,400,1,7,0,1
lone_entry,low,15.0,10335,wipeout,0,1,0,159,0,7,0,0
lone_entry,low,15.0,10336,trapped_inside,0,0,0,400,1,7,0,1
lone_entry,low,15.0,10337,trapped_inside,0,0,0,400,1,7,0,1
lone_entry,low,15.0,10338,success,1,0,0,123,1,7,0,0
lone_entry,low,15.0,10339,trapped_inside,0,0,0,400,1,7,0,1
lone_entry,low,15.0,10340,trapped_inside,0,0,0,400,1,7,0,1
lone_entry,low,15.0,10341,wipeout,0,1,0,183,0,7,0,0
lone_entry,low,15.0,10342,success,1,0,0,117,1,7,0,0
lone_entry,low,15.0,10343,success,1,0,0,179,1,7,0,0
lone_entry,low,15.0,10344,trapped_inside,0,0,0,400,1,7,0,1
lone_entry,low,15.0,10345,wipeout,0,1,0,113,0,5,0,0
lone_entry,low,15.0,10346,trapped_inside,0,0,0,400,1,7,0,1
lone_entry,low,15.0,10347,trapped_inside,0,0,0,400,1,7,0,1
lone_entry,low,15.0,10348,trapped_inside,0,0,0,400,1,7,0,1
lone_entry,low,15.0,10349,success,1,0,0,162,1,7,0,0
lone_entry,low,15.0,10350,trapped_inside,0,0,0,400,1,7,0,1
lone_entry,low,15.0,10351,success,1,0,0,152,1,7,0,0
lone_entry,low,15.0,10352,success,1,0,0,239,1,7,0,0
lone_entry,low,15.0,10353,success,1,0,0,108,1,7,0,0
lone_entry,low,15.0,10354,trapped_inside,0,0,0,400,1,7,0,1
lone_entry,low,15.0,10355,success,1,0,0,159,1,7,0,0
lone_entry,low,15.0,10356,success,1,0,0,166,1,7,0,0
lone_entry,low,15.0,10357,trapped_inside,0,0,0,400,1,7,0,1
lone_entry,low,15.0,10358,success,1,0,0,196,1,7,0,0
lone_entry,low,15.0,10359,success,1,0,0,177,1,7,0,0
lone_entry,low,15.0,10360,success,1,0,0,198,1,7,0,0
lone_entry,low,15.0,10361,trapped_inside,0,0,0,400,1,7,0,1
lone_entry,low,15.0,10362,wipeout,0,1,0,233,0,7,0,0
lone_entry,low,15.0,10363,wipeout,0,1,0,147,0,7,0,0
lone_entry,low,15.0,10364,wipeout,0,1,0,132,0,7,0,0
lone_entry,low,15.0,10365,success,1,0,0,180,1,7,0,0
lone_entry,low,15.0,10366,wipeout,0,1,0,133,0,7,0,0
lone_entry,low,15.0,10367,wipeout,0,1,0,165,0,7,0,0
lone_entry,low,15.0,10368,success,1,0,0,188,1,7,0,0
lone_entry,low,15.0,10369,success,1,0,0,226,1,7,0,0
lone_entry,low,15.0,10370,trapped_inside,0,0,0,400,1,7,0,1
lone_entry,low,15.0,10371,trapped_inside,0,0,0,400,1,7,0,1
lone_entry,low,15.0,10372,trapped_inside,0,0,0,400,1,7,0,1
lone_entry,low,15.0,10373,trapped_inside,0,0,0,400,1,7,0,1
lone_entry,low,15.0,10374,wipeout,0,1,0,182,0,7,0,0
lone_entry,low,15.0,10375,success,1,0,0,204,1,7,0,0
lone_entry,low,15.0,10376,trapped_inside,0,0,0,400,1,7,0,1
lone_entry,low,15.0,10377,wipeout,0,1,0,156,0,7,0,0
lone_entry,low,15.0,10378,success,1,0,0,126,1,7,0,0
lone_entry,low,15.0,10379,trapped_inside,0,0,0,400,1,7,0,1
lone_entry,low,15.0,10380,trapped_inside,0,0,0,400,1,7,0,1
lone_entry,low,15.0,10381,trapped_inside,0,0,0,400,1,7,0,1
lone_entry,low,15.0,10382,trapped_inside,0,0,0,400,1,7,0,1
lone_entry,low,15.0,10383,trapped_inside,0,0,0,400,1,7,0,1
lone_entry,low,15.0,10384,wipeout,0,1,0,121,0,7,0,0
lone_entry,low,15.0,10385,trapped_inside,0,0,0,400,1,7,0,1
lone_entry,low,15.0,10386,trapped_inside,0,0,0,400,1,7,0,1
lone_entry,low,15.0,10387,wipeout,0,1,0,176,0,7,0,0
lone_entry,low,15.0,10388,trapped_inside,0,0,0,400,1,7,0,1
lone_entry,low,15.0,10389,trapped_inside,0,0,0,400,1,7,0,1
lone_entry,low,15.0,10390,success,1,0,0,145,1,7,0,0
lone_entry,low,15.0,10391,trapped_inside,0,0,0,400,1,7,0,1
lone_entry,low,15.0,10392,success,1,0,0,218,1,7,0,0
lone_entry,low,15.0,10393,trapped_inside,0,0,0,400,1,7,0,1
lone_entry,low,15.0,10394,success,1,0,0,177,1,7,0,0
lone_entry,low,15.0,10395,trapped_inside,0,0,0,400,1,7,0,1
lone_entry,low,15.0,10396,trapped_inside,0,0,0,400,1,7,0,1
lone_entry,low,15.0,10397,wipeout,0,1,0,88,0,7,0,0
lone_entry,low,15.0,10398,success,1,0,0,178,1,7,0,0
lone_entry,low,15.0,10399,success,1,0,0,175,1,7,0,0
lone_entry,low,15.0,10400,success,1,0,0,167,1,7,0,0
lone_entry,low,15.0,10401,wipeout,0,1,0,159,0,7,0,0
lone_entry,low,15.0,10402,wipeout,0,1,0,113,0,7,0,0
lone_entry,low,15.0,10403,trapped_inside,0,0,0,400,1,7,0,1
lone_entry,low,15.0,10404,trapped_inside,0,0,0,400,1,7,0,1
lone_entry,low,15.0,10405,success,1,0,0,153,1,7,0,0
lone_entry,low,15.0,10406,success,1,0,0,181,1,7,0,0
lone_entry,low,15.0,10407,success,1,0,0,179,1,7,0,0
lone_entry,low,15.0,10408,wipeout,0,1,0,121,0,6,0,0
lone_entry,low,15.0,10409,wipeout,0,1,0,114,0,7,0,0
lone_entry,low,15.0,10410,trapped_inside,0,0,0,400,1,7,0,1
lone_entry,low,15.0,10411,trapped_inside,0,0,0,400,1,7,0,1
lone_entry,low,15.0,10412,wipeout,0,1,0,167,0,7,0,0
lone_entry,low,15.0,10413,success,1,0,0,136,1,7,0,0
lone_entry,low,15.0,10414,trapped_inside,0,0,0,400,1,7,0,1
lone_entry,low,15.0,10415,trapped_inside,0,0,0,400,1,7,0,1
lone_entry,low,15.0,10416,trapped_inside,0,0,0,400,1,7,0,1
lone_entry,low,15.0,10417,trapped_inside,0,0,0,400,1,7,0,1
lone_entry,low,15.0,10418,success,1,0,0,199,1,7,0,0
lone_entry,low,15.0,10419,wipeout,0,1,0,192,0,7,0,0
lone_entry,low,15.0,10420,success,1,0,0,185,1,7,0,0
lone_entry,low,15.0,10421,wipeout,0,1,0,99,0,7,0,0
lone_entry,low,15.0,10422,trapped_inside,0,0,0,400,1,7,0,1
lone_entry,low,15.0,10423,wipeout,0,1,0,135,0,6,0,0
lone_entry,low,15.0,10424,trapped_inside,0,0,0,400,1,7,0,1
lone_entry,low,15.0,10425,trapped_inside,0,0,0,400,1,7,0,1
lone_entry,low,15.0,10426,success,1,0,0,156,1,7,0,0
lone_entry,low,15.0,10427,wipeout,0,1,0,160,0,7,0,0
lone_entry,low,15.0,10428,success,1,0,0,155,1,7,0,0
lone_entry,low,15.0,10429,wipeout,0,1,0,120,0,7,0,0
lone_entry,low,15.0,10430,success,1,0,0,175,1,7,0,0
lone_entry,low,15.0,10431,trapped_inside,0,0,0,400,1,7,0,1
lone_entry,low,15.0,10432,wipeout,0,1,0,178,0,7,0,0
lone_entry,low,15.0,10433,success,1,0,0,169,1,7,0,0
lone_entry,low,15.0,10434,success,1,0,0,152,1,7,0,0
lone_entry,low,15.0,10435,success,1,0,0,163,1,7,0,0
lone_entry,low,15.0,10436,trapped_inside,0,0,0,400,1,7,0,1
lone_entry,low,15.0,10437,trapped_inside,0,0,0,400,1,7,0,1
lone_entry,low,15.0,10438,success,1,0,0,132,1,7,0,0
lone_entry,low,15.0,10439,wipeout,0,1,0,117,0,7,0,0
lone_entry,low,15.0,10440,trapped_inside,0,0,0,400,1,7,0,1
lone_entry,low,15.0,10441,success,1,0,0,188,1,7,0,0
lone_entry,low,15.0,10442,trapped_inside,0,0,0,400,1,7,0,1
lone_entry,low,15.0,10443,trapped_inside,0,0,0,400,1,7,0,1
lone_entry,low,15.0,10444,wipeout,0,1,0,137,0,7,0,0
lone_entry,low,15.0,10445,success,1,0,0,124,1,7,0,0
lone_entry,low,15.0,10446,trapped_inside,0,0,0,400,1,7,0,1
lone_entry,low,15.0,10447,trapped_inside,0,0,0,400,1,7,0,1
lone_entry,low,15.0,10448,trapped_inside,0,0,0,400,1,7,0,1
lone_entry,low,15.0,10449,success,1,0,0,146,1,7,0,0
lone_entry,low,15.0,10450,trapped_inside,0,0,0,400,1,7,0,1
lone_entry,low,15.0,10451,wipeout,0,1,0,143,0,7,0,0
lone_entry,low,15.0,10452,trapped_inside,0,0,0,400,1,7,0,1
lone_entry,low,15.0,10453,trapped_inside,0,0,0,400,1,7,0,1
lone_entry,low,15.0,10454,success,1,0,0,199,1,7,0,0
lone_entry,low,15.0,10455,trapped_inside,0,0,0,400,1,7,0,1
lone_entry,low,15.0,10456,success,1,0,0,202,1,7,0,0
lone_entry,low,15.0,10457,wipeout,0,1,0,106,0,7,0,0
lone_entry,low,15.0,10458,wipeout,0,1,0,211,0,7,0,0
lone_entry,low,15.0,10459,success,1,0,0,185,1,7,0,0
lone_entry,low,15.0,10460,wipeout,0,1,0,200,0,7,0,0
lone_entry,low,15.0,10461,success,1,0,0,149,1,7,0,0
lone_entry,low,15.0,10462,trapped_inside,0,0,0,400,1,7,0,1
lone_entry,low,15.0,10463,success,1,0,0,191,1,7,0,0
lone_entry,low,15.0,10464,trapped_inside,0,0,0,400,1,7,0,1
lone_entry,low,15.0,10465,success,1,0,0,218,1,7,0,0
lone_entry,low,15.0,10466,wipeout,0,1,0,132,0,7,0,0
lone_entry,low,15.0,10467,success,1,0,0,132,1,7,0,0
lone_entry,low,15.0,10468,success,1,0,0,154,1,7,0,0
lone_entry,low,15.0,10469,trapped_inside,0,0,0,400,1,7,0,1
lone_entry,low,15.0,10470,trapped_inside,0,0,0,400,1,7,0,1
lone_entry,low,15.0,10471,success,1,0,0,186,1,7,0,0
lone_entry,low,15.0,10472,trapped_inside,0,0,0,400,1,7,0,1
lone_entry,low,15.0,10473,success,1,0,0,173,1,7,0,0
lone_entry,low,15.0,10474,success,1,0,0,150,1,7,0,0
lone_entry,low,15.0,10475,trapped_inside,0,0,0,400,1,7,0,1
lone_entry,low,15.0,10476,success,1,0,0,121,1,7,0,0
lone_entry,low,15.0,10477,success,1,0,0,156,1,7,0,0
lone_entry,low,15.0,10478,trapped_inside,0,0,0,400,1,7,0,1
lone_entry,low,15.0,10479,wipeout,0,1,0,191,0,7,0,0
lone_entry,low,15.0,10480,success,1,0,0,167,1,7,0,0
lone_entry,low,15.0,10481,success,1,0,0,124,1,7,0,0
lone_entry,low,15.0,10482,wipeout,0,1,0,149,0,7,0,0
lone_entry,low,15.0,10483,trapped_inside,0,0,0,400,1,7,0,1
lone_entry,low,15.0,10484,trapped_inside,0,0,0,400,1,7,0,1
lone_entry,low,15.0,10485,success,1,0,0,220,1,7,0,0
lone_entry,low,15.0,10486,success,1,0,0,156,1,7,0,0
lone_entry,low,15.0,10487,success,1,0,0,211,1,7,0,0
lone_entry,low,15.0,10488,success,1,0,0,220,1,7,0,0
lone_entry,low,15.0,10489,success,1,0,0,140,1,7,0,0
lone_entry,low,15.0,10490,trapped_inside,0,0,0,400,1,7,0,1
lone_entry,low,15.0,10491,trapped_inside,0,0,0,400,1,7,0,1
lone_entry,low,15.0,10492,wipeout,0,1,0,134,0,7,0,0
lone_entry,low,15.0,10493,success,1,0,0,145,1,7,0,0
lone_entry,low,15.0,10494,success,1,0,0,195,1,7,0,0
lone_entry,low,15.0,10495,wipeout,0,1,0,154,0,7,0,0
lone_entry,low,15.0,10496,success,1,0,0,137,1,7,0,0
lone_entry,low,15.0,10497,success,1,0,0,146,1,7,0,0
lone_entry,low,15.0,10498,success,1,0,0,108,1,7,0,0
lone_entry,low,15.0,10499,success,1,0,0,169,1,7,0,0
blind_follow,low,15.0,10000,success,1,0,0,130,5,7,0,0
blind_follow,low,15.0,10001,success,1,0,0,216,5,7,0,0
blind_follow,low,15.0,10002,success,1,0,0,175,5,7,0,0
blind_follow,low,15.0,10003,success,1,0,0,156,5,7,0,0
blind_follow,low,15.0,10004,success,1,0,0,184,5,7,0,0
blind_follow,low,15.0,10005,success,1,0,0,149,5,7,0,0
blind_follow,low,15.0,10006,trapped_inside,0,0,0,400,4,7,0,1
blind_follow,low,15.0,10007,trapped_inside,0,0,0,400,5,7,0,1
blind_follow,low,15.0,10008,success,1,0,0,202,5,7,0,0
blind_follow,low,15.0,10009,success,1,0,0,193,5,7,0,0
blind_follow,low,15.0,10010,trapped_inside,0,0,0,400,5,7,0,1
blind_follow,low,15.0,10011,trapped_inside,0,0,0,400,5,7,0,1
blind_follow,low,15.0,10012,success,1,0,0,112,5,7,0,0
blind_follow,low,15.0,10013,success,1,0,0,179,5,7,0,0
blind_follow,low,15.0,10014,trapped_inside,0,0,0,400,5,7,0,1
blind_follow,low,15.0,10015,success,1,0,0,211,5,7,0,0
blind_follow,low,15.0,10016,trapped_inside,0,0,0,400,5,7,0,1
blind_follow,low,15.0,10017,success,1,0,0,202,5,7,0,0
blind_follow,low,15.0,10018,success,1,0,0,191,5,7,0,0
blind_follow,low,15.0,10019,trapped_inside,0,0,0,400,4,7,0,1
blind_follow,low,15.0,10020,trapped_inside,0,0,0,400,5,7,0,1
blind_follow,low,15.0,10021,success,1,0,0,171,5,7,0,0
blind_follow,low,15.0,10022,success,1,0,0,139,5,7,0,0
blind_follow,low,15.0,10023,trapped_inside,0,0,0,400,5,7,0,1
blind_follow,low,15.0,10024,success,1,0,0,227,5,7,0,0
blind_follow,low,15.0,10025,success,1,0,0,139,5,7,0,0
blind_follow,low,15.0,10026,trapped_inside,0,0,0,400,5,7,0,1
blind_follow,low,15.0,10027,trapped_inside,0,0,0,400,4,7,0,1
blind_follow,low,15.0,10028,success,1,0,0,134,5,7,0,0
blind_follow,low,15.0,10029,success,1,0,0,155,5,7,0,0
blind_follow,low,15.0,10030,success,1,0,0,176,5,7,0,0
blind_follow,low,15.0,10031,success,1,0,0,166,5,7,0,0
blind_follow,low,15.0,10032,success,1,0,0,152,5,7,0,0
blind_follow,low,15.0,10033,trapped_inside,0,0,0,400,5,7,0,1
blind_follow,low,15.0,10034,trapped_inside,0,0,0,400,5,7,0,1
blind_follow,low,15.0,10035,trapped_inside,0,0,0,400,5,7,0,1
blind_follow,low,15.0,10036,success,1,0,0,166,5,7,0,0
blind_follow,low,15.0,10037,success,1,0,0,141,4,7,0,0
blind_follow,low,15.0,10038,success,1,0,0,190,5,7,0,0
blind_follow,low,15.0,10039,trapped_inside,0,0,0,400,5,7,0,1
blind_follow,low,15.0,10040,trapped_inside,0,0,0,400,5,7,0,1
blind_follow,low,15.0,10041,success,1,0,0,138,5,7,0,0
blind_follow,low,15.0,10042,success,1,0,0,219,5,7,0,0
blind_follow,low,15.0,10043,success,1,0,0,202,5,7,0,0
blind_follow,low,15.0,10044,trapped_inside,0,0,0,400,5,7,0,1
blind_follow,low,15.0,10045,success,1,0,0,192,5,7,0,0
blind_follow,low,15.0,10046,success,1,0,0,202,5,7,0,0
blind_follow,low,15.0,10047,trapped_inside,0,0,0,400,5,7,0,1
blind_follow,low,15.0,10048,success,1,0,0,156,5,7,0,0
blind_follow,low,15.0,10049,success,1,0,0,167,5,7,0,0
blind_follow,low,15.0,10050,success,1,0,0,132,5,7,0,0
blind_follow,low,15.0,10051,success,1,0,0,120,5,7,0,0
blind_follow,low,15.0,10052,success,1,0,0,151,5,7,0,0
blind_follow,low,15.0,10053,success,1,0,0,188,5,7,0,0
blind_follow,low,15.0,10054,success,1,0,0,178,5,7,0,0
blind_follow,low,15.0,10055,trapped_inside,0,0,0,400,5,7,0,1
blind_follow,low,15.0,10056,trapped_inside,0,0,0,400,5,7,0,1
blind_follow,low,15.0,10057,success,1,0,0,132,5,7,0,0
blind_follow,low,15.0,10058,trapped_inside,0,0,0,400,5,7,0,1
blind_follow,low,15.0,10059,success,1,0,0,152,5,7,0,0
blind_follow,low,15.0,10060,success,1,0,0,166,5,7,0,0
blind_follow,low,15.0,10061,trapped_inside,0,0,0,400,5,7,0,1
blind_follow,low,15.0,10062,trapped_inside,0,0,0,400,4,7,0,1
blind_follow,low,15.0,10063,success,1,0,0,225,5,7,0,0
blind_follow,low,15.0,10064,success,1,0,0,194,5,7,0,0
blind_follow,low,15.0,10065,success,1,0,0,201,5,7,0,0
blind_follow,low,15.0,10066,trapped_inside,0,0,0,400,5,7,0,1
blind_follow,low,15.0,10067,trapped_inside,0,0,0,400,5,7,0,1
blind_follow,low,15.0,10068,trapped_inside,0,0,0,400,5,7,0,1
blind_follow,low,15.0,10069,success,1,0,0,143,5,7,0,0
blind_follow,low,15.0,10070,success,1,0,0,204,4,7,0,0
blind_follow,low,15.0,10071,trapped_inside,0,0,0,400,5,7,0,1
blind_follow,low,15.0,10072,success,1,0,0,259,5,7,0,0
blind_follow,low,15.0,10073,success,1,0,0,170,5,7,0,0
blind_follow,low,15.0,10074,trapped_inside,0,0,0,400,5,7,0,1
blind_follow,low,15.0,10075,success,1,0,0,180,5,7,0,0
blind_follow,low,15.0,10076,trapped_inside,0,0,0,400,5,7,0,1
blind_follow,low,15.0,10077,success,1,0,0,139,5,7,0,0
blind_follow,low,15.0,10078,trapped_inside,0,0,0,400,5,7,0,1
blind_follow,low,15.0,10079,trapped_inside,0,0,0,400,5,7,0,1
blind_follow,low,15.0,10080,success,1,0,0,182,5,7,0,0
blind_follow,low,15.0,10081,success,1,0,0,164,5,7,0,0
blind_follow,low,15.0,10082,success,1,0,0,144,5,7,0,0
blind_follow,low,15.0,10083,success,1,0,0,124,5,7,0,0
blind_follow,low,15.0,10084,success,1,0,0,112,5,7,0,0
blind_follow,low,15.0,10085,success,1,0,0,168,5,7,0,0
blind_follow,low,15.0,10086,success,1,0,0,127,5,7,0,0
blind_follow,low,15.0,10087,trapped_inside,0,0,0,400,4,7,0,1
blind_follow,low,15.0,10088,trapped_inside,0,0,0,400,4,7,0,1
blind_follow,low,15.0,10089,trapped_inside,0,0,0,400,4,7,0,1
blind_follow,low,15.0,10090,success,1,0,0,196,5,7,0,0
blind_follow,low,15.0,10091,success,1,0,0,107,5,7,0,0
blind_follow,low,15.0,10092,success,1,0,0,132,5,7,0,0
blind_follow,low,15.0,10093,trapped_inside,0,0,0,400,5,7,0,1
blind_follow,low,15.0,10094,success,1,0,0,204,5,7,0,0
blind_follow,low,15.0,10095,trapped_inside,0,0,0,400,5,7,0,1
blind_follow,low,15.0,10096,success,1,0,0,110,5,7,0,0
blind_follow,low,15.0,10097,trapped_inside,0,0,0,400,4,7,0,1
blind_follow,low,15.0,10098,success,1,0,0,148,5,7,0,0
blind_follow,low,15.0,10099,success,1,0,0,179,5,7,0,0
blind_follow,low,15.0,10100,success,1,0,0,177,5,7,0,0
blind_follow,low,15.0,10101,success,1,0,0,202,5,7,0,0
blind_follow,low,15.0,10102,success,1,0,0,191,5,7,0,0
blind_follow,low,15.0,10103,trapped_inside,0,0,0,400,4,7,0,1
blind_follow,low,15.0,10104,success,1,0,0,111,5,7,0,0
blind_follow,low,15.0,10105,trapped_inside,0,0,0,400,5,7,0,1
blind_follow,low,15.0,10106,trapped_inside,0,0,0,400,5,7,0,1
blind_follow,low,15.0,10107,success,1,0,0,157,5,7,0,0
blind_follow,low,15.0,10108,trapped_inside,0,0,0,400,4,7,0,1
blind_follow,low,15.0,10109,success,1,0,0,243,5,7,0,0
blind_follow,low,15.0,10110,trapped_inside,0,0,0,400,5,7,0,1
blind_follow,low,15.0,10111,trapped_inside,0,0,0,400,5,7,0,1
blind_follow,low,15.0,10112,trapped_inside,0,0,0,400,5,7,0,1
blind_follow,low,15.0,10113,success,1,0,0,166,5,7,0,0
blind_follow,low,15.0,10114,trapped_inside,0,0,0,400,5,7,0,1
blind_follow,low,15.0,10115,success,1,0,0,201,5,7,0,0
blind_follow,low,15.0,10116,trapped_inside,0,0,0,400,4,7,0,1
blind_follow,low,15.0,10117,trapped_inside,0,0,0,400,5,7,0,1
blind_follow,low,15.0,10118,success,1,0,0,181,5,7,0,0
blind_follow,low,15.0,10119,trapped_inside,0,0,0,400,5,7,0,1
blind_follow,low,15.0,10120,success,1,0,0,120,5,7,0,0
blind_follow,low,15.0,10121,success,1,0,0,228,5,7,0,0
blind_follow,low,15.0,10122,success,1,0,0,138,4,7,0,0
blind_follow,low,15.0,10123,success,1,0,0,90,5,7,0,0
blind_follow,low,15.0,10124,success,1,0,0,179,5,7,0,0
blind_follow,low,15.0,10125,success,1,0,0,105,5,7,0,0
blind_follow,low,15.0,10126,success,1,0,0,157,5,7,0,0
blind_follow,low,15.0,10127,success,1,0,0,169,4,7,0,0
blind_follow,low,15.0,10128,success,1,0,0,151,5,7,0,0
blind_follow,low,15.0,10129,success,1,0,0,143,5,7,0,0
blind_follow,low,15.0,10130,trapped_inside,0,0,0,400,4,7,0,1
blind_follow,low,15.0,10131,trapped_inside,0,0,0,400,5,7,0,1
blind_follow,low,15.0,10132,trapped_inside,0,0,0,400,5,7,0,1
blind_follow,low,15.0,10133,success,1,0,0,171,5,7,0,0
blind_follow,low,15.0,10134,success,1,0,0,196,5,7,0,0
blind_follow,low,15.0,10135,success,1,0,0,167,5,7,0,0
blind_follow,low,15.0,10136,success,1,0,0,190,5,7,0,0
blind_follow,low,15.0,10137,success,1,0,0,208,5,7,0,0
blind_follow,low,15.0,10138,success,1,0,0,141,5,7,0,0
blind_follow,low,15.0,10139,trapped_inside,0,0,0,400,5,7,0,1
blind_follow,low,15.0,10140,success,1,0,0,157,5,7,0,0
blind_follow,low,15.0,10141,trapped_inside,0,0,0,400,5,7,0,1
blind_follow,low,15.0,10142,success,1,0,0,112,5,7,0,0
blind_follow,low,15.0,10143,success,1,0,0,152,5,7,0,0
blind_follow,low,15.0,10144,success,1,0,0,170,5,7,0,0
blind_follow,low,15.0,10145,success,1,0,0,193,5,7,0,0
blind_follow,low,15.0,10146,success,1,0,0,194,5,7,0,0
blind_follow,low,15.0,10147,success,1,0,0,151,5,7,0,0
blind_follow,low,15.0,10148,success,1,0,0,162,5,7,0,0
blind_follow,low,15.0,10149,trapped_inside,0,0,0,400,5,7,0,1
blind_follow,low,15.0,10150,success,1,0,0,107,5,7,0,0
blind_follow,low,15.0,10151,success,1,0,0,177,5,7,0,0
blind_follow,low,15.0,10152,trapped_inside,0,0,0,400,5,7,0,1
blind_follow,low,15.0,10153,success,1,0,0,150,5,7,0,0
blind_follow,low,15.0,10154,success,1,0,0,114,5,7,0,0
blind_follow,low,15.0,10155,success,1,0,0,147,5,7,0,0
blind_follow,low,15.0,10156,trapped_inside,0,0,0,400,5,7,0,1
blind_follow,low,15.0,10157,trapped_inside,0,0,0,400,5,7,0,1
blind_follow,low,15.0,10158,success,1,0,0,173,5,7,0,0
blind_follow,low,15.0,10159,success,1,0,0,147,5,7,0,0
blind_follow,low,15.0,10160,trapped_inside,0,0,0,400,5,7,0,1
blind_follow,low,15.0,10161,success,1,0,0,115,5,7,0,0
blind_follow,low,15.0,10162,trapped_inside,0,0,0,400,5,7,0,1
blind_follow,low,15.0,10163,trapped_inside,0,0,0,400,5,7,0,1
blind_follow,low,15.0,10164,trapped_inside,0,0,0,400,5,7,0,1
blind_follow,low,15.0,10165,trapped_inside,0,0,0,400,5,7,0,1
blind_follow,low,15.0,10166,success,1,0,0,180,5,7,0,0
blind_follow,low,15.0,10167,success,1,0,0,168,5,7,0,0
blind_follow,low,15.0,10168,success,1,0,0,111,5,7,0,0
blind_follow,low,15.0,10169,trapped_inside,0,0,0,400,5,7,0,1
blind_follow,low,15.0,10170,success,1,0,0,135,5,7,0,0
blind_follow,low,15.0,10171,success,1,0,0,138,5,7,0,0
blind_follow,low,15.0,10172,success,1,0,0,178,5,7,0,0
blind_follow,low,15.0,10173,success,1,0,0,118,5,7,0,0
blind_follow,low,15.0,10174,trapped_inside,0,0,0,400,4,7,0,1
blind_follow,low,15.0,10175,success,1,0,0,126,5,7,0,0
blind_follow,low,15.0,10176,trapped_inside,0,0,0,400,4,7,0,1
blind_follow,low,15.0,10177,trapped_inside,0,0,0,400,5,7,0,1
blind_follow,low,15.0,10178,success,1,0,0,197,5,7,0,0
blind_follow,low,15.0,10179,success,1,0,0,207,4,7,0,0
blind_follow,low,15.0,10180,success,1,0,0,192,5,7,0,0
blind_follow,low,15.0,10181,success,1,0,0,135,5,7,0,0
blind_follow,low,15.0,10182,trapped_inside,0,0,0,400,5,7,0,1
blind_follow,low,15.0,10183,success,1,0,0,176,5,7,0,0
blind_follow,low,15.0,10184,success,1,0,0,197,5,7,0,0
blind_follow,low,15.0,10185,success,1,0,0,158,5,7,0,0
blind_follow,low,15.0,10186,success,1,0,0,161,5,7,0,0
blind_follow,low,15.0,10187,trapped_inside,0,0,0,400,5,7,0,1
blind_follow,low,15.0,10188,trapped_inside,0,0,0,400,5,7,0,1
blind_follow,low,15.0,10189,trapped_inside,0,0,0,400,4,7,0,1
blind_follow,low,15.0,10190,success,1,0,0,189,5,7,0,0
blind_follow,low,15.0,10191,success,1,0,0,155,5,7,0,0
blind_follow,low,15.0,10192,trapped_inside,0,0,0,400,5,7,0,1
blind_follow,low,15.0,10193,trapped_inside,0,0,0,400,5,7,0,1
blind_follow,low,15.0,10194,success,1,0,0,199,5,7,0,0
blind_follow,low,15.0,10195,trapped_inside,0,0,0,400,5,7,0,1
blind_follow,low,15.0,10196,trapped_inside,0,0,0,400,5,7,0,1
blind_follow,low,15.0,10197,trapped_inside,0,0,0,400,5,7,0,1
blind_follow,low,15.0,10198,success,1,0,0,181,5,7,0,0
blind_follow,low,15.0,10199,trapped_inside,0,0,0,400,5,7,0,1
blind_follow,low,15.0,10200,trapped_inside,0,0,0,400,4,7,0,1
blind_follow,low,15.0,10201,trapped_inside,0,0,0,400,5,7,0,1
blind_follow,low,15.0,10202,trapped_inside,0,0,0,400,5,7,0,1
blind_follow,low,15.0,10203,trapped_inside,0,0,0,400,5,7,0,1
blind_follow,low,15.0,10204,success,1,0,0,143,5,7,0,0
blind_follow,low,15.0,10205,trapped_inside,0,0,0,400,4,7,0,1
blind_follow,low,15.0,10206,success,1,0,0,181,5,7,0,0
blind_follow,low,15.0,10207,success,1,0,0,94,4,7,0,0
blind_follow,low,15.0,10208,success,1,0,0,165,5,7,0,0
blind_follow,low,15.0,10209,success,1,0,0,174,5,7,0,0
blind_follow,low,15.0,10210,trapped_inside,0,0,0,400,5,7,0,1
blind_follow,low,15.0,10211,success,1,0,0,243,5,7,0,0
blind_follow,low,15.0,10212,success,1,0,0,205,5,7,0,0
blind_follow,low,15.0,10213,trapped_inside,0,0,0,400,4,7,0,1
blind_follow,low,15.0,10214,trapped_inside,0,0,0,400,4,7,0,1
blind_follow,low,15.0,10215,trapped_inside,0,0,0,400,5,7,0,1
blind_follow,low,15.0,10216,success,1,0,0,199,5,7,0,0
blind_follow,low,15.0,10217,success,1,0,0,188,5,7,0,0
blind_follow,low,15.0,10218,success,1,0,0,154,5,7,0,0
blind_follow,low,15.0,10219,trapped_inside,0,0,0,400,5,7,0,1
blind_follow,low,15.0,10220,success,1,0,0,180,5,7,0,0
blind_follow,low,15.0,10221,trapped_inside,0,0,0,400,5,7,0,1
blind_follow,low,15.0,10222,success,1,0,0,150,5,7,0,0
blind_follow,low,15.0,10223,success,1,0,0,157,5,7,0,0
blind_follow,low,15.0,10224,success,1,0,0,175,5,7,0,0
blind_follow,low,15.0,10225,success,1,0,0,174,5,7,0,0
blind_follow,low,15.0,10226,trapped_inside,0,0,0,400,5,7,0,1
blind_follow,low,15.0,10227,trapped_inside,0,0,0,400,5,7,0,1
blind_follow,low,15.0,10228,success,1,0,0,175,5,7,0,0
blind_follow,low,15.0,10229,trapped_inside,0,0,0,400,5,7,0,1
blind_follow,low,15.0,10230,success,1,0,0,127,5,7,0,0
blind_follow,low,15.0,10231,success,1,0,0,189,5,7,0,0
blind_follow,low,15.0,10232,success,1,0,0,152,5,7,0,0
blind_follow,low,15.0,10233,success,1,0,0,171,5,7,0,0
blind_follow,low,15.0,10234,trapped_inside,0,0,0,400,5,7,0,1
blind_follow,low,15.0,10235,success,1,0,0,141,5,7,0,0
blind_follow,low,15.0,10236,trapped_inside,0,0,0,400,5,7,0,1
blind_follow,low,15.0,10237,success,1,0,0,173,5,7,0,0
blind_follow,low,15.0,10238,success,1,0,0,204,4,7,0,0
blind_follow,low,15.0,10239,success,1,0,0,119,5,7,0,0
blind_follow,low,15.0,10240,success,1,0,0,189,5,7,0,0
blind_follow,low,15.0,10241,trapped_inside,0,0,0,400,5,7,0,1
blind_follow,low,15.0,10242,trapped_inside,0,0,0,400,5,7,0,1
blind_follow,low,15.0,10243,success,1,0,0,130,5,7,0,0
blind_follow,low,15.0,10244,success,1,0,0,176,5,7,0,0
blind_follow,low,15.0,10245,trapped_inside,0,0,0,400,5,7,0,1
blind_follow,low,15.0,10246,trapped_inside,0,0,0,400,5,7,0,1
blind_follow,low,15.0,10247,success,1,0,0,166,5,7,0,0
blind_follow,low,15.0,10248,success,1,0,0,194,5,7,0,0
blind_follow,low,15.0,10249,success,1,0,0,82,5,7,0,0
blind_follow,low,15.0,10250,trapped_inside,0,0,0,400,5,7,0,1
blind_follow,low,15.0,10251,trapped_inside,0,0,0,400,5,7,0,1
blind_follow,low,15.0,10252,success,1,0,0,169,5,7,0,0
blind_follow,low,15.0,10253,trapped_inside,0,0,0,400,4,7,0,1
blind_follow,low,15.0,10254,success,1,0,0,184,5,7,0,0
blind_follow,low,15.0,10255,trapped_inside,0,0,0,400,5,7,0,1
blind_follow,low,15.0,10256,trapped_inside,0,0,0,400,5,7,0,1
blind_follow,low,15.0,10257,success,1,0,0,204,5,7,0,0
blind_follow,low,15.0,10258,trapped_inside,0,0,0,400,5,7,0,1
blind_follow,low,15.0,10259,timeout,0,0,1,400,4,5,0,0
blind_follow,low,15.0,10260,success,1,0,0,175,5,7,0,0
blind_follow,low,15.0,10261,trapped_inside,0,0,0,400,4,7,0,1
blind_follow,low,15.0,10262,success,1,0,0,158,5,7,0,0
blind_follow,low,15.0,10263,trapped_inside,0,0,0,400,5,7,0,1
blind_follow,low,15.0,10264,success,1,0,0,160,5,7,0,0
blind_follow,low,15.0,10265,trapped_inside,0,0,0,400,5,7,0,1
blind_follow,low,15.0,10266,success,1,0,0,163,5,7,0,0
blind_follow,low,15.0,10267,success,1,0,0,218,5,7,0,0
blind_follow,low,15.0,10268,trapped_inside,0,0,0,400,5,7,0,1
blind_follow,low,15.0,10269,trapped_inside,0,0,0,400,5,7,0,1
blind_follow,low,15.0,10270,success,1,0,0,187,5,7,0,0
blind_follow,low,15.0,10271,success,1,0,0,128,5,7,0,0
blind_follow,low,15.0,10272,trapped_inside,0,0,0,400,4,7,0,1
blind_follow,low,15.0,10273,trapped_inside,0,0,0,400,5,7,0,1
blind_follow,low,15.0,10274,success,1,0,0,174,5,7,0,0
blind_follow,low,15.0,10275,success,1,0,0,187,5,7,0,0
blind_follow,low,15.0,10276,trapped_inside,0,0,0,400,5,7,0,1
blind_follow,low,15.0,10277,success,1,0,0,164,5,7,0,0
blind_follow,low,15.0,10278,trapped_inside,0,0,0,400,5,7,0,1
blind_follow,low,15.0,10279,success,1,0,0,216,5,7,0,0
blind_follow,low,15.0,10280,trapped_inside,0,0,0,400,5,7,0,1
blind_follow,low,15.0,10281,success,1,0,0,130,5,7,0,0
blind_follow,low,15.0,10282,success,1,0,0,187,5,7,0,0
blind_follow,low,15.0,10283,success,1,0,0,193,5,7,0,0
blind_follow,low,15.0,10284,trapped_inside,0,0,0,400,5,7,0,1
blind_follow,low,15.0,10285,success,1,0,0,149,5,7,0,0
blind_follow,low,15.0,10286,trapped_inside,0,0,0,400,5,7,0,1
blind_follow,low,15.0,10287,success,1,0,0,159,5,7,0,0
blind_follow,low,15.0,10288,trapped_inside,0,0,0,400,4,7,0,1
blind_follow,low,15.0,10289,success,1,0,0,179,5,7,0,0
blind_follow,low,15.0,10290,trapped_inside,0,0,0,400,5,7,0,1
blind_follow,low,15.0,10291,trapped_inside,0,0,0,400,5,7,0,1
blind_follow,low,15.0,10292,trapped_inside,0,0,0,400,5,7,0,1
blind_follow,low,15.0,10293,trapped_inside,0,0,0,400,4,7,0,1
blind_follow,low,15.0,10294,trapped_inside,0,0,0,400,5,7,0,1
blind_follow,low,15.0,10295,success,1,0,0,200,5,7,0,0
blind_follow,low,15.0,10296,success,1,0,0,154,5,7,0,0
blind_follow,low,15.0,10297,trapped_inside,0,0,0,400,5,7,0,1
blind_follow,low,15.0,10298,trapped_inside,0,0,0,400,5,7,0,1
blind_follow,low,15.0,10299,trapped_inside,0,0,0,400,5,7,0,1
blind_follow,low,15.0,10300,trapped_inside,0,0,0,400,5,7,0,1
blind_follow,low,15.0,10301,trapped_inside,0,0,0,400,4,7,0,1
blind_follow,low,15.0,10302,trapped_inside,0,0,0,400,5,7,0,1
blind_follow,low,15.0,10303,success,1,0,0,176,5,7,0,0
blind_follow,low,15.0,10304,trapped_inside,0,0,0,400,5,7,0,1
blind_follow,low,15.0,10305,success,1,0,0,181,5,7,0,0
blind_follow,low,15.0,10306,success,1,0,0,166,5,7,0,0
blind_follow,low,15.0,10307,success,1,0,0,179,5,7,0,0
blind_follow,low,15.0,10308,success,1,0,0,152,5,7,0,0
blind_follow,low,15.0,10309,trapped_inside,0,0,0,400,5,7,0,1
blind_follow,low,15.0,10310,trapped_inside,0,0,0,400,5,7,0,1
blind_follow,low,15.0,10311,trapped_inside,0,0,0,400,5,7,0,1
blind_follow,low,15.0,10312,success,1,0,0,193,5,7,0,0
blind_follow,low,15.0,10313,success,1,0,0,139,5,7,0,0
blind_follow,low,15.0,10314,trapped_inside,0,0,0,400,4,7,0,1
blind_follow,low,15.0,10315,trapped_inside,0,0,0,400,5,7,0,1
blind_follow,low,15.0,10316,trapped_inside,0,0,0,400,5,7,0,1
blind_follow,low,15.0,10317,success,1,0,0,132,5,7,0,0
blind_follow,low,15.0,10318,trapped_inside,0,0,0,400,5,7,0,1
blind_follow,low,15.0,10319,trapped_inside,0,0,0,400,5,7,0,1
blind_follow,low,15.0,10320,success,1,0,0,110,5,7,0,0
blind_follow,low,15.0,10321,success,1,0,0,121,5,7,0,0
blind_follow,low,15.0,10322,success,1,0,0,166,5,7,0,0
blind_follow,low,15.0,10323,trapped_inside,0,0,0,400,4,7,0,1
blind_follow,low,15.0,10324,success,1,0,0,175,5,7,0,0
blind_follow,low,15.0,10325,success,1,0,0,166,5,7,0,0
blind_follow,low,15.0,10326,trapped_inside,0,0,0,400,5,7,0,1
blind_follow,low,15.0,10327,success,1,0,0,194,5,7,0,0
blind_follow,low,15.0,10328,success,1,0,0,128,5,7,0,0
blind_follow,low,15.0,10329,success,1,0,0,121,5,7,0,0
blind_follow,low,15.0,10330,success,1,0,0,233,5,7,0,0
blind_follow,low,15.0,10331,success,1,0,0,222,5,7,0,0
blind_follow,low,15.0,10332,trapped_inside,0,0,0,400,5,7,0,1
blind_follow,low,15.0,10333,success,1,0,0,194,5,7,0,0
blind_follow,low,15.0,10334,trapped_inside,0,0,0,400,5,7,0,1
blind_follow,low,15.0,10335,success,1,0,0,178,5,7,0,0
blind_follow,low,15.0,10336,trapped_inside,0,0,0,400,5,7,0,1
blind_follow,low,15.0,10337,trapped_inside,0,0,0,400,5,7,0,1
blind_follow,low,15.0,10338,success,1,0,0,123,5,7,0,0
blind_follow,low,15.0,10339,trapped_inside,0,0,0,400,5,7,0,1
blind_follow,low,15.0,10340,trapped_inside,0,0,0,400,5,7,0,1
blind_follow,low,15.0,10341,success,1,0,0,199,5,7,0,0
blind_follow,low,15.0,10342,success,1,0,0,117,5,7,0,0
blind_follow,low,15.0,10343,success,1,0,0,179,5,7,0,0
blind_follow,low,15.0,10344,trapped_inside,0,0,0,400,5,7,0,1
blind_follow,low,15.0,10345,timeout,0,0,1,400,4,5,0,0
blind_follow,low,15.0,10346,trapped_inside,0,0,0,400,5,7,0,1
blind_follow,low,15.0,10347,trapped_inside,0,0,0,400,5,7,0,1
blind_follow,low,15.0,10348,trapped_inside,0,0,0,400,5,7,0,1
blind_follow,low,15.0,10349,success,1,0,0,162,5,7,0,0
blind_follow,low,15.0,10350,trapped_inside,0,0,0,400,5,7,0,1
blind_follow,low,15.0,10351,success,1,0,0,152,5,7,0,0
blind_follow,low,15.0,10352,success,1,0,0,239,5,7,0,0
blind_follow,low,15.0,10353,success,1,0,0,108,5,7,0,0
blind_follow,low,15.0,10354,trapped_inside,0,0,0,400,5,7,0,1
blind_follow,low,15.0,10355,success,1,0,0,159,5,7,0,0
blind_follow,low,15.0,10356,success,1,0,0,166,5,7,0,0
blind_follow,low,15.0,10357,trapped_inside,0,0,0,400,5,7,0,1
blind_follow,low,15.0,10358,success,1,0,0,196,5,7,0,0
blind_follow,low,15.0,10359,success,1,0,0,177,5,7,0,0
blind_follow,low,15.0,10360,success,1,0,0,198,5,7,0,0
blind_follow,low,15.0,10361,trapped_inside,0,0,0,400,5,7,0,1
blind_follow,low,15.0,10362,success,1,0,0,235,5,7,0,0
blind_follow,low,15.0,10363,trapped_inside,0,0,0,400,4,7,0,1
blind_follow,low,15.0,10364,trapped_inside,0,0,0,400,4,7,0,1
blind_follow,low,15.0,10365,success,1,0,0,180,5,7,0,0
blind_follow,low,15.0,10366,success,1,0,0,153,5,7,0,0
blind_follow,low,15.0,10367,success,1,0,0,183,5,7,0,0
blind_follow,low,15.0,10368,success,1,0,0,188,5,7,0,0
blind_follow,low,15.0,10369,success,1,0,0,226,5,7,0,0
blind_follow,low,15.0,10370,trapped_inside,0,0,0,400,5,7,0,1
blind_follow,low,15.0,10371,trapped_inside,0,0,0,400,5,7,0,1
blind_follow,low,15.0,10372,trapped_inside,0,0,0,400,5,7,0,1
blind_follow,low,15.0,10373,trapped_inside,0,0,0,400,5,7,0,1
blind_follow,low,15.0,10374,success,1,0,0,205,5,7,0,0
blind_follow,low,15.0,10375,success,1,0,0,204,5,7,0,0
blind_follow,low,15.0,10376,trapped_inside,0,0,0,400,5,7,0,1
blind_follow,low,15.0,10377,success,1,0,0,177,5,7,0,0
blind_follow,low,15.0,10378,success,1,0,0,126,5,7,0,0
blind_follow,low,15.0,10379,trapped_inside,0,0,0,400,5,7,0,1
blind_follow,low,15.0,10380,trapped_inside,0,0,0,400,5,7,0,1
blind_follow,low,15.0,10381,trapped_inside,0,0,0,400,4,7,0,1
blind_follow,low,15.0,10382,trapped_inside,0,0,0,400,5,7,0,1
blind_follow,low,15.0,10383,trapped_inside,0,0,0,400,5,7,0,1
blind_follow,low,15.0,10384,success,1,0,0,149,5,7,0,0
blind_follow,low,15.0,10385,trapped_inside,0,0,0,400,5,7,0,1
blind_follow,low,15.0,10386,trapped_inside,0,0,0,400,5,7,0,1
blind_follow,low,15.0,10387,trapped_inside,0,0,0,400,4,7,0,1
blind_follow,low,15.0,10388,trapped_inside,0,0,0,400,5,7,0,1
blind_follow,low,15.0,10389,trapped_inside,0,0,0,400,5,7,0,1
blind_follow,low,15.0,10390,success,1,0,0,145,5,7,0,0
blind_follow,low,15.0,10391,trapped_inside,0,0,0,400,4,7,0,1
blind_follow,low,15.0,10392,success,1,0,0,218,5,7,0,0
blind_follow,low,15.0,10393,trapped_inside,0,0,0,400,5,7,0,1
blind_follow,low,15.0,10394,success,1,0,0,177,5,7,0,0
blind_follow,low,15.0,10395,trapped_inside,0,0,0,400,5,7,0,1
blind_follow,low,15.0,10396,trapped_inside,0,0,0,400,5,7,0,1
blind_follow,low,15.0,10397,success,1,0,0,175,5,7,0,0
blind_follow,low,15.0,10398,success,1,0,0,178,5,7,0,0
blind_follow,low,15.0,10399,success,1,0,0,175,5,7,0,0
blind_follow,low,15.0,10400,success,1,0,0,167,5,7,0,0
blind_follow,low,15.0,10401,success,1,0,0,160,5,7,0,0
blind_follow,low,15.0,10402,success,1,0,0,206,5,7,0,0
blind_follow,low,15.0,10403,trapped_inside,0,0,0,400,5,7,0,1
blind_follow,low,15.0,10404,trapped_inside,0,0,0,400,5,7,0,1
blind_follow,low,15.0,10405,success,1,0,0,153,5,7,0,0
blind_follow,low,15.0,10406,success,1,0,0,181,5,7,0,0
blind_follow,low,15.0,10407,success,1,0,0,179,5,7,0,0
blind_follow,low,15.0,10408,success,1,0,0,218,5,7,0,0
blind_follow,low,15.0,10409,success,1,0,0,178,5,7,0,0
blind_follow,low,15.0,10410,trapped_inside,0,0,0,400,5,7,0,1
blind_follow,low,15.0,10411,trapped_inside,0,0,0,400,5,7,0,1
blind_follow,low,15.0,10412,trapped_inside,0,0,0,400,4,7,0,1
blind_follow,low,15.0,10413,success,1,0,0,136,5,7,0,0
blind_follow,low,15.0,10414,trapped_inside,0,0,0,400,5,7,0,1
blind_follow,low,15.0,10415,trapped_inside,0,0,0,400,5,7,0,1
blind_follow,low,15.0,10416,trapped_inside,0,0,0,400,5,7,0,1
blind_follow,low,15.0,10417,trapped_inside,0,0,0,400,5,7,0,1
blind_follow,low,15.0,10418,success,1,0,0,199,5,7,0,0
blind_follow,low,15.0,10419,success,1,0,0,230,5,7,0,0
blind_follow,low,15.0,10420,success,1,0,0,185,5,7,0,0
blind_follow,low,15.0,10421,success,1,0,0,216,5,7,0,0
blind_follow,low,15.0,10422,trapped_inside,0,0,0,400,5,7,0,1
blind_follow,low,15.0,10423,success,1,0,0,273,5,7,0,0
blind_follow,low,15.0,10424,trapped_inside,0,0,0,400,5,7,0,1
blind_follow,low,15.0,10425,trapped_inside,0,0,0,400,5,7,0,1
blind_follow,low,15.0,10426,success,1,0,0,156,5,7,0,0
blind_follow,low,15.0,10427,success,1,0,0,162,5,7,0,0
blind_follow,low,15.0,10428,success,1,0,0,155,5,7,0,0
blind_follow,low,15.0,10429,trapped_inside,0,0,0,400,4,7,0,1
blind_follow,low,15.0,10430,success,1,0,0,175,5,7,0,0
blind_follow,low,15.0,10431,trapped_inside,0,0,0,400,5,7,0,1
blind_follow,low,15.0,10432,success,1,0,0,179,5,7,0,0
blind_follow,low,15.0,10433,success,1,0,0,169,5,7,0,0
blind_follow,low,15.0,10434,success,1,0,0,152,5,7,0,0
blind_follow,low,15.0,10435,success,1,0,0,163,5,7,0,0
blind_follow,low,15.0,10436,trapped_inside,0,0,0,400,5,7,0,1
blind_follow,low,15.0,10437,trapped_inside,0,0,0,400,5,7,0,1
blind_follow,low,15.0,10438,success,1,0,0,132,5,7,0,0
blind_follow,low,15.0,10439,success,1,0,0,211,5,7,0,0
blind_follow,low,15.0,10440,trapped_inside,0,0,0,400,5,7,0,1
blind_follow,low,15.0,10441,success,1,0,0,188,5,7,0,0
blind_follow,low,15.0,10442,trapped_inside,0,0,0,400,5,7,0,1
blind_follow,low,15.0,10443,trapped_inside,0,0,0,400,5,7,0,1
blind_follow,low,15.0,10444,success,1,0,0,170,5,7,0,0
blind_follow,low,15.0,10445,success,1,0,0,124,5,7,0,0
blind_follow,low,15.0,10446,trapped_inside,0,0,0,400,5,7,0,1
blind_follow,low,15.0,10447,trapped_inside,0,0,0,400,5,7,0,1
blind_follow,low,15.0,10448,trapped_inside,0,0,0,400,5,7,0,1
blind_follow,low,15.0,10449,success,1,0,0,146,5,7,0,0
blind_follow,low,15.0,10450,trapped_inside,0,0,0,400,4,7,0,1
blind_follow,low,15.0,10451,success,1,0,0,167,5,7,0,0
blind_follow,low,15.0,10452,trapped_inside,0,0,0,400,5,7,0,1
blind_follow,low,15.0,10453,trapped_inside,0,0,0,400,5,7,0,1
blind_follow,low,15.0,10454,success,1,0,0,199,5,7,0,0
blind_follow,low,15.0,10455,trapped_inside,0,0,0,400,5,7,0,1
blind_follow,low,15.0,10456,success,1,0,0,202,5,7,0,0
blind_follow,low,15.0,10457,success,1,0,0,220,5,7,0,0
blind_follow,low,15.0,10458,success,1,0,0,232,5,7,0,0
blind_follow,low,15.0,10459,success,1,0,0,185,5,7,0,0
blind_follow,low,15.0,10460,success,1,0,0,210,5,7,0,0
blind_follow,low,15.0,10461,success,1,0,0,149,5,7,0,0
blind_follow,low,15.0,10462,trapped_inside,0,0,0,400,5,7,0,1
blind_follow,low,15.0,10463,success,1,0,0,191,5,7,0,0
blind_follow,low,15.0,10464,trapped_inside,0,0,0,400,5,7,0,1
blind_follow,low,15.0,10465,success,1,0,0,218,5,7,0,0
blind_follow,low,15.0,10466,trapped_inside,0,0,0,400,5,7,0,1
blind_follow,low,15.0,10467,success,1,0,0,132,5,7,0,0
blind_follow,low,15.0,10468,success,1,0,0,154,5,7,0,0
blind_follow,low,15.0,10469,trapped_inside,0,0,0,400,5,7,0,1
blind_follow,low,15.0,10470,trapped_inside,0,0,0,400,5,7,0,1
blind_follow,low,15.0,10471,success,1,0,0,186,5,7,0,0
blind_follow,low,15.0,10472,trapped_inside,0,0,0,400,5,7,0,1
blind_follow,low,15.0,10473,success,1,0,0,173,5,7,0,0
blind_follow,low,15.0,10474,success,1,0,0,150,5,7,0,0
blind_follow,low,15.0,10475,trapped_inside,0,0,0,400,5,7,0,1
blind_follow,low,15.0,10476,success,1,0,0,121,5,7,0,0
blind_follow,low,15.0,10477,success,1,0,0,156,5,7,0,0
blind_follow,low,15.0,10478,trapped_inside,0,0,0,400,5,7,0,1
blind_follow,low,15.0,10479,success,1,0,0,219,5,7,0,0
blind_follow,low,15.0,10480,success,1,0,0,167,5,7,0,0
blind_follow,low,15.0,10481,success,1,0,0,124,5,7,0,0
blind_follow,low,15.0,10482,success,1,0,0,180,5,7,0,0
blind_follow,low,15.0,10483,trapped_inside,0,0,0,400,5,7,0,1
blind_follow,low,15.0,10484,trapped_inside,0,0,0,400,5,7,0,1
blind_follow,low,15.0,10485,success,1,0,0,220,5,7,0,0
blind_follow,low,15.0,10486,success,1,0,0,156,5,7,0,0
blind_follow,low,15.0,10487,success,1,0,0,211,5,7,0,0
blind_follow,low,15.0,10488,success,1,0,0,220,5,7,0,0
blind_follow,low,15.0,10489,success,1,0,0,140,5,7,0,0
blind_follow,low,15.0,10490,trapped_inside,0,0,0,400,5,7,0,1
blind_follow,low,15.0,10491,trapped_inside,0,0,0,400,5,7,0,1
blind_follow,low,15.0,10492,success,1,0,0,192,5,7,0,0
blind_follow,low,15.0,10493,success,1,0,0,145,5,7,0,0
blind_follow,low,15.0,10494,success,1,0,0,195,5,7,0,0
blind_follow,low,15.0,10495,success,1,0,0,157,5,7,0,0
blind_follow,low,15.0,10496,success,1,0,0,137,5,7,0,0
blind_follow,low,15.0,10497,success,1,0,0,146,5,7,0,0
blind_follow,low,15.0,10498,success,1,0,0,108,5,7,0,0
blind_follow,low,15.0,10499,success,1,0,0,169,5,7,0,0
shared_map,low,15.0,10000,success,1,0,0,160,5,7,2238,0
shared_map,low,15.0,10001,success,1,0,0,216,5,7,4320,0
shared_map,low,15.0,10002,success,1,0,0,175,5,7,3500,0
shared_map,low,15.0,10003,success,1,0,0,156,5,7,2542,0
shared_map,low,15.0,10004,success,1,0,0,184,5,7,3680,0
shared_map,low,15.0,10005,success,1,0,0,149,5,7,2980,0
shared_map,low,15.0,10006,trapped_inside,0,0,0,400,5,7,7534,1
shared_map,low,15.0,10007,trapped_inside,0,0,0,400,5,7,8000,1
shared_map,low,15.0,10008,success,1,0,0,202,5,7,4040,0
shared_map,low,15.0,10009,success,1,0,0,193,5,7,3804,0
shared_map,low,15.0,10010,trapped_inside,0,0,0,400,5,7,8000,1
shared_map,low,15.0,10011,trapped_inside,0,0,0,400,5,7,7896,1
shared_map,low,15.0,10012,success,1,0,0,112,5,7,2240,0
shared_map,low,15.0,10013,success,1,0,0,179,5,7,2886,0
shared_map,low,15.0,10014,trapped_inside,0,0,0,400,5,7,7654,1
shared_map,low,15.0,10015,success,1,0,0,211,5,7,3346,0
shared_map,low,15.0,10016,trapped_inside,0,0,0,400,5,7,8000,1
shared_map,low,15.0,10017,success,1,0,0,202,5,7,4040,0
shared_map,low,15.0,10018,success,1,0,0,191,5,7,3338,0
shared_map,low,15.0,10019,success,1,0,0,195,5,7,3900,0
shared_map,low,15.0,10020,trapped_inside,0,0,0,400,5,7,7748,1
shared_map,low,15.0,10021,success,1,0,0,171,5,7,2886,0
shared_map,low,15.0,10022,success,1,0,0,139,5,7,2418,0
shared_map,low,15.0,10023,trapped_inside,0,0,0,400,5,7,8000,1
shared_map,low,15.0,10024,success,1,0,0,227,5,7,4486,0
shared_map,low,15.0,10025,success,1,0,0,139,5,7,2448,0
shared_map,low,15.0,10026,trapped_inside,0,0,0,400,5,7,7628,1
shared_map,low,15.0,10027,success,1,0,0,190,4,7,3216,0
shared_map,low,15.0,10028,success,1,0,0,134,5,7,2680,0
shared_map,low,15.0,10029,success,1,0,0,155,5,7,2754,0
shared_map,low,15.0,10030,success,1,0,0,176,5,7,3520,0
shared_map,low,15.0,10031,success,1,0,0,214,5,7,3452,0
shared_map,low,15.0,10032,success,1,0,0,152,5,7,2466,0
shared_map,low,15.0,10033,trapped_inside,0,0,0,400,5,7,8000,1
shared_map,low,15.0,10034,trapped_inside,0,0,0,400,5,7,8000,1
shared_map,low,15.0,10035,trapped_inside,0,0,0,400,5,7,8000,1
shared_map,low,15.0,10036,success,1,0,0,166,5,7,2928,0
shared_map,low,15.0,10037,success,1,0,0,141,5,7,2804,0
shared_map,low,15.0,10038,success,1,0,0,190,5,7,3800,0
shared_map,low,15.0,10039,trapped_inside,0,0,0,400,5,7,8000,1
shared_map,low,15.0,10040,trapped_inside,0,0,0,400,5,7,7348,1
shared_map,low,15.0,10041,success,1,0,0,138,5,7,2760,0
shared_map,low,15.0,10042,success,1,0,0,219,5,7,4380,0
shared_map,low,15.0,10043,success,1,0,0,202,5,7,3436,0
shared_map,low,15.0,10044,success,1,0,0,165,5,7,3300,0
shared_map,low,15.0,10045,success,1,0,0,192,5,7,3840,0
shared_map,low,15.0,10046,success,1,0,0,202,5,7,3282,0
shared_map,low,15.0,10047,trapped_inside,0,0,0,400,5,7,8000,1
shared_map,low,15.0,10048,success,1,0,0,156,5,7,3120,0
shared_map,low,15.0,10049,success,1,0,0,167,5,7,3340,0
shared_map,low,15.0,10050,success,1,0,0,132,5,7,2518,0
shared_map,low,15.0,10051,success,1,0,0,120,5,7,2400,0
shared_map,low,15.0,10052,success,1,0,0,151,5,7,3020,0
shared_map,low,15.0,10053,success,1,0,0,188,5,7,3760,0
shared_map,low,15.0,10054,success,1,0,0,178,5,7,3560,0
shared_map,low,15.0,10055,trapped_inside,0,0,0,400,5,7,7962,1
shared_map,low,15.0,10056,trapped_inside,0,0,0,400,5,7,7612,1
shared_map,low,15.0,10057,success,1,0,0,132,5,7,2640,0
shared_map,low,15.0,10058,trapped_inside,0,0,0,400,5,7,8000,1
shared_map,low,15.0,10059,success,1,0,0,152,5,7,3040,0
shared_map,low,15.0,10060,success,1,0,0,166,5,7,3320,0
shared_map,low,15.0,10061,trapped_inside,0,0,0,400,5,7,7304,1
shared_map,low,15.0,10062,success,1,0,0,187,5,7,3740,0
shared_map,low,15.0,10063,success,1,0,0,225,5,7,3672,0
shared_map,low,15.0,10064,success,1,0,0,194,5,7,3190,0
shared_map,low,15.0,10065,success,1,0,0,202,4,7,2798,0
shared_map,low,15.0,10066,trapped_inside,0,0,0,400,5,7,8000,1
shared_map,low,15.0,10067,trapped_inside,0,0,0,400,5,7,8000,1
shared_map,low,15.0,10068,trapped_inside,0,0,0,400,5,7,8000,1
shared_map,low,15.0,10069,success,1,0,0,143,5,7,2676,0
shared_map,low,15.0,10070,success,1,0,0,206,4,7,3080,0
shared_map,low,15.0,10071,trapped_inside,0,0,0,400,5,7,8000,1
shared_map,low,15.0,10072,success,1,0,0,258,5,7,5160,0
shared_map,low,15.0,10073,success,1,0,0,170,5,7,3400,0
shared_map,low,15.0,10074,trapped_inside,0,0,0,400,5,7,8000,1
shared_map,low,15.0,10075,success,1,0,0,180,5,7,3030,0
shared_map,low,15.0,10076,trapped_inside,0,0,0,400,5,7,7438,1
shared_map,low,15.0,10077,success,1,0,0,139,5,7,2308,0
shared_map,low,15.0,10078,trapped_inside,0,0,0,400,5,7,8000,1
shared_map,low,15.0,10079,trapped_inside,0,0,0,400,5,7,7374,1
shared_map,low,15.0,10080,success,1,0,0,182,5,7,3640,0
shared_map,low,15.0,10081,success,1,0,0,164,5,7,3280,0
shared_map,low,15.0,10082,success,1,0,0,144,5,7,2880,0
shared_map,low,15.0,10083,success,1,0,0,124,5,7,2298,0
shared_map,low,15.0,10084,success,1,0,0,112,5,7,2016,0
shared_map,low,15.0,10085,success,1,0,0,168,5,7,3132,0
shared_map,low,15.0,10086,success,1,0,0,127,5,7,2126,0
shared_map,low,15.0,10087,success,1,0,0,204,5,7,4080,0
shared_map,low,15.0,10088,success,1,0,0,196,5,7,3920,0
shared_map,low,15.0,10089,success,1,0,0,260,5,7,5102,0
shared_map,low,15.0,10090,success,1,0,0,196,5,7,3920,0
shared_map,low,15.0,10091,success,1,0,0,107,5,7,2140,0
shared_map,low,15.0,10092,success,1,0,0,132,5,7,2640,0
shared_map,low,15.0,10093,trapped_inside,0,0,0,400,5,7,8000,1
shared_map,low,15.0,10094,success,1,0,0,193,5,7,3592,0
shared_map,low,15.0,10095,trapped_inside,0,0,0,400,5,7,7710,1
shared_map,low,15.0,10096,success,1,0,0,110,5,7,2050,0
shared_map,low,15.0,10097,success,1,0,0,150,5,7,3000,0
shared_map,low,15.0,10098,success,1,0,0,148,5,7,2960,0
shared_map,low,15.0,10099,success,1,0,0,179,5,7,3032,0
shared_map,low,15.0,10100,success,1,0,0,177,5,7,3462,0
shared_map,low,15.0,10101,success,1,0,0,202,5,7,3188,0
shared_map,low,15.0,10102,success,1,0,0,191,5,7,3820,0
shared_map,low,15.0,10103,success,1,0,0,188,5,7,3760,0
shared_map,low,15.0,10104,success,1,0,0,111,5,7,2220,0
shared_map,low,15.0,10105,trapped_inside,0,0,0,400,5,7,8000,1
shared_map,low,15.0,10106,trapped_inside,0,0,0,400,5,7,7578,1
shared_map,low,15.0,10107,success,1,0,0,157,5,7,2668,0
shared_map,low,15.0,10108,success,1,0,0,201,5,7,4020,0
shared_map,low,15.0,10109,success,1,0,0,243,5,7,4086,0
shared_map,low,15.0,10110,success,1,0,0,212,5,7,2794,0
shared_map,low,15.0,10111,trapped_inside,0,0,0,400,5,7,7926,1
shared_map,low,15.0,10112,trapped_inside,0,0,0,400,5,7,8000,1
shared_map,low,15.0,10113,success,1,0,0,166,5,7,3058,0
shared_map,low,15.0,10114,trapped_inside,0,0,0,400,5,7,8000,1
shared_map,low,15.0,10115,success,1,0,0,201,5,7,4020,0
shared_map,low,15.0,10116,success,1,0,0,197,5,7,3940,0
shared_map,low,15.0,10117,trapped_inside,0,0,0,400,5,7,8000,1
shared_map,low,15.0,10118,success,1,0,0,181,5,7,3620,0
shared_map,low,15.0,10119,trapped_inside,0,0,0,400,5,7,7362,1
shared_map,low,15.0,10120,success,1,0,0,120,5,7,1934,0
shared_map,low,15.0,10121,success,1,0,0,228,5,7,3302,0
shared_map,low,15.0,10122,success,1,0,0,138,5,7,2282,0
shared_map,low,15.0,10123,success,1,0,0,90,5,7,1800,0
shared_map,low,15.0,10124,success,1,0,0,179,5,7,3580,0
shared_map,low,15.0,10125,success,1,0,0,105,5,7,2100,0
shared_map,low,15.0,10126,success,1,0,0,157,5,7,3140,0
shared_map,low,15.0,10127,success,1,0,0,169,5,7,3380,0
shared_map,low,15.0,10128,success,1,0,0,151,5,7,3020,0
shared_map,low,15.0,10129,success,1,0,0,143,5,7,2860,0
shared_map,low,15.0,10130,trapped_inside,0,0,0,400,5,7,8000,1
shared_map,low,15.0,10131,trapped_inside,0,0,0,400,5,7,7858,1
shared_map,low,15.0,10132,trapped_inside,0,0,0,400,5,7,7840,1
shared_map,low,15.0,10133,success,1,0,0,171,5,7,3420,0
shared_map,low,15.0,10134,success,1,0,0,196,5,7,3902,0
shared_map,low,15.0,10135,success,1,0,0,167,5,7,2884,0
shared_map,low,15.0,10136,success,1,0,0,190,5,7,2926,0
shared_map,low,15.0,10137,success,1,0,0,208,5,7,4078,0
shared_map,low,15.0,10138,success,1,0,0,141,5,7,2820,0
shared_map,low,15.0,10139,trapped_inside,0,0,0,400,5,7,8000,1
shared_map,low,15.0,10140,success,1,0,0,157,5,7,3140,0
shared_map,low,15.0,10141,trapped_inside,0,0,0,400,5,7,8000,1
shared_map,low,15.0,10142,success,1,0,0,112,5,7,2240,0
shared_map,low,15.0,10143,success,1,0,0,152,5,7,3040,0
shared_map,low,15.0,10144,success,1,0,0,170,5,7,3400,0
shared_map,low,15.0,10145,success,1,0,0,193,5,7,3722,0
shared_map,low,15.0,10146,success,1,0,0,194,5,7,3454,0
shared_map,low,15.0,10147,success,1,0,0,151,5,7,3020,0
shared_map,low,15.0,10148,success,1,0,0,162,5,7,2782,0
shared_map,low,15.0,10149,trapped_inside,0,0,0,400,5,7,7564,1
shared_map,low,15.0,10150,success,1,0,0,107,5,7,2140,0
shared_map,low,15.0,10151,success,1,0,0,177,5,7,3232,0
shared_map,low,15.0,10152,trapped_inside,0,0,0,400,5,7,8000,1
shared_map,low,15.0,10153,success,1,0,0,150,5,7,3000,0
shared_map,low,15.0,10154,success,1,0,0,114,5,7,2280,0
shared_map,low,15.0,10155,trapped_inside,0,0,0,400,5,7,7052,1
shared_map,low,15.0,10156,trapped_inside,0,0,0,400,5,7,7928,1
shared_map,low,15.0,10157,trapped_inside,0,0,0,400,5,7,8000,1
shared_map,low,15.0,10158,success,1,0,0,173,5,7,3460,0
shared_map,low,15.0,10159,success,1,0,0,147,5,7,2940,0
shared_map,low,15.0,10160,trapped_inside,0,0,0,400,5,7,8000,1
shared_map,low,15.0,10161,success,1,0,0,115,5,7,2096,0
shared_map,low,15.0,10162,trapped_inside,0,0,0,400,5,7,7070,1
shared_map,low,15.0,10163,trapped_inside,0,0,0,400,5,7,4800,1
shared_map,low,15.0,10164,success,1,0,0,200,5,7,3428,0
shared_map,low,15.0,10165,trapped_inside,0,0,0,400,5,7,8000,1
shared_map,low,15.0,10166,success,1,0,0,180,5,7,3600,0
shared_map,low,15.0,10167,success,1,0,0,168,5,7,3068,0
shared_map,low,15.0,10168,success,1,0,0,111,5,7,2220,0
shared_map,low,15.0,10169,trapped_inside,0,0,0,400,5,7,8000,1
shared_map,low,15.0,10170,success,1,0,0,135,5,7,2700,0
shared_map,low,15.0,10171,success,1,0,0,138,5,7,2266,0
shared_map,low,15.0,10172,success,1,0,0,178,5,7,3560,0
shared_map,low,15.0,10173,success,1,0,0,118,5,7,2236,0
shared_map,low,15.0,10174,trapped_inside,0,0,0,400,5,7,8000,1
shared_map,low,15.0,10175,success,1,0,0,126,5,7,2520,0
shared_map,low,15.0,10176,success,1,0,0,207,5,7,4140,0
shared_map,low,15.0,10177,trapped_inside,0,0,0,400,5,7,8000,1
shared_map,low,15.0,10178,success,1,0,0,197,5,7,3008,0
shared_map,low,15.0,10179,success,1,0,0,225,5,7,3694,0
shared_map,low,15.0,10180,success,1,0,0,192,5,7,3840,0
shared_map,low,15.0,10181,success,1,0,0,135,5,7,2700,0
shared_map,low,15.0,10182,trapped_inside,0,0,0,400,5,7,6958,1
shared_map,low,15.0,10183,success,1,0,0,176,5,7,3520,0
shared_map,low,15.0,10184,success,1,0,0,197,5,7,3940,0
shared_map,low,15.0,10185,success,1,0,0,158,5,7,3160,0
shared_map,low,15.0,10186,success,1,0,0,161,5,7,3220,0
shared_map,low,15.0,10187,trapped_inside,0,0,0,400,5,7,8000,1
shared_map,low,15.0,10188,trapped_inside,0,0,0,400,5,7,7506,1
shared_map,low,15.0,10189,success,1,0,0,296,5,7,5710,0
shared_map,low,15.0,10190,success,1,0,0,189,5,7,3026,0
shared_map,low,15.0,10191,success,1,0,0,155,5,7,2826,0
shared_map,low,15.0,10192,trapped_inside,0,0,0,400,5,7,8000,1
shared_map,low,15.0,10193,trapped_inside,0,0,0,400,5,7,8000,1
shared_map,low,15.0,10194,success,1,0,0,199,5,7,3256,0
shared_map,low,15.0,10195,trapped_inside,0,0,0,400,5,7,7944,1
shared_map,low,15.0,10196,trapped_inside,0,0,0,400,5,7,8000,1
shared_map,low,15.0,10197,trapped_inside,0,0,0,400,5,7,8000,1
shared_map,low,15.0,10198,success,1,0,0,181,5,7,3620,0
shared_map,low,15.0,10199,trapped_inside,0,0,0,400,5,7,7966,1
shared_map,low,15.0,10200,success,1,0,0,134,5,7,2680,0
shared_map,low,15.0,10201,trapped_inside,0,0,0,400,5,7,7558,1
shared_map,low,15.0,10202,trapped_inside,0,0,0,400,5,7,7644,1
shared_map,low,15.0,10203,trapped_inside,0,0,0,400,5,7,8000,1
shared_map,low,15.0,10204,trapped_inside,0,0,0,400,5,7,7632,1
shared_map,low,15.0,10205,success,1,0,0,194,5,7,3880,0
shared_map,low,15.0,10206,success,1,0,0,181,5,7,3020,0
shared_map,low,15.0,10207,success,1,0,0,94,4,7,1168,0
shared_map,low,15.0,10208,success,1,0,0,165,5,7,3300,0
shared_map,low,15.0,10209,success,1,0,0,174,5,7,2864,0
shared_map,low,15.0,10210,trapped_inside,0,0,0,400,5,7,8000,1
shared_map,low,15.0,10211,success,1,0,0,243,5,7,4860,0
shared_map,low,15.0,10212,success,1,0,0,205,5,7,3268,0
shared_map,low,15.0,10213,trapped_inside,0,0,0,400,5,7,8000,1
shared_map,low,15.0,10214,success,1,0,0,203,5,7,4060,0
shared_map,low,15.0,10215,trapped_inside,0,0,0,400,5,7,8000,1
shared_map,low,15.0,10216,success,1,0,0,199,5,7,3980,0
shared_map,low,15.0,10217,success,1,0,0,188,5,7,3712,0
shared_map,low,15.0,10218,success,1,0,0,154,5,7,2568,0
shared_map,low,15.0,10219,trapped_inside,0,0,0,400,5,7,7768,1
shared_map,low,15.0,10220,success,1,0,0,197,5,7,3940,0
shared_map,low,15.0,10221,trapped_inside,0,0,0,400,5,7,8000,1
shared_map,low,15.0,10222,success,1,0,0,151,4,7,2740,0
shared_map,low,15.0,10223,success,1,0,0,157,5,7,3114,0
shared_map,low,15.0,10224,success,1,0,0,175,5,7,2836,0
shared_map,low,15.0,10225,success,1,0,0,174,5,7,2930,0
shared_map,low,15.0,10226,trapped_inside,0,0,0,400,5,7,7452,1
shared_map,low,15.0,10227,trapped_inside,0,0,0,400,5,7,7868,1
shared_map,low,15.0,10228,success,1,0,0,175,5,7,3500,0
shared_map,low,15.0,10229,trapped_inside,0,0,0,400,5,7,7750,1
shared_map,low,15.0,10230,success,1,0,0,127,5,7,2506,0
shared_map,low,15.0,10231,success,1,0,0,189,5,7,2610,0
shared_map,low,15.0,10232,success,1,0,0,145,5,7,2878,0
shared_map,low,15.0,10233,success,1,0,0,171,5,7,2582,0
shared_map,low,15.0,10234,trapped_inside,0,0,0,400,5,7,7668,1
shared_map,low,15.0,10235,success,1,0,0,141,5,7,2820,0
shared_map,low,15.0,10236,trapped_inside,0,0,0,400,5,7,8000,1
shared_map,low,15.0,10237,success,1,0,0,173,5,7,3372,0
shared_map,low,15.0,10238,success,1,0,0,204,5,7,3334,0
shared_map,low,15.0,10239,success,1,0,0,119,5,7,1926,0
shared_map,low,15.0,10240,success,1,0,0,189,5,7,3392,0
shared_map,low,15.0,10241,trapped_inside,0,0,0,400,5,7,7666,1
shared_map,low,15.0,10242,trapped_inside,0,0,0,400,5,7,8000,1
shared_map,low,15.0,10243,success,1,0,0,130,5,7,2600,0
shared_map,low,15.0,10244,success,1,0,0,176,5,7,3424,0
shared_map,low,15.0,10245,trapped_inside,0,0,0,400,5,7,8000,1
shared_map,low,15.0,10246,trapped_inside,0,0,0,400,5,7,8000,1
shared_map,low,15.0,10247,success,1,0,0,197,5,7,3282,0
shared_map,low,15.0,10248,success,1,0,0,194,5,7,3356,0
shared_map,low,15.0,10249,success,1,0,0,82,5,7,1640,0
shared_map,low,15.0,10250,trapped_inside,0,0,0,400,5,7,8000,1
shared_map,low,15.0,10251,trapped_inside,0,0,0,400,5,7,7684,1
shared_map,low,15.0,10252,success,1,0,0,169,5,7,3380,0
shared_map,low,15.0,10253,success,1,0,0,202,5,7,3250,0
shared_map,low,15.0,10254,success,1,0,0,192,5,7,2974,0
shared_map,low,15.0,10255,trapped_inside,0,0,0,400,5,7,8000,1
shared_map,low,15.0,10256,trapped_inside,0,0,0,400,5,7,7784,1
shared_map,low,15.0,10257,success,1,0,0,204,5,7,2954,0
shared_map,low,15.0,10258,trapped_inside,0,0,0,400,5,7,8000,1
shared_map,low,15.0,10259,trapped_inside,0,0,0,400,5,7,8000,1
shared_map,low,15.0,10260,success,1,0,0,175,5,7,3500,0
shared_map,low,15.0,10261,success,1,0,0,223,4,7,4444,0
shared_map,low,15.0,10262,success,1,0,0,158,5,7,3002,0
shared_map,low,15.0,10263,trapped_inside,0,0,0,400,5,7,8000,1
shared_map,low,15.0,10264,success,1,0,0,160,5,7,2832,0
shared_map,low,15.0,10265,trapped_inside,0,0,0,400,5,7,7486,1
shared_map,low,15.0,10266,success,1,0,0,163,5,7,2572,0
shared_map,low,15.0,10267,success,1,0,0,218,5,7,4360,0
shared_map,low,15.0,10268,trapped_inside,0,0,0,400,5,7,8000,1
shared_map,low,15.0,10269,trapped_inside,0,0,0,400,5,7,7348,1
shared_map,low,15.0,10270,success,1,0,0,187,5,7,3740,0
shared_map,low,15.0,10271,success,1,0,0,128,5,7,2560,0
shared_map,low,15.0,10272,success,1,0,0,189,5,7,3780,0
shared_map,low,15.0,10273,trapped_inside,0,0,0,400,5,7,8000,1
shared_map,low,15.0,10274,success,1,0,0,174,5,7,3480,0
shared_map,low,15.0,10275,success,1,0,0,187,5,7,3740,0
shared_map,low,15.0,10276,trapped_inside,0,0,0,400,5,7,8000,1
shared_map,low,15.0,10277,success,1,0,0,164,5,7,3280,0
shared_map,low,15.0,10278,trapped_inside,0,0,0,400,5,7,7254,1
shared_map,low,15.0,10279,success,1,0,0,216,5,7,3998,0
shared_map,low,15.0,10280,trapped_inside,0,0,0,400,5,7,7680,1
shared_map,low,15.0,10281,success,1,0,0,130,5,7,1756,0
shared_map,low,15.0,10282,success,1,0,0,187,5,7,3066,0
shared_map,low,15.0,10283,success,1,0,0,193,5,7,3860,0
shared_map,low,15.0,10284,trapped_inside,0,0,0,400,5,7,7378,1
shared_map,low,15.0,10285,success,1,0,0,149,5,7,2980,0
shared_map,low,15.0,10286,trapped_inside,0,0,0,400,5,7,8000,1
shared_map,low,15.0,10287,success,1,0,0,159,5,7,3180,0
shared_map,low,15.0,10288,success,1,0,0,185,5,7,3700,0
shared_map,low,15.0,10289,success,1,0,0,179,5,7,3580,0
shared_map,low,15.0,10290,trapped_inside,0,0,0,400,5,7,8000,1
shared_map,low,15.0,10291,trapped_inside,0,0,0,400,5,7,8000,1
shared_map,low,15.0,10292,trapped_inside,0,0,0,400,4,7,5072,1
shared_map,low,15.0,10293,trapped_inside,0,0,0,400,5,7,8000,1
shared_map,low,15.0,10294,trapped_inside,0,0,0,400,5,7,7704,1
shared_map,low,15.0,10295,success,1,0,0,200,5,7,3992,0
shared_map,low,15.0,10296,success,1,0,0,154,5,7,3080,0
shared_map,low,15.0,10297,trapped_inside,0,0,0,400,5,7,7944,1
shared_map,low,15.0,10298,trapped_inside,0,0,0,400,5,7,8000,1
shared_map,low,15.0,10299,trapped_inside,0,0,0,400,5,7,8000,1
shared_map,low,15.0,10300,trapped_inside,0,0,0,400,5,7,8000,1
shared_map,low,15.0,10301,success,1,0,0,169,5,7,3380,0
shared_map,low,15.0,10302,trapped_inside,0,0,0,400,5,7,8000,1
shared_map,low,15.0,10303,success,1,0,0,176,5,7,3172,0
shared_map,low,15.0,10304,trapped_inside,0,0,0,400,5,7,7590,1
shared_map,low,15.0,10305,success,1,0,0,181,5,7,3620,0
shared_map,low,15.0,10306,success,1,0,0,216,5,7,4320,0
shared_map,low,15.0,10307,success,1,0,0,179,5,7,3580,0
shared_map,low,15.0,10308,success,1,0,0,152,5,7,2444,0
shared_map,low,15.0,10309,trapped_inside,0,0,0,400,5,7,8000,1
shared_map,low,15.0,10310,trapped_inside,0,0,0,400,5,7,8000,1
shared_map,low,15.0,10311,trapped_inside,0,0,0,400,5,7,8000,1
shared_map,low,15.0,10312,success,1,0,0,193,5,7,3860,0
shared_map,low,15.0,10313,success,1,0,0,139,5,7,2780,0
shared_map,low,15.0,10314,success,1,0,0,182,5,7,3640,0
shared_map,low,15.0,10315,trapped_inside,0,0,0,400,5,7,8000,1
shared_map,low,15.0,10316,trapped_inside,0,0,0,400,5,7,8000,1
shared_map,low,15.0,10317,success,1,0,0,130,5,7,2600,0
shared_map,low,15.0,10318,trapped_inside,0,0,0,400,5,7,7644,1
shared_map,low,15.0,10319,trapped_inside,0,0,0,400,5,7,7412,1
shared_map,low,15.0,10320,success,1,0,0,110,5,7,2200,0
shared_map,low,15.0,10321,success,1,0,0,121,5,7,2420,0
shared_map,low,15.0,10322,success,1,0,0,166,5,7,3242,0
shared_map,low,15.0,10323,success,1,0,0,298,5,7,5960,0
shared_map,low,15.0,10324,success,1,0,0,175,5,7,3500,0
shared_map,low,15.0,10325,success,1,0,0,166,5,7,3320,0
shared_map,low,15.0,10326,trapped_inside,0,0,0,400,5,7,7944,1
shared_map,low,15.0,10327,success,1,0,0,194,5,7,3880,0
shared_map,low,15.0,10328,success,1,0,0,128,5,7,1960,0
shared_map,low,15.0,10329,success,1,0,0,121,5,7,2420,0
shared_map,low,15.0,10330,success,1,0,0,233,5,7,4600,0
shared_map,low,15.0,10331,success,1,0,0,222,5,7,4436,0
shared_map,low,15.0,10332,trapped_inside,0,0,0,400,5,7,7296,1
shared_map,low,15.0,10333,success,1,0,0,194,5,7,2988,0
shared_map,low,15.0,10334,trapped_inside,0,0,0,400,5,7,7586,1
shared_map,low,15.0,10335,success,1,0,0,178,5,7,3560,0
shared_map,low,15.0,10336,trapped_inside,0,0,0,400,5,7,7466,1
shared_map,low,15.0,10337,trapped_inside,0,0,0,400,5,7,7746,1
shared_map,low,15.0,10338,success,1,0,0,123,5,7,1916,0
shared_map,low,15.0,10339,trapped_inside,0,0,0,400,5,7,8000,1
shared_map,low,15.0,10340,trapped_inside,0,0,0,400,5,7,8000,1
shared_map,low,15.0,10341,success,1,0,0,200,4,7,3864,0
shared_map,low,15.0,10342,success,1,0,0,117,5,7,2340,0
shared_map,low,15.0,10343,success,1,0,0,179,5,7,2916,0
shared_map,low,15.0,10344,trapped_inside,0,0,0,400,5,7,8000,1
shared_map,low,15.0,10345,success,1,0,0,245,4,7,3844,0
shared_map,low,15.0,10346,trapped_inside,0,0,0,400,5,7,8000,1
shared_map,low,15.0,10347,trapped_inside,0,0,0,400,5,7,8000,1
shared_map,low,15.0,10348,trapped_inside,0,0,0,400,5,7,8000,1
shared_map,low,15.0,10349,success,1,0,0,162,5,7,3240,0
shared_map,low,15.0,10350,trapped_inside,0,0,0,400,5,7,8000,1
shared_map,low,15.0,10351,success,1,0,0,152,5,7,2796,0
shared_map,low,15.0,10352,success,1,0,0,232,5,7,4640,0
shared_map,low,15.0,10353,success,1,0,0,108,5,7,2160,0
shared_map,low,15.0,10354,trapped_inside,0,0,0,400,5,7,8000,1
shared_map,low,15.0,10355,success,1,0,0,159,5,7,3180,0
shared_map,low,15.0,10356,success,1,0,0,166,5,7,3320,0
shared_map,low,15.0,10357,trapped_inside,0,0,0,400,5,7,4800,1
shared_map,low,15.0,10358,success,1,0,0,203,5,7,3266,0
shared_map,low,15.0,10359,success,1,0,0,177,5,7,3518,0
shared_map,low,15.0,10360,success,1,0,0,198,5,7,3960,0
shared_map,low,15.0,10361,success,1,0,0,191,5,7,3394,0
shared_map,low,15.0,10362,success,1,0,0,235,5,7,4700,0
shared_map,low,15.0,10363,success,1,0,0,228,5,7,3372,0
shared_map,low,15.0,10364,success,1,0,0,230,4,7,4520,0
shared_map,low,15.0,10365,success,1,0,0,180,5,7,3600,0
shared_map,low,15.0,10366,success,1,0,0,153,5,7,3060,0
shared_map,low,15.0,10367,success,1,0,0,183,5,7,3060,0
shared_map,low,15.0,10368,success,1,0,0,188,5,7,3760,0
shared_map,low,15.0,10369,success,1,0,0,152,5,7,2338,0
shared_map,low,15.0,10370,trapped_inside,0,0,0,400,5,7,8000,1
shared_map,low,15.0,10371,trapped_inside,0,0,0,400,5,7,8000,1
shared_map,low,15.0,10372,success,1,0,0,166,5,7,2966,0
shared_map,low,15.0,10373,trapped_inside,0,0,0,400,5,7,7456,1
shared_map,low,15.0,10374,success,1,0,0,205,5,7,3302,0
shared_map,low,15.0,10375,success,1,0,0,204,5,7,2946,0
shared_map,low,15.0,10376,trapped_inside,0,0,0,400,5,7,8000,1
shared_map,low,15.0,10377,success,1,0,0,177,5,7,3540,0
shared_map,low,15.0,10378,success,1,0,0,157,5,7,2776,0
shared_map,low,15.0,10379,trapped_inside,0,0,0,400,5,7,7718,1
shared_map,low,15.0,10380,trapped_inside,0,0,0,400,5,7,7726,1
shared_map,low,15.0,10381,trapped_inside,0,0,0,400,5,7,8000,1
shared_map,low,15.0,10382,trapped_inside,0,0,0,400,5,7,7236,1
shared_map,low,15.0,10383,trapped_inside,0,0,0,400,5,7,8000,1
shared_map,low,15.0,10384,success,1,0,0,149,5,7,2546,0
shared_map,low,15.0,10385,trapped_inside,0,0,0,400,5,7,8000,1
shared_map,low,15.0,10386,trapped_inside,0,0,0,400,5,7,4800,1
shared_map,low,15.0,10387,success,1,0,0,187,5,7,3740,0
shared_map,low,15.0,10388,trapped_inside,0,0,0,400,5,7,7592,1
shared_map,low,15.0,10389,trapped_inside,0,0,0,400,5,7,8000,1
shared_map,low,15.0,10390,success,1,0,0,145,5,7,2460,0
shared_map,low,15.0,10391,trapped_inside,0,0,0,400,5,7,8000,1
shared_map,low,15.0,10392,success,1,0,0,211,5,7,4220,0
shared_map,low,15.0,10393,trapped_inside,0,0,0,400,5,7,7908,1
shared_map,low,15.0,10394,success,1,0,0,174,5,7,3480,0
shared_map,low,15.0,10395,trapped_inside,0,0,0,400,5,7,8000,1
shared_map,low,15.0,10396,trapped_inside,0,0,0,400,5,7,7488,1
shared_map,low,15.0,10397,success,1,0,0,175,5,7,3500,0
shared_map,low,15.0,10398,success,1,0,0,178,5,7,3560,0
shared_map,low,15.0,10399,success,1,0,0,175,5,7,3500,0
shared_map,low,15.0,10400,success,1,0,0,175,5,7,3500,0
shared_map,low,15.0,10401,success,1,0,0,160,5,7,3200,0
shared_map,low,15.0,10402,success,1,0,0,206,5,7,4120,0
shared_map,low,15.0,10403,trapped_inside,0,0,0,400,5,7,8000,1
shared_map,low,15.0,10404,trapped_inside,0,0,0,400,5,7,8000,1
shared_map,low,15.0,10405,success,1,0,0,153,5,7,3060,0
shared_map,low,15.0,10406,success,1,0,0,181,5,7,3540,0
shared_map,low,15.0,10407,success,1,0,0,179,5,7,3580,0
shared_map,low,15.0,10408,success,1,0,0,240,4,7,3268,0
shared_map,low,15.0,10409,success,1,0,0,178,5,7,3560,0
shared_map,low,15.0,10410,trapped_inside,0,0,0,400,5,7,8000,1
shared_map,low,15.0,10411,trapped_inside,0,0,0,400,5,7,8000,1
shared_map,low,15.0,10412,success,1,0,0,173,5,7,3460,0
shared_map,low,15.0,10413,success,1,0,0,136,5,7,2720,0
shared_map,low,15.0,10414,success,1,0,0,177,5,7,3154,0
shared_map,low,15.0,10415,trapped_inside,0,0,0,400,5,7,8000,1
shared_map,low,15.0,10416,trapped_inside,0,0,0,400,5,7,7160,1
shared_map,low,15.0,10417,trapped_inside,0,0,0,400,5,7,7830,1
shared_map,low,15.0,10418,success,1,0,0,199,5,7,3980,0
shared_map,low,15.0,10419,success,1,0,0,230,5,7,4158,0
shared_map,low,15.0,10420,success,1,0,0,185,5,7,3098,0
shared_map,low,15.0,10421,success,1,0,0,216,5,7,4024,0
shared_map,low,15.0,10422,trapped_inside,0,0,0,400,5,7,7438,1
shared_map,low,15.0,10423,success,1,0,0,273,5,7,4404,0
shared_map,low,15.0,10424,trapped_inside,0,0,0,400,5,7,8000,1
shared_map,low,15.0,10425,trapped_inside,0,0,0,400,5,7,8000,1
shared_map,low,15.0,10426,success,1,0,0,156,5,7,2464,0
shared_map,low,15.0,10427,success,1,0,0,162,5,7,3008,0
shared_map,low,15.0,10428,success,1,0,0,155,5,7,3070,0
shared_map,low,15.0,10429,success,1,0,0,245,5,7,4900,0
shared_map,low,15.0,10430,success,1,0,0,175,5,7,3026,0
shared_map,low,15.0,10431,trapped_inside,0,0,0,400,5,7,7628,1
shared_map,low,15.0,10432,success,1,0,0,179,5,7,3580,0
shared_map,low,15.0,10433,success,1,0,0,169,5,7,2788,0
shared_map,low,15.0,10434,success,1,0,0,152,5,7,3040,0
shared_map,low,15.0,10435,success,1,0,0,163,5,7,3260,0
shared_map,low,15.0,10436,trapped_inside,0,0,0,400,5,7,7918,1
shared_map,low,15.0,10437,trapped_inside,0,0,0,400,5,7,8000,1
shared_map,low,15.0,10438,success,1,0,0,160,5,7,2270,0
shared_map,low,15.0,10439,success,1,0,0,211,5,7,4220,0
shared_map,low,15.0,10440,trapped_inside,0,0,0,400,5,7,7292,1
shared_map,low,15.0,10441,success,1,0,0,188,5,7,3760,0
shared_map,low,15.0,10442,trapped_inside,0,0,0,400,5,7,8000,1
shared_map,low,15.0,10443,trapped_inside,0,0,0,400,5,7,7876,1
shared_map,low,15.0,10444,success,1,0,0,170,5,7,2686,0
shared_map,low,15.0,10445,success,1,0,0,124,5,7,2480,0
shared_map,low,15.0,10446,trapped_inside,0,0,0,400,5,7,8000,1
shared_map,low,15.0,10447,success,1,0,0,209,5,7,3792,0
shared_map,low,15.0,10448,trapped_inside,0,0,0,400,5,7,7676,1
shared_map,low,15.0,10449,success,1,0,0,146,5,7,2920,0
shared_map,low,15.0,10450,trapped_inside,0,0,0,400,5,7,7942,1
shared_map,low,15.0,10451,success,1,0,0,220,4,7,3484,0
shared_map,low,15.0,10452,trapped_inside,0,0,0,400,5,7,8000,1
shared_map,low,15.0,10453,trapped_inside,0,0,0,400,5,7,8000,1
shared_map,low,15.0,10454,success,1,0,0,199,5,7,3882,0
shared_map,low,15.0,10455,trapped_inside,0,0,0,400,5,7,7530,1
shared_map,low,15.0,10456,success,1,0,0,202,5,7,4040,0
shared_map,low,15.0,10457,success,1,0,0,220,5,7,4322,0
shared_map,low,15.0,10458,success,1,0,0,232,5,7,3860,0
shared_map,low,15.0,10459,success,1,0,0,185,5,7,2640,0
shared_map,low,15.0,10460,success,1,0,0,210,5,7,4200,0
shared_map,low,15.0,10461,success,1,0,0,149,5,7,2550,0
shared_map,low,15.0,10462,trapped_inside,0,0,0,400,5,7,8000,1
shared_map,low,15.0,10463,success,1,0,0,191,5,7,3048,0
shared_map,low,15.0,10464,trapped_inside,0,0,0,400,5,7,8000,1
shared_map,low,15.0,10465,success,1,0,0,218,5,7,4266,0
shared_map,low,15.0,10466,trapped_inside,0,0,0,400,5,7,8000,1
shared_map,low,15.0,10467,success,1,0,0,132,5,7,2640,0
shared_map,low,15.0,10468,success,1,0,0,154,5,7,3080,0
shared_map,low,15.0,10469,trapped_inside,0,0,0,400,5,7,8000,1
shared_map,low,15.0,10470,trapped_inside,0,0,0,400,5,7,7728,1
shared_map,low,15.0,10471,success,1,0,0,186,5,7,2812,0
shared_map,low,15.0,10472,trapped_inside,0,0,0,400,5,7,8000,1
shared_map,low,15.0,10473,success,1,0,0,237,4,7,2610,0
shared_map,low,15.0,10474,success,1,0,0,150,5,7,3000,0
shared_map,low,15.0,10475,trapped_inside,0,0,0,400,5,7,8000,1
shared_map,low,15.0,10476,success,1,0,0,121,5,7,2420,0
shared_map,low,15.0,10477,success,1,0,0,156,5,7,3120,0
shared_map,low,15.0,10478,trapped_inside,0,0,0,400,5,7,7640,1
shared_map,low,15.0,10479,success,1,0,0,220,4,7,3442,0
shared_map,low,15.0,10480,success,1,0,0,166,5,7,3320,0
shared_map,low,15.0,10481,success,1,0,0,124,5,7,2480,0
shared_map,low,15.0,10482,success,1,0,0,180,5,7,3048,0
shared_map,low,15.0,10483,trapped_inside,0,0,0,400,5,7,8000,1
shared_map,low,15.0,10484,trapped_inside,0,0,0,400,5,7,8000,1
shared_map,low,15.0,10485,success,1,0,0,220,5,7,3434,0
shared_map,low,15.0,10486,success,1,0,0,156,5,7,2790,0
shared_map,low,15.0,10487,success,1,0,0,211,5,7,3670,0
shared_map,low,15.0,10488,success,1,0,0,220,5,7,4350,0
shared_map,low,15.0,10489,success,1,0,0,140,5,7,2104,0
shared_map,low,15.0,10490,trapped_inside,0,0,0,400,5,7,7618,1
shared_map,low,15.0,10491,trapped_inside,0,0,0,400,4,7,5456,1
shared_map,low,15.0,10492,success,1,0,0,192,5,7,3840,0
shared_map,low,15.0,10493,success,1,0,0,145,5,7,2876,0
shared_map,low,15.0,10494,success,1,0,0,195,5,7,3900,0
shared_map,low,15.0,10495,success,1,0,0,157,5,7,3140,0
shared_map,low,15.0,10496,success,1,0,0,137,5,7,2394,0
shared_map,low,15.0,10497,success,1,0,0,146,5,7,2612,0
shared_map,low,15.0,10498,success,1,0,0,108,5,7,1662,0
shared_map,low,15.0,10499,success,1,0,0,169,5,7,3380,0
split_exit,low,15.0,10000,success,1,0,0,160,5,7,2419,0
split_exit,low,15.0,10001,success,1,0,0,216,3,7,2060,0
split_exit,low,15.0,10002,success,1,0,0,203,3,7,1709,0
split_exit,low,15.0,10003,success,1,0,0,156,3,7,907,0
split_exit,low,15.0,10004,success,1,0,0,184,3,7,1626,0
split_exit,low,15.0,10005,success,1,0,0,161,3,7,1177,0
split_exit,low,15.0,10006,success,1,0,0,127,4,7,1276,0
split_exit,low,15.0,10007,trapped_inside,0,0,0,400,3,7,2600,1
split_exit,low,15.0,10008,success,1,0,0,216,3,7,1525,0
split_exit,low,15.0,10009,success,1,0,0,203,3,7,1700,0
split_exit,low,15.0,10010,trapped_inside,0,0,0,400,3,7,2546,1
split_exit,low,15.0,10011,trapped_inside,0,0,0,400,3,7,2890,1
split_exit,low,15.0,10012,success,1,0,0,112,5,7,1733,0
split_exit,low,15.0,10013,success,1,0,0,179,3,7,1081,0
split_exit,low,15.0,10014,success,1,0,0,154,3,7,1113,0
split_exit,low,15.0,10015,success,1,0,0,211,3,7,1130,0
split_exit,low,15.0,10016,success,1,0,0,188,3,7,1344,0
split_exit,low,15.0,10017,success,1,0,0,202,3,7,1544,0
split_exit,low,15.0,10018,success,1,0,0,191,3,7,1092,0
split_exit,low,15.0,10019,success,1,0,0,195,3,7,1598,0
split_exit,low,15.0,10020,trapped_inside,0,0,0,400,3,7,2661,1
split_exit,low,15.0,10021,success,1,0,0,171,3,7,1056,0
split_exit,low,15.0,10022,success,1,0,0,139,3,7,913,0
split_exit,low,15.0,10023,trapped_inside,0,0,0,400,3,7,2740,1
split_exit,low,15.0,10024,success,1,0,0,227,3,7,1609,0
split_exit,low,15.0,10025,success,1,0,0,176,5,7,2793,0
split_exit,low,15.0,10026,success,1,0,0,233,3,7,2185,0
split_exit,low,15.0,10027,success,1,0,0,189,3,7,1331,0
split_exit,low,15.0,10028,success,1,0,0,168,4,7,1948,0
split_exit,low,15.0,10029,success,1,0,0,155,3,7,1031,0
split_exit,low,15.0,10030,success,1,0,0,176,3,7,1632,0
split_exit,low,15.0,10031,success,1,0,0,214,3,7,1194,0
split_exit,low,15.0,10032,success,1,0,0,152,5,7,2442,0
split_exit,low,15.0,10033,success,1,0,0,175,4,7,2185,0
split_exit,low,15.0,10034,success,1,0,0,234,3,7,1713,0
split_exit,low,15.0,10035,trapped_inside,0,0,0,400,3,7,2796,1
split_exit,low,15.0,10036,success,1,0,0,166,3,7,1406,0
split_exit,low,15.0,10037,success,1,0,0,141,4,7,1800,0
split_exit,low,15.0,10038,success,1,0,0,190,3,7,1501,0
split_exit,low,15.0,10039,success,1,0,0,185,4,7,2297,0
split_exit,low,15.0,10040,trapped_inside,0,0,0,400,3,7,2812,1
split_exit,low,15.0,10041,success,1,0,0,175,5,7,3064,0
split_exit,low,15.0,10042,success,1,0,0,219,3,7,1694,0
split_exit,low,15.0,10043,success,1,0,0,202,3,7,1159,0
split_exit,low,15.0,10044,success,1,0,0,165,3,7,1204,0
split_exit,low,15.0,10045,success,1,0,0,192,5,7,3673,0
split_exit,low,15.0,10046,success,1,0,0,202,4,7,2120,0
split_exit,low,15.0,10047,success,1,0,0,171,4,7,2010,0
split_exit,low,15.0,10048,success,1,0,0,156,3,7,1008,0
split_exit,low,15.0,10049,success,1,0,0,167,3,7,1664,0
split_exit,low,15.0,10050,success,1,0,0,132,3,7,1387,0
split_exit,low,15.0,10051,success,1,0,0,158,4,7,1976,0
split_exit,low,15.0,10052,success,1,0,0,151,3,7,1928,0
split_exit,low,15.0,10053,success,1,0,0,186,4,7,2452,0
split_exit,low,15.0,10054,success,1,0,0,209,3,7,1569,0
split_exit,low,15.0,10055,trapped_inside,0,0,0,400,3,7,2859,1
split_exit,low,15.0,10056,success,1,0,0,131,4,7,1364,0
split_exit,low,15.0,10057,success,1,0,0,132,3,7,1322,0
split_exit,low,15.0,10058,success,1,0,0,182,3,7,1317,0
split_exit,low,15.0,10059,success,1,0,0,150,5,7,2704,0
split_exit,low,15.0,10060,success,1,0,0,179,3,7,2165,0
split_exit,low,15.0,10061,success,1,0,0,212,3,7,1024,0
split_exit,low,15.0,10062,success,1,0,0,185,4,7,2372,0
split_exit,low,15.0,10063,success,1,0,0,225,3,7,1141,0
split_exit,low,15.0,10064,success,1,0,0,194,3,7,1257,0
split_exit,low,15.0,10065,success,1,0,0,201,3,7,1074,0
split_exit,low,15.0,10066,trapped_inside,0,0,0,400,3,7,2777,1
split_exit,low,15.0,10067,success,1,0,0,201,4,7,2290,0
split_exit,low,15.0,10068,success,1,0,0,138,4,7,2212,0
split_exit,low,15.0,10069,success,1,0,0,143,3,7,1146,0
split_exit,low,15.0,10070,success,1,0,0,204,4,7,2272,0
split_exit,low,15.0,10071,success,1,0,0,175,3,7,1491,0
split_exit,low,15.0,10072,success,1,0,0,176,5,7,2884,0
split_exit,low,15.0,10073,success,1,0,0,164,3,7,1297,0
split_exit,low,15.0,10074,success,1,0,0,163,5,7,2829,0
split_exit,low,15.0,10075,success,1,0,0,180,3,7,1120,0
split_exit,low,15.0,10076,trapped_inside,0,0,0,400,3,7,2419,1
split_exit,low,15.0,10077,success,1,0,0,139,3,7,960,0
split_exit,low,15.0,10078,success,1,0,0,184,4,7,2502,0
split_exit,low,15.0,10079,success,1,0,0,230,4,7,2405,0
split_exit,low,15.0,10080,success,1,0,0,182,3,7,1467,0
split_exit,low,15.0,10081,success,1,0,0,164,4,7,2176,0
split_exit,low,15.0,10082,success,1,0,0,198,4,7,2383,0
split_exit,low,15.0,10083,success,1,0,0,124,4,7,1565,0
split_exit,low,15.0,10084,success,1,0,0,112,3,7,1003,0
split_exit,low,15.0,10085,success,1,0,0,168,3,7,1654,0
split_exit,low,15.0,10086,success,1,0,0,127,3,7,853,0
split_exit,low,15.0,10087,success,1,0,0,204,4,7,2716,0
split_exit,low,15.0,10088,success,1,0,0,196,3,7,1584,0
split_exit,low,15.0,10089,success,1,0,0,260,3,7,2437,0
split_exit,low,15.0,10090,success,1,0,0,194,3,7,1581,0
split_exit,low,15.0,10091,success,1,0,0,106,3,7,1199,0
split_exit,low,15.0,10092,success,1,0,0,132,3,7,968,0
split_exit,low,15.0,10093,success,1,0,0,132,4,7,1703,0
split_exit,low,15.0,10094,success,1,0,0,122,4,7,2072,0
split_exit,low,15.0,10095,success,1,0,0,151,3,7,1175,0
split_exit,low,15.0,10096,success,1,0,0,110,3,7,1230,0
split_exit,low,15.0,10097,success,1,0,0,148,5,7,2493,0
split_exit,low,15.0,10098,success,1,0,0,148,5,7,2788,0
split_exit,low,15.0,10099,success,1,0,0,179,4,7,2175,0
split_exit,low,15.0,10100,success,1,0,0,177,3,7,2156,0
split_exit,low,15.0,10101,success,1,0,0,202,3,7,1059,0
split_exit,low,15.0,10102,success,1,0,0,191,5,7,3676,0
split_exit,low,15.0,10103,success,1,0,0,188,4,7,2532,0
split_exit,low,15.0,10104,success,1,0,0,111,3,7,1242,0
split_exit,low,15.0,10105,success,1,0,0,206,3,7,1425,0
split_exit,low,15.0,10106,success,1,0,0,195,3,7,1281,0
split_exit,low,15.0,10107,success,1,0,0,157,3,7,1102,0
split_exit,low,15.0,10108,success,1,0,0,201,3,7,1725,0
split_exit,low,15.0,10109,success,1,0,0,243,3,7,1173,0
split_exit,low,15.0,10110,success,1,0,0,212,3,7,1601,0
split_exit,low,15.0,10111,trapped_inside,0,0,0,400,3,7,2960,1
split_exit,low,15.0,10112,success,1,0,0,138,4,7,1739,0
split_exit,low,15.0,10113,success,1,0,0,166,3,7,1210,0
split_exit,low,15.0,10114,success,1,0,0,163,5,7,3103,0
split_exit,low,15.0,10115,success,1,0,0,201,3,7,1334,0
split_exit,low,15.0,10116,success,1,0,0,197,4,7,2468,0
split_exit,low,15.0,10117,success,1,0,0,122,3,7,1047,0
split_exit,low,15.0,10118,success,1,0,0,181,4,7,2500,0
split_exit,low,15.0,10119,success,1,0,0,204,4,7,1987,0
split_exit,low,15.0,10120,success,1,0,0,120,4,7,1089,0
split_exit,low,15.0,10121,success,1,0,0,228,3,7,1216,0
split_exit,low,15.0,10122,success,1,0,0,138,5,7,2103,0
split_exit,low,15.0,10123,success,1,0,0,90,3,7,918,0
split_exit,low,15.0,10124,success,1,0,0,179,4,7,2041,0
split_exit,low,15.0,10125,success,1,0,0,145,5,7,2424,0
split_exit,low,15.0,10126,success,1,0,0,157,4,7,2195,0
split_exit,low,15.0,10127,success,1,0,0,169,3,7,1365,0
split_exit,low,15.0,10128,success,1,0,0,151,5,7,2943,0
split_exit,low,15.0,10129,success,1,0,0,143,3,7,1277,0
split_exit,low,15.0,10130,success,1,0,0,185,5,7,3547,0
split_exit,low,15.0,10131,success,1,0,0,135,5,7,2562,0
split_exit,low,15.0,10132,success,1,0,0,174,4,7,1899,0
split_exit,low,15.0,10133,success,1,0,0,171,3,7,1224,0
split_exit,low,15.0,10134,success,1,0,0,196,3,7,1441,0
split_exit,low,15.0,10135,success,1,0,0,167,4,7,1725,0
split_exit,low,15.0,10136,success,1,0,0,189,3,7,988,0
split_exit,low,15.0,10137,success,1,0,0,208,4,7,2735,0
split_exit,low,15.0,10138,success,1,0,0,141,4,7,2051,0
split_exit,low,15.0,10139,success,1,0,0,200,3,7,1364,0
split_exit,low,15.0,10140,success,1,0,0,157,3,7,1736,0
split_exit,low,15.0,10141,success,1,0,0,165,4,7,2235,0
split_exit,low,15.0,10142,success,1,0,0,128,4,7,1805,0
split_exit,low,15.0,10143,success,1,0,0,152,4,7,1999,0
split_exit,low,15.0,10144,success,1,0,0,170,4,7,2550,0
split_exit,low,15.0,10145,success,1,0,0,193,3,7,1574,0
split_exit,low,15.0,10146,success,1,0,0,194,3,7,2096,0
split_exit,low,15.0,10147,success,1,0,0,149,4,7,1899,0
split_exit,low,15.0,10148,success,1,0,0,162,3,7,1738,0
split_exit,low,15.0,10149,success,1,0,0,251,3,7,1665,0
split_exit,low,15.0,10150,success,1,0,0,107,5,7,1748,0
split_exit,low,15.0,10151,success,1,0,0,177,4,7,1883,0
split_exit,low,15.0,10152,success,1,0,0,185,3,7,1826,0
split_exit,low,15.0,10153,success,1,0,0,150,3,7,1502,0
split_exit,low,15.0,10154,success,1,0,0,141,3,7,1199,0
split_exit,low,15.0,10155,success,1,0,0,199,3,7,934,0
split_exit,low,15.0,10156,success,1,0,0,172,4,7,2252,0
split_exit,low,15.0,10157,trapped_inside,0,0,0,400,3,7,3110,1
split_exit,low,15.0,10158,success,1,0,0,173,3,7,1908,0
split_exit,low,15.0,10159,success,1,0,0,147,3,7,1091,0
split_exit,low,15.0,10160,success,1,0,0,142,5,7,2824,0
split_exit,low,15.0,10161,success,1,0,0,115,3,7,1086,0
split_exit,low,15.0,10162,success,1,0,0,226,3,7,1079,0
split_exit,low,15.0,10163,success,1,0,0,217,4,7,2292,0
split_exit,low,15.0,10164,success,1,0,0,198,3,7,1426,0
split_exit,low,15.0,10165,trapped_inside,0,0,0,400,3,7,2777,1
split_exit,low,15.0,10166,success,1,0,0,180,3,7,1676,0
split_exit,low,15.0,10167,success,1,0,0,199,3,7,1342,0
split_exit,low,15.0,10168,success,1,0,0,111,5,7,2029,0
split_exit,low,15.0,10169,trapped_inside,0,0,0,400,3,7,2647,1
split_exit,low,15.0,10170,success,1,0,0,137,4,7,1847,0
split_exit,low,15.0,10171,success,1,0,0,138,3,7,803,0
split_exit,low,15.0,10172,success,1,0,0,211,4,7,2479,0
split_exit,low,15.0,10173,success,1,0,0,178,4,7,2441,0
split_exit,low,15.0,10174,success,1,0,0,216,3,7,1840,0
split_exit,low,15.0,10175,success,1,0,0,126,3,7,1058,0
split_exit,low,15.0,10176,success,1,0,0,207,3,7,1649,0
split_exit,low,15.0,10177,trapped_inside,0,0,0,400,3,7,2804,1
split_exit,low,15.0,10178,success,1,0,0,197,3,7,1024,0
split_exit,low,15.0,10179,success,1,0,0,225,4,7,2330,0
split_exit,low,15.0,10180,success,1,0,0,192,3,7,1407,0
split_exit,low,15.0,10181,success,1,0,0,139,5,7,2245,0
split_exit,low,15.0,10182,trapped_inside,0,0,0,400,3,7,2223,1
split_exit,low,15.0,10183,success,1,0,0,176,3,7,1354,0
split_exit,low,15.0,10184,success,1,0,0,195,4,7,2102,0
split_exit,low,15.0,10185,success,1,0,0,158,3,7,1795,0
split_exit,low,15.0,10186,success,1,0,0,161,4,7,1832,0
split_exit,low,15.0,10187,success,1,0,0,174,3,7,1624,0
split_exit,low,15.0,10188,trapped_inside,0,0,0,400,3,7,2725,1
split_exit,low,15.0,10189,success,1,0,0,296,4,7,3578,0
split_exit,low,15.0,10190,success,1,0,0,189,3,7,906,0
split_exit,low,15.0,10191,success,1,0,0,155,3,7,1266,0
split_exit,low,15.0,10192,success,1,0,0,178,4,7,1971,0
split_exit,low,15.0,10193,success,1,0,0,140,3,7,1401,0
split_exit,low,15.0,10194,success,1,0,0,199,3,7,1117,0
split_exit,low,15.0,10195,trapped_inside,0,0,0,400,3,7,2813,1
split_exit,low,15.0,10196,success,1,0,0,142,4,7,1639,0
split_exit,low,15.0,10197,success,1,0,0,130,4,7,1512,0
split_exit,low,15.0,10198,success,1,0,0,194,5,7,3432,0
split_exit,low,15.0,10199,success,1,0,0,151,3,7,1847,0
split_exit,low,15.0,10200,success,1,0,0,134,3,7,1124,0
split_exit,low,15.0,10201,success,1,0,0,182,4,7,2264,0
split_exit,low,15.0,10202,trapped_inside,0,0,0,400,3,7,2565,1
split_exit,low,15.0,10203,success,1,0,0,126,3,7,2048,0
split_exit,low,15.0,10204,success,1,0,0,197,4,7,2052,0
split_exit,low,15.0,10205,success,1,0,0,194,4,7,2629,0
split_exit,low,15.0,10206,success,1,0,0,181,3,7,1180,0
split_exit,low,15.0,10207,success,1,0,0,136,4,7,1473,0
split_exit,low,15.0,10208,success,1,0,0,165,3,7,1296,0
split_exit,low,15.0,10209,success,1,0,0,174,3,7,1089,0
split_exit,low,15.0,10210,success,1,0,0,205,3,7,1879,0
split_exit,low,15.0,10211,success,1,0,0,243,3,7,1710,0
split_exit,low,15.0,10212,success,1,0,0,205,3,7,1064,0
split_exit,low,15.0,10213,trapped_inside,0,0,0,400,3,7,2864,1
split_exit,low,15.0,10214,success,1,0,0,203,3,7,2228,0
split_exit,low,15.0,10215,trapped_inside,0,0,0,400,3,7,2630,1
split_exit,low,15.0,10216,success,1,0,0,199,4,7,2942,0
split_exit,low,15.0,10217,success,1,0,0,188,5,7,3314,0
split_exit,low,15.0,10218,success,1,0,0,154,3,7,1020,0
split_exit,low,15.0,10219,trapped_inside,0,0,0,400,3,7,2525,1
split_exit,low,15.0,10220,success,1,0,0,197,3,7,1407,0
split_exit,low,15.0,10221,trapped_inside,0,0,0,400,3,7,2550,1
split_exit,low,15.0,10222,success,1,0,0,150,4,7,1800,0
split_exit,low,15.0,10223,success,1,0,0,155,4,7,1954,0
split_exit,low,15.0,10224,success,1,0,0,175,3,7,922,0
split_exit,low,15.0,10225,success,1,0,0,174,3,7,1084,0
split_exit,low,15.0,10226,trapped_inside,0,0,0,400,3,7,2531,1
split_exit,low,15.0,10227,success,1,0,0,126,4,7,1940,0
split_exit,low,15.0,10228,success,1,0,0,187,3,7,1298,0
split_exit,low,15.0,10229,success,1,0,0,173,4,7,2145,0
split_exit,low,15.0,10230,success,1,0,0,177,4,7,2062,0
split_exit,low,15.0,10231,success,1,0,0,189,3,7,895,0
split_exit,low,15.0,10232,success,1,0,0,131,5,7,2332,0
split_exit,low,15.0,10233,success,1,0,0,171,3,7,879,0
split_exit,low,15.0,10234,success,1,0,0,211,4,7,2749,0
split_exit,low,15.0,10235,success,1,0,0,182,5,7,3579,0
split_exit,low,15.0,10236,success,1,0,0,122,3,7,1344,0
split_exit,low,15.0,10237,success,1,0,0,173,3,7,1712,0
split_exit,low,15.0,10238,success,1,0,0,204,3,7,1627,0
split_exit,low,15.0,10239,success,1,0,0,119,3,7,713,0
split_exit,low,15.0,10240,success,1,0,0,189,3,7,1282,0
split_exit,low,15.0,10241,trapped_inside,0,0,0,400,3,7,2308,1
split_exit,low,15.0,10242,success,1,0,0,230,4,7,2753,0
split_exit,low,15.0,10243,success,1,0,0,141,3,7,1976,0
split_exit,low,15.0,10244,success,1,0,0,176,3,7,1511,0
split_exit,low,15.0,10245,success,1,0,0,199,5,7,3114,0
split_exit,low,15.0,10246,success,1,0,0,197,3,7,1493,0
split_exit,low,15.0,10247,success,1,0,0,197,3,7,1057,0
split_exit,low,15.0,10248,success,1,0,0,194,3,7,1068,0
split_exit,low,15.0,10249,success,1,0,0,82,4,7,1083,0
split_exit,low,15.0,10250,success,1,0,0,166,3,7,2057,0
split_exit,low,15.0,10251,success,1,0,0,175,4,7,1891,0
split_exit,low,15.0,10252,success,1,0,0,169,3,7,1615,0
split_exit,low,15.0,10253,success,1,0,0,202,3,7,1189,0
split_exit,low,15.0,10254,success,1,0,0,192,3,7,914,0
split_exit,low,15.0,10255,success,1,0,0,182,5,7,2976,0
split_exit,low,15.0,10256,success,1,0,0,165,3,7,1223,0
split_exit,low,15.0,10257,success,1,0,0,202,4,7,1910,0
split_exit,low,15.0,10258,success,1,0,0,170,4,7,1877,0
split_exit,low,15.0,10259,success,1,0,0,280,3,7,2020,0
split_exit,low,15.0,10260,success,1,0,0,175,5,7,3344,0
split_exit,low,15.0,10261,success,1,0,0,220,3,7,2010,0
split_exit,low,15.0,10262,success,1,0,0,158,4,7,1841,0
split_exit,low,15.0,10263,success,1,0,0,126,3,7,1080,0
split_exit,low,15.0,10264,success,1,0,0,160,4,7,2020,0
split_exit,low,15.0,10265,success,1,0,0,168,4,7,1759,0
split_exit,low,15.0,10266,success,1,0,0,161,3,7,946,0
split_exit,low,15.0,10267,success,1,0,0,218,3,7,1706,0
split_exit,low,15.0,10268,success,1,0,0,143,4,7,1779,0
split_exit,low,15.0,10269,success,1,0,0,201,3,7,1262,0
split_exit,low,15.0,10270,success,1,0,0,187,3,7,1523,0
split_exit,low,15.0,10271,success,1,0,0,128,3,7,1076,0
split_exit,low,15.0,10272,success,1,0,0,189,4,7,2550,0
split_exit,low,15.0,10273,trapped_inside,0,0,0,400,3,7,2815,1
split_exit,low,15.0,10274,success,1,0,0,184,5,7,3478,0
split_exit,low,15.0,10275,success,1,0,0,187,3,7,1847,0
split_exit,low,15.0,10276,success,1,0,0,166,4,7,2318,0
split_exit,low,15.0,10277,success,1,0,0,164,3,7,1189,0
split_exit,low,15.0,10278,success,1,0,0,137,3,7,1023,0
split_exit,low,15.0,10279,success,1,0,0,216,3,7,1610,0
split_exit,low,15.0,10280,success,1,0,0,124,4,7,1455,0
split_exit,low,15.0,10281,success,1,0,0,130,3,7,582,0
split_exit,low,15.0,10282,success,1,0,0,187,5,7,3253,0
split_exit,low,15.0,10283,success,1,0,0,237,4,7,2679,0
split_exit,low,15.0,10284,success,1,0,0,171,3,7,1088,0
split_exit,low,15.0,10285,success,1,0,0,149,3,7,1633,0
split_exit,low,15.0,10286,success,1,0,0,109,3,7,977,0
split_exit,low,15.0,10287,success,1,0,0,157,3,7,1294,0
split_exit,low,15.0,10288,success,1,0,0,185,5,7,3207,0
split_exit,low,15.0,10289,success,1,0,0,179,3,7,1773,0
split_exit,low,15.0,10290,success,1,0,0,169,4,7,2112,0
split_exit,low,15.0,10291,trapped_inside,0,0,0,400,3,7,2712,1
split_exit,low,15.0,10292,success,1,0,0,224,3,7,1482,0
split_exit,low,15.0,10293,success,1,0,0,226,4,7,2707,0
split_exit,low,15.0,10294,success,1,0,0,218,3,7,1629,0
split_exit,low,15.0,10295,success,1,0,0,200,3,7,1530,0
split_exit,low,15.0,10296,success,1,0,0,169,4,7,1991,0
split_exit,low,15.0,10297,trapped_inside,0,0,0,400,3,7,2852,1
split_exit,low,15.0,10298,success,1,0,0,178,4,7,2093,0
split_exit,low,15.0,10299,success,1,0,0,131,4,7,1771,0
split_exit,low,15.0,10300,success,1,0,0,154,5,7,2680,0
split_exit,low,15.0,10301,success,1,0,0,196,4,7,2202,0
split_exit,low,15.0,10302,success,1,0,0,183,4,7,2466,0
split_exit,low,15.0,10303,success,1,0,0,176,4,7,1905,0
split_exit,low,15.0,10304,trapped_inside,0,0,0,400,3,7,2653,1
split_exit,low,15.0,10305,success,1,0,0,181,4,7,2426,0
split_exit,low,15.0,10306,success,1,0,0,216,3,7,1483,0
split_exit,low,15.0,10307,success,1,0,0,189,3,7,1363,0
split_exit,low,15.0,10308,success,1,0,0,152,3,7,681,0
split_exit,low,15.0,10309,success,1,0,0,199,4,7,2436,0
split_exit,low,15.0,10310,trapped_inside,0,0,0,400,3,7,2976,1
split_exit,low,15.0,10311,success,1,0,0,235,3,7,1764,0
split_exit,low,15.0,10312,success,1,0,0,193,4,7,2416,0
split_exit,low,15.0,10313,success,1,0,0,139,3,7,1607,0
split_exit,low,15.0,10314,success,1,0,0,182,3,7,1497,0
split_exit,low,15.0,10315,success,1,0,0,118,5,7,2102,0
split_exit,low,15.0,10316,trapped_inside,0,0,0,400,3,7,2495,1
split_exit,low,15.0,10317,success,1,0,0,165,5,7,2387,0
split_exit,low,15.0,10318,success,1,0,0,156,4,7,1867,0
split_exit,low,15.0,10319,success,1,0,0,185,5,7,2637,0
split_exit,low,15.0,10320,success,1,0,0,110,3,7,1408,0
split_exit,low,15.0,10321,success,1,0,0,121,5,7,2346,0
split_exit,low,15.0,10322,success,1,0,0,166,3,7,1238,0
split_exit,low,15.0,10323,success,1,0,0,298,3,7,2541,0
split_exit,low,15.0,10324,success,1,0,0,175,3,7,1366,0
split_exit,low,15.0,10325,success,1,0,0,196,5,7,3831,0
split_exit,low,15.0,10326,success,1,0,0,158,4,7,1975,0
split_exit,low,15.0,10327,success,1,0,0,194,3,7,1740,0
split_exit,low,15.0,10328,success,1,0,0,128,3,7,704,0
split_exit,low,15.0,10329,success,1,0,0,121,3,7,937,0
split_exit,low,15.0,10330,success,1,0,0,233,4,7,3113,0
split_exit,low,15.0,10331,success,1,0,0,222,4,7,2987,0
split_exit,low,15.0,10332,success,1,0,0,191,3,7,1680,0
split_exit,low,15.0,10333,success,1,0,0,194,4,7,1844,0
split_exit,low,15.0,10334,success,1,0,0,153,4,7,2114,0
split_exit,low,15.0,10335,success,1,0,0,176,5,7,2584,0
split_exit,low,15.0,10336,success,1,0,0,168,3,7,782,0
split_exit,low,15.0,10337,trapped_inside,0,0,0,400,3,7,2879,1
split_exit,low,15.0,10338,success,1,0,0,123,5,7,1907,0
split_exit,low,15.0,10339,trapped_inside,0,0,0,400,3,7,2648,1
split_exit,low,15.0,10340,success,1,0,0,183,3,7,1729,0
split_exit,low,15.0,10341,success,1,0,0,199,3,7,1448,0
split_exit,low,15.0,10342,success,1,0,0,118,4,7,1788,0
split_exit,low,15.0,10343,success,1,0,0,179,4,7,1799,0
split_exit,low,15.0,10344,trapped_inside,0,0,0,400,3,7,2759,1
split_exit,low,15.0,10345,success,1,0,0,244,3,7,1784,0
split_exit,low,15.0,10346,success,1,0,0,201,5,7,3606,0
split_exit,low,15.0,10347,success,1,0,0,209,4,7,2726,0
split_exit,low,15.0,10348,success,1,0,0,176,4,7,1958,0
split_exit,low,15.0,10349,success,1,0,0,162,4,7,1843,0
split_exit,low,15.0,10350,trapped_inside,0,0,0,400,3,7,2608,1
split_exit,low,15.0,10351,success,1,0,0,152,3,7,1242,0
split_exit,low,15.0,10352,trapped_inside,0,0,0,400,3,7,2860,1
split_exit,low,15.0,10353,success,1,0,0,157,5,7,2791,0
split_exit,low,15.0,10354,success,1,0,0,93,3,7,1527,0
split_exit,low,15.0,10355,success,1,0,0,159,5,7,3149,0
split_exit,low,15.0,10356,success,1,0,0,166,3,7,1400,0
split_exit,low,15.0,10357,trapped_inside,0,0,0,400,3,7,2317,1
split_exit,low,15.0,10358,success,1,0,0,203,4,7,2005,0
split_exit,low,15.0,10359,success,1,0,0,177,3,7,1422,0
split_exit,low,15.0,10360,success,1,0,0,207,4,7,3003,0
split_exit,low,15.0,10361,success,1,0,0,191,3,7,1451,0
split_exit,low,15.0,10362,success,1,0,0,235,3,7,1963,0
split_exit,low,15.0,10363,success,1,0,0,228,3,7,1027,0
split_exit,low,15.0,10364,success,1,0,0,229,4,7,3063,0
split_exit,low,15.0,10365,success,1,0,0,180,3,7,1338,0
split_exit,low,15.0,10366,success,1,0,0,153,3,7,1163,0
split_exit,low,15.0,10367,success,1,0,0,183,3,7,1005,0
split_exit,low,15.0,10368,success,1,0,0,188,3,7,1462,0
split_exit,low,15.0,10369,success,1,0,0,152,3,7,742,0
split_exit,low,15.0,10370,success,1,0,0,219,5,7,4128,0
split_exit,low,15.0,10371,trapped_inside,0,0,0,400,3,7,2464,1
split_exit,low,15.0,10372,success,1,0,0,165,5,7,2642,0
split_exit,low,15.0,10373,trapped_inside,0,0,0,400,3,7,2541,1
split_exit,low,15.0,10374,success,1,0,0,205,3,7,1744,0
split_exit,low,15.0,10375,success,1,0,0,204,3,7,962,0
split_exit,low,15.0,10376,success,1,0,0,140,4,7,1585,0
split_exit,low,15.0,10377,success,1,0,0,189,3,7,1650,0
split_exit,low,15.0,10378,success,1,0,0,157,4,7,2004,0
split_exit,low,15.0,10379,success,1,0,0,223,4,7,2865,0
split_exit,low,15.0,10380,success,1,0,0,208,3,7,1580,0
split_exit,low,15.0,10381,success,1,0,0,147,3,7,1306,0
split_exit,low,15.0,10382,success,1,0,0,206,4,7,1584,0
split_exit,low,15.0,10383,success,1,0,0,143,3,7,1293,0
split_exit,low,15.0,10384,success,1,0,0,149,3,7,1106,0
split_exit,low,15.0,10385,success,1,0,0,124,4,7,1550,0
split_exit,low,15.0,10386,trapped_inside,0,0,0,400,3,7,2262,1
split_exit,low,15.0,10387,success,1,0,0,187,4,7,2470,0
split_exit,low,15.0,10388,success,1,0,0,153,3,7,1010,0
split_exit,low,15.0,10389,trapped_inside,0,0,0,400,3,7,2998,1
split_exit,low,15.0,10390,success,1,0,0,145,3,7,842,0
split_exit,low,15.0,10391,success,1,0,0,205,3,7,1676,0
split_exit,low,15.0,10392,success,1,0,0,176,4,7,2528,0
split_exit,low,15.0,10393,success,1,0,0,166,3,7,1337,0
split_exit,low,15.0,10394,success,1,0,0,154,3,7,1113,0
split_exit,low,15.0,10395,success,1,0,0,144,5,7,2880,0
split_exit,low,15.0,10396,success,1,0,0,179,3,7,1008,0
split_exit,low,15.0,10397,success,1,0,0,175,3,7,1622,0
split_exit,low,15.0,10398,success,1,0,0,178,3,7,1725,0
split_exit,low,15.0,10399,success,1,0,0,175,3,7,1302,0
split_exit,low,15.0,10400,success,1,0,0,175,3,7,1232,0
split_exit,low,15.0,10401,success,1,0,0,160,4,7,1802,0
split_exit,low,15.0,10402,success,1,0,0,206,4,7,2474,0
split_exit,low,15.0,10403,success,1,0,0,139,3,7,1828,0
split_exit,low,15.0,10404,success,1,0,0,201,5,7,3768,0
split_exit,low,15.0,10405,success,1,0,0,153,3,7,1284,0
split_exit,low,15.0,10406,success,1,0,0,181,3,7,2061,0
split_exit,low,15.0,10407,success,1,0,0,179,3,7,1209,0
split_exit,low,15.0,10408,success,1,0,0,218,3,7,2140,0
split_exit,low,15.0,10409,success,1,0,0,220,3,7,1551,0
split_exit,low,15.0,10410,success,1,0,0,190,4,7,2403,0
split_exit,low,15.0,10411,success,1,0,0,206,3,7,2088,0
split_exit,low,15.0,10412,success,1,0,0,173,5,7,3044,0
split_exit,low,15.0,10413,success,1,0,0,136,5,7,2300,0
split_exit,low,15.0,10414,success,1,0,0,138,3,7,1004,0
split_exit,low,15.0,10415,success,1,0,0,167,3,7,1814,0
split_exit,low,15.0,10416,success,1,0,0,215,3,7,1017,0
split_exit,low,15.0,10417,trapped_inside,0,0,0,400,3,7,2804,1
split_exit,low,15.0,10418,success,1,0,0,199,4,7,2756,0
split_exit,low,15.0,10419,success,1,0,0,230,3,7,1648,0
split_exit,low,15.0,10420,success,1,0,0,185,3,7,1132,0
split_exit,low,15.0,10421,success,1,0,0,216,3,7,1798,0
split_exit,low,15.0,10422,trapped_inside,0,0,0,400,3,7,2341,1
split_exit,low,15.0,10423,success,1,0,0,273,4,7,3046,0
split_exit,low,15.0,10424,trapped_inside,0,0,0,400,3,7,2772,1
split_exit,low,15.0,10425,trapped_inside,0,0,0,400,3,7,2560,1
split_exit,low,15.0,10426,success,1,0,0,156,4,7,1591,0
split_exit,low,15.0,10427,success,1,0,0,162,5,7,2899,0
split_exit,low,15.0,10428,success,1,0,0,155,5,7,2845,0
split_exit,low,15.0,10429,success,1,0,0,245,3,7,1881,0
split_exit,low,15.0,10430,success,1,0,0,175,3,7,1424,0
split_exit,low,15.0,10431,success,1,0,0,190,3,7,1470,0
split_exit,low,15.0,10432,success,1,0,0,179,5,7,3111,0
split_exit,low,15.0,10433,success,1,0,0,169,3,7,1033,0
split_exit,low,15.0,10434,success,1,0,0,152,4,7,1769,0
split_exit,low,15.0,10435,success,1,0,0,163,3,7,1394,0
split_exit,low,15.0,10436,success,1,0,0,115,5,7,2148,0
split_exit,low,15.0,10437,success,1,0,0,162,5,7,3110,0
split_exit,low,15.0,10438,success,1,0,0,160,5,7,2496,0
split_exit,low,15.0,10439,success,1,0,0,211,3,7,1427,0
split_exit,low,15.0,10440,trapped_inside,0,0,0,400,3,7,2408,1
split_exit,low,15.0,10441,success,1,0,0,188,5,7,3371,0
split_exit,low,15.0,10442,success,1,0,0,151,3,7,1330,0
split_exit,low,15.0,10443,success,1,0,0,148,3,7,1514,0
split_exit,low,15.0,10444,success,1,0,0,170,3,7,829,0
split_exit,low,15.0,10445,success,1,0,0,124,4,7,1984,0
split_exit,low,15.0,10446,success,1,0,0,119,5,7,2288,0
split_exit,low,15.0,10447,success,1,0,0,163,3,7,1616,0
split_exit,low,15.0,10448,success,1,0,0,122,5,7,1709,0
split_exit,low,15.0,10449,success,1,0,0,146,3,7,1056,0
split_exit,low,15.0,10450,success,1,0,0,179,4,7,2536,0
split_exit,low,15.0,10451,success,1,0,0,202,3,7,1516,0
split_exit,low,15.0,10452,trapped_inside,0,0,0,400,3,7,2812,1
split_exit,low,15.0,10453,success,1,0,0,224,4,7,2670,0
split_exit,low,15.0,10454,success,1,0,0,199,4,7,2562,0
split_exit,low,15.0,10455,trapped_inside,0,0,0,400,3,7,2579,1
split_exit,low,15.0,10456,success,1,0,0,202,4,7,2406,0
split_exit,low,15.0,10457,success,1,0,0,220,3,7,1576,0
split_exit,low,15.0,10458,success,1,0,0,232,3,7,1091,0
split_exit,low,15.0,10459,success,1,0,0,183,4,7,1803,0
split_exit,low,15.0,10460,success,1,0,0,210,3,7,1760,0
split_exit,low,15.0,10461,success,1,0,0,149,4,7,1810,0
split_exit,low,15.0,10462,success,1,0,0,126,4,7,1333,0
split_exit,low,15.0,10463,success,1,0,0,191,3,7,953,0
split_exit,low,15.0,10464,trapped_inside,0,0,0,400,3,7,3133,1
split_exit,low,15.0,10465,success,1,0,0,218,3,7,1574,0
split_exit,low,15.0,10466,trapped_inside,0,0,0,400,3,7,2704,1
split_exit,low,15.0,10467,success,1,0,0,132,4,7,1700,0
split_exit,low,15.0,10468,success,1,0,0,154,5,7,2927,0
split_exit,low,15.0,10469,success,1,0,0,208,5,7,3900,0
split_exit,low,15.0,10470,success,1,0,0,128,4,7,1401,0
split_exit,low,15.0,10471,success,1,0,0,186,3,7,970,0
split_exit,low,15.0,10472,trapped_inside,0,0,0,400,3,7,2727,1
split_exit,low,15.0,10473,success,1,0,0,237,3,7,1251,0
split_exit,low,15.0,10474,success,1,0,0,150,4,7,2323,0
split_exit,low,15.0,10475,success,1,0,0,170,4,7,1917,0
split_exit,low,15.0,10476,success,1,0,0,121,5,7,2189,0
split_exit,low,15.0,10477,success,1,0,0,156,4,7,1644,0
split_exit,low,15.0,10478,success,1,0,0,142,5,7,2113,0
split_exit,low,15.0,10479,success,1,0,0,219,3,7,1513,0
split_exit,low,15.0,10480,success,1,0,0,167,4,7,1985,0
split_exit,low,15.0,10481,success,1,0,0,160,3,7,1214,0
split_exit,low,15.0,10482,success,1,0,0,180,3,7,1000,0
split_exit,low,15.0,10483,success,1,0,0,192,4,7,2286,0
split_exit,low,15.0,10484,success,1,0,0,162,3,7,1153,0
split_exit,low,15.0,10485,success,1,0,0,220,4,7,2075,0
split_exit,low,15.0,10486,success,1,0,0,156,5,7,2594,0
split_exit,low,15.0,10487,success,1,0,0,211,3,7,1878,0
split_exit,low,15.0,10488,success,1,0,0,220,5,7,4066,0
split_exit,low,15.0,10489,success,1,0,0,138,3,7,879,0
split_exit,low,15.0,10490,trapped_inside,0,0,0,400,3,7,2423,1
split_exit,low,15.0,10491,trapped_inside,0,0,0,400,3,7,3107,1
split_exit,low,15.0,10492,success,1,0,0,192,4,7,2179,0
split_exit,low,15.0,10493,success,1,0,0,145,4,7,2046,0
split_exit,low,15.0,10494,success,1,0,0,195,3,7,1604,0
split_exit,low,15.0,10495,success,1,0,0,157,3,7,1374,0
split_exit,low,15.0,10496,success,1,0,0,137,3,7,1126,0
split_exit,low,15.0,10497,success,1,0,0,146,4,7,1657,0
split_exit,low,15.0,10498,success,1,0,0,108,4,7,1033,0
split_exit,low,15.0,10499,success,1,0,0,169,4,7,2591,0
oracle,medium,4.0,10000,wipeout,0,1,0,86,0,7,0,0
oracle,medium,4.0,10001,wipeout,0,1,0,100,0,6,0,0
oracle,medium,4.0,10002,wipeout,0,1,0,95,0,7,0,0
oracle,medium,4.0,10003,wipeout,0,1,0,86,0,6,0,0
oracle,medium,4.0,10004,wipeout,0,1,0,88,0,6,0,0
oracle,medium,4.0,10005,wipeout,0,1,0,64,0,5,0,0
oracle,medium,4.0,10006,wipeout,0,1,0,80,0,7,0,0
oracle,medium,4.0,10007,wipeout,0,1,0,105,0,5,0,0
oracle,medium,4.0,10008,wipeout,0,1,0,84,0,4,0,0
oracle,medium,4.0,10009,wipeout,0,1,0,114,0,6,0,0
oracle,medium,4.0,10010,wipeout,0,1,0,71,0,6,0,0
oracle,medium,4.0,10011,wipeout,0,1,0,62,0,7,0,0
oracle,medium,4.0,10012,wipeout,0,1,0,71,0,7,0,0
oracle,medium,4.0,10013,wipeout,0,1,0,95,0,6,0,0
oracle,medium,4.0,10014,wipeout,0,1,0,99,0,7,0,0
oracle,medium,4.0,10015,wipeout,0,1,0,107,0,6,0,0
oracle,medium,4.0,10016,wipeout,0,1,0,88,0,7,0,0
oracle,medium,4.0,10017,wipeout,0,1,0,64,0,5,0,0
oracle,medium,4.0,10018,wipeout,0,1,0,73,0,6,0,0
oracle,medium,4.0,10019,wipeout,0,1,0,95,0,5,0,0
oracle,medium,4.0,10020,wipeout,0,1,0,73,0,7,0,0
oracle,medium,4.0,10021,wipeout,0,1,0,95,0,5,0,0
oracle,medium,4.0,10022,wipeout,0,1,0,39,0,5,0,0
oracle,medium,4.0,10023,wipeout,0,1,0,103,0,7,0,0
oracle,medium,4.0,10024,wipeout,0,1,0,112,0,7,0,0
oracle,medium,4.0,10025,wipeout,0,1,0,88,0,5,0,0
oracle,medium,4.0,10026,wipeout,0,1,0,110,0,7,0,0
oracle,medium,4.0,10027,wipeout,0,1,0,104,0,5,0,0
oracle,medium,4.0,10028,wipeout,0,1,0,71,0,5,0,0
oracle,medium,4.0,10029,wipeout,0,1,0,102,0,7,0,0
oracle,medium,4.0,10030,wipeout,0,1,0,86,0,5,0,0
oracle,medium,4.0,10031,wipeout,0,1,0,95,0,7,0,0
oracle,medium,4.0,10032,wipeout,0,1,0,80,0,5,0,0
oracle,medium,4.0,10033,wipeout,0,1,0,59,0,5,0,0
oracle,medium,4.0,10034,wipeout,0,1,0,95,0,5,0,0
oracle,medium,4.0,10035,wipeout,0,1,0,60,0,7,0,0
oracle,medium,4.0,10036,wipeout,0,1,0,91,0,6,0,0
oracle,medium,4.0,10037,wipeout,0,1,0,49,0,4,0,0
oracle,medium,4.0,10038,wipeout,0,1,0,80,0,5,0,0
oracle,medium,4.0,10039,wipeout,0,1,0,82,0,4,0,0
oracle,medium,4.0,10040,wipeout,0,1,0,84,0,7,0,0
oracle,medium,4.0,10041,wipeout,0,1,0,66,0,6,0,0
oracle,medium,4.0,10042,wipeout,0,1,0,95,0,6,0,0
oracle,medium,4.0,10043,wipeout,0,1,0,78,0,7,0,0
oracle,medium,4.0,10044,wipeout,0,1,0,92,0,7,0,0
oracle,medium,4.0,10045,wipeout,0,1,0,88,0,5,0,0
oracle,medium,4.0,10046,wipeout,0,1,0,100,0,5,0,0
oracle,medium,4.0,10047,wipeout,0,1,0,100,0,7,0,0
oracle,medium,4.0,10048,wipeout,0,1,0,91,0,7,0,0
oracle,medium,4.0,10049,wipeout,0,1,0,124,0,7,0,0
oracle,medium,4.0,10050,wipeout,0,1,0,69,0,6,0,0
oracle,medium,4.0,10051,wipeout,0,1,0,57,0,5,0,0
oracle,medium,4.0,10052,wipeout,0,1,0,97,0,7,0,0
oracle,medium,4.0,10053,wipeout,0,1,0,100,0,5,0,0
oracle,medium,4.0,10054,wipeout,0,1,0,92,0,5,0,0
oracle,medium,4.0,10055,wipeout,0,1,0,47,0,5,0,0
oracle,medium,4.0,10056,wipeout,0,1,0,63,0,7,0,0
oracle,medium,4.0,10057,wipeout,0,1,0,59,0,7,0,0
oracle,medium,4.0,10058,wipeout,0,1,0,88,0,6,0,0
oracle,medium,4.0,10059,wipeout,0,1,0,61,0,5,0,0
oracle,medium,4.0,10060,wipeout,0,1,0,63,0,5,0,0
oracle,medium,4.0,10061,wipeout,0,1,0,60,0,4,0,0
oracle,medium,4.0,10062,wipeout,0,1,0,81,0,5,0,0
oracle,medium,4.0,10063,wipeout,0,1,0,92,0,5,0,0
oracle,medium,4.0,10064,wipeout,0,1,0,87,0,6,0,0
oracle,medium,4.0,10065,wipeout,0,1,0,110,0,6,0,0
oracle,medium,4.0,10066,success,1,0,0,149,1,7,0,0
oracle,medium,4.0,10067,wipeout,0,1,0,64,0,7,0,0
oracle,medium,4.0,10068,wipeout,0,1,0,96,0,7,0,0
oracle,medium,4.0,10069,wipeout,0,1,0,84,0,6,0,0
oracle,medium,4.0,10070,wipeout,0,1,0,91,0,4,0,0
oracle,medium,4.0,10071,wipeout,0,1,0,115,0,7,0,0
oracle,medium,4.0,10072,wipeout,0,1,0,90,0,7,0,0
oracle,medium,4.0,10073,wipeout,0,1,0,73,0,7,0,0
oracle,medium,4.0,10074,wipeout,0,1,0,100,0,7,0,0
oracle,medium,4.0,10075,wipeout,0,1,0,74,0,4,0,0
oracle,medium,4.0,10076,wipeout,0,1,0,81,0,7,0,0
oracle,medium,4.0,10077,wipeout,0,1,0,40,0,5,0,0
oracle,medium,4.0,10078,wipeout,0,1,0,84,0,7,0,0
oracle,medium,4.0,10079,wipeout,0,1,0,106,0,5,0,0
oracle,medium,4.0,10080,wipeout,0,1,0,54,0,5,0,0
oracle,medium,4.0,10081,wipeout,0,1,0,72,0,5,0,0
oracle,medium,4.0,10082,wipeout,0,1,0,74,0,5,0,0
oracle,medium,4.0,10083,wipeout,0,1,0,49,0,5,0,0
oracle,medium,4.0,10084,wipeout,0,1,0,63,0,7,0,0
oracle,medium,4.0,10085,wipeout,0,1,0,70,0,7,0,0
oracle,medium,4.0,10086,wipeout,0,1,0,100,0,7,0,0
oracle,medium,4.0,10087,wipeout,0,1,0,69,0,4,0,0
oracle,medium,4.0,10088,wipeout,0,1,0,107,0,7,0,0
oracle,medium,4.0,10089,wipeout,0,1,0,112,0,4,0,0
oracle,medium,4.0,10090,wipeout,0,1,0,91,0,6,0,0
oracle,medium,4.0,10091,wipeout,0,1,0,72,0,7,0,0
oracle,medium,4.0,10092,wipeout,0,1,0,65,0,6,0,0
oracle,medium,4.0,10093,wipeout,0,1,0,65,0,5,0,0
oracle,medium,4.0,10094,wipeout,0,1,0,77,0,7,0,0
oracle,medium,4.0,10095,wipeout,0,1,0,81,0,7,0,0
oracle,medium,4.0,10096,wipeout,0,1,0,60,0,7,0,0
oracle,medium,4.0,10097,wipeout,0,1,0,52,0,5,0,0
oracle,medium,4.0,10098,wipeout,0,1,0,67,0,7,0,0
oracle,medium,4.0,10099,wipeout,0,1,0,74,0,5,0,0
oracle,medium,4.0,10100,wipeout,0,1,0,150,0,7,0,0
oracle,medium,4.0,10101,wipeout,0,1,0,93,0,5,0,0
oracle,medium,4.0,10102,wipeout,0,1,0,90,0,5,0,0
oracle,medium,4.0,10103,wipeout,0,1,0,95,0,5,0,0
oracle,medium,4.0,10104,wipeout,0,1,0,71,0,7,0,0
oracle,medium,4.0,10105,wipeout,0,1,0,90,0,7,0,0
oracle,medium,4.0,10106,wipeout,0,1,0,97,0,7,0,0
oracle,medium,4.0,10107,wipeout,0,1,0,69,0,7,0,0
oracle,medium,4.0,10108,wipeout,0,1,0,71,0,6,0,0
oracle,medium,4.0,10109,wipeout,0,1,0,80,0,4,0,0
oracle,medium,4.0,10110,wipeout,0,1,0,95,0,7,0,0
oracle,medium,4.0,10111,wipeout,0,1,0,73,0,7,0,0
oracle,medium,4.0,10112,wipeout,0,1,0,58,0,5,0,0
oracle,medium,4.0,10113,wipeout,0,1,0,56,0,6,0,0
oracle,medium,4.0,10114,wipeout,0,1,0,87,0,5,0,0
oracle,medium,4.0,10115,wipeout,0,1,0,93,0,5,0,0
oracle,medium,4.0,10116,wipeout,0,1,0,81,0,5,0,0
oracle,medium,4.0,10117,wipeout,0,1,0,83,0,7,0,0
oracle,medium,4.0,10118,wipeout,0,1,0,70,0,5,0,0
oracle,medium,4.0,10119,wipeout,0,1,0,88,0,5,0,0
oracle,medium,4.0,10120,wipeout,0,1,0,56,0,7,0,0
oracle,medium,4.0,10121,wipeout,0,1,0,98,0,3,0,0
oracle,medium,4.0,10122,wipeout,0,1,0,82,0,7,0,0
oracle,medium,4.0,10123,wipeout,0,1,0,60,0,7,0,0
oracle,medium,4.0,10124,wipeout,0,1,0,78,0,4,0,0
oracle,medium,4.0,10125,wipeout,0,1,0,59,0,7,0,0
oracle,medium,4.0,10126,wipeout,0,1,0,65,0,5,0,0
oracle,medium,4.0,10127,wipeout,0,1,0,84,0,6,0,0
oracle,medium,4.0,10128,wipeout,0,1,0,103,0,7,0,0
oracle,medium,4.0,10129,wipeout,0,1,0,108,0,7,0,0
oracle,medium,4.0,10130,wipeout,0,1,0,84,0,5,0,0
oracle,medium,4.0,10131,wipeout,0,1,0,61,0,7,0,0
oracle,medium,4.0,10132,wipeout,0,1,0,72,0,7,0,0
oracle,medium,4.0,10133,wipeout,0,1,0,76,0,5,0,0
oracle,medium,4.0,10134,wipeout,0,1,0,92,0,6,0,0
oracle,medium,4.0,10135,wipeout,0,1,0,133,0,7,0,0
oracle,medium,4.0,10136,wipeout,0,1,0,92,0,5,0,0
oracle,medium,4.0,10137,wipeout,0,1,0,103,0,7,0,0
oracle,medium,4.0,10138,wipeout,0,1,0,69,0,5,0,0
oracle,medium,4.0,10139,wipeout,0,1,0,97,0,7,0,0
oracle,medium,4.0,10140,wipeout,0,1,0,52,0,7,0,0
oracle,medium,4.0,10141,wipeout,0,1,0,79,0,7,0,0
oracle,medium,4.0,10142,wipeout,0,1,0,105,0,7,0,0
oracle,medium,4.0,10143,wipeout,0,1,0,71,0,7,0,0
oracle,medium,4.0,10144,wipeout,0,1,0,92,0,6,0,0
oracle,medium,4.0,10145,wipeout,0,1,0,78,0,5,0,0
oracle,medium,4.0,10146,wipeout,0,1,0,99,0,7,0,0
oracle,medium,4.0,10147,wipeout,0,1,0,80,0,7,0,0
oracle,medium,4.0,10148,wipeout,0,1,0,78,0,7,0,0
oracle,medium,4.0,10149,wipeout,0,1,0,149,0,7,0,0
oracle,medium,4.0,10150,wipeout,0,1,0,95,0,7,0,0
oracle,medium,4.0,10151,wipeout,0,1,0,98,0,6,0,0
oracle,medium,4.0,10152,wipeout,0,1,0,78,0,6,0,0
oracle,medium,4.0,10153,wipeout,0,1,0,99,0,6,0,0
oracle,medium,4.0,10154,wipeout,0,1,0,90,0,7,0,0
oracle,medium,4.0,10155,wipeout,0,1,0,94,0,7,0,0
oracle,medium,4.0,10156,wipeout,0,1,0,71,0,7,0,0
oracle,medium,4.0,10157,wipeout,0,1,0,87,0,7,0,0
oracle,medium,4.0,10158,wipeout,0,1,0,68,0,6,0,0
oracle,medium,4.0,10159,wipeout,0,1,0,68,0,7,0,0
oracle,medium,4.0,10160,wipeout,0,1,0,62,0,6,0,0
oracle,medium,4.0,10161,wipeout,0,1,0,86,0,7,0,0
oracle,medium,4.0,10162,wipeout,0,1,0,101,0,5,0,0
oracle,medium,4.0,10163,wipeout,0,1,0,93,0,7,0,0
oracle,medium,4.0,10164,wipeout,0,1,0,102,0,7,0,0
oracle,medium,4.0,10165,wipeout,0,1,0,95,0,5,0,0
oracle,medium,4.0,10166,wipeout,0,1,0,63,0,4,0,0
oracle,medium,4.0,10167,wipeout,0,1,0,111,0,7,0,0
oracle,medium,4.0,10168,wipeout,0,1,0,54,0,7,0,0
oracle,medium,4.0,10169,wipeout,0,1,0,91,0,4,0,0
oracle,medium,4.0,10170,wipeout,0,1,0,59,0,7,0,0
oracle,medium,4.0,10171,wipeout,0,1,0,76,0,6,0,0
oracle,medium,4.0,10172,wipeout,0,1,0,97,0,5,0,0
oracle,medium,4.0,10173,wipeout,0,1,0,59,0,6,0,0
oracle,medium,4.0,10174,wipeout,0,1,0,78,0,5,0,0
oracle,medium,4.0,10175,wipeout,0,1,0,65,0,7,0,0
oracle,medium,4.0,10176,wipeout,0,1,0,87,0,5,0,0
oracle,medium,4.0,10177,wipeout,0,1,0,62,0,6,0,0
oracle,medium,4.0,10178,wipeout,0,1,0,89,0,4,0,0
oracle,medium,4.0,10179,wipeout,0,1,0,69,0,6,0,0
oracle,medium,4.0,10180,wipeout,0,1,0,80,0,5,0,0
oracle,medium,4.0,10181,wipeout,0,1,0,62,0,7,0,0
oracle,medium,4.0,10182,wipeout,0,1,0,86,0,6,0,0
oracle,medium,4.0,10183,wipeout,0,1,0,91,0,7,0,0
oracle,medium,4.0,10184,wipeout,0,1,0,78,0,5,0,0
oracle,medium,4.0,10185,wipeout,0,1,0,92,0,7,0,0
oracle,medium,4.0,10186,wipeout,0,1,0,74,0,5,0,0
oracle,medium,4.0,10187,wipeout,0,1,0,79,0,7,0,0
oracle,medium,4.0,10188,wipeout,0,1,0,117,0,7,0,0
oracle,medium,4.0,10189,wipeout,0,1,0,64,0,5,0,0
oracle,medium,4.0,10190,wipeout,0,1,0,118,0,6,0,0
oracle,medium,4.0,10191,wipeout,0,1,0,91,0,7,0,0
oracle,medium,4.0,10192,wipeout,0,1,0,80,0,7,0,0
oracle,medium,4.0,10193,wipeout,0,1,0,82,0,7,0,0
oracle,medium,4.0,10194,success,1,0,0,199,1,7,0,0
oracle,medium,4.0,10195,wipeout,0,1,0,127,0,7,0,0
oracle,medium,4.0,10196,wipeout,0,1,0,76,0,7,0,0
oracle,medium,4.0,10197,wipeout,0,1,0,48,0,7,0,0
oracle,medium,4.0,10198,wipeout,0,1,0,82,0,5,0,0
oracle,medium,4.0,10199,wipeout,0,1,0,70,0,6,0,0
oracle,medium,4.0,10200,wipeout,0,1,0,62,0,7,0,0
oracle,medium,4.0,10201,wipeout,0,1,0,84,0,4,0,0
oracle,medium,4.0,10202,wipeout,0,1,0,84,0,7,0,0
oracle,medium,4.0,10203,wipeout,0,1,0,51,0,7,0,0
oracle,medium,4.0,10204,success,1,0,0,197,1,7,0,0
oracle,medium,4.0,10205,wipeout,0,1,0,85,0,5,0,0
oracle,medium,4.0,10206,wipeout,0,1,0,95,0,7,0,0
oracle,medium,4.0,10207,wipeout,0,1,0,66,0,7,0,0
oracle,medium,4.0,10208,wipeout,0,1,0,63,0,6,0,0
oracle,medium,4.0,10209,wipeout,0,1,0,63,0,5,0,0
oracle,medium,4.0,10210,wipeout,0,1,0,119,0,6,0,0
oracle,medium,4.0,10211,wipeout,0,1,0,101,0,4,0,0
oracle,medium,4.0,10212,wipeout,0,1,0,88,0,4,0,0
oracle,medium,4.0,10213,wipeout,0,1,0,67,0,4,0,0
oracle,medium,4.0,10214,wipeout,0,1,0,91,0,4,0,0
oracle,medium,4.0,10215,wipeout,0,1,0,80,0,7,0,0
oracle,medium,4.0,10216,wipeout,0,1,0,93,0,7,0,0
oracle,medium,4.0,10217,wipeout,0,1,0,102,0,7,0,0
oracle,medium,4.0,10218,wipeout,0,1,0,76,0,5,0,0
oracle,medium,4.0,10219,wipeout,0,1,0,123,0,7,0,0
oracle,medium,4.0,10220,wipeout,0,1,0,94,0,4,0,0
oracle,medium,4.0,10221,wipeout,0,1,0,92,0,5,0,0
oracle,medium,4.0,10222,wipeout,0,1,0,52,0,7,0,0
oracle,medium,4.0,10223,wipeout,0,1,0,79,0,7,0,0
oracle,medium,4.0,10224,wipeout,0,1,0,130,0,7,0,0
oracle,medium,4.0,10225,wipeout,0,1,0,57,0,5,0,0
oracle,medium,4.0,10226,wipeout,0,1,0,102,0,7,0,0
oracle,medium,4.0,10227,wipeout,0,1,0,84,0,7,0,0
oracle,medium,4.0,10228,wipeout,0,1,0,95,0,6,0,0
oracle,medium,4.0,10229,wipeout,0,1,0,108,0,7,0,0
oracle,medium,4.0,10230,wipeout,0,1,0,56,0,7,0,0
oracle,medium,4.0,10231,wipeout,0,1,0,80,0,7,0,0
oracle,medium,4.0,10232,wipeout,0,1,0,65,0,7,0,0
oracle,medium,4.0,10233,wipeout,0,1,0,63,0,6,0,0
oracle,medium,4.0,10234,wipeout,0,1,0,81,0,7,0,0
oracle,medium,4.0,10235,wipeout,0,1,0,135,0,7,0,0
oracle,medium,4.0,10236,wipeout,0,1,0,82,0,7,0,0
oracle,medium,4.0,10237,wipeout,0,1,0,86,0,6,0,0
oracle,medium,4.0,10238,wipeout,0,1,0,103,0,4,0,0
oracle,medium,4.0,10239,wipeout,0,1,0,69,0,7,0,0
oracle,medium,4.0,10240,wipeout,0,1,0,74,0,5,0,0
oracle,medium,4.0,10241,wipeout,0,1,0,83,0,7,0,0
oracle,medium,4.0,10242,wipeout,0,1,0,73,0,6,0,0
oracle,medium,4.0,10243,wipeout,0,1,0,99,0,7,0,0
oracle,medium,4.0,10244,wipeout,0,1,0,88,0,7,0,0
oracle,medium,4.0,10245,wipeout,0,1,0,70,0,5,0,0
oracle,medium,4.0,10246,wipeout,0,1,0,88,0,7,0,0
oracle,medium,4.0,10247,wipeout,0,1,0,105,0,7,0,0
oracle,medium,4.0,10248,wipeout,0,1,0,108,0,7,0,0
oracle,medium,4.0,10249,wipeout,0,1,0,45,0,7,0,0
oracle,medium,4.0,10250,wipeout,0,1,0,72,0,7,0,0
oracle,medium,4.0,10251,wipeout,0,1,0,103,0,7,0,0
oracle,medium,4.0,10252,wipeout,0,1,0,80,0,7,0,0
oracle,medium,4.0,10253,wipeout,0,1,0,104,0,6,0,0
oracle,medium,4.0,10254,wipeout,0,1,0,108,0,5,0,0
oracle,medium,4.0,10255,wipeout,0,1,0,90,0,6,0,0
oracle,medium,4.0,10256,wipeout,0,1,0,53,0,6,0,0
oracle,medium,4.0,10257,wipeout,0,1,0,93,0,5,0,0
oracle,medium,4.0,10258,wipeout,0,1,0,88,0,6,0,0
oracle,medium,4.0,10259,wipeout,0,1,0,110,0,4,0,0
oracle,medium,4.0,10260,wipeout,0,1,0,98,0,6,0,0
oracle,medium,4.0,10261,wipeout,0,1,0,122,0,7,0,0
oracle,medium,4.0,10262,wipeout,0,1,0,63,0,5,0,0
oracle,medium,4.0,10263,wipeout,0,1,0,69,0,7,0,0
oracle,medium,4.0,10264,wipeout,0,1,0,66,0,7,0,0
oracle,medium,4.0,10265,wipeout,0,1,0,69,0,5,0,0
oracle,medium,4.0,10266,wipeout,0,1,0,67,0,5,0,0
oracle,medium,4.0,10267,wipeout,0,1,0,94,0,5,0,0
oracle,medium,4.0,10268,wipeout,0,1,0,65,0,7,0,0
oracle,medium,4.0,10269,wipeout,0,1,0,91,0,7,0,0
oracle,medium,4.0,10270,wipeout,0,1,0,90,0,6,0,0
oracle,medium,4.0,10271,wipeout,0,1,0,64,0,7,0,0
oracle,medium,4.0,10272,wipeout,0,1,0,78,0,5,0,0
oracle,medium,4.0,10273,wipeout,0,1,0,97,0,7,0,0
oracle,medium,4.0,10274,wipeout,0,1,0,70,0,6,0,0
oracle,medium,4.0,10275,wipeout,0,1,0,122,0,7,0,0
oracle,medium,4.0,10276,wipeout,0,1,0,126,0,7,0,0
oracle,medium,4.0,10277,wipeout,0,1,0,90,0,5,0,0
oracle,medium,4.0,10278,wipeout,0,1,0,78,0,7,0,0
oracle,medium,4.0,10279,wipeout,0,1,0,66,0,7,0,0
oracle,medium,4.0,10280,success,1,0,0,124,1,7,0,0
oracle,medium,4.0,10281,wipeout,0,1,0,89,0,7,0,0
oracle,medium,4.0,10282,wipeout,0,1,0,91,0,5,0,0
oracle,medium,4.0,10283,wipeout,0,1,0,98,0,4,0,0
oracle,medium,4.0,10284,wipeout,0,1,0,90,0,7,0,0
oracle,medium,4.0,10285,wipeout,0,1,0,123,0,7,0,0
oracle,medium,4.0,10286,wipeout,0,1,0,94,0,7,0,0
oracle,medium,4.0,10287,wipeout,0,1,0,77,0,5,0,0
oracle,medium,4.0,10288,wipeout,0,1,0,87,0,7,0,0
oracle,medium,4.0,10289,wipeout,0,1,0,99,0,7,0,0
oracle,medium,4.0,10290,success,1,0,0,169,1,7,0,0
oracle,medium,4.0,10291,success,1,0,0,103,1,7,0,0
oracle,medium,4.0,10292,wipeout,0,1,0,97,0,5,0,0
oracle,medium,4.0,10293,wipeout,0,1,0,93,0,4,0,0
oracle,medium,4.0,10294,wipeout,0,1,0,110,0,7,0,0
oracle,medium,4.0,10295,wipeout,0,1,0,76,0,6,0,0
oracle,medium,4.0,10296,wipeout,0,1,0,81,0,6,0,0
oracle,medium,4.0,10297,wipeout,0,1,0,79,0,7,0,0
oracle,medium,4.0,10298,wipeout,0,1,0,51,0,5,0,0
oracle,medium,4.0,10299,wipeout,0,1,0,60,0,7,0,0
oracle,medium,4.0,10300,wipeout,0,1,0,64,0,7,0,0
oracle,medium,4.0,10301,wipeout,0,1,0,83,0,5,0,0
oracle,medium,4.0,10302,wipeout,0,1,0,63,0,5,0,0
oracle,medium,4.0,10303,wipeout,0,1,0,68,0,6,0,0
oracle,medium,4.0,10304,wipeout,0,1,0,74,0,7,0,0
oracle,medium,4.0,10305,wipeout,0,1,0,76,0,5,0,0
oracle,medium,4.0,10306,wipeout,0,1,0,97,0,5,0,0
oracle,medium,4.0,10307,wipeout,0,1,0,78,0,7,0,0
oracle,medium,4.0,10308,wipeout,0,1,0,97,0,7,0,0
oracle,medium,4.0,10309,wipeout,0,1,0,100,0,5,0,0
oracle,medium,4.0,10310,wipeout,0,1,0,72,0,7,0,0
oracle,medium,4.0,10311,wipeout,0,1,0,94,0,6,0,0
oracle,medium,4.0,10312,wipeout,0,1,0,92,0,6,0,0
oracle,medium,4.0,10313,wipeout,0,1,0,80,0,7,0,0
oracle,medium,4.0,10314,wipeout,0,1,0,79,0,4,0,0
oracle,medium,4.0,10315,wipeout,0,1,0,69,0,7,0,0
oracle,medium,4.0,10316,wipeout,0,1,0,111,0,7,0,0
oracle,medium,4.0,10317,wipeout,0,1,0,54,0,7,0,0
oracle,medium,4.0,10318,wipeout,0,1,0,92,0,7,0,0
oracle,medium,4.0,10319,wipeout,0,1,0,83,0,5,0,0
oracle,medium,4.0,10320,wipeout,0,1,0,66,0,7,0,0
oracle,medium,4.0,10321,wipeout,0,1,0,64,0,6,0,0
oracle,medium,4.0,10322,wipeout,0,1,0,42,0,5,0,0
oracle,medium,4.0,10323,wipeout,0,1,0,115,0,5,0,0
oracle,medium,4.0,10324,wipeout,0,1,0,105,0,5,0,0
oracle,medium,4.0,10325,wipeout,0,1,0,152,0,7,0,0
oracle,medium,4.0,10326,wipeout,0,1,0,65,0,6,0,0
oracle,medium,4.0,10327,wipeout,0,1,0,92,0,5,0,0
oracle,medium,4.0,10328,wipeout,0,1,0,64,0,7,0,0
oracle,medium,4.0,10329,wipeout,0,1,0,73,0,7,0,0
oracle,medium,4.0,10330,wipeout,0,1,0,111,0,6,0,0
oracle,medium,4.0,10331,wipeout,0,1,0,93,0,5,0,0
oracle,medium,4.0,10332,wipeout,0,1,0,96,0,5,0,0
oracle,medium,4.0,10333,wipeout,0,1,0,88,0,7,0,0
oracle,medium,4.0,10334,wipeout,0,1,0,68,0,7,0,0
oracle,medium,4.0,10335,wipeout,0,1,0,68,0,5,0,0
oracle,medium,4.0,10336,wipeout,0,1,0,84,0,7,0,0
oracle,medium,4.0,10337,wipeout,0,1,0,83,0,7,0,0
oracle,medium,4.0,10338,wipeout,0,1,0,55,0,5,0,0
oracle,medium,4.0,10339,wipeout,0,1,0,93,0,6,0,0
oracle,medium,4.0,10340,wipeout,0,1,0,94,0,7,0,0
oracle,medium,4.0,10341,wipeout,0,1,0,77,0,5,0,0
oracle,medium,4.0,10342,wipeout,0,1,0,77,0,7,0,0
oracle,medium,4.0,10343,wipeout,0,1,0,81,0,6,0,0
oracle,medium,4.0,10344,wipeout,0,1,0,130,0,7,0,0
oracle,medium,4.0,10345,wipeout,0,1,0,104,0,4,0,0
oracle,medium,4.0,10346,wipeout,0,1,0,65,0,5,0,0
oracle,medium,4.0,10347,wipeout,0,1,0,107,0,7,0,0
oracle,medium,4.0,10348,wipeout,0,1,0,91,0,7,0,0
oracle,medium,4.0,10349,wipeout,0,1,0,58,0,6,0,0
oracle,medium,4.0,10350,wipeout,0,1,0,98,0,7,0,0
oracle,medium,4.0,10351,wipeout,0,1,0,75,0,7,0,0
oracle,medium,4.0,10352,wipeout,0,1,0,44,0,6,0,0
oracle,medium,4.0,10353,wipeout,0,1,0,69,0,7,0,0
oracle,medium,4.0,10354,wipeout,0,1,0,65,0,7,0,0
oracle,medium,4.0,10355,wipeout,0,1,0,76,0,6,0,0
oracle,medium,4.0,10356,wipeout,0,1,0,63,0,6,0,0
oracle,medium,4.0,10357,wipeout,0,1,0,94,0,7,0,0
oracle,medium,4.0,10358,wipeout,0,1,0,86,0,5,0,0
oracle,medium,4.0,10359,wipeout,0,1,0,60,0,5,0,0
oracle,medium,4.0,10360,wipeout,0,1,0,105,0,7,0,0
oracle,medium,4.0,10361,wipeout,0,1,0,67,0,5,0,0
oracle,medium,4.0,10362,wipeout,0,1,0,72,0,4,0,0
oracle,medium,4.0,10363,wipeout,0,1,0,105,0,4,0,0
oracle,medium,4.0,10364,wipeout,0,1,0,106,0,6,0,0
oracle,medium,4.0,10365,wipeout,0,1,0,108,0,5,0,0
oracle,medium,4.0,10366,wipeout,0,1,0,78,0,5,0,0
oracle,medium,4.0,10367,wipeout,0,1,0,61,0,5,0,0
oracle,medium,4.0,10368,wipeout,0,1,0,93,0,6,0,0
oracle,medium,4.0,10369,wipeout,0,1,0,69,0,7,0,0
oracle,medium,4.0,10370,wipeout,0,1,0,87,0,5,0,0
oracle,medium,4.0,10371,wipeout,0,1,0,67,0,5,0,0
oracle,medium,4.0,10372,wipeout,0,1,0,77,0,7,0,0
oracle,medium,4.0,10373,wipeout,0,1,0,104,0,5,0,0
oracle,medium,4.0,10374,wipeout,0,1,0,92,0,5,0,0
oracle,medium,4.0,10375,wipeout,0,1,0,89,0,5,0,0
oracle,medium,4.0,10376,wipeout,0,1,0,70,0,7,0,0
oracle,medium,4.0,10377,wipeout,0,1,0,84,0,5,0,0
oracle,medium,4.0,10378,wipeout,0,1,0,76,0,5,0,0
oracle,medium,4.0,10379,wipeout,0,1,0,89,0,6,0,0
oracle,medium,4.0,10380,wipeout,0,1,0,98,0,5,0,0
oracle,medium,4.0,10381,wipeout,0,1,0,104,0,7,0,0
oracle,medium,4.0,10382,wipeout,0,1,0,87,0,5,0,0
oracle,medium,4.0,10383,wipeout,0,1,0,64,0,7,0,0
oracle,medium,4.0,10384,wipeout,0,1,0,69,0,6,0,0
oracle,medium,4.0,10385,wipeout,0,1,0,55,0,7,0,0
oracle,medium,4.0,10386,wipeout,0,1,0,56,0,7,0,0
oracle,medium,4.0,10387,wipeout,0,1,0,79,0,7,0,0
oracle,medium,4.0,10388,wipeout,0,1,0,77,0,6,0,0
oracle,medium,4.0,10389,wipeout,0,1,0,92,0,6,0,0
oracle,medium,4.0,10390,wipeout,0,1,0,61,0,6,0,0
oracle,medium,4.0,10391,wipeout,0,1,0,101,0,7,0,0
oracle,medium,4.0,10392,wipeout,0,1,0,108,0,7,0,0
oracle,medium,4.0,10393,wipeout,0,1,0,69,0,5,0,0
oracle,medium,4.0,10394,wipeout,0,1,0,83,0,7,0,0
oracle,medium,4.0,10395,wipeout,0,1,0,85,0,7,0,0
oracle,medium,4.0,10396,wipeout,0,1,0,106,0,7,0,0
oracle,medium,4.0,10397,wipeout,0,1,0,80,0,7,0,0
oracle,medium,4.0,10398,wipeout,0,1,0,80,0,6,0,0
oracle,medium,4.0,10399,wipeout,0,1,0,79,0,5,0,0
oracle,medium,4.0,10400,wipeout,0,1,0,68,0,5,0,0
oracle,medium,4.0,10401,wipeout,0,1,0,61,0,5,0,0
oracle,medium,4.0,10402,wipeout,0,1,0,100,0,6,0,0
oracle,medium,4.0,10403,wipeout,0,1,0,114,0,7,0,0
oracle,medium,4.0,10404,wipeout,0,1,0,66,0,5,0,0
oracle,medium,4.0,10405,wipeout,0,1,0,67,0,7,0,0
oracle,medium,4.0,10406,wipeout,0,1,0,69,0,6,0,0
oracle,medium,4.0,10407,wipeout,0,1,0,86,0,6,0,0
oracle,medium,4.0,10408,wipeout,0,1,0,114,0,4,0,0
oracle,medium,4.0,10409,wipeout,0,1,0,109,0,7,0,0
oracle,medium,4.0,10410,wipeout,0,1,0,95,0,7,0,0
oracle,medium,4.0,10411,wipeout,0,1,0,101,0,7,0,0
oracle,medium,4.0,10412,wipeout,0,1,0,93,0,5,0,0
oracle,medium,4.0,10413,wipeout,0,1,0,67,0,7,0,0
oracle,medium,4.0,10414,wipeout,0,1,0,74,0,7,0,0
oracle,medium,4.0,10415,wipeout,0,1,0,157,0,7,0,0
oracle,medium,4.0,10416,wipeout,0,1,0,93,0,7,0,0
oracle,medium,4.0,10417,wipeout,0,1,0,69,0,7,0,0
oracle,medium,4.0,10418,wipeout,0,1,0,122,0,6,0,0
oracle,medium,4.0,10419,wipeout,0,1,0,81,0,5,0,0
oracle,medium,4.0,10420,wipeout,0,1,0,76,0,5,0,0
oracle,medium,4.0,10421,wipeout,0,1,0,86,0,4,0,0
oracle,medium,4.0,10422,wipeout,0,1,0,118,0,7,0,0
oracle,medium,4.0,10423,wipeout,0,1,0,96,0,4,0,0
oracle,medium,4.0,10424,wipeout,0,1,0,44,0,6,0,0
oracle,medium,4.0,10425,wipeout,0,1,0,107,0,7,0,0
oracle,medium,4.0,10426,wipeout,0,1,0,56,0,5,0,0
oracle,medium,4.0,10427,wipeout,0,1,0,78,0,5,0,0
oracle,medium,4.0,10428,wipeout,0,1,0,78,0,6,0,0
oracle,medium,4.0,10429,wipeout,0,1,0,97,0,6,0,0
oracle,medium,4.0,10430,wipeout,0,1,0,113,0,7,0,0
oracle,medium,4.0,10431,wipeout,0,1,0,80,0,6,0,0
oracle,medium,4.0,10432,wipeout,0,1,0,86,0,6,0,0
oracle,medium,4.0,10433,wipeout,0,1,0,101,0,6,0,0
oracle,medium,4.0,10434,wipeout,0,1,0,93,0,7,0,0
oracle,medium,4.0,10435,wipeout,0,1,0,83,0,7,0,0
oracle,medium,4.0,10436,wipeout,0,1,0,50,0,7,0,0
oracle,medium,4.0,10437,wipeout,0,1,0,75,0,7,0,0
oracle,medium,4.0,10438,wipeout,0,1,0,69,0,7,0,0
oracle,medium,4.0,10439,wipeout,0,1,0,94,0,4,0,0
oracle,medium,4.0,10440,wipeout,0,1,0,90,0,5,0,0
oracle,medium,4.0,10441,wipeout,0,1,0,91,0,5,0,0
oracle,medium,4.0,10442,wipeout,0,1,0,53,0,4,0,0
oracle,medium,4.0,10443,wipeout,0,1,0,74,0,7,0,0
oracle,medium,4.0,10444,wipeout,0,1,0,94,0,7,0,0
oracle,medium,4.0,10445,wipeout,0,1,0,89,0,7,0,0
oracle,medium,4.0,10446,wipeout,0,1,0,64,0,7,0,0
oracle,medium,4.0,10447,wipeout,0,1,0,86,0,7,0,0
oracle,medium,4.0,10448,wipeout,0,1,0,52,0,7,0,0
oracle,medium,4.0,10449,wipeout,0,1,0,95,0,7,0,0
oracle,medium,4.0,10450,wipeout,0,1,0,92,0,7,0,0
oracle,medium,4.0,10451,wipeout,0,1,0,97,0,6,0,0
oracle,medium,4.0,10452,wipeout,0,1,0,106,0,5,0,0
oracle,medium,4.0,10453,wipeout,0,1,0,74,0,5,0,0
oracle,medium,4.0,10454,wipeout,0,1,0,92,0,5,0,0
oracle,medium,4.0,10455,wipeout,0,1,0,79,0,7,0,0
oracle,medium,4.0,10456,wipeout,0,1,0,100,0,7,0,0
oracle,medium,4.0,10457,wipeout,0,1,0,84,0,4,0,0
oracle,medium,4.0,10458,wipeout,0,1,0,95,0,7,0,0
oracle,medium,4.0,10459,wipeout,0,1,0,90,0,7,0,0
oracle,medium,4.0,10460,wipeout,0,1,0,100,0,7,0,0
oracle,medium,4.0,10461,wipeout,0,1,0,131,0,7,0,0
oracle,medium,4.0,10462,wipeout,0,1,0,53,0,5,0,0
oracle,medium,4.0,10463,wipeout,0,1,0,92,0,5,0,0
oracle,medium,4.0,10464,wipeout,0,1,0,103,0,7,0,0
oracle,medium,4.0,10465,wipeout,0,1,0,80,0,5,0,0
oracle,medium,4.0,10466,wipeout,0,1,0,91,0,6,0,0
oracle,medium,4.0,10467,wipeout,0,1,0,75,0,7,0,0
oracle,medium,4.0,10468,wipeout,0,1,0,78,0,6,0,0
oracle,medium,4.0,10469,wipeout,0,1,0,79,0,7,0,0
oracle,medium,4.0,10470,wipeout,0,1,0,55,0,7,0,0
oracle,medium,4.0,10471,wipeout,0,1,0,95,0,5,0,0
oracle,medium,4.0,10472,wipeout,0,1,0,47,0,6,0,0
oracle,medium,4.0,10473,wipeout,0,1,0,113,0,7,0,0
oracle,medium,4.0,10474,wipeout,0,1,0,68,0,6,0,0
oracle,medium,4.0,10475,wipeout,0,1,0,81,0,6,0,0
oracle,medium,4.0,10476,wipeout,0,1,0,58,0,7,0,0
oracle,medium,4.0,10477,wipeout,0,1,0,70,0,5,0,0
oracle,medium,4.0,10478,wipeout,0,1,0,57,0,6,0,0
oracle,medium,4.0,10479,wipeout,0,1,0,96,0,7,0,0
oracle,medium,4.0,10480,wipeout,0,1,0,38,0,6,0,0
oracle,medium,4.0,10481,wipeout,0,1,0,53,0,5,0,0
oracle,medium,4.0,10482,wipeout,0,1,0,100,0,5,0,0
oracle,medium,4.0,10483,wipeout,0,1,0,90,0,6,0,0
oracle,medium,4.0,10484,wipeout,0,1,0,88,0,7,0,0
oracle,medium,4.0,10485,wipeout,0,1,0,111,0,6,0,0
oracle,medium,4.0,10486,wipeout,0,1,0,73,0,7,0,0
oracle,medium,4.0,10487,wipeout,0,1,0,101,0,6,0,0
oracle,medium,4.0,10488,wipeout,0,1,0,127,0,7,0,0
oracle,medium,4.0,10489,wipeout,0,1,0,77,0,6,0,0
oracle,medium,4.0,10490,wipeout,0,1,0,92,0,7,0,0
oracle,medium,4.0,10491,wipeout,0,1,0,81,0,7,0,0
oracle,medium,4.0,10492,wipeout,0,1,0,93,0,5,0,0
oracle,medium,4.0,10493,wipeout,0,1,0,131,0,7,0,0
oracle,medium,4.0,10494,success,1,0,0,195,1,7,0,0
oracle,medium,4.0,10495,wipeout,0,1,0,76,0,6,0,0
oracle,medium,4.0,10496,wipeout,0,1,0,52,0,5,0,0
oracle,medium,4.0,10497,wipeout,0,1,0,68,0,5,0,0
oracle,medium,4.0,10498,wipeout,0,1,0,62,0,7,0,0
oracle,medium,4.0,10499,wipeout,0,1,0,91,0,5,0,0
lone_entry,medium,4.0,10000,wipeout,0,1,0,86,0,7,0,0
lone_entry,medium,4.0,10001,wipeout,0,1,0,100,0,6,0,0
lone_entry,medium,4.0,10002,wipeout,0,1,0,95,0,7,0,0
lone_entry,medium,4.0,10003,wipeout,0,1,0,86,0,6,0,0
lone_entry,medium,4.0,10004,wipeout,0,1,0,88,0,6,0,0
lone_entry,medium,4.0,10005,wipeout,0,1,0,64,0,5,0,0
lone_entry,medium,4.0,10006,wipeout,0,1,0,83,0,7,0,0
lone_entry,medium,4.0,10007,wipeout,0,1,0,105,0,5,0,0
lone_entry,medium,4.0,10008,wipeout,0,1,0,84,0,4,0,0
lone_entry,medium,4.0,10009,wipeout,0,1,0,114,0,6,0,0
lone_entry,medium,4.0,10010,wipeout,0,1,0,71,0,6,0,0
lone_entry,medium,4.0,10011,wipeout,0,1,0,62,0,7,0,0
lone_entry,medium,4.0,10012,wipeout,0,1,0,71,0,7,0,0
lone_entry,medium,4.0,10013,wipeout,0,1,0,95,0,6,0,0
lone_entry,medium,4.0,10014,wipeout,0,1,0,106,0,7,0,0
lone_entry,medium,4.0,10015,wipeout,0,1,0,107,0,6,0,0
lone_entry,medium,4.0,10016,wipeout,0,1,0,88,0,7,0,0
lone_entry,medium,4.0,10017,wipeout,0,1,0,64,0,5,0,0
lone_entry,medium,4.0,10018,wipeout,0,1,0,73,0,6,0,0
lone_entry,medium,4.0,10019,wipeout,0,1,0,95,0,5,0,0
lone_entry,medium,4.0,10020,trapped_inside,0,0,0,400,1,7,0,1
lone_entry,medium,4.0,10021,wipeout,0,1,0,95,0,5,0,0
lone_entry,medium,4.0,10022,wipeout,0,1,0,39,0,5,0,0
lone_entry,medium,4.0,10023,wipeout,0,1,0,103,0,7,0,0
lone_entry,medium,4.0,10024,wipeout,0,1,0,112,0,7,0,0
lone_entry,medium,4.0,10025,wipeout,0,1,0,88,0,5,0,0
lone_entry,medium,4.0,10026,wipeout,0,1,0,110,0,7,0,0
lone_entry,medium,4.0,10027,wipeout,0,1,0,104,0,5,0,0
lone_entry,medium,4.0,10028,wipeout,0,1,0,71,0,5,0,0
lone_entry,medium,4.0,10029,wipeout,0,1,0,102,0,7,0,0
lone_entry,medium,4.0,10030,wipeout,0,1,0,86,0,5,0,0
lone_entry,medium,4.0,10031,wipeout,0,1,0,95,0,7,0,0
lone_entry,medium,4.0,10032,wipeout,0,1,0,80,0,5,0,0
lone_entry,medium,4.0,10033,wipeout,0,1,0,59,0,5,0,0
lone_entry,medium,4.0,10034,wipeout,0,1,0,95,0,5,0,0
lone_entry,medium,4.0,10035,wipeout,0,1,0,54,0,7,0,0
lone_entry,medium,4.0,10036,wipeout,0,1,0,91,0,6,0,0
lone_entry,medium,4.0,10037,wipeout,0,1,0,49,0,4,0,0
lone_entry,medium,4.0,10038,wipeout,0,1,0,80,0,5,0,0
lone_entry,medium,4.0,10039,wipeout,0,1,0,82,0,4,0,0
lone_entry,medium,4.0,10040,wipeout,0,1,0,84,0,7,0,0
lone_entry,medium,4.0,10041,wipeout,0,1,0,66,0,6,0,0
lone_entry,medium,4.0,10042,wipeout,0,1,0,95,0,6,0,0
lone_entry,medium,4.0,10043,wipeout,0,1,0,78,0,7,0,0
lone_entry,medium,4.0,10044,trapped_inside,0,0,0,400,1,7,0,1
lone_entry,medium,4.0,10045,wipeout,0,1,0,88,0,5,0,0
lone_entry,medium,4.0,10046,wipeout,0,1,0,100,0,5,0,0
lone_entry,medium,4.0,10047,trapped_inside,0,0,0,400,1,7,0,1
lone_entry,medium,4.0,10048,wipeout,0,1,0,91,0,7,0,0
lone_entry,medium,4.0,10049,wipeout,0,1,0,124,0,7,0,0
lone_entry,medium,4.0,10050,wipeout,0,1,0,69,0,6,0,0
lone_entry,medium,4.0,10051,wipeout,0,1,0,57,0,5,0,0
lone_entry,medium,4.0,10052,success,1,0,0,151,1,7,0,0
lone_entry,medium,4.0,10053,wipeout,0,1,0,100,0,5,0,0
lone_entry,medium,4.0,10054,wipeout,0,1,0,92,0,5,0,0
lone_entry,medium,4.0,10055,wipeout,0,1,0,47,0,5,0,0
lone_entry,medium,4.0,10056,trapped_inside,0,0,0,400,1,7,0,1
lone_entry,medium,4.0,10057,wipeout,0,1,0,59,0,7,0,0
lone_entry,medium,4.0,10058,wipeout,0,1,0,88,0,6,0,0
lone_entry,medium,4.0,10059,wipeout,0,1,0,61,0,5,0,0
lone_entry,medium,4.0,10060,wipeout,0,1,0,63,0,5,0,0
lone_entry,medium,4.0,10061,wipeout,0,1,0,60,0,4,0,0
lone_entry,medium,4.0,10062,wipeout,0,1,0,81,0,5,0,0
lone_entry,medium,4.0,10063,wipeout,0,1,0,92,0,5,0,0
lone_entry,medium,4.0,10064,wipeout,0,1,0,87,0,6,0,0
lone_entry,medium,4.0,10065,wipeout,0,1,0,110,0,6,0,0
lone_entry,medium,4.0,10066,trapped_inside,0,0,0,400,1,7,0,1
lone_entry,medium,4.0,10067,wipeout,0,1,0,64,0,7,0,0
lone_entry,medium,4.0,10068,trapped_inside,0,0,0,400,1,7,0,1
lone_entry,medium,4.0,10069,wipeout,0,1,0,84,0,6,0,0
lone_entry,medium,4.0,10070,wipeout,0,1,0,91,0,4,0,0
lone_entry,medium,4.0,10071,wipeout,0,1,0,124,0,7,0,0
lone_entry,medium,4.0,10072,wipeout,0,1,0,102,0,7,0,0
lone_entry,medium,4.0,10073,wipeout,0,1,0,73,0,7,0,0
lone_entry,medium,4.0,10074,wipeout,0,1,0,134,0,7,0,0
lone_entry,medium,4.0,10075,wipeout,0,1,0,74,0,4,0,0
lone_entry,medium,4.0,10076,wipeout,0,1,0,81,0,7,0,0
lone_entry,medium,4.0,10077,wipeout,0,1,0,40,0,5,0,0
lone_entry,medium,4.0,10078,wipeout,0,1,0,84,0,7,0,0
lone_entry,medium,4.0,10079,wipeout,0,1,0,106,0,5,0,0
lone_entry,medium,4.0,10080,wipeout,0,1,0,54,0,5,0,0
lone_entry,medium,4.0,10081,wipeout,0,1,0,72,0,5,0,0
lone_entry,medium,4.0,10082,wipeout,0,1,0,74,0,5,0,0
lone_entry,medium,4.0,10083,wipeout,0,1,0,49,0,5,0,0
lone_entry,medium,4.0,10084,wipeout,0,1,0,63,0,7,0,0
lone_entry,medium,4.0,10085,wipeout,0,1,0,70,0,7,0,0
lone_entry,medium,4.0,10086,wipeout,0,1,0,100,0,7,0,0
lone_entry,medium,4.0,10087,wipeout,0,1,0,69,0,4,0,0
lone_entry,medium,4.0,10088,wipeout,0,1,0,107,0,7,0,0
lone_entry,medium,4.0,10089,wipeout,0,1,0,112,0,4,0,0
lone_entry,medium,4.0,10090,wipeout,0,1,0,91,0,6,0,0
lone_entry,medium,4.0,10091,wipeout,0,1,0,73,0,7,0,0
lone_entry,medium,4.0,10092,wipeout,0,1,0,65,0,6,0,0
lone_entry,medium,4.0,10093,wipeout,0,1,0,65,0,5,0,0
lone_entry,medium,4.0,10094,wipeout,0,1,0,113,0,7,0,0
lone_entry,medium,4.0,10095,trapped_inside,0,0,0,400,1,7,0,1
lone_entry,medium,4.0,10096,wipeout,0,1,0,62,0,7,0,0
lone_entry,medium,4.0,10097,wipeout,0,1,0,52,0,5,0,0
lone_entry,medium,4.0,10098,wipeout,0,1,0,67,0,7,0,0
lone_entry,medium,4.0,10099,wipeout,0,1,0,74,0,5,0,0
lone_entry,medium,4.0,10100,wipeout,0,1,0,150,0,7,0,0
lone_entry,medium,4.0,10101,wipeout,0,1,0,93,0,5,0,0
lone_entry,medium,4.0,10102,wipeout,0,1,0,90,0,5,0,0
lone_entry,medium,4.0,10103,wipeout,0,1,0,95,0,5,0,0
lone_entry,medium,4.0,10104,wipeout,0,1,0,71,0,7,0,0
lone_entry,medium,4.0,10105,wipeout,0,1,0,90,0,7,0,0
lone_entry,medium,4.0,10106,wipeout,0,1,0,97,0,7,0,0
lone_entry,medium,4.0,10107,wipeout,0,1,0,69,0,7,0,0
lone_entry,medium,4.0,10108,wipeout,0,1,0,71,0,6,0,0
lone_entry,medium,4.0,10109,wipeout,0,1,0,80,0,4,0,0
lone_entry,medium,4.0,10110,wipeout,0,1,0,95,0,7,0,0
lone_entry,medium,4.0,10111,trapped_inside,0,0,0,400,1,7,0,1
lone_entry,medium,4.0,10112,wipeout,0,1,0,58,0,5,0,0
lone_entry,medium,4.0,10113,wipeout,0,1,0,56,0,6,0,0
lone_entry,medium,4.0,10114,wipeout,0,1,0,87,0,5,0,0
lone_entry,medium,4.0,10115,wipeout,0,1,0,93,0,5,0,0
lone_entry,medium,4.0,10116,wipeout,0,1,0,81,0,5,0,0
lone_entry,medium,4.0,10117,wipeout,0,1,0,80,0,7,0,0
lone_entry,medium,4.0,10118,wipeout,0,1,0,70,0,5,0,0
lone_entry,medium,4.0,10119,wipeout,0,1,0,88,0,5,0,0
lone_entry,medium,4.0,10120,wipeout,0,1,0,56,0,7,0,0
lone_entry,medium,4.0,10121,wipeout,0,1,0,98,0,3,0,0
lone_entry,medium,4.0,10122,wipeout,0,1,0,82,0,7,0,0
lone_entry,medium,4.0,10123,success,1,0,0,90,1,7,0,0
lone_entry,medium,4.0,10124,wipeout,0,1,0,78,0,4,0,0
lone_entry,medium,4.0,10125,wipeout,0,1,0,59,0,7,0,0
lone_entry,medium,4.0,10126,wipeout,0,1,0,65,0,5,0,0
lone_entry,medium,4.0,10127,wipeout,0,1,0,84,0,6,0,0
lone_entry,medium,4.0,10128,wipeout,0,1,0,103,0,7,0,0
lone_entry,medium,4.0,10129,wipeout,0,1,0,108,0,7,0,0
lone_entry,medium,4.0,10130,wipeout,0,1,0,84,0,5,0,0
lone_entry,medium,4.0,10131,wipeout,0,1,0,61,0,7,0,0
lone_entry,medium,4.0,10132,wipeout,0,1,0,72,0,7,0,0
lone_entry,medium,4.0,10133,wipeout,0,1,0,76,0,5,0,0
lone_entry,medium,4.0,10134,wipeout,0,1,0,92,0,6,0,0
lone_entry,medium,4.0,10135,wipeout,0,1,0,133,0,7,0,0
lone_entry,medium,4.0,10136,wipeout,0,1,0,92,0,5,0,0
lone_entry,medium,4.0,10137,wipeout,0,1,0,103,0,7,0,0
lone_entry,medium,4.0,10138,wipeout,0,1,0,69,0,5,0,0
lone_entry,medium,4.0,10139,trapped_inside,0,0,0,400,1,7,0,1
lone_entry,medium,4.0,10140,wipeout,0,1,0,52,0,7,0,0
lone_entry,medium,4.0,10141,wipeout,0,1,0,73,0,7,0,0
lone_entry,medium,4.0,10142,wipeout,0,1,0,101,0,7,0,0
lone_entry,medium,4.0,10143,wipeout,0,1,0,71,0,7,0,0
lone_entry,medium,4.0,10144,wipeout,0,1,0,92,0,6,0,0
lone_entry,medium,4.0,10145,wipeout,0,1,0,78,0,5,0,0
lone_entry,medium,4.0,10146,wipeout,0,1,0,99,0,7,0,0
lone_entry,medium,4.0,10147,wipeout,0,1,0,80,0,7,0,0
lone_entry,medium,4.0,10148,wipeout,0,1,0,78,0,7,0,0
lone_entry,medium,4.0,10149,trapped_inside,0,0,0,400,1,7,0,1
lone_entry,medium,4.0,10150,wipeout,0,1,0,95,0,7,0,0
lone_entry,medium,4.0,10151,wipeout,0,1,0,98,0,6,0,0
lone_entry,medium,4.0,10152,wipeout,0,1,0,78,0,6,0,0
lone_entry,medium,4.0,10153,wipeout,0,1,0,99,0,6,0,0
lone_entry,medium,4.0,10154,wipeout,0,1,0,107,0,7,0,0
lone_entry,medium,4.0,10155,wipeout,0,1,0,94,0,7,0,0
lone_entry,medium,4.0,10156,wipeout,0,1,0,71,0,7,0,0
lone_entry,medium,4.0,10157,wipeout,0,1,0,87,0,7,0,0
lone_entry,medium,4.0,10158,wipeout,0,1,0,68,0,6,0,0
lone_entry,medium,4.0,10159,wipeout,0,1,0,68,0,7,0,0
lone_entry,medium,4.0,10160,wipeout,0,1,0,62,0,6,0,0
lone_entry,medium,4.0,10161,wipeout,0,1,0,86,0,7,0,0
lone_entry,medium,4.0,10162,wipeout,0,1,0,101,0,5,0,0
lone_entry,medium,4.0,10163,wipeout,0,1,0,93,0,7,0,0
lone_entry,medium,4.0,10164,wipeout,0,1,0,102,0,7,0,0
lone_entry,medium,4.0,10165,wipeout,0,1,0,95,0,5,0,0
lone_entry,medium,4.0,10166,wipeout,0,1,0,63,0,4,0,0
lone_entry,medium,4.0,10167,success,1,0,0,168,1,7,0,0
lone_entry,medium,4.0,10168,wipeout,0,1,0,54,0,7,0,0
lone_entry,medium,4.0,10169,wipeout,0,1,0,91,0,4,0,0
lone_entry,medium,4.0,10170,wipeout,0,1,0,59,0,7,0,0
lone_entry,medium,4.0,10171,wipeout,0,1,0,76,0,6,0,0
lone_entry,medium,4.0,10172,wipeout,0,1,0,97,0,5,0,0
lone_entry,medium,4.0,10173,wipeout,0,1,0,59,0,6,0,0
lone_entry,medium,4.0,10174,wipeout,0,1,0,78,0,5,0,0
lone_entry,medium,4.0,10175,wipeout,0,1,0,65,0,7,0,0
lone_entry,medium,4.0,10176,wipeout,0,1,0,87,0,5,0,0
lone_entry,medium,4.0,10177,wipeout,0,1,0,62,0,6,0,0
lone_entry,medium,4.0,10178,wipeout,0,1,0,89,0,4,0,0
lone_entry,medium,4.0,10179,wipeout,0,1,0,69,0,6,0,0
lone_entry,medium,4.0,10180,wipeout,0,1,0,80,0,5,0,0
lone_entry,medium,4.0,10181,wipeout,0,1,0,62,0,7,0,0
lone_entry,medium,4.0,10182,wipeout,0,1,0,86,0,6,0,0
lone_entry,medium,4.0,10183,wipeout,0,1,0,91,0,7,0,0
lone_entry,medium,4.0,10184,wipeout,0,1,0,78,0,5,0,0
lone_entry,medium,4.0,10185,wipeout,0,1,0,92,0,7,0,0
lone_entry,medium,4.0,10186,wipeout,0,1,0,74,0,5,0,0
lone_entry,medium,4.0,10187,trapped_inside,0,0,0,400,1,7,0,1
lone_entry,medium,4.0,10188,wipeout,0,1,0,117,0,7,0,0
lone_entry,medium,4.0,10189,wipeout,0,1,0,64,0,5,0,0
lone_entry,medium,4.0,10190,wipeout,0,1,0,118,0,6,0,0
lone_entry,medium,4.0,10191,wipeout,0,1,0,91,0,7,0,0
lone_entry,medium,4.0,10192,trapped_inside,0,0,0,400,1,7,0,1
lone_entry,medium,4.0,10193,wipeout,0,1,0,89,0,7,0,0
lone_entry,medium,4.0,10194,wipeout,0,1,0,190,0,7,0,0
lone_entry,medium,4.0,10195,wipeout,0,1,0,127,0,7,0,0
lone_entry,medium,4.0,10196,wipeout,0,1,0,80,0,7,0,0
lone_entry,medium,4.0,10197,wipeout,0,1,0,48,0,7,0,0
lone_entry,medium,4.0,10198,wipeout,0,1,0,82,0,5,0,0
lone_entry,medium,4.0,10199,wipeout,0,1,0,70,0,6,0,0
lone_entry,medium,4.0,10200,wipeout,0,1,0,62,0,7,0,0
lone_entry,medium,4.0,10201,wipeout,0,1,0,84,0,4,0,0
lone_entry,medium,4.0,10202,wipeout,0,1,0,84,0,7,0,0
lone_entry,medium,4.0,10203,wipeout,0,1,0,51,0,7,0,0
lone_entry,medium,4.0,10204,success,1,0,0,143,1,7,0,0
lone_entry,medium,4.0,10205,wipeout,0,1,0,85,0,5,0,0
lone_entry,medium,4.0,10206,wipeout,0,1,0,95,0,7,0,0
lone_entry,medium,4.0,10207,wipeout,0,1,0,66,0,7,0,0
lone_entry,medium,4.0,10208,wipeout,0,1,0,63,0,6,0,0
lone_entry,medium,4.0,10209,wipeout,0,1,0,63,0,5,0,0
lone_entry,medium,4.0,10210,wipeout,0,1,0,119,0,6,0,0
lone_entry,medium,4.0,10211,wipeout,0,1,0,101,0,4,0,0
lone_entry,medium,4.0,10212,wipeout,0,1,0,88,0,4,0,0
lone_entry,medium,4.0,10213,wipeout,0,1,0,67,0,4,0,0
lone_entry,medium,4.0,10214,wipeout,0,1,0,91,0,4,0,0
lone_entry,medium,4.0,10215,wipeout,0,1,0,80,0,7,0,0
lone_entry,medium,4.0,10216,wipeout,0,1,0,93,0,7,0,0
lone_entry,medium,4.0,10217,wipeout,0,1,0,102,0,7,0,0
lone_entry,medium,4.0,10218,wipeout,0,1,0,76,0,5,0,0
lone_entry,medium,4.0,10219,trapped_inside,0,0,0,400,1,7,0,1
lone_entry,medium,4.0,10220,wipeout,0,1,0,94,0,4,0,0
lone_entry,medium,4.0,10221,wipeout,0,1,0,92,0,5,0,0
lone_entry,medium,4.0,10222,wipeout,0,1,0,52,0,7,0,0
lone_entry,medium,4.0,10223,wipeout,0,1,0,79,0,7,0,0
lone_entry,medium,4.0,10224,wipeout,0,1,0,130,0,7,0,0
lone_entry,medium,4.0,10225,wipeout,0,1,0,57,0,5,0,0
lone_entry,medium,4.0,10226,wipeout,0,1,0,102,0,7,0,0
lone_entry,medium,4.0,10227,trapped_inside,0,0,0,400,1,7,0,1
lone_entry,medium,4.0,10228,wipeout,0,1,0,95,0,6,0,0
lone_entry,medium,4.0,10229,trapped_inside,0,0,0,400,1,7,0,1
lone_entry,medium,4.0,10230,wipeout,0,1,0,56,0,7,0,0
lone_entry,medium,4.0,10231,wipeout,0,1,0,80,0,7,0,0
lone_entry,medium,4.0,10232,wipeout,0,1,0,65,0,7,0,0
lone_entry,medium,4.0,10233,wipeout,0,1,0,63,0,6,0,0
lone_entry,medium,4.0,10234,wipeout,0,1,0,81,0,7,0,0
lone_entry,medium,4.0,10235,success,1,0,0,141,1,7,0,0
lone_entry,medium,4.0,10236,wipeout,0,1,0,81,0,7,0,0
lone_entry,medium,4.0,10237,wipeout,0,1,0,86,0,6,0,0
lone_entry,medium,4.0,10238,wipeout,0,1,0,103,0,4,0,0
lone_entry,medium,4.0,10239,wipeout,0,1,0,69,0,7,0,0
lone_entry,medium,4.0,10240,wipeout,0,1,0,74,0,5,0,0
lone_entry,medium,4.0,10241,wipeout,0,1,0,83,0,7,0,0
lone_entry,medium,4.0,10242,wipeout,0,1,0,73,0,6,0,0
lone_entry,medium,4.0,10243,success,1,0,0,130,1,7,0,0
lone_entry,medium,4.0,10244,wipeout,0,1,0,88,0,7,0,0
lone_entry,medium,4.0,10245,wipeout,0,1,0,70,0,5,0,0
lone_entry,medium,4.0,10246,wipeout,0,1,0,88,0,7,0,0
lone_entry,medium,4.0,10247,wipeout,0,1,0,105,0,7,0,0
lone_entry,medium,4.0,10248,wipeout,0,1,0,108,0,7,0,0
lone_entry,medium,4.0,10249,wipeout,0,1,0,45,0,7,0,0
lone_entry,medium,4.0,10250,wipeout,0,1,0,66,0,7,0,0
lone_entry,medium,4.0,10251,trapped_inside,0,0,0,400,1,7,0,1
lone_entry,medium,4.0,10252,wipeout,0,1,0,80,0,7,0,0
lone_entry,medium,4.0,10253,wipeout,0,1,0,104,0,6,0,0
lone_entry,medium,4.0,10254,wipeout,0,1,0,108,0,5,0,0
lone_entry,medium,4.0,10255,wipeout,0,1,0,90,0,6,0,0
lone_entry,medium,4.0,10256,wipeout,0,1,0,53,0,6,0,0
lone_entry,medium,4.0,10257,wipeout,0,1,0,93,0,5,0,0
lone_entry,medium,4.0,10258,wipeout,0,1,0,88,0,6,0,0
lone_entry,medium,4.0,10259,wipeout,0,1,0,110,0,4,0,0
lone_entry,medium,4.0,10260,wipeout,0,1,0,98,0,6,0,0
lone_entry,medium,4.0,10261,wipeout,0,1,0,122,0,7,0,0
lone_entry,medium,4.0,10262,wipeout,0,1,0,63,0,5,0,0
lone_entry,medium,4.0,10263,wipeout,0,1,0,69,0,7,0,0
lone_entry,medium,4.0,10264,wipeout,0,1,0,66,0,7,0,0
lone_entry,medium,4.0,10265,wipeout,0,1,0,69,0,5,0,0
lone_entry,medium,4.0,10266,wipeout,0,1,0,67,0,5,0,0
lone_entry,medium,4.0,10267,wipeout,0,1,0,94,0,5,0,0
lone_entry,medium,4.0,10268,wipeout,0,1,0,65,0,7,0,0
lone_entry,medium,4.0,10269,wipeout,0,1,0,91,0,7,0,0
lone_entry,medium,4.0,10270,wipeout,0,1,0,90,0,6,0,0
lone_entry,medium,4.0,10271,wipeout,0,1,0,64,0,7,0,0
lone_entry,medium,4.0,10272,wipeout,0,1,0,78,0,5,0,0
lone_entry,medium,4.0,10273,trapped_inside,0,0,0,400,1,7,0,1
lone_entry,medium,4.0,10274,wipeout,0,1,0,70,0,6,0,0
lone_entry,medium,4.0,10275,wipeout,0,1,0,122,0,7,0,0
lone_entry,medium,4.0,10276,trapped_inside,0,0,0,400,1,7,0,1
lone_entry,medium,4.0,10277,wipeout,0,1,0,90,0,5,0,0
lone_entry,medium,4.0,10278,wipeout,0,1,0,78,0,7,0,0
lone_entry,medium,4.0,10279,wipeout,0,1,0,66,0,7,0,0
lone_entry,medium,4.0,10280,trapped_inside,0,0,0,400,1,7,0,1
lone_entry,medium,4.0,10281,wipeout,0,1,0,89,0,7,0,0
lone_entry,medium,4.0,10282,wipeout,0,1,0,91,0,5,0,0
lone_entry,medium,4.0,10283,wipeout,0,1,0,98,0,4,0,0
lone_entry,medium,4.0,10284,wipeout,0,1,0,90,0,7,0,0
lone_entry,medium,4.0,10285,wipeout,0,1,0,123,0,7,0,0
lone_entry,medium,4.0,10286,wipeout,0,1,0,88,0,7,0,0
lone_entry,medium,4.0,10287,wipeout,0,1,0,77,0,5,0,0
lone_entry,medium,4.0,10288,wipeout,0,1,0,87,0,7,0,0
lone_entry,medium,4.0,10289,wipeout,0,1,0,99,0,7,0,0
lone_entry,medium,4.0,10290,trapped_inside,0,0,0,400,1,7,0,1
lone_entry,medium,4.0,10291,trapped_inside,0,0,0,400,1,7,0,1
lone_entry,medium,4.0,10292,wipeout,0,1,0,97,0,5,0,0
lone_entry,medium,4.0,10293,wipeout,0,1,0,93,0,4,0,0
lone_entry,medium,4.0,10294,wipeout,0,1,0,110,0,7,0,0
lone_entry,medium,4.0,10295,wipeout,0,1,0,76,0,6,0,0
lone_entry,medium,4.0,10296,wipeout,0,1,0,81,0,6,0,0
lone_entry,medium,4.0,10297,wipeout,0,1,0,79,0,7,0,0
lone_entry,medium,4.0,10298,wipeout,0,1,0,51,0,5,0,0
lone_entry,medium,4.0,10299,wipeout,0,1,0,60,0,7,0,0
lone_entry,medium,4.0,10300,wipeout,0,1,0,64,0,7,0,0
lone_entry,medium,4.0,10301,wipeout,0,1,0,83,0,5,0,0
lone_entry,medium,4.0,10302,wipeout,0,1,0,63,0,5,0,0
lone_entry,medium,4.0,10303,wipeout,0,1,0,68,0,6,0,0
lone_entry,medium,4.0,10304,wipeout,0,1,0,74,0,7,0,0
lone_entry,medium,4.0,10305,wipeout,0,1,0,76,0,5,0,0
lone_entry,medium,4.0,10306,wipeout,0,1,0,97,0,5,0,0
lone_entry,medium,4.0,10307,wipeout,0,1,0,78,0,7,0,0
lone_entry,medium,4.0,10308,wipeout,0,1,0,97,0,7,0,0
lone_entry,medium,4.0,10309,wipeout,0,1,0,100,0,5,0,0
lone_entry,medium,4.0,10310,wipeout,0,1,0,72,0,7,0,0
lone_entry,medium,4.0,10311,wipeout,0,1,0,94,0,6,0,0
lone_entry,medium,4.0,10312,wipeout,0,1,0,92,0,6,0,0
lone_entry,medium,4.0,10313,wipeout,0,1,0,80,0,7,0,0
lone_entry,medium,4.0,10314,wipeout,0,1,0,79,0,4,0,0
lone_entry,medium,4.0,10315,trapped_inside,0,0,0,400,1,7,0,1
lone_entry,medium,4.0,10316,wipeout,0,1,0,111,0,7,0,0
lone_entry,medium,4.0,10317,wipeout,0,1,0,54,0,7,0,0
lone_entry,medium,4.0,10318,trapped_inside,0,0,0,400,1,7,0,1
lone_entry,medium,4.0,10319,wipeout,0,1,0,83,0,5,0,0
lone_entry,medium,4.0,10320,wipeout,0,1,0,66,0,7,0,0
lone_entry,medium,4.0,10321,wipeout,0,1,0,64,0,6,0,0
lone_entry,medium,4.0,10322,wipeout,0,1,0,42,0,5,0,0
lone_entry,medium,4.0,10323,wipeout,0,1,0,115,0,5,0,0
lone_entry,medium,4.0,10324,wipeout,0,1,0,105,0,5,0,0
lone_entry,medium,4.0,10325,success,1,0,0,166,1,7,0,0
lone_entry,medium,4.0,10326,wipeout,0,1,0,65,0,6,0,0
lone_entry,medium,4.0,10327,wipeout,0,1,0,92,0,5,0,0
lone_entry,medium,4.0,10328,wipeout,0,1,0,64,0,7,0,0
lone_entry,medium,4.0,10329,wipeout,0,1,0,73,0,7,0,0
lone_entry,medium,4.0,10330,wipeout,0,1,0,111,0,6,0,0
lone_entry,medium,4.0,10331,wipeout,0,1,0,93,0,5,0,0
lone_entry,medium,4.0,10332,wipeout,0,1,0,96,0,5,0,0
lone_entry,medium,4.0,10333,wipeout,0,1,0,88,0,7,0,0
lone_entry,medium,4.0,10334,wipeout,0,1,0,68,0,7,0,0
lone_entry,medium,4.0,10335,wipeout,0,1,0,68,0,5,0,0
lone_entry,medium,4.0,10336,wipeout,0,1,0,84,0,7,0,0
lone_entry,medium,4.0,10337,wipeout,0,1,0,83,0,7,0,0
lone_entry,medium,4.0,10338,wipeout,0,1,0,55,0,5,0,0
lone_entry,medium,4.0,10339,wipeout,0,1,0,93,0,6,0,0
lone_entry,medium,4.0,10340,wipeout,0,1,0,94,0,7,0,0
lone_entry,medium,4.0,10341,wipeout,0,1,0,77,0,5,0,0
lone_entry,medium,4.0,10342,success,1,0,0,117,1,7,0,0
lone_entry,medium,4.0,10343,wipeout,0,1,0,81,0,6,0,0
lone_entry,medium,4.0,10344,trapped_inside,0,0,0,400,1,7,0,1
lone_entry,medium,4.0,10345,wipeout,0,1,0,104,0,4,0,0
lone_entry,medium,4.0,10346,wipeout,0,1,0,65,0,5,0,0
lone_entry,medium,4.0,10347,wipeout,0,1,0,107,0,7,0,0
lone_entry,medium,4.0,10348,wipeout,0,1,0,91,0,7,0,0
lone_entry,medium,4.0,10349,wipeout,0,1,0,58,0,6,0,0
lone_entry,medium,4.0,10350,wipeout,0,1,0,98,0,7,0,0
lone_entry,medium,4.0,10351,wipeout,0,1,0,75,0,7,0,0
lone_entry,medium,4.0,10352,wipeout,0,1,0,44,0,6,0,0
lone_entry,medium,4.0,10353,wipeout,0,1,0,69,0,7,0,0
lone_entry,medium,4.0,10354,trapped_inside,0,0,0,400,1,7,0,1
lone_entry,medium,4.0,10355,wipeout,0,1,0,76,0,6,0,0
lone_entry,medium,4.0,10356,wipeout,0,1,0,63,0,6,0,0
lone_entry,medium,4.0,10357,wipeout,0,1,0,94,0,7,0,0
lone_entry,medium,4.0,10358,wipeout,0,1,0,86,0,5,0,0
lone_entry,medium,4.0,10359,wipeout,0,1,0,60,0,5,0,0
lone_entry,medium,4.0,10360,wipeout,0,1,0,105,0,7,0,0
lone_entry,medium,4.0,10361,wipeout,0,1,0,67,0,5,0,0
lone_entry,medium,4.0,10362,wipeout,0,1,0,72,0,4,0,0
lone_entry,medium,4.0,10363,wipeout,0,1,0,105,0,4,0,0
lone_entry,medium,4.0,10364,wipeout,0,1,0,106,0,6,0,0
lone_entry,medium,4.0,10365,wipeout,0,1,0,108,0,5,0,0
lone_entry,medium,4.0,10366,wipeout,0,1,0,78,0,5,0,0
lone_entry,medium,4.0,10367,wipeout,0,1,0,61,0,5,0,0
lone_entry,medium,4.0,10368,wipeout,0,1,0,93,0,6,0,0
lone_entry,medium,4.0,10369,wipeout,0,1,0,69,0,7,0,0
lone_entry,medium,4.0,10370,wipeout,0,1,0,87,0,5,0,0
lone_entry,medium,4.0,10371,wipeout,0,1,0,67,0,5,0,0
lone_entry,medium,4.0,10372,wipeout,0,1,0,77,0,7,0,0
lone_entry,medium,4.0,10373,wipeout,0,1,0,104,0,5,0,0
lone_entry,medium,4.0,10374,wipeout,0,1,0,92,0,5,0,0
lone_entry,medium,4.0,10375,wipeout,0,1,0,89,0,5,0,0
lone_entry,medium,4.0,10376,wipeout,0,1,0,70,0,7,0,0
lone_entry,medium,4.0,10377,wipeout,0,1,0,84,0,5,0,0
lone_entry,medium,4.0,10378,wipeout,0,1,0,76,0,5,0,0
lone_entry,medium,4.0,10379,wipeout,0,1,0,89,0,6,0,0
lone_entry,medium,4.0,10380,wipeout,0,1,0,98,0,5,0,0
lone_entry,medium,4.0,10381,wipeout,0,1,0,103,0,7,0,0
lone_entry,medium,4.0,10382,wipeout,0,1,0,87,0,5,0,0
lone_entry,medium,4.0,10383,wipeout,0,1,0,64,0,7,0,0
lone_entry,medium,4.0,10384,wipeout,0,1,0,69,0,6,0,0
lone_entry,medium,4.0,10385,wipeout,0,1,0,44,0,7,0,0
lone_entry,medium,4.0,10386,wipeout,0,1,0,56,0,7,0,0
lone_entry,medium,4.0,10387,wipeout,0,1,0,79,0,7,0,0
lone_entry,medium,4.0,10388,wipeout,0,1,0,77,0,6,0,0
lone_entry,medium,4.0,10389,wipeout,0,1,0,92,0,6,0,0
lone_entry,medium,4.0,10390,wipeout,0,1,0,61,0,6,0,0
lone_entry,medium,4.0,10391,wipeout,0,1,0,101,0,7,0,0
lone_entry,medium,4.0,10392,wipeout,0,1,0,116,0,7,0,0
lone_entry,medium,4.0,10393,wipeout,0,1,0,69,0,5,0,0
lone_entry,medium,4.0,10394,wipeout,0,1,0,83,0,7,0,0
lone_entry,medium,4.0,10395,wipeout,0,1,0,87,0,7,0,0
lone_entry,medium,4.0,10396,wipeout,0,1,0,100,0,7,0,0
lone_entry,medium,4.0,10397,wipeout,0,1,0,80,0,7,0,0
lone_entry,medium,4.0,10398,wipeout,0,1,0,80,0,6,0,0
lone_entry,medium,4.0,10399,wipeout,0,1,0,79,0,5,0,0
lone_entry,medium,4.0,10400,wipeout,0,1,0,68,0,5,0,0
lone_entry,medium,4.0,10401,wipeout,0,1,0,61,0,5,0,0
lone_entry,medium,4.0,10402,wipeout,0,1,0,100,0,6,0,0
lone_entry,medium,4.0,10403,wipeout,0,1,0,115,0,7,0,0
lone_entry,medium,4.0,10404,wipeout,0,1,0,66,0,5,0,0
lone_entry,medium,4.0,10405,wipeout,0,1,0,67,0,7,0,0
lone_entry,medium,4.0,10406,wipeout,0,1,0,69,0,6,0,0
lone_entry,medium,4.0,10407,wipeout,0,1,0,86,0,6,0,0
lone_entry,medium,4.0,10408,wipeout,0,1,0,114,0,4,0,0
lone_entry,medium,4.0,10409,wipeout,0,1,0,109,0,7,0,0
lone_entry,medium,4.0,10410,wipeout,0,1,0,95,0,7,0,0
lone_entry,medium,4.0,10411,wipeout,0,1,0,101,0,7,0,0
lone_entry,medium,4.0,10412,wipeout,0,1,0,93,0,5,0,0
lone_entry,medium,4.0,10413,wipeout,0,1,0,67,0,7,0,0
lone_entry,medium,4.0,10414,wipeout,0,1,0,74,0,7,0,0
lone_entry,medium,4.0,10415,trapped_inside,0,0,0,400,1,7,0,1
lone_entry,medium,4.0,10416,wipeout,0,1,0,93,0,7,0,0
lone_entry,medium,4.0,10417,wipeout,0,1,0,69,0,7,0,0
lone_entry,medium,4.0,10418,wipeout,0,1,0,122,0,6,0,0
lone_entry,medium,4.0,10419,wipeout,0,1,0,81,0,5,0,0
lone_entry,medium,4.0,10420,wipeout,0,1,0,76,0,5,0,0
lone_entry,medium,4.0,10421,wipeout,0,1,0,86,0,4,0,0
lone_entry,medium,4.0,10422,wipeout,0,1,0,118,0,7,0,0
lone_entry,medium,4.0,10423,wipeout,0,1,0,96,0,4,0,0
lone_entry,medium,4.0,10424,wipeout,0,1,0,44,0,6,0,0
lone_entry,medium,4.0,10425,wipeout,0,1,0,116,0,7,0,0
lone_entry,medium,4.0,10426,wipeout,0,1,0,56,0,5,0,0
lone_entry,medium,4.0,10427,wipeout,0,1,0,78,0,5,0,0
lone_entry,medium,4.0,10428,wipeout,0,1,0,78,0,6,0,0
lone_entry,medium,4.0,10429,wipeout,0,1,0,97,0,6,0,0
lone_entry,medium,4.0,10430,wipeout,0,1,0,113,0,7,0,0
lone_entry,medium,4.0,10431,wipeout,0,1,0,80,0,6,0,0
lone_entry,medium,4.0,10432,wipeout,0,1,0,86,0,6,0,0
lone_entry,medium,4.0,10433,wipeout,0,1,0,101,0,6,0,0
lone_entry,medium,4.0,10434,wipeout,0,1,0,93,0,7,0,0
lone_entry,medium,4.0,10435,wipeout,0,1,0,83,0,7,0,0
lone_entry,medium,4.0,10436,wipeout,0,1,0,50,0,7,0,0
lone_entry,medium,4.0,10437,wipeout,0,1,0,75,0,7,0,0
lone_entry,medium,4.0,10438,wipeout,0,1,0,69,0,7,0,0
lone_entry,medium,4.0,10439,wipeout,0,1,0,94,0,4,0,0
lone_entry,medium,4.0,10440,wipeout,0,1,0,90,0,5,0,0
lone_entry,medium,4.0,10441,wipeout,0,1,0,91,0,5,0,0
lone_entry,medium,4.0,10442,wipeout,0,1,0,53,0,4,0,0
lone_entry,medium,4.0,10443,wipeout,0,1,0,74,0,7,0,0
lone_entry,medium,4.0,10444,wipeout,0,1,0,94,0,7,0,0
lone_entry,medium,4.0,10445,wipeout,0,1,0,89,0,7,0,0
lone_entry,medium,4.0,10446,wipeout,0,1,0,64,0,7,0,0
lone_entry,medium,4.0,10447,wipeout,0,1,0,86,0,7,0,0
lone_entry,medium,4.0,10448,trapped_inside,0,0,0,400,1,7,0,1
lone_entry,medium,4.0,10449,wipeout,0,1,0,95,0,7,0,0
lone_entry,medium,4.0,10450,wipeout,0,1,0,92,0,7,0,0
lone_entry,medium,4.0,10451,wipeout,0,1,0,97,0,6,0,0
lone_entry,medium,4.0,10452,wipeout,0,1,0,106,0,5,0,0
lone_entry,medium,4.0,10453,wipeout,0,1,0,74,0,5,0,0
lone_entry,medium,4.0,10454,wipeout,0,1,0,92,0,5,0,0
lone_entry,medium,4.0,10455,wipeout,0,1,0,79,0,7,0,0
lone_entry,medium,4.0,10456,wipeout,0,1,0,100,0,7,0,0
lone_entry,medium,4.0,10457,wipeout,0,1,0,84,0,4,0,0
lone_entry,medium,4.0,10458,wipeout,0,1,0,95,0,7,0,0
lone_entry,medium,4.0,10459,wipeout,0,1,0,92,0,7,0,0
lone_entry,medium,4.0,10460,wipeout,0,1,0,100,0,7,0,0
lone_entry,medium,4.0,10461,wipeout,0,1,0,131,0,7,0,0
lone_entry,medium,4.0,10462,wipeout,0,1,0,53,0,5,0,0
lone_entry,medium,4.0,10463,wipeout,0,1,0,92,0,5,0,0
lone_entry,medium,4.0,10464,wipeout,0,1,0,103,0,7,0,0
lone_entry,medium,4.0,10465,wipeout,0,1,0,80,0,5,0,0
lone_entry,medium,4.0,10466,wipeout,0,1,0,91,0,6,0,0
lone_entry,medium,4.0,10467,wipeout,0,1,0,75,0,7,0,0
lone_entry,medium,4.0,10468,wipeout,0,1,0,78,0,6,0,0
lone_entry,medium,4.0,10469,wipeout,0,1,0,79,0,7,0,0
lone_entry,medium,4.0,10470,trapped_inside,0,0,0,400,1,7,0,1
lone_entry,medium,4.0,10471,wipeout,0,1,0,95,0,5,0,0
lone_entry,medium,4.0,10472,wipeout,0,1,0,47,0,6,0,0
lone_entry,medium,4.0,10473,wipeout,0,1,0,113,0,7,0,0
lone_entry,medium,4.0,10474,wipeout,0,1,0,68,0,6,0,0
lone_entry,medium,4.0,10475,wipeout,0,1,0,81,0,6,0,0
lone_entry,medium,4.0,10476,wipeout,0,1,0,58,0,7,0,0
lone_entry,medium,4.0,10477,wipeout,0,1,0,70,0,5,0,0
lone_entry,medium,4.0,10478,wipeout,0,1,0,57,0,6,0,0
lone_entry,medium,4.0,10479,wipeout,0,1,0,96,0,7,0,0
lone_entry,medium,4.0,10480,wipeout,0,1,0,38,0,6,0,0
lone_entry,medium,4.0,10481,wipeout,0,1,0,53,0,5,0,0
lone_entry,medium,4.0,10482,wipeout,0,1,0,100,0,5,0,0
lone_entry,medium,4.0,10483,wipeout,0,1,0,90,0,6,0,0
lone_entry,medium,4.0,10484,wipeout,0,1,0,88,0,7,0,0
lone_entry,medium,4.0,10485,wipeout,0,1,0,111,0,6,0,0
lone_entry,medium,4.0,10486,wipeout,0,1,0,73,0,7,0,0
lone_entry,medium,4.0,10487,wipeout,0,1,0,101,0,6,0,0
lone_entry,medium,4.0,10488,wipeout,0,1,0,127,0,7,0,0
lone_entry,medium,4.0,10489,wipeout,0,1,0,77,0,6,0,0
lone_entry,medium,4.0,10490,wipeout,0,1,0,78,0,7,0,0
lone_entry,medium,4.0,10491,wipeout,0,1,0,81,0,7,0,0
lone_entry,medium,4.0,10492,wipeout,0,1,0,93,0,5,0,0
lone_entry,medium,4.0,10493,wipeout,0,1,0,131,0,7,0,0
lone_entry,medium,4.0,10494,success,1,0,0,195,1,7,0,0
lone_entry,medium,4.0,10495,wipeout,0,1,0,76,0,6,0,0
lone_entry,medium,4.0,10496,wipeout,0,1,0,52,0,5,0,0
lone_entry,medium,4.0,10497,wipeout,0,1,0,68,0,5,0,0
lone_entry,medium,4.0,10498,wipeout,0,1,0,62,0,7,0,0
lone_entry,medium,4.0,10499,wipeout,0,1,0,91,0,5,0,0
blind_follow,medium,4.0,10000,success,1,0,0,130,5,7,0,0
blind_follow,medium,4.0,10001,timeout,0,0,1,400,4,6,0,0
blind_follow,medium,4.0,10002,trapped_inside,0,0,0,400,4,7,0,1
blind_follow,medium,4.0,10003,success,1,0,0,156,3,7,0,0
blind_follow,medium,4.0,10004,trapped_inside,0,0,0,400,3,7,0,1
blind_follow,medium,4.0,10005,success,1,0,0,149,5,7,0,0
blind_follow,medium,4.0,10006,trapped_inside,0,0,0,400,4,7,0,1
blind_follow,medium,4.0,10007,trapped_inside,0,0,0,400,5,7,0,1
blind_follow,medium,4.0,10008,timeout,0,0,1,400,4,4,0,0
blind_follow,medium,4.0,10009,timeout,0,0,1,400,4,6,0,0
blind_follow,medium,4.0,10010,trapped_inside,0,0,0,400,5,7,0,1
blind_follow,medium,4.0,10011,trapped_inside,0,0,0,400,4,7,0,1
blind_follow,medium,4.0,10012,trapped_inside,0,0,0,400,4,7,0,1
blind_follow,medium,4.0,10013,success,1,0,0,179,5,7,0,0
blind_follow,medium,4.0,10014,trapped_inside,0,0,0,400,5,7,0,1
blind_follow,medium,4.0,10015,timeout,0,0,1,400,3,6,0,0
blind_follow,medium,4.0,10016,trapped_inside,0,0,0,400,4,7,0,1
blind_follow,medium,4.0,10017,timeout,0,0,1,400,4,6,0,0
blind_follow,medium,4.0,10018,timeout,0,0,1,400,4,6,0,0
blind_follow,medium,4.0,10019,timeout,0,0,1,400,4,5,0,0
blind_follow,medium,4.0,10020,trapped_inside,0,0,0,400,5,7,0,1
blind_follow,medium,4.0,10021,timeout,0,0,1,400,3,5,0,0
blind_follow,medium,4.0,10022,timeout,0,0,1,400,4,5,0,0
blind_follow,medium,4.0,10023,trapped_inside,0,0,0,400,5,7,0,1
blind_follow,medium,4.0,10024,trapped_inside,0,0,0,400,4,7,0,1
blind_follow,medium,4.0,10025,success,1,0,0,139,4,7,0,0
blind_follow,medium,4.0,10026,trapped_inside,0,0,0,400,5,7,0,1
blind_follow,medium,4.0,10027,timeout,0,0,1,400,4,5,0,0
blind_follow,medium,4.0,10028,success,1,0,0,134,5,7,0,0
blind_follow,medium,4.0,10029,trapped_inside,0,0,0,400,4,7,0,1
blind_follow,medium,4.0,10030,timeout,0,0,1,400,4,5,0,0
blind_follow,medium,4.0,10031,trapped_inside,0,0,0,400,4,7,0,1
blind_follow,medium,4.0,10032,trapped_inside,0,0,0,400,4,7,0,1
blind_follow,medium,4.0,10033,timeout,0,0,1,400,4,6,0,0
blind_follow,medium,4.0,10034,trapped_inside,0,0,0,400,5,7,0,1
blind_follow,medium,4.0,10035,trapped_inside,0,0,0,400,4,7,0,1
blind_follow,medium,4.0,10036,success,1,0,0,166,4,7,0,0
blind_follow,medium,4.0,10037,success,1,0,0,141,4,7,0,0
blind_follow,medium,4.0,10038,timeout,0,0,1,400,4,5,0,0
blind_follow,medium,4.0,10039,timeout,0,0,1,400,4,6,0,0
blind_follow,medium,4.0,10040,trapped_inside,0,0,0,400,5,7,0,1
blind_follow,medium,4.0,10041,trapped_inside,0,0,0,400,4,7,0,1
blind_follow,medium,4.0,10042,trapped_inside,0,0,0,400,4,7,0,1
blind_follow,medium,4.0,10043,trapped_inside,0,0,0,400,4,7,0,1
blind_follow,medium,4.0,10044,trapped_inside,0,0,0,400,5,7,0,1
blind_follow,medium,4.0,10045,timeout,0,0,1,400,4,5,0,0
blind_follow,medium,4.0,10046,timeout,0,0,1,400,4,5,0,0
blind_follow,medium,4.0,10047,trapped_inside,0,0,0,400,5,7,0,1
blind_follow,medium,4.0,10048,trapped_inside,0,0,0,400,4,7,0,1
blind_follow,medium,4.0,10049,trapped_inside,0,0,0,400,4,7,0,1
blind_follow,medium,4.0,10050,trapped_inside,0,0,0,400,3,7,0,1
blind_follow,medium,4.0,10051,timeout,0,0,1,400,4,5,0,0
blind_follow,medium,4.0,10052,success,1,0,0,151,5,7,0,0
blind_follow,medium,4.0,10053,timeout,0,0,1,400,4,5,0,0
blind_follow,medium,4.0,10054,timeout,0,0,1,400,4,5,0,0
blind_follow,medium,4.0,10055,timeout,0,0,1,400,4,6,0,0
blind_follow,medium,4.0,10056,trapped_inside,0,0,0,400,5,7,0,1
blind_follow,medium,4.0,10057,success,1,0,0,132,5,7,0,0
blind_follow,medium,4.0,10058,timeout,0,0,1,400,4,6,0,0
blind_follow,medium,4.0,10059,timeout,0,0,1,400,4,5,0,0
blind_follow,medium,4.0,10060,timeout,0,0,1,400,4,5,0,0
blind_follow,medium,4.0,10061,timeout,0,0,1,400,4,6,0,0
blind_follow,medium,4.0,10062,timeout,0,0,1,400,4,5,0,0
blind_follow,medium,4.0,10063,timeout,0,0,1,400,4,5,0,0
blind_follow,medium,4.0,10064,timeout,0,0,1,400,4,6,0,0
blind_follow,medium,4.0,10065,trapped_inside,0,0,0,400,4,7,0,1
blind_follow,medium,4.0,10066,trapped_inside,0,0,0,400,5,7,0,1
blind_follow,medium,4.0,10067,trapped_inside,0,0,0,400,4,7,0,1
blind_follow,medium,4.0,10068,trapped_inside,0,0,0,400,5,7,0,1
blind_follow,medium,4.0,10069,trapped_inside,0,0,0,400,4,7,0,1
blind_follow,medium,4.0,10070,trapped_inside,0,0,0,400,2,7,0,1
blind_follow,medium,4.0,10071,trapped_inside,0,0,0,400,5,7,0,1
blind_follow,medium,4.0,10072,trapped_inside,0,0,0,400,4,7,0,1
blind_follow,medium,4.0,10073,trapped_inside,0,0,0,400,4,7,0,1
blind_follow,medium,4.0,10074,trapped_inside,0,0,0,400,4,7,0,1
blind_follow,medium,4.0,10075,timeout,0,0,1,400,4,5,0,0
blind_follow,medium,4.0,10076,trapped_inside,0,0,0,400,5,7,0,1
blind_follow,medium,4.0,10077,timeout,0,0,1,400,4,6,0,0
blind_follow,medium,4.0,10078,trapped_inside,0,0,0,400,4,7,0,1
blind_follow,medium,4.0,10079,timeout,0,0,1,400,4,5,0,0
blind_follow,medium,4.0,10080,trapped_inside,0,0,0,400,4,7,0,1
blind_follow,medium,4.0,10081,timeout,0,0,1,400,4,6,0,0
blind_follow,medium,4.0,10082,timeout,0,0,1,400,3,5,0,0
blind_follow,medium,4.0,10083,success,1,0,0,124,4,7,0,0
blind_follow,medium,4.0,10084,trapped_inside,0,0,0,400,4,7,0,1
blind_follow,medium,4.0,10085,trapped_inside,0,0,0,400,3,7,0,1
blind_follow,medium,4.0,10086,trapped_inside,0,0,0,400,4,7,0,1
blind_follow,medium,4.0,10087,timeout,0,0,1,400,4,4,0,0
blind_follow,medium,4.0,10088,trapped_inside,0,0,0,400,4,7,0,1
blind_follow,medium,4.0,10089,timeout,0,0,1,400,4,4,0,0
blind_follow,medium,4.0,10090,trapped_inside,0,0,0,400,4,7,0,1
blind_follow,medium,4.0,10091,trapped_inside,0,0,0,400,4,7,0,1
blind_follow,medium,4.0,10092,trapped_inside,0,0,0,400,4,7,0,1
blind_follow,medium,4.0,10093,trapped_inside,0,0,0,400,5,7,0,1
blind_follow,medium,4.0,10094,trapped_inside,0,0,0,400,3,7,0,1
blind_follow,medium,4.0,10095,trapped_inside,0,0,0,400,5,7,0,1
blind_follow,medium,4.0,10096,trapped_inside,0,0,0,400,4,7,0,1
blind_follow,medium,4.0,10097,timeout,0,0,1,400,4,5,0,0
blind_follow,medium,4.0,10098,trapped_inside,0,0,0,400,4,7,0,1
blind_follow,medium,4.0,10099,timeout,0,0,1,400,4,6,0,0
blind_follow,medium,4.0,10100,trapped_inside,0,0,0,400,4,7,0,1
blind_follow,medium,4.0,10101,timeout,0,0,1,400,4,5,0,0
blind_follow,medium,4.0,10102,timeout,0,0,1,400,4,5,0,0
blind_follow,medium,4.0,10103,timeout,0,0,1,400,4,5,0,0
blind_follow,medium,4.0,10104,trapped_inside,0,0,0,400,4,7,0,1
blind_follow,medium,4.0,10105,trapped_inside,0,0,0,400,4,7,0,1
blind_follow,medium,4.0,10106,trapped_inside,0,0,0,400,4,7,0,1
blind_follow,medium,4.0,10107,trapped_inside,0,0,0,400,3,7,0,1
blind_follow,medium,4.0,10108,timeout,0,0,1,400,4,6,0,0
blind_follow,medium,4.0,10109,trapped_inside,0,0,0,400,4,7,0,1
blind_follow,medium,4.0,10110,trapped_inside,0,0,0,400,4,7,0,1
blind_follow,medium,4.0,10111,trapped_inside,0,0,0,400,5,7,0,1
blind_follow,medium,4.0,10112,timeout,0,0,1,400,4,6,0,0
blind_follow,medium,4.0,10113,trapped_inside,0,0,0,400,4,7,0,1
blind_follow,medium,4.0,10114,timeout,0,0,1,400,4,5,0,0
blind_follow,medium,4.0,10115,timeout,0,0,1,400,3,6,0,0
blind_follow,medium,4.0,10116,timeout,0,0,1,400,3,5,0,0
blind_follow,medium,4.0,10117,trapped_inside,0,0,0,400,5,7,0,1
blind_follow,medium,4.0,10118,timeout,0,0,1,400,4,5,0,0
blind_follow,medium,4.0,10119,timeout,0,0,1,400,4,6,0,0
blind_follow,medium,4.0,10120,trapped_inside,0,0,0,400,4,7,0,1
blind_follow,medium,4.0,10121,timeout,0,0,1,400,4,5,0,0
blind_follow,medium,4.0,10122,trapped_inside,0,0,0,400,3,7,0,1
blind_follow,medium,4.0,10123,success,1,0,0,90,5,7,0,0
blind_follow,medium,4.0,10124,timeout,0,0,1,400,4,4,0,0
blind_follow,medium,4.0,10125,trapped_inside,0,0,0,400,4,7,0,1
blind_follow,medium,4.0,10126,timeout,0,0,1,400,4,5,0,0
blind_follow,medium,4.0,10127,success,1,0,0,169,3,7,0,0
blind_follow,medium,4.0,10128,trapped_inside,0,0,0,400,4,7,0,1
blind_follow,medium,4.0,10129,trapped_inside,0,0,0,400,3,7,0,1
blind_follow,medium,4.0,10130,trapped_inside,0,0,0,400,4,7,0,1
blind_follow,medium,4.0,10131,trapped_inside,0,0,0,400,4,7,0,1
blind_follow,medium,4.0,10132,trapped_inside,0,0,0,400,5,7,0,1
blind_follow,medium,4.0,10133,timeout,0,0,1,400,4,5,0,0
blind_follow,medium,4.0,10134,trapped_inside,0,0,0,400,4,7,0,1
blind_follow,medium,4.0,10135,success,1,0,0,167,5,7,0,0
blind_follow,medium,4.0,10136,timeout,0,0,1,400,4,5,0,0
blind_follow,medium,4.0,10137,trapped_inside,0,0,0,400,4,7,0,1
blind_follow,medium,4.0,10138,timeout,0,0,1,400,4,5,0,0
blind_follow,medium,4.0,10139,trapped_inside,0,0,0,400,5,7,0,1
blind_follow,medium,4.0,10140,trapped_inside,0,0,0,400,4,7,0,1
blind_follow,medium,4.0,10141,trapped_inside,0,0,0,400,4,7,0,1
blind_follow,medium,4.0,10142,trapped_inside,0,0,0,400,4,7,0,1
blind_follow,medium,4.0,10143,trapped_inside,0,0,0,400,4,7,0,1
blind_follow,medium,4.0,10144,timeout,0,0,1,400,4,6,0,0
blind_follow,medium,4.0,10145,trapped_inside,0,0,0,400,4,7,0,1
blind_follow,medium,4.0,10146,trapped_inside,0,0,0,400,4,7,0,1
blind_follow,medium,4.0,10147,trapped_inside,0,0,0,400,4,7,0,1
blind_follow,medium,4.0,10148,trapped_inside,0,0,0,400,3,7,0,1
blind_follow,medium,4.0,10149,trapped_inside,0,0,0,400,5,7,0,1
blind_follow,medium,4.0,10150,success,1,0,0,107,5,7,0,0
blind_follow,medium,4.0,10151,trapped_inside,0,0,0,400,4,7,0,1
blind_follow,medium,4.0,10152,timeout,0,0,1,400,4,6,0,0
blind_follow,medium,4.0,10153,timeout,0,0,1,400,4,6,0,0
blind_follow,medium,4.0,10154,success,1,0,0,114,4,7,0,0
blind_follow,medium,4.0,10155,success,1,0,0,147,5,7,0,0
blind_follow,medium,4.0,10156,trapped_inside,0,0,0,400,5,7,0,1
blind_follow,medium,4.0,10157,trapped_inside,0,0,0,400,4,7,0,1
blind_follow,medium,4.0,10158,timeout,0,0,1,400,4,6,0,0
blind_follow,medium,4.0,10159,trapped_inside,0,0,0,400,4,7,0,1
blind_follow,medium,4.0,10160,timeout,0,0,1,400,4,6,0,0
blind_follow,medium,4.0,10161,trapped_inside,0,0,0,400,4,7,0,1
blind_follow,medium,4.0,10162,trapped_inside,0,0,0,400,3,7,0,1
blind_follow,medium,4.0,10163,trapped_inside,0,0,0,400,4,7,0,1
blind_follow,medium,4.0,10164,trapped_inside,0,0,0,400,4,7,0,1
blind_follow,medium,4.0,10165,trapped_inside,0,0,0,400,5,7,0,1
blind_follow,medium,4.0,10166,success,1,0,0,180,4,7,0,0
blind_follow,medium,4.0,10167,success,1,0,0,168,5,7,0,0
blind_follow,medium,4.0,10168,trapped_inside,0,0,0,400,4,7,0,1
blind_follow,medium,4.0,10169,timeout,0,0,1,400,4,5,0,0
blind_follow,medium,4.0,10170,trapped_inside,0,0,0,400,3,7,0,1
blind_follow,medium,4.0,10171,trapped_inside,0,0,0,400,4,7,0,1
blind_follow,medium,4.0,10172,timeout,0,0,1,400,4,5,0,0
blind_follow,medium,4.0,10173,success,1,0,0,118,5,7,0,0
blind_follow,medium,4.0,10174,trapped_inside,0,0,0,400,3,7,0,1
blind_follow,medium,4.0,10175,trapped_inside,0,0,0,400,4,7,0,1
blind_follow,medium,4.0,10176,timeout,0,0,1,400,4,5,0,0
blind_follow,medium,4.0,10177,timeout,0,0,1,400,4,6,0,0
blind_follow,medium,4.0,10178,trapped_inside,0,0,0,400,4,7,0,1
blind_follow,medium,4.0,10179,trapped_inside,0,0,0,400,3,7,0,1
blind_follow,medium,4.0,10180,timeout,0,0,1,400,4,5,0,0
blind_follow,medium,4.0,10181,trapped_inside,0,0,0,400,4,7,0,1
blind_follow,medium,4.0,10182,trapped_inside,0,0,0,400,4,7,0,1
blind_follow,medium,4.0,10183,trapped_inside,0,0,0,400,4,7,0,1
blind_follow,medium,4.0,10184,trapped_inside,0,0,0,400,4,7,0,1
blind_follow,medium,4.0,10185,trapped_inside,0,0,0,400,4,7,0,1
blind_follow,medium,4.0,10186,trapped_inside,0,0,0,400,3,7,0,1
blind_follow,medium,4.0,10187,trapped_inside,0,0,0,400,5,7,0,1
blind_follow,medium,4.0,10188,trapped_inside,0,0,0,400,4,7,0,1
blind_follow,medium,4.0,10189,timeout,0,0,1,400,4,5,0,0
blind_follow,medium,4.0,10190,timeout,0,0,1,400,4,6,0,0
blind_follow,medium,4.0,10191,trapped_inside,0,0,0,400,3,7,0,1
blind_follow,medium,4.0,10192,trapped_inside,0,0,0,400,5,7,0,1
blind_follow,medium,4.0,10193,trapped_inside,0,0,0,400,5,7,0,1
blind_follow,medium,4.0,10194,success,1,0,0,199,5,7,0,0
blind_follow,medium,4.0,10195,trapped_inside,0,0,0,400,4,7,0,1
blind_follow,medium,4.0,10196,trapped_inside,0,0,0,400,5,7,0,1
blind_follow,medium,4.0,10197,trapped_inside,0,0,0,400,4,7,0,1
blind_follow,medium,4.0,10198,timeout,0,0,1,400,4,5,0,0
blind_follow,medium,4.0,10199,trapped_inside,0,0,0,400,4,7,0,1
blind_follow,medium,4.0,10200,trapped_inside,0,0,0,400,4,7,0,1
blind_follow,medium,4.0,10201,trapped_inside,0,0,0,400,3,7,0,1
blind_follow,medium,4.0,10202,trapped_inside,0,0,0,400,4,7,0,1
blind_follow,medium,4.0,10203,trapped_inside,0,0,0,400,4,7,0,1
blind_follow,medium,4.0,10204,success,1,0,0,143,5,7,0,0
blind_follow,medium,4.0,10205,timeout,0,0,1,400,4,5,0,0
blind_follow,medium,4.0,10206,trapped_inside,0,0,0,400,4,7,0,1
blind_follow,medium,4.0,10207,success,1,0,0,94,3,7,0,0
blind_follow,medium,4.0,10208,timeout,0,0,1,400,4,6,0,0
blind_follow,medium,4.0,10209,timeout,0,0,1,400,3,5,0,0
blind_follow,medium,4.0,10210,timeout,0,0,1,400,4,6,0,0
blind_follow,medium,4.0,10211,timeout,0,0,1,400,4,4,0,0
blind_follow,medium,4.0,10212,timeout,0,0,1,400,4,5,0,0
blind_follow,medium,4.0,10213,timeout,0,0,1,400,4,4,0,0
blind_follow,medium,4.0,10214,timeout,0,0,1,400,4,4,0,0
blind_follow,medium,4.0,10215,trapped_inside,0,0,0,400,4,7,0,1
blind_follow,medium,4.0,10216,trapped_inside,0,0,0,400,4,7,0,1
blind_follow,medium,4.0,10217,success,1,0,0,188,5,7,0,0
blind_follow,medium,4.0,10218,timeout,0,0,1,400,4,6,0,0
blind_follow,medium,4.0,10219,trapped_inside,0,0,0,400,5,7,0,1
blind_follow,medium,4.0,10220,timeout,0,0,1,400,4,4,0,0
blind_follow,medium,4.0,10221,trapped_inside,0,0,0,400,3,7,0,1
blind_follow,medium,4.0,10222,trapped_inside,0,0,0,400,4,7,0,1
blind_follow,medium,4.0,10223,trapped_inside,0,0,0,400,4,7,0,1
blind_follow,medium,4.0,10224,trapped_inside,0,0,0,400,4,7,0,1
blind_follow,medium,4.0,10225,timeout,0,0,1,400,4,5,0,0
blind_follow,medium,4.0,10226,trapped_inside,0,0,0,400,4,7,0,1
blind_follow,medium,4.0,10227,trapped_inside,0,0,0,400,4,7,0,1
blind_follow,medium,4.0,10228,success,1,0,0,175,5,7,0,0
blind_follow,medium,4.0,10229,trapped_inside,0,0,0,400,4,7,0,1
blind_follow,medium,4.0,10230,success,1,0,0,127,5,7,0,0
blind_follow,medium,4.0,10231,trapped_inside,0,0,0,400,3,7,0,1
blind_follow,medium,4.0,10232,success,1,0,0,152,4,7,0,0
blind_follow,medium,4.0,10233,trapped_inside,0,0,0,400,4,7,0,1
blind_follow,medium,4.0,10234,trapped_inside,0,0,0,400,4,7,0,1
blind_follow,medium,4.0,10235,success,1,0,0,141,5,7,0,0
blind_follow,medium,4.0,10236,trapped_inside,0,0,0,400,4,7,0,1
blind_follow,medium,4.0,10237,timeout,0,0,1,400,4,6,0,0
blind_follow,medium,4.0,10238,trapped_inside,0,0,0,400,3,7,0,1
blind_follow,medium,4.0,10239,trapped_inside,0,0,0,400,4,7,0,1
blind_follow,medium,4.0,10240,success,1,0,0,189,5,7,0,0
blind_follow,medium,4.0,10241,trapped_inside,0,0,0,400,5,7,0,1
blind_follow,medium,4.0,10242,timeout,0,0,1,400,4,6,0,0
blind_follow,medium,4.0,10243,success,1,0,0,130,5,7,0,0
blind_follow,medium,4.0,10244,success,1,0,0,176,5,7,0,0
blind_follow,medium,4.0,10245,timeout,0,0,1,400,4,5,0,0
blind_follow,medium,4.0,10246,trapped_inside,0,0,0,400,4,7,0,1
blind_follow,medium,4.0,10247,trapped_inside,0,0,0,400,4,7,0,1
blind_follow,medium,4.0,10248,trapped_inside,0,0,0,400,3,7,0,1
blind_follow,medium,4.0,10249,trapped_inside,0,0,0,400,4,7,0,1
blind_follow,medium,4.0,10250,trapped_inside,0,0,0,400,4,7,0,1
blind_follow,medium,4.0,10251,trapped_inside,0,0,0,400,5,7,0,1
blind_follow,medium,4.0,10252,trapped_inside,0,0,0,400,3,7,0,1
blind_follow,medium,4.0,10253,timeout,0,0,1,400,4,6,0,0
blind_follow,medium,4.0,10254,trapped_inside,0,0,0,400,3,7,0,1
blind_follow,medium,4.0,10255,timeout,0,0,1,400,4,6,0,0
blind_follow,medium,4.0,10256,timeout,0,0,1,400,4,6,0,0
blind_follow,medium,4.0,10257,timeout,0,0,1,400,4,5,0,0
blind_follow,medium,4.0,10258,trapped_inside,0,0,0,400,4,7,0,1
blind_follow,medium,4.0,10259,timeout,0,0,1,400,4,4,0,0
blind_follow,medium,4.0,10260,timeout,0,0,1,400,4,6,0,0
blind_follow,medium,4.0,10261,trapped_inside,0,0,0,400,4,7,0,1
blind_follow,medium,4.0,10262,timeout,0,0,1,400,3,6,0,0
blind_follow,medium,4.0,10263,trapped_inside,0,0,0,400,5,7,0,1
blind_follow,medium,4.0,10264,success,1,0,0,160,5,7,0,0
blind_follow,medium,4.0,10265,trapped_inside,0,0,0,400,4,7,0,1
blind_follow,medium,4.0,10266,timeout,0,0,1,400,4,5,0,0
blind_follow,medium,4.0,10267,timeout,0,0,1,400,4,5,0,0
blind_follow,medium,4.0,10268,trapped_inside,0,0,0,400,4,7,0,1
blind_follow,medium,4.0,10269,trapped_inside,0,0,0,400,5,7,0,1
blind_follow,medium,4.0,10270,timeout,0,0,1,400,4,6,0,0
blind_follow,medium,4.0,10271,trapped_inside,0,0,0,400,4,7,0,1
blind_follow,medium,4.0,10272,timeout,0,0,1,400,4,5,0,0
blind_follow,medium,4.0,10273,trapped_inside,0,0,0,400,5,7,0,1
blind_follow,medium,4.0,10274,timeout,0,0,1,400,4,6,0,0
blind_follow,medium,4.0,10275,trapped_inside,0,0,0,400,4,7,0,1
blind_follow,medium,4.0,10276,trapped_inside,0,0,0,400,5,7,0,1
blind_follow,medium,4.0,10277,timeout,0,0,1,400,4,5,0,0
blind_follow,medium,4.0,10278,trapped_inside,0,0,0,400,4,7,0,1
blind_follow,medium,4.0,10279,success,1,0,0,216,5,7,0,0
blind_follow,medium,4.0,10280,trapped_inside,0,0,0,400,5,7,0,1
blind_follow,medium,4.0,10281,trapped_inside,0,0,0,400,4,7,0,1
blind_follow,medium,4.0,10282,trapped_inside,0,0,0,400,4,7,0,1
blind_follow,medium,4.0,10283,timeout,0,0,1,400,4,4,0,0
blind_follow,medium,4.0,10284,trapped_inside,0,0,0,400,4,7,0,1
blind_follow,medium,4.0,10285,trapped_inside,0,0,0,400,4,7,0,1
blind_follow,medium,4.0,10286,trapped_inside,0,0,0,400,4,7,0,1
blind_follow,medium,4.0,10287,timeout,0,0,1,400,4,5,0,0
blind_follow,medium,4.0,10288,trapped_inside,0,0,0,400,4,7,0,1
blind_follow,medium,4.0,10289,trapped_inside,0,0,0,400,4,7,0,1
blind_follow,medium,4.0,10290,trapped_inside,0,0,0,400,5,7,0,1
blind_follow,medium,4.0,10291,trapped_inside,0,0,0,400,4,7,0,1
blind_follow,medium,4.0,10292,trapped_inside,0,0,0,400,4,7,0,1
blind_follow,medium,4.0,10293,timeout,0,0,1,400,4,6,0,0
blind_follow,medium,4.0,10294,trapped_inside,0,0,0,400,5,7,0,1
blind_follow,medium,4.0,10295,trapped_inside,0,0,0,400,3,7,0,1
blind_follow,medium,4.0,10296,timeout,0,0,1,400,3,6,0,0
blind_follow,medium,4.0,10297,trapped_inside,0,0,0,400,4,7,0,1
blind_follow,medium,4.0,10298,trapped_inside,0,0,0,400,5,7,0,1
blind_follow,medium,4.0,10299,trapped_inside,0,0,0,400,4,7,0,1
blind_follow,medium,4.0,10300,trapped_inside,0,0,0,400,5,7,0,1
blind_follow,medium,4.0,10301,timeout,0,0,1,400,4,5,0,0
blind_follow,medium,4.0,10302,timeout,0,0,1,400,4,5,0,0
blind_follow,medium,4.0,10303,success,1,0,0,176,5,7,0,0
blind_follow,medium,4.0,10304,trapped_inside,0,0,0,400,4,7,0,1
blind_follow,medium,4.0,10305,timeout,0,0,1,400,4,5,0,0
blind_follow,medium,4.0,10306,timeout,0,0,1,400,4,5,0,0
blind_follow,medium,4.0,10307,trapped_inside,0,0,0,400,4,7,0,1
blind_follow,medium,4.0,10308,trapped_inside,0,0,0,400,4,7,0,1
blind_follow,medium,4.0,10309,timeout,0,0,1,400,4,5,0,0
blind_follow,medium,4.0,10310,trapped_inside,0,0,0,400,5,7,0,1
blind_follow,medium,4.0,10311,timeout,0,0,1,400,4,6,0,0
blind_follow,medium,4.0,10312,trapped_inside,0,0,0,400,4,7,0,1
blind_follow,medium,4.0,10313,trapped_inside,0,0,0,400,4,7,0,1
blind_follow,medium,4.0,10314,timeout,0,0,1,400,4,5,0,0
blind_follow,medium,4.0,10315,trapped_inside,0,0,0,400,5,7,0,1
blind_follow,medium,4.0,10316,trapped_inside,0,0,0,400,4,7,0,1
blind_follow,medium,4.0,10317,success,1,0,0,132,5,7,0,0
blind_follow,medium,4.0,10318,trapped_inside,0,0,0,400,5,7,0,1
blind_follow,medium,4.0,10319,timeout,0,0,1,400,4,6,0,0
blind_follow,medium,4.0,10320,trapped_inside,0,0,0,400,4,7,0,1
blind_follow,medium,4.0,10321,timeout,0,0,1,400,4,6,0,0
blind_follow,medium,4.0,10322,timeout,0,0,1,400,4,5,0,0
blind_follow,medium,4.0,10323,timeout,0,0,1,400,4,5,0,0
blind_follow,medium,4.0,10324,trapped_inside,0,0,0,400,4,7,0,1
blind_follow,medium,4.0,10325,success,1,0,0,166,5,7,0,0
blind_follow,medium,4.0,10326,trapped_inside,0,0,0,400,4,7,0,1
blind_follow,medium,4.0,10327,timeout,0,0,1,400,4,5,0,0
blind_follow,medium,4.0,10328,trapped_inside,0,0,0,400,4,7,0,1
blind_follow,medium,4.0,10329,trapped_inside,0,0,0,400,4,7,0,1
blind_follow,medium,4.0,10330,timeout,0,0,1,400,4,6,0,0
blind_follow,medium,4.0,10331,timeout,0,0,1,400,4,5,0,0
blind_follow,medium,4.0,10332,trapped_inside,0,0,0,400,3,7,0,1
blind_follow,medium,4.0,10333,trapped_inside,0,0,0,400,4,7,0,1
blind_follow,medium,4.0,10334,trapped_inside,0,0,0,400,4,7,0,1
blind_follow,medium,4.0,10335,timeout,0,0,1,400,4,5,0,0
blind_follow,medium,4.0,10336,trapped_inside,0,0,0,400,4,7,0,1
blind_follow,medium,4.0,10337,trapped_inside,0,0,0,400,4,7,0,1
blind_follow,medium,4.0,10338,trapped_inside,0,0,0,400,4,7,0,1
blind_follow,medium,4.0,10339,timeout,0,0,1,400,4,6,0,0
blind_follow,medium,4.0,10340,trapped_inside,0,0,0,400,3,7,0,1
blind_follow,medium,4.0,10341,timeout,0,0,1,400,4,5,0,0
blind_follow,medium,4.0,10342,success,1,0,0,117,5,7,0,0
blind_follow,medium,4.0,10343,trapped_inside,0,0,0,400,4,7,0,1
blind_follow,medium,4.0,10344,trapped_inside,0,0,0,400,5,7,0,1
blind_follow,medium,4.0,10345,timeout,0,0,1,400,4,4,0,0
blind_follow,medium,4.0,10346,trapped_inside,0,0,0,400,4,7,0,1
blind_follow,medium,4.0,10347,trapped_inside,0,0,0,400,4,7,0,1
blind_follow,medium,4.0,10348,trapped_inside,0,0,0,400,4,7,0,1
blind_follow,medium,4.0,10349,trapped_inside,0,0,0,400,4,7,0,1
blind_follow,medium,4.0,10350,trapped_inside,0,0,0,400,4,7,0,1
blind_follow,medium,4.0,10351,trapped_inside,0,0,0,400,4,7,0,1
blind_follow,medium,4.0,10352,timeout,0,0,1,400,4,6,0,0
blind_follow,medium,4.0,10353,trapped_inside,0,0,0,400,4,7,0,1
blind_follow,medium,4.0,10354,trapped_inside,0,0,0,400,5,7,0,1
blind_follow,medium,4.0,10355,timeout,0,0,1,400,4,6,0,0
blind_follow,medium,4.0,10356,trapped_inside,0,0,0,400,3,7,0,1
blind_follow,medium,4.0,10357,trapped_inside,0,0,0,400,4,7,0,1
blind_follow,medium,4.0,10358,trapped_inside,0,0,0,400,4,7,0,1
blind_follow,medium,4.0,10359,timeout,0,0,1,400,4,6,0,0
blind_follow,medium,4.0,10360,trapped_inside,0,0,0,400,4,7,0,1
blind_follow,medium,4.0,10361,timeout,0,0,1,400,4,5,0,0
blind_follow,medium,4.0,10362,timeout,0,0,1,400,4,4,0,0
blind_follow,medium,4.0,10363,timeout,0,0,1,400,4,6,0,0
blind_follow,medium,4.0,10364,trapped_inside,0,0,0,400,4,7,0,1
blind_follow,medium,4.0,10365,trapped_inside,0,0,0,400,4,7,0,1
blind_follow,medium,4.0,10366,success,1,0,0,153,3,7,0,0
blind_follow,medium,4.0,10367,trapped_inside,0,0,0,400,4,7,0,1
blind_follow,medium,4.0,10368,trapped_inside,0,0,0,400,4,7,0,1
blind_follow,medium,4.0,10369,trapped_inside,0,0,0,400,4,7,0,1
blind_follow,medium,4.0,10370,timeout,0,0,1,400,4,5,0,0
blind_follow,medium,4.0,10371,trapped_inside,0,0,0,400,5,7,0,1
blind_follow,medium,4.0,10372,trapped_inside,0,0,0,400,4,7,0,1
blind_follow,medium,4.0,10373,trapped_inside,0,0,0,400,4,7,0,1
blind_follow,medium,4.0,10374,timeout,0,0,1,400,4,5,0,0
blind_follow,medium,4.0,10375,timeout,0,0,1,400,4,6,0,0
blind_follow,medium,4.0,10376,trapped_inside,0,0,0,400,5,7,0,1
blind_follow,medium,4.0,10377,trapped_inside,0,0,0,400,3,7,0,1
blind_follow,medium,4.0,10378,success,1,0,0,126,3,7,0,0
blind_follow,medium,4.0,10379,trapped_inside,0,0,0,400,5,7,0,1
blind_follow,medium,4.0,10380,timeout,0,0,1,400,4,5,0,0
blind_follow,medium,4.0,10381,trapped_inside,0,0,0,400,4,7,0,1
blind_follow,medium,4.0,10382,trapped_inside,0,0,0,400,4,7,0,1
blind_follow,medium,4.0,10383,trapped_inside,0,0,0,400,4,7,0,1
blind_follow,medium,4.0,10384,trapped_inside,0,0,0,400,4,7,0,1
blind_follow,medium,4.0,10385,trapped_inside,0,0,0,400,5,7,0,1
blind_follow,medium,4.0,10386,trapped_inside,0,0,0,400,5,7,0,1
blind_follow,medium,4.0,10387,trapped_inside,0,0,0,400,4,7,0,1
blind_follow,medium,4.0,10388,trapped_inside,0,0,0,400,4,7,0,1
blind_follow,medium,4.0,10389,timeout,0,0,1,400,4,6,0,0
blind_follow,medium,4.0,10390,timeout,0,0,1,400,4,6,0,0
blind_follow,medium,4.0,10391,trapped_inside,0,0,0,400,4,7,0,1
blind_follow,medium,4.0,10392,trapped_inside,0,0,0,400,4,7,0,1
blind_follow,medium,4.0,10393,trapped_inside,0,0,0,400,4,7,0,1
blind_follow,medium,4.0,10394,trapped_inside,0,0,0,400,4,7,0,1
blind_follow,medium,4.0,10395,trapped_inside,0,0,0,400,4,7,0,1
blind_follow,medium,4.0,10396,trapped_inside,0,0,0,400,5,7,0,1
blind_follow,medium,4.0,10397,trapped_inside,0,0,0,400,4,7,0,1
blind_follow,medium,4.0,10398,timeout,0,0,1,400,4,6,0,0
blind_follow,medium,4.0,10399,timeout,0,0,1,400,3,5,0,0
blind_follow,medium,4.0,10400,timeout,0,0,1,400,4,5,0,0
blind_follow,medium,4.0,10401,timeout,0,0,1,400,4,5,0,0
blind_follow,medium,4.0,10402,trapped_inside,0,0,0,400,4,7,0,1
blind_follow,medium,4.0,10403,trapped_inside,0,0,0,400,5,7,0,1
blind_follow,medium,4.0,10404,trapped_inside,0,0,0,400,4,7,0,1
blind_follow,medium,4.0,10405,trapped_inside,0,0,0,400,4,7,0,1
blind_follow,medium,4.0,10406,trapped_inside,0,0,0,400,3,7,0,1
blind_follow,medium,4.0,10407,success,1,0,0,179,5,7,0,0
blind_follow,medium,4.0,10408,success,1,0,0,218,4,7,0,0
blind_follow,medium,4.0,10409,trapped_inside,0,0,0,400,4,7,0,1
blind_follow,medium,4.0,10410,trapped_inside,0,0,0,400,4,7,0,1
blind_follow,medium,4.0,10411,trapped_inside,0,0,0,400,4,7,0,1
blind_follow,medium,4.0,10412,timeout,0,0,1,400,4,5,0,0
blind_follow,medium,4.0,10413,trapped_inside,0,0,0,400,4,7,0,1
blind_follow,medium,4.0,10414,trapped_inside,0,0,0,400,5,7,0,1
blind_follow,medium,4.0,10415,trapped_inside,0,0,0,400,5,7,0,1
blind_follow,medium,4.0,10416,trapped_inside,0,0,0,400,3,7,0,1
blind_follow,medium,4.0,10417,trapped_inside,0,0,0,400,5,7,0,1
blind_follow,medium,4.0,10418,timeout,0,0,1,400,4,6,0,0
blind_follow,medium,4.0,10419,success,1,0,0,230,4,7,0,0
blind_follow,medium,4.0,10420,success,1,0,0,185,5,7,0,0
blind_follow,medium,4.0,10421,timeout,0,0,1,400,4,6,0,0
blind_follow,medium,4.0,10422,trapped_inside,0,0,0,400,4,7,0,1
blind_follow,medium,4.0,10423,timeout,0,0,1,400,4,6,0,0
blind_follow,medium,4.0,10424,timeout,0,0,1,400,4,6,0,0
blind_follow,medium,4.0,10425,trapped_inside,0,0,0,400,4,7,0,1
blind_follow,medium,4.0,10426,timeout,0,0,1,400,4,5,0,0
blind_follow,medium,4.0,10427,trapped_inside,0,0,0,400,4,7,0,1
blind_follow,medium,4.0,10428,success,1,0,0,155,4,7,0,0
blind_follow,medium,4.0,10429,timeout,0,0,1,400,4,6,0,0
blind_follow,medium,4.0,10430,success,1,0,0,175,3,7,0,0
blind_follow,medium,4.0,10431,trapped_inside,0,0,0,400,4,7,0,1
blind_follow,medium,4.0,10432,timeout,0,0,1,400,4,6,0,0
blind_follow,medium,4.0,10433,timeout,0,0,1,400,4,6,0,0
blind_follow,medium,4.0,10434,trapped_inside,0,0,0,400,4,7,0,1
blind_follow,medium,4.0,10435,trapped_inside,0,0,0,400,4,7,0,1
blind_follow,medium,4.0,10436,trapped_inside,0,0,0,400,5,7,0,1
blind_follow,medium,4.0,10437,trapped_inside,0,0,0,400,4,7,0,1
blind_follow,medium,4.0,10438,trapped_inside,0,0,0,400,4,7,0,1
blind_follow,medium,4.0,10439,success,1,0,0,211,4,7,0,0
blind_follow,medium,4.0,10440,trapped_inside,0,0,0,400,5,7,0,1
blind_follow,medium,4.0,10441,trapped_inside,0,0,0,400,4,7,0,1
blind_follow,medium,4.0,10442,timeout,0,0,1,400,4,4,0,0
blind_follow,medium,4.0,10443,trapped_inside,0,0,0,400,5,7,0,1
blind_follow,medium,4.0,10444,trapped_inside,0,0,0,400,4,7,0,1
blind_follow,medium,4.0,10445,trapped_inside,0,0,0,400,4,7,0,1
blind_follow,medium,4.0,10446,trapped_inside,0,0,0,400,4,7,0,1
blind_follow,medium,4.0,10447,trapped_inside,0,0,0,400,3,7,0,1
blind_follow,medium,4.0,10448,trapped_inside,0,0,0,400,5,7,0,1
blind_follow,medium,4.0,10449,trapped_inside,0,0,0,400,4,7,0,1
blind_follow,medium,4.0,10450,trapped_inside,0,0,0,400,4,7,0,1
blind_follow,medium,4.0,10451,success,1,0,0,167,3,7,0,0
blind_follow,medium,4.0,10452,trapped_inside,0,0,0,400,5,7,0,1
blind_follow,medium,4.0,10453,timeout,0,0,1,400,4,6,0,0
blind_follow,medium,4.0,10454,timeout,0,0,1,400,4,5,0,0
blind_follow,medium,4.0,10455,trapped_inside,0,0,0,400,5,7,0,1
blind_follow,medium,4.0,10456,trapped_inside,0,0,0,400,4,7,0,1
blind_follow,medium,4.0,10457,timeout,0,0,1,400,4,6,0,0
blind_follow,medium,4.0,10458,trapped_inside,0,0,0,400,4,7,0,1
blind_follow,medium,4.0,10459,trapped_inside,0,0,0,400,4,7,0,1
blind_follow,medium,4.0,10460,trapped_inside,0,0,0,400,4,7,0,1
blind_follow,medium,4.0,10461,trapped_inside,0,0,0,400,3,7,0,1
blind_follow,medium,4.0,10462,trapped_inside,0,0,0,400,4,7,0,1
blind_follow,medium,4.0,10463,trapped_inside,0,0,0,400,4,7,0,1
blind_follow,medium,4.0,10464,trapped_inside,0,0,0,400,4,7,0,1
blind_follow,medium,4.0,10465,trapped_inside,0,0,0,400,4,7,0,1
blind_follow,medium,4.0,10466,trapped_inside,0,0,0,400,4,7,0,1
blind_follow,medium,4.0,10467,trapped_inside,0,0,0,400,4,7,0,1
blind_follow,medium,4.0,10468,timeout,0,0,1,400,4,6,0,0
blind_follow,medium,4.0,10469,trapped_inside,0,0,0,400,4,7,0,1
blind_follow,medium,4.0,10470,trapped_inside,0,0,0,400,5,7,0,1
blind_follow,medium,4.0,10471,trapped_inside,0,0,0,400,4,7,0,1
blind_follow,medium,4.0,10472,trapped_inside,0,0,0,400,4,7,0,1
blind_follow,medium,4.0,10473,trapped_inside,0,0,0,400,4,7,0,1
blind_follow,medium,4.0,10474,timeout,0,0,1,400,4,6,0,0
blind_follow,medium,4.0,10475,timeout,0,0,1,400,4,6,0,0
blind_follow,medium,4.0,10476,trapped_inside,0,0,0,400,4,7,0,1
blind_follow,medium,4.0,10477,trapped_inside,0,0,0,400,4,7,0,1
blind_follow,medium,4.0,10478,trapped_inside,0,0,0,400,3,7,0,1
blind_follow,medium,4.0,10479,trapped_inside,0,0,0,400,4,7,0,1
blind_follow,medium,4.0,10480,trapped_inside,0,0,0,400,4,7,0,1
blind_follow,medium,4.0,10481,timeout,0,0,1,400,4,5,0,0
blind_follow,medium,4.0,10482,timeout,0,0,1,400,4,6,0,0
blind_follow,medium,4.0,10483,timeout,0,0,1,400,4,6,0,0
blind_follow,medium,4.0,10484,trapped_inside,0,0,0,400,3,7,0,1
blind_follow,medium,4.0,10485,trapped_inside,0,0,0,400,4,7,0,1
blind_follow,medium,4.0,10486,trapped_inside,0,0,0,400,4,7,0,1
blind_follow,medium,4.0,10487,success,1,0,0,211,5,7,0,0
blind_follow,medium,4.0,10488,trapped_inside,0,0,0,400,4,7,0,1
blind_follow,medium,4.0,10489,trapped_inside,0,0,0,400,4,7,0,1
blind_follow,medium,4.0,10490,trapped_inside,0,0,0,400,5,7,0,1
blind_follow,medium,4.0,10491,trapped_inside,0,0,0,400,4,7,0,1
blind_follow,medium,4.0,10492,timeout,0,0,1,400,3,6,0,0
blind_follow,medium,4.0,10493,trapped_inside,0,0,0,400,4,7,0,1
blind_follow,medium,4.0,10494,success,1,0,0,195,5,7,0,0
blind_follow,medium,4.0,10495,trapped_inside,0,0,0,400,3,7,0,1
blind_follow,medium,4.0,10496,timeout,0,0,1,400,4,5,0,0
blind_follow,medium,4.0,10497,timeout,0,0,1,400,4,6,0,0
blind_follow,medium,4.0,10498,trapped_inside,0,0,0,400,4,7,0,1
blind_follow,medium,4.0,10499,timeout,0,0,1,400,4,5,0,0
shared_map,medium,4.0,10000,success,1,0,0,190,4,7,2178,0
shared_map,medium,4.0,10001,success,1,0,0,218,3,7,2844,0
shared_map,medium,4.0,10002,success,1,0,0,181,3,7,2430,0
shared_map,medium,4.0,10003,success,1,0,0,209,4,7,2844,0
shared_map,medium,4.0,10004,success,1,0,0,190,4,7,2526,0
shared_map,medium,4.0,10005,success,1,0,0,149,5,7,1844,0
shared_map,medium,4.0,10006,trapped_inside,0,0,0,400,4,7,4860,1
shared_map,medium,4.0,10007,trapped_inside,0,0,0,400,4,7,4856,1
shared_map,medium,4.0,10008,success,1,0,0,203,4,7,3062,0
shared_map,medium,4.0,10009,success,1,0,0,199,3,7,2694,0
shared_map,medium,4.0,10010,trapped_inside,0,0,0,400,5,7,7308,1
shared_map,medium,4.0,10011,trapped_inside,0,0,0,400,4,7,4336,1
shared_map,medium,4.0,10012,success,1,0,0,114,3,7,2016,0
shared_map,medium,4.0,10013,success,1,0,0,179,5,7,1692,0
shared_map,medium,4.0,10014,trapped_inside,0,0,0,400,5,7,7014,1
shared_map,medium,4.0,10015,success,1,0,0,213,3,7,1840,0
shared_map,medium,4.0,10016,trapped_inside,0,0,0,400,5,7,6900,1
shared_map,medium,4.0,10017,success,1,0,0,203,4,7,1736,0
shared_map,medium,4.0,10018,success,1,0,0,192,4,7,1418,0
shared_map,medium,4.0,10019,success,1,0,0,197,3,7,2572,0
shared_map,medium,4.0,10020,trapped_inside,0,0,0,400,5,7,4548,1
shared_map,medium,4.0,10021,success,1,0,0,172,4,7,1734,0
shared_map,medium,4.0,10022,success,1,0,0,139,5,7,1220,0
shared_map,medium,4.0,10023,trapped_inside,0,0,0,400,5,7,6296,1
shared_map,medium,4.0,10024,success,1,0,0,236,2,7,2092,0
shared_map,medium,4.0,10025,success,1,0,0,184,4,7,2448,0
shared_map,medium,4.0,10026,trapped_inside,0,0,0,400,4,7,3736,1
shared_map,medium,4.0,10027,success,1,0,0,190,4,7,2926,0
shared_map,medium,4.0,10028,success,1,0,0,135,4,7,1548,0
shared_map,medium,4.0,10029,success,1,0,0,156,4,7,1040,0
shared_map,medium,4.0,10030,success,1,0,0,177,4,7,2714,0
shared_map,medium,4.0,10031,success,1,0,0,166,4,7,1468,0
shared_map,medium,4.0,10032,success,1,0,0,176,3,7,1768,0
shared_map,medium,4.0,10033,trapped_inside,0,0,0,400,5,7,7372,1
shared_map,medium,4.0,10034,trapped_inside,0,0,0,400,4,7,4810,1
shared_map,medium,4.0,10035,trapped_inside,0,0,0,400,5,7,7230,1
shared_map,medium,4.0,10036,success,1,0,0,169,4,7,1676,0
shared_map,medium,4.0,10037,success,1,0,0,142,4,7,1310,0
shared_map,medium,4.0,10038,success,1,0,0,196,3,7,1190,0
shared_map,medium,4.0,10039,trapped_inside,0,0,0,400,4,7,4912,1
shared_map,medium,4.0,10040,trapped_inside,0,0,0,400,5,7,6272,1
shared_map,medium,4.0,10041,success,1,0,0,139,4,7,2186,0
shared_map,medium,4.0,10042,success,1,0,0,221,3,7,3026,0
shared_map,medium,4.0,10043,success,1,0,0,228,3,7,1444,0
shared_map,medium,4.0,10044,success,1,0,0,171,3,7,2342,0
shared_map,medium,4.0,10045,success,1,0,0,193,4,7,2716,0
shared_map,medium,4.0,10046,success,1,0,0,204,3,7,1832,0
shared_map,medium,4.0,10047,trapped_inside,0,0,0,400,5,7,6900,1
shared_map,medium,4.0,10048,success,1,0,0,157,4,7,1766,0
shared_map,medium,4.0,10049,success,1,0,0,168,4,7,1678,0
shared_map,medium,4.0,10050,success,1,0,0,145,3,7,996,0
shared_map,medium,4.0,10051,success,1,0,0,121,4,7,1888,0
shared_map,medium,4.0,10052,success,1,0,0,151,5,7,2236,0
shared_map,medium,4.0,10053,success,1,0,0,192,3,7,2260,0
shared_map,medium,4.0,10054,success,1,0,0,179,4,7,2878,0
shared_map,medium,4.0,10055,trapped_inside,0,0,0,400,4,7,4568,1
shared_map,medium,4.0,10056,trapped_inside,0,0,0,400,5,7,4798,1
shared_map,medium,4.0,10057,success,1,0,0,136,4,7,1322,0
shared_map,medium,4.0,10058,trapped_inside,0,0,0,400,5,7,7376,1
shared_map,medium,4.0,10059,success,1,0,0,156,3,7,1482,0
shared_map,medium,4.0,10060,success,1,0,0,167,4,7,2136,0
shared_map,medium,4.0,10061,trapped_inside,0,0,0,400,3,7,1428,1
shared_map,medium,4.0,10062,success,1,0,0,189,3,7,2734,0
shared_map,medium,4.0,10063,success,1,0,0,226,4,7,1910,0
shared_map,medium,4.0,10064,success,1,0,0,200,3,7,1460,0
shared_map,medium,4.0,10065,success,1,0,0,205,3,7,1796,0
shared_map,medium,4.0,10066,trapped_inside,0,0,0,400,5,7,7192,1
shared_map,medium,4.0,10067,trapped_inside,0,0,0,400,4,7,4638,1
shared_map,medium,4.0,10068,trapped_inside,0,0,0,400,5,7,7226,1
shared_map,medium,4.0,10069,success,1,0,0,160,3,7,1198,0
shared_map,medium,4.0,10070,success,1,0,0,208,3,7,1342,0
shared_map,medium,4.0,10071,trapped_inside,0,0,0,400,5,7,7512,1
shared_map,medium,4.0,10072,success,1,0,0,258,5,7,5054,0
shared_map,medium,4.0,10073,success,1,0,0,172,3,7,1932,0
shared_map,medium,4.0,10074,trapped_inside,0,0,0,400,4,7,4858,1
shared_map,medium,4.0,10075,success,1,0,0,200,3,7,1380,0
shared_map,medium,4.0,10076,trapped_inside,0,0,0,400,5,7,4796,1
shared_map,medium,4.0,10077,success,1,0,0,140,4,7,1220,0
shared_map,medium,4.0,10078,trapped_inside,0,0,0,400,4,7,5036,1
shared_map,medium,4.0,10079,trapped_inside,0,0,0,400,5,7,5206,1
shared_map,medium,4.0,10080,success,1,0,0,183,4,7,2736,0
shared_map,medium,4.0,10081,success,1,0,0,165,4,7,1790,0
shared_map,medium,4.0,10082,success,1,0,0,145,4,7,2108,0
shared_map,medium,4.0,10083,success,1,0,0,169,4,7,1478,0
shared_map,medium,4.0,10084,success,1,0,0,113,4,7,1034,0
shared_map,medium,4.0,10085,success,1,0,0,169,3,7,1488,0
shared_map,medium,4.0,10086,success,1,0,0,128,4,7,1302,0
shared_map,medium,4.0,10087,success,1,0,0,206,3,7,2288,0
shared_map,medium,4.0,10088,success,1,0,0,199,2,7,2846,0
shared_map,medium,4.0,10089,success,1,0,0,264,3,7,2204,0
shared_map,medium,4.0,10090,success,1,0,0,200,3,7,2064,0
shared_map,medium,4.0,10091,success,1,0,0,107,5,7,2054,0
shared_map,medium,4.0,10092,success,1,0,0,133,4,7,1510,0
shared_map,medium,4.0,10093,trapped_inside,0,0,0,400,5,7,6884,1
shared_map,medium,4.0,10094,success,1,0,0,218,2,7,1904,0
shared_map,medium,4.0,10095,trapped_inside,0,0,0,400,5,7,4756,1
shared_map,medium,4.0,10096,success,1,0,0,138,3,7,1316,0
shared_map,medium,4.0,10097,success,1,0,0,151,4,7,1998,0
shared_map,medium,4.0,10098,success,1,0,0,156,3,7,2028,0
shared_map,medium,4.0,10099,success,1,0,0,180,4,7,1226,0
shared_map,medium,4.0,10100,success,1,0,0,178,4,7,2362,0
shared_map,medium,4.0,10101,success,1,0,0,202,5,7,2570,0
shared_map,medium,4.0,10102,success,1,0,0,193,3,7,2692,0
shared_map,medium,4.0,10103,success,1,0,0,192,3,7,1746,0
shared_map,medium,4.0,10104,success,1,0,0,113,3,7,1660,0
shared_map,medium,4.0,10105,trapped_inside,0,0,0,400,5,7,7008,1
shared_map,medium,4.0,10106,trapped_inside,0,0,0,400,5,7,4400,1
shared_map,medium,4.0,10107,success,1,0,0,177,3,7,1068,0
shared_map,medium,4.0,10108,success,1,0,0,203,3,7,2086,0
shared_map,medium,4.0,10109,success,1,0,0,244,4,7,1734,0
shared_map,medium,4.0,10110,success,1,0,0,212,5,7,1896,0
shared_map,medium,4.0,10111,trapped_inside,0,0,0,400,5,7,7422,1
shared_map,medium,4.0,10112,trapped_inside,0,0,0,400,4,7,4728,1
shared_map,medium,4.0,10113,success,1,0,0,184,3,7,1256,0
shared_map,medium,4.0,10114,trapped_inside,0,0,0,400,4,7,5456,1
shared_map,medium,4.0,10115,success,1,0,0,202,4,7,2356,0
shared_map,medium,4.0,10116,success,1,0,0,201,3,7,1436,0
shared_map,medium,4.0,10117,trapped_inside,0,0,0,400,5,7,6754,1
shared_map,medium,4.0,10118,success,1,0,0,182,4,7,2398,0
shared_map,medium,4.0,10119,trapped_inside,0,0,0,400,5,7,6186,1
shared_map,medium,4.0,10120,success,1,0,0,121,4,7,1064,0
shared_map,medium,4.0,10121,success,1,0,0,230,3,7,1688,0
shared_map,medium,4.0,10122,success,1,0,0,138,4,7,1480,0
shared_map,medium,4.0,10123,success,1,0,0,90,5,7,1172,0
shared_map,medium,4.0,10124,success,1,0,0,180,4,7,2754,0
shared_map,medium,4.0,10125,success,1,0,0,105,5,7,2018,0
shared_map,medium,4.0,10126,success,1,0,0,158,4,7,2486,0
shared_map,medium,4.0,10127,success,1,0,0,171,4,7,2524,0
shared_map,medium,4.0,10128,success,1,0,0,151,5,7,1856,0
shared_map,medium,4.0,10129,success,1,0,0,143,4,7,1896,0
shared_map,medium,4.0,10130,trapped_inside,0,0,0,400,4,7,4482,1
shared_map,medium,4.0,10131,trapped_inside,0,0,0,400,4,7,4910,1
shared_map,medium,4.0,10132,trapped_inside,0,0,0,400,5,7,6542,1
shared_map,medium,4.0,10133,success,1,0,0,172,4,7,2156,0
shared_map,medium,4.0,10134,success,1,0,0,197,4,7,1798,0
shared_map,medium,4.0,10135,success,1,0,0,167,5,7,1784,0
shared_map,medium,4.0,10136,success,1,0,0,191,4,7,1810,0
shared_map,medium,4.0,10137,success,1,0,0,209,4,7,2556,0
shared_map,medium,4.0,10138,success,1,0,0,142,4,7,2058,0
shared_map,medium,4.0,10139,trapped_inside,0,0,0,400,5,7,7896,1
shared_map,medium,4.0,10140,success,1,0,0,166,4,7,2138,0
shared_map,medium,4.0,10141,trapped_inside,0,0,0,400,5,7,6876,1
shared_map,medium,4.0,10142,success,1,0,0,112,5,7,1498,0
shared_map,medium,4.0,10143,success,1,0,0,154,3,7,1978,0
shared_map,medium,4.0,10144,success,1,0,0,171,4,7,2720,0
shared_map,medium,4.0,10145,success,1,0,0,195,3,7,1790,0
shared_map,medium,4.0,10146,success,1,0,0,220,3,7,1980,0
shared_map,medium,4.0,10147,success,1,0,0,151,5,7,2414,0
shared_map,medium,4.0,10148,success,1,0,0,191,2,7,1474,0
shared_map,medium,4.0,10149,trapped_inside,0,0,0,400,5,7,4312,1
shared_map,medium,4.0,10150,success,1,0,0,107,5,7,2086,0
shared_map,medium,4.0,10151,success,1,0,0,233,3,7,2138,0
shared_map,medium,4.0,10152,trapped_inside,0,0,0,400,4,7,5286,1
shared_map,medium,4.0,10153,success,1,0,0,154,3,7,1972,0
shared_map,medium,4.0,10154,success,1,0,0,114,5,7,2210,0
shared_map,medium,4.0,10155,success,1,0,0,147,5,7,1452,0
shared_map,medium,4.0,10156,trapped_inside,0,0,0,400,5,7,6500,1
shared_map,medium,4.0,10157,trapped_inside,0,0,0,400,5,7,7088,1
shared_map,medium,4.0,10158,success,1,0,0,174,4,7,2410,0
shared_map,medium,4.0,10159,success,1,0,0,149,3,7,2050,0
shared_map,medium,4.0,10160,trapped_inside,0,0,0,400,4,7,4910,1
shared_map,medium,4.0,10161,success,1,0,0,116,4,7,1392,0
shared_map,medium,4.0,10162,trapped_inside,0,0,0,400,3,7,1838,1
shared_map,medium,4.0,10163,trapped_inside,0,0,0,400,5,7,4800,1
shared_map,medium,4.0,10164,success,1,0,0,245,2,7,2200,0
shared_map,medium,4.0,10165,trapped_inside,0,0,0,400,5,7,5498,1
shared_map,medium,4.0,10166,success,1,0,0,181,4,7,1660,0
shared_map,medium,4.0,10167,success,1,0,0,168,5,7,2116,0
shared_map,medium,4.0,10168,success,1,0,0,112,4,7,1356,0
shared_map,medium,4.0,10169,trapped_inside,0,0,0,400,2,7,1984,1
shared_map,medium,4.0,10170,success,1,0,0,137,4,7,1974,0
shared_map,medium,4.0,10171,success,1,0,0,142,3,7,1336,0
shared_map,medium,4.0,10172,success,1,0,0,179,4,7,2456,0
shared_map,medium,4.0,10173,success,1,0,0,118,5,7,1536,0
shared_map,medium,4.0,10174,trapped_inside,0,0,0,400,3,7,3070,1
shared_map,medium,4.0,10175,success,1,0,0,127,4,7,1578,0
shared_map,medium,4.0,10176,success,1,0,0,209,3,7,1856,0
shared_map,medium,4.0,10177,trapped_inside,0,0,0,400,4,7,5258,1
shared_map,medium,4.0,10178,success,1,0,0,198,4,7,1916,0
shared_map,medium,4.0,10179,success,1,0,0,243,4,7,1518,0
shared_map,medium,4.0,10180,success,1,0,0,196,3,7,1694,0
shared_map,medium,4.0,10181,success,1,0,0,140,4,7,1824,0
shared_map,medium,4.0,10182,trapped_inside,0,0,0,400,5,7,6500,1
shared_map,medium,4.0,10183,success,1,0,0,177,4,7,1500,0
shared_map,medium,4.0,10184,success,1,0,0,199,3,7,2210,0
shared_map,medium,4.0,10185,success,1,0,0,159,4,7,2872,0
shared_map,medium,4.0,10186,success,1,0,0,162,4,7,2582,0
shared_map,medium,4.0,10187,trapped_inside,0,0,0,400,5,7,6726,1
shared_map,medium,4.0,10188,trapped_inside,0,0,0,400,5,7,6884,1
shared_map,medium,4.0,10189,success,1,0,0,298,3,7,2098,0
shared_map,medium,4.0,10190,success,1,0,0,191,3,7,1956,0
shared_map,medium,4.0,10191,success,1,0,0,197,3,7,1792,0
shared_map,medium,4.0,10192,trapped_inside,0,0,0,400,5,7,6864,1
shared_map,medium,4.0,10193,trapped_inside,0,0,0,400,5,7,6798,1
shared_map,medium,4.0,10194,success,1,0,0,199,5,7,1636,0
shared_map,medium,4.0,10195,trapped_inside,0,0,0,400,4,7,4864,1
shared_map,medium,4.0,10196,trapped_inside,0,0,0,400,5,7,7320,1
shared_map,medium,4.0,10197,trapped_inside,0,0,0,400,4,7,4790,1
shared_map,medium,4.0,10198,success,1,0,0,183,3,7,2668,0
shared_map,medium,4.0,10199,trapped_inside,0,0,0,400,4,7,4970,1
shared_map,medium,4.0,10200,success,1,0,0,135,4,7,1472,0
shared_map,medium,4.0,10201,trapped_inside,0,0,0,400,4,7,4898,1
shared_map,medium,4.0,10202,trapped_inside,0,0,0,400,5,7,6256,1
shared_map,medium,4.0,10203,trapped_inside,0,0,0,400,4,7,5006,1
shared_map,medium,4.0,10204,trapped_inside,0,0,0,400,5,7,5898,1
shared_map,medium,4.0,10205,success,1,0,0,199,2,7,2310,0
shared_map,medium,4.0,10206,success,1,0,0,182,4,7,1946,0
shared_map,medium,4.0,10207,success,1,0,0,94,5,7,1262,0
shared_map,medium,4.0,10208,success,1,0,0,166,4,7,2194,0
shared_map,medium,4.0,10209,success,1,0,0,176,3,7,1642,0
shared_map,medium,4.0,10210,trapped_inside,0,0,0,400,5,7,6830,1
shared_map,medium,4.0,10211,success,1,0,0,247,3,7,1740,0
shared_map,medium,4.0,10212,success,1,0,0,236,4,7,1498,0
shared_map,medium,4.0,10213,trapped_inside,0,0,0,400,4,7,5294,1
shared_map,medium,4.0,10214,success,1,0,0,205,3,7,2806,0
shared_map,medium,4.0,10215,trapped_inside,0,0,0,400,5,7,7340,1
shared_map,medium,4.0,10216,success,1,0,0,200,4,7,2798,0
shared_map,medium,4.0,10217,success,1,0,0,188,5,7,1892,0
shared_map,medium,4.0,10218,success,1,0,0,155,4,7,1318,0
shared_map,medium,4.0,10219,trapped_inside,0,0,0,400,5,7,5966,1
shared_map,medium,4.0,10220,success,1,0,0,199,3,7,2532,0
shared_map,medium,4.0,10221,trapped_inside,0,0,0,400,3,7,3196,1
shared_map,medium,4.0,10222,success,1,0,0,155,2,7,1456,0
shared_map,medium,4.0,10223,success,1,0,0,158,4,7,1058,0
shared_map,medium,4.0,10224,success,1,0,0,177,3,7,1866,0
shared_map,medium,4.0,10225,success,1,0,0,175,4,7,1462,0
shared_map,medium,4.0,10226,trapped_inside,0,0,0,400,4,7,2816,1
shared_map,medium,4.0,10227,trapped_inside,0,0,0,400,5,7,6812,1
shared_map,medium,4.0,10228,success,1,0,0,175,5,7,2356,0
shared_map,medium,4.0,10229,trapped_inside,0,0,0,400,5,7,6550,1
shared_map,medium,4.0,10230,success,1,0,0,134,4,7,1084,0
shared_map,medium,4.0,10231,success,1,0,0,190,4,7,1638,0
shared_map,medium,4.0,10232,success,1,0,0,152,4,7,1354,0
shared_map,medium,4.0,10233,success,1,0,0,175,3,7,1588,0
shared_map,medium,4.0,10234,trapped_inside,0,0,0,400,4,7,2686,1
shared_map,medium,4.0,10235,success,1,0,0,141,5,7,2130,0
shared_map,medium,4.0,10236,trapped_inside,0,0,0,400,5,7,7140,1
shared_map,medium,4.0,10237,success,1,0,0,174,4,7,1462,0
shared_map,medium,4.0,10238,success,1,0,0,226,3,7,2822,0
shared_map,medium,4.0,10239,success,1,0,0,121,3,7,1118,0
shared_map,medium,4.0,10240,success,1,0,0,215,3,7,1402,0
shared_map,medium,4.0,10241,trapped_inside,0,0,0,400,5,7,6374,1
shared_map,medium,4.0,10242,trapped_inside,0,0,0,400,3,7,3176,1
shared_map,medium,4.0,10243,success,1,0,0,130,5,7,2134,0
shared_map,medium,4.0,10244,success,1,0,0,181,4,7,934,0
shared_map,medium,4.0,10245,trapped_inside,0,0,0,400,3,7,3276,1
shared_map,medium,4.0,10246,trapped_inside,0,0,0,400,4,7,4664,1
shared_map,medium,4.0,10247,success,1,0,0,166,4,7,1158,0
shared_map,medium,4.0,10248,success,1,0,0,200,3,7,1438,0
shared_map,medium,4.0,10249,success,1,0,0,83,4,7,1434,0
shared_map,medium,4.0,10250,trapped_inside,0,0,0,400,5,7,7288,1
shared_map,medium,4.0,10251,trapped_inside,0,0,0,400,5,7,6832,1
shared_map,medium,4.0,10252,success,1,0,0,170,4,7,1896,0
shared_map,medium,4.0,10253,success,1,0,0,204,3,7,1658,0
shared_map,medium,4.0,10254,success,1,0,0,186,3,7,1504,0
shared_map,medium,4.0,10255,trapped_inside,0,0,0,400,4,7,5302,1
shared_map,medium,4.0,10256,trapped_inside,0,0,0,400,5,7,4586,1
shared_map,medium,4.0,10257,success,1,0,0,206,3,7,1358,0
shared_map,medium,4.0,10258,trapped_inside,0,0,0,400,4,7,4906,1
shared_map,medium,4.0,10259,trapped_inside,0,0,0,400,3,7,3990,1
shared_map,medium,4.0,10260,success,1,0,0,175,5,7,2000,0
shared_map,medium,4.0,10261,success,1,0,0,226,3,7,3434,0
shared_map,medium,4.0,10262,success,1,0,0,159,3,7,1314,0
shared_map,medium,4.0,10263,trapped_inside,0,0,0,400,5,7,7328,1
shared_map,medium,4.0,10264,success,1,0,0,181,4,7,2272,0
shared_map,medium,4.0,10265,trapped_inside,0,0,0,400,4,7,4514,1
shared_map,medium,4.0,10266,success,1,0,0,165,3,7,1390,0
shared_map,medium,4.0,10267,success,1,0,0,222,3,7,2268,0
shared_map,medium,4.0,10268,trapped_inside,0,0,0,400,4,7,5078,1
shared_map,medium,4.0,10269,trapped_inside,0,0,0,400,5,7,5616,1
shared_map,medium,4.0,10270,success,1,0,0,188,4,7,2548,0
shared_map,medium,4.0,10271,success,1,0,0,129,4,7,1582,0
shared_map,medium,4.0,10272,success,1,0,0,190,4,7,2746,0
shared_map,medium,4.0,10273,trapped_inside,0,0,0,400,5,7,6794,1
shared_map,medium,4.0,10274,success,1,0,0,176,3,7,1976,0
shared_map,medium,4.0,10275,success,1,0,0,193,3,7,2400,0
shared_map,medium,4.0,10276,trapped_inside,0,0,0,400,5,7,7058,1
shared_map,medium,4.0,10277,success,1,0,0,165,4,7,2482,0
shared_map,medium,4.0,10278,trapped_inside,0,0,0,400,5,7,4796,1
shared_map,medium,4.0,10279,success,1,0,0,216,4,7,1364,0
shared_map,medium,4.0,10280,trapped_inside,0,0,0,400,5,7,6112,1
shared_map,medium,4.0,10281,success,1,0,0,131,4,7,1322,0
shared_map,medium,4.0,10282,success,1,0,0,208,4,7,2596,0
shared_map,medium,4.0,10283,success,1,0,0,194,4,7,2598,0
shared_map,medium,4.0,10284,trapped_inside,0,0,0,400,5,7,5560,1
shared_map,medium,4.0,10285,success,1,0,0,150,4,7,2102,0
shared_map,medium,4.0,10286,trapped_inside,0,0,0,400,4,7,5130,1
shared_map,medium,4.0,10287,success,1,0,0,160,4,7,2322,0
shared_map,medium,4.0,10288,success,1,0,0,188,2,7,2510,0
shared_map,medium,4.0,10289,success,1,0,0,180,4,7,2762,0
shared_map,medium,4.0,10290,trapped_inside,0,0,0,400,5,7,7788,1
shared_map,medium,4.0,10291,trapped_inside,0,0,0,400,5,7,6798,1
shared_map,medium,4.0,10292,trapped_inside,0,0,0,400,4,7,4850,1
shared_map,medium,4.0,10293,trapped_inside,0,0,0,400,4,7,5496,1
shared_map,medium,4.0,10294,trapped_inside,0,0,0,400,5,7,6876,1
shared_map,medium,4.0,10295,success,1,0,0,204,4,7,2540,0
shared_map,medium,4.0,10296,success,1,0,0,156,3,7,2146,0
shared_map,medium,4.0,10297,trapped_inside,0,0,0,400,4,7,4670,1
shared_map,medium,4.0,10298,trapped_inside,0,0,0,400,5,7,6664,1
shared_map,medium,4.0,10299,trapped_inside,0,0,0,400,5,7,7962,1
shared_map,medium,4.0,10300,trapped_inside,0,0,0,400,5,7,6868,1
shared_map,medium,4.0,10301,success,1,0,0,170,4,7,2404,0
shared_map,medium,4.0,10302,trapped_inside,0,0,0,400,4,7,5330,1
shared_map,medium,4.0,10303,success,1,0,0,206,3,7,1564,0
shared_map,medium,4.0,10304,trapped_inside,0,0,0,400,4,7,4422,1
shared_map,medium,4.0,10305,success,1,0,0,182,3,7,2284,0
shared_map,medium,4.0,10306,success,1,0,0,220,3,7,2316,0
shared_map,medium,4.0,10307,success,1,0,0,180,4,7,2126,0
shared_map,medium,4.0,10308,success,1,0,0,152,4,7,1538,0
shared_map,medium,4.0,10309,trapped_inside,0,0,0,400,4,7,4926,1
shared_map,medium,4.0,10310,trapped_inside,0,0,0,400,5,7,6508,1
shared_map,medium,4.0,10311,trapped_inside,0,0,0,400,4,7,5216,1
shared_map,medium,4.0,10312,success,1,0,0,197,3,7,1822,0
shared_map,medium,4.0,10313,success,1,0,0,141,3,7,2202,0
shared_map,medium,4.0,10314,success,1,0,0,184,3,7,2472,0
shared_map,medium,4.0,10315,trapped_inside,0,0,0,400,5,7,7786,1
shared_map,medium,4.0,10316,trapped_inside,0,0,0,400,4,7,4408,1
shared_map,medium,4.0,10317,success,1,0,0,130,5,7,2264,0
shared_map,medium,4.0,10318,trapped_inside,0,0,0,400,5,7,6886,1
shared_map,medium,4.0,10319,trapped_inside,0,0,0,400,5,7,4800,1
shared_map,medium,4.0,10320,success,1,0,0,110,5,7,2128,0
shared_map,medium,4.0,10321,success,1,0,0,122,4,7,1972,0
shared_map,medium,4.0,10322,success,1,0,0,168,3,7,1628,0
shared_map,medium,4.0,10323,success,1,0,0,302,3,7,2292,0
shared_map,medium,4.0,10324,success,1,0,0,176,4,7,1998,0
shared_map,medium,4.0,10325,success,1,0,0,166,5,7,2328,0
shared_map,medium,4.0,10326,trapped_inside,0,0,0,400,4,7,4376,1
shared_map,medium,4.0,10327,success,1,0,0,195,4,7,2466,0
shared_map,medium,4.0,10328,success,1,0,0,129,4,7,1088,0
shared_map,medium,4.0,10329,success,1,0,0,122,4,7,1886,0
shared_map,medium,4.0,10330,success,1,0,0,234,4,7,3106,0
shared_map,medium,4.0,10331,success,1,0,0,228,3,7,1672,0
shared_map,medium,4.0,10332,trapped_inside,0,0,0,400,3,7,3494,1
shared_map,medium,4.0,10333,success,1,0,0,195,4,7,1688,0
shared_map,medium,4.0,10334,trapped_inside,0,0,0,400,4,7,4324,1
shared_map,medium,4.0,10335,success,1,0,0,180,3,7,2222,0
shared_map,medium,4.0,10336,trapped_inside,0,0,0,400,5,7,6280,1
shared_map,medium,4.0,10337,trapped_inside,0,0,0,400,5,7,7204,1
shared_map,medium,4.0,10338,success,1,0,0,124,4,7,996,0
shared_map,medium,4.0,10339,trapped_inside,0,0,0,400,4,7,4822,1
shared_map,medium,4.0,10340,trapped_inside,0,0,0,400,4,7,5184,1
shared_map,medium,4.0,10341,success,1,0,0,203,3,7,1806,0
shared_map,medium,4.0,10342,success,1,0,0,117,5,7,1848,0
shared_map,medium,4.0,10343,success,1,0,0,180,4,7,1568,0
shared_map,medium,4.0,10344,trapped_inside,0,0,0,400,5,7,7118,1
shared_map,medium,4.0,10345,success,1,0,0,245,4,7,3722,0
shared_map,medium,4.0,10346,trapped_inside,0,0,0,400,4,7,4286,1
shared_map,medium,4.0,10347,trapped_inside,0,0,0,400,3,7,2954,1
shared_map,medium,4.0,10348,trapped_inside,0,0,0,400,5,7,7724,1
shared_map,medium,4.0,10349,success,1,0,0,166,3,7,2164,0
shared_map,medium,4.0,10350,trapped_inside,0,0,0,400,4,7,5080,1
shared_map,medium,4.0,10351,success,1,0,0,196,3,7,1610,0
shared_map,medium,4.0,10352,success,1,0,0,233,4,7,2638,0
shared_map,medium,4.0,10353,success,1,0,0,108,5,7,2090,0
shared_map,medium,4.0,10354,trapped_inside,0,0,0,400,5,7,7292,1
shared_map,medium,4.0,10355,success,1,0,0,160,4,7,2218,0
shared_map,medium,4.0,10356,success,1,0,0,167,4,7,2254,0
shared_map,medium,4.0,10357,trapped_inside,0,0,0,400,3,7,1748,1
shared_map,medium,4.0,10358,success,1,0,0,198,3,7,1242,0
shared_map,medium,4.0,10359,success,1,0,0,178,4,7,1568,0
shared_map,medium,4.0,10360,success,1,0,0,198,4,7,2042,0
shared_map,medium,4.0,10361,success,1,0,0,207,3,7,1256,0
shared_map,medium,4.0,10362,success,1,0,0,236,4,7,2622,0
shared_map,medium,4.0,10363,success,1,0,0,230,3,7,2100,0
shared_map,medium,4.0,10364,success,1,0,0,231,3,7,2914,0
shared_map,medium,4.0,10365,success,1,0,0,182,3,7,2716,0
shared_map,medium,4.0,10366,success,1,0,0,154,4,7,2520,0
shared_map,medium,4.0,10367,success,1,0,0,185,3,7,2096,0
shared_map,medium,4.0,10368,success,1,0,0,189,4,7,2790,0
shared_map,medium,4.0,10369,success,1,0,0,201,5,7,1732,0
shared_map,medium,4.0,10370,trapped_inside,0,0,0,400,3,7,3084,1
shared_map,medium,4.0,10371,trapped_inside,0,0,0,400,4,7,4860,1
shared_map,medium,4.0,10372,success,1,0,0,166,5,7,1994,0
shared_map,medium,4.0,10373,trapped_inside,0,0,0,400,3,7,2446,1
shared_map,medium,4.0,10374,success,1,0,0,209,3,7,1658,0
shared_map,medium,4.0,10375,success,1,0,0,210,3,7,1390,0
shared_map,medium,4.0,10376,trapped_inside,0,0,0,400,5,7,7664,1
shared_map,medium,4.0,10377,success,1,0,0,178,4,7,1712,0
shared_map,medium,4.0,10378,success,1,0,0,175,3,7,1426,0
shared_map,medium,4.0,10379,trapped_inside,0,0,0,400,5,7,5874,1
shared_map,medium,4.0,10380,trapped_inside,0,0,0,400,4,7,4214,1
shared_map,medium,4.0,10381,trapped_inside,0,0,0,400,5,7,6846,1
shared_map,medium,4.0,10382,trapped_inside,0,0,0,400,4,7,4420,1
shared_map,medium,4.0,10383,trapped_inside,0,0,0,400,4,7,5548,1
shared_map,medium,4.0,10384,success,1,0,0,156,3,7,878,0
shared_map,medium,4.0,10385,trapped_inside,0,0,0,400,5,7,7728,1
shared_map,medium,4.0,10386,trapped_inside,0,0,0,400,5,7,4732,1
shared_map,medium,4.0,10387,success,1,0,0,189,3,7,2742,0
shared_map,medium,4.0,10388,trapped_inside,0,0,0,400,4,7,4280,1
shared_map,medium,4.0,10389,trapped_inside,0,0,0,400,5,7,6914,1
shared_map,medium,4.0,10390,success,1,0,0,147,3,7,1212,0
shared_map,medium,4.0,10391,trapped_inside,0,0,0,400,4,7,4926,1
shared_map,medium,4.0,10392,success,1,0,0,211,5,7,2812,0
shared_map,medium,4.0,10393,trapped_inside,0,0,0,400,4,7,4052,1
shared_map,medium,4.0,10394,success,1,0,0,173,4,7,2100,0
shared_map,medium,4.0,10395,trapped_inside,0,0,0,400,5,7,6814,1
shared_map,medium,4.0,10396,trapped_inside,0,0,0,400,5,7,6296,1
shared_map,medium,4.0,10397,success,1,0,0,177,3,7,1446,0
shared_map,medium,4.0,10398,success,1,0,0,180,3,7,2944,0
shared_map,medium,4.0,10399,success,1,0,0,177,3,7,2332,0
shared_map,medium,4.0,10400,success,1,0,0,177,3,7,1992,0
shared_map,medium,4.0,10401,success,1,0,0,162,3,7,1390,0
shared_map,medium,4.0,10402,success,1,0,0,207,4,7,2072,0
shared_map,medium,4.0,10403,trapped_inside,0,0,0,400,5,7,7910,1
shared_map,medium,4.0,10404,trapped_inside,0,0,0,400,4,7,4568,1
shared_map,medium,4.0,10405,success,1,0,0,161,3,7,1126,0
shared_map,medium,4.0,10406,success,1,0,0,194,4,7,1880,0
shared_map,medium,4.0,10407,success,1,0,0,180,4,7,2082,0
shared_map,medium,4.0,10408,success,1,0,0,240,4,7,2476,0
shared_map,medium,4.0,10409,success,1,0,0,182,3,7,2226,0
shared_map,medium,4.0,10410,trapped_inside,0,0,0,400,5,7,7406,1
shared_map,medium,4.0,10411,trapped_inside,0,0,0,400,4,7,5452,1
shared_map,medium,4.0,10412,success,1,0,0,174,4,7,2774,0
shared_map,medium,4.0,10413,success,1,0,0,137,4,7,1232,0
shared_map,medium,4.0,10414,trapped_inside,0,0,0,400,5,7,7098,1
shared_map,medium,4.0,10415,trapped_inside,0,0,0,400,5,7,6968,1
shared_map,medium,4.0,10416,trapped_inside,0,0,0,400,5,7,6514,1
shared_map,medium,4.0,10417,trapped_inside,0,0,0,400,5,7,6272,1
shared_map,medium,4.0,10418,success,1,0,0,200,4,7,2398,0
shared_map,medium,4.0,10419,success,1,0,0,277,2,7,1894,0
shared_map,medium,4.0,10420,success,1,0,0,212,4,7,1696,0
shared_map,medium,4.0,10421,success,1,0,0,228,3,7,902,0
shared_map,medium,4.0,10422,trapped_inside,0,0,0,400,4,7,3952,1
shared_map,medium,4.0,10423,success,1,0,0,319,3,7,1914,0
shared_map,medium,4.0,10424,trapped_inside,0,0,0,400,4,7,5132,1
shared_map,medium,4.0,10425,trapped_inside,0,0,0,400,5,7,7356,1
shared_map,medium,4.0,10426,success,1,0,0,157,4,7,1210,0
shared_map,medium,4.0,10427,success,1,0,0,164,4,7,1110,0
shared_map,medium,4.0,10428,success,1,0,0,155,5,7,1496,0
shared_map,medium,4.0,10429,success,1,0,0,249,3,7,2272,0
shared_map,medium,4.0,10430,success,1,0,0,175,5,7,1960,0
shared_map,medium,4.0,10431,trapped_inside,0,0,0,400,4,7,4642,1
shared_map,medium,4.0,10432,success,1,0,0,180,4,7,2154,0
shared_map,medium,4.0,10433,success,1,0,0,170,4,7,1322,0
shared_map,medium,4.0,10434,success,1,0,0,152,5,7,2976,0
shared_map,medium,4.0,10435,success,1,0,0,164,4,7,1734,0
shared_map,medium,4.0,10436,trapped_inside,0,0,0,400,5,7,7182,1
shared_map,medium,4.0,10437,trapped_inside,0,0,0,400,5,7,6904,1
shared_map,medium,4.0,10438,success,1,0,0,162,3,7,1352,0
shared_map,medium,4.0,10439,success,1,0,0,215,3,7,1898,0
shared_map,medium,4.0,10440,trapped_inside,0,0,0,400,4,7,4408,1
shared_map,medium,4.0,10441,success,1,0,0,189,4,7,1982,0
shared_map,medium,4.0,10442,trapped_inside,0,0,0,400,4,7,5056,1
shared_map,medium,4.0,10443,trapped_inside,0,0,0,400,5,7,7188,1
shared_map,medium,4.0,10444,success,1,0,0,171,4,7,1876,0
shared_map,medium,4.0,10445,success,1,0,0,124,4,7,1546,0
shared_map,medium,4.0,10446,trapped_inside,0,0,0,400,4,7,4920,1
shared_map,medium,4.0,10447,trapped_inside,0,0,0,400,3,7,3740,1
shared_map,medium,4.0,10448,trapped_inside,0,0,0,400,5,7,4798,1
shared_map,medium,4.0,10449,success,1,0,0,148,3,7,2416,0
shared_map,medium,4.0,10450,trapped_inside,0,0,0,400,4,7,4810,1
shared_map,medium,4.0,10451,success,1,0,0,220,3,7,2050,0
shared_map,medium,4.0,10452,trapped_inside,0,0,0,400,5,7,6034,1
shared_map,medium,4.0,10453,trapped_inside,0,0,0,400,4,7,4626,1
shared_map,medium,4.0,10454,success,1,0,0,205,3,7,1648,0
shared_map,medium,4.0,10455,trapped_inside,0,0,0,400,5,7,4288,1
shared_map,medium,4.0,10456,success,1,0,0,203,4,7,3184,0
shared_map,medium,4.0,10457,success,1,0,0,221,4,7,1864,0
shared_map,medium,4.0,10458,success,1,0,0,236,3,7,1410,0
shared_map,medium,4.0,10459,success,1,0,0,186,4,7,1854,0
shared_map,medium,4.0,10460,success,1,0,0,214,3,7,2038,0
shared_map,medium,4.0,10461,success,1,0,0,149,5,7,1482,0
shared_map,medium,4.0,10462,trapped_inside,0,0,0,400,4,7,5276,1
shared_map,medium,4.0,10463,success,1,0,0,195,3,7,1256,0
shared_map,medium,4.0,10464,trapped_inside,0,0,0,400,5,7,6570,1
shared_map,medium,4.0,10465,success,1,0,0,222,3,7,2180,0
shared_map,medium,4.0,10466,trapped_inside,0,0,0,400,3,7,3252,1
shared_map,medium,4.0,10467,success,1,0,0,133,4,7,1958,0
shared_map,medium,4.0,10468,success,1,0,0,164,3,7,1758,0
shared_map,medium,4.0,10469,trapped_inside,0,0,0,400,3,7,3300,1
shared_map,medium,4.0,10470,trapped_inside,0,0,0,400,5,7,4798,1
shared_map,medium,4.0,10471,success,1,0,0,187,4,7,1810,0
shared_map,medium,4.0,10472,trapped_inside,0,0,0,400,4,7,4680,1
shared_map,medium,4.0,10473,success,1,0,0,173,4,7,1082,0
shared_map,medium,4.0,10474,success,1,0,0,154,3,7,1966,0
shared_map,medium,4.0,10475,trapped_inside,0,0,0,400,5,7,7114,1
shared_map,medium,4.0,10476,success,1,0,0,121,5,7,2320,0
shared_map,medium,4.0,10477,success,1,0,0,157,4,7,1510,0
shared_map,medium,4.0,10478,trapped_inside,0,0,0,400,5,7,7308,1
shared_map,medium,4.0,10479,success,1,0,0,228,3,7,1192,0
shared_map,medium,4.0,10480,success,1,0,0,167,4,7,2622,0
shared_map,medium,4.0,10481,success,1,0,0,126,3,7,1562,0
shared_map,medium,4.0,10482,success,1,0,0,184,3,7,1726,0
shared_map,medium,4.0,10483,trapped_inside,0,0,0,400,4,7,5498,1
shared_map,medium,4.0,10484,trapped_inside,0,0,0,400,4,7,4976,1
shared_map,medium,4.0,10485,success,1,0,0,221,4,7,1854,0
shared_map,medium,4.0,10486,success,1,0,0,181,4,7,2208,0
shared_map,medium,4.0,10487,success,1,0,0,211,5,7,2688,0
shared_map,medium,4.0,10488,success,1,0,0,227,3,7,1990,0
shared_map,medium,4.0,10489,success,1,0,0,140,5,7,1466,0
shared_map,medium,4.0,10490,trapped_inside,0,0,0,400,5,7,6254,1
shared_map,medium,4.0,10491,trapped_inside,0,0,0,400,5,7,6496,1
shared_map,medium,4.0,10492,success,1,0,0,194,3,7,2564,0
shared_map,medium,4.0,10493,success,1,0,0,145,5,7,1822,0
shared_map,medium,4.0,10494,success,1,0,0,195,5,7,2416,0
shared_map,medium,4.0,10495,success,1,0,0,158,4,7,2296,0
shared_map,medium,4.0,10496,success,1,0,0,138,4,7,1030,0
shared_map,medium,4.0,10497,success,1,0,0,147,4,7,1438,0
shared_map,medium,4.0,10498,success,1,0,0,108,5,7,1294,0
shared_map,medium,4.0,10499,success,1,0,0,169,5,7,2000,0
split_exit,medium,4.0,10000,success,1,0,0,190,4,7,1080,0
split_exit,medium,4.0,10001,success,1,0,0,217,2,7,1265,0
split_exit,medium,4.0,10002,success,1,0,0,176,2,7,942,0
split_exit,medium,4.0,10003,success,1,0,0,156,3,7,582,0
split_exit,medium,4.0,10004,success,1,0,0,188,2,7,739,0
split_exit,medium,4.0,10005,success,1,0,0,149,3,7,620,0
split_exit,medium,4.0,10006,success,1,0,0,184,3,7,660,0
split_exit,medium,4.0,10007,trapped_inside,0,0,0,400,3,7,2350,1
split_exit,medium,4.0,10008,success,1,0,0,203,2,7,976,0
split_exit,medium,4.0,10009,success,1,0,0,193,3,7,1108,0
split_exit,medium,4.0,10010,trapped_inside,0,0,0,400,3,7,2336,1
split_exit,medium,4.0,10011,trapped_inside,0,0,0,400,3,7,2566,1
split_exit,medium,4.0,10012,success,1,0,0,112,4,7,756,0
split_exit,medium,4.0,10013,success,1,0,0,179,3,7,484,0
split_exit,medium,4.0,10014,trapped_inside,0,0,0,400,3,7,2058,1
split_exit,medium,4.0,10015,success,1,0,0,211,2,7,302,0
split_exit,medium,4.0,10016,success,1,0,0,188,3,7,852,0
split_exit,medium,4.0,10017,success,1,0,0,203,2,7,863,0
split_exit,medium,4.0,10018,success,1,0,0,191,3,7,525,0
split_exit,medium,4.0,10019,success,1,0,0,196,2,7,1018,0
split_exit,medium,4.0,10020,trapped_inside,0,0,0,400,3,7,2073,1
split_exit,medium,4.0,10021,success,1,0,0,171,3,7,430,0
split_exit,medium,4.0,10022,success,1,0,0,139,3,7,330,0
split_exit,medium,4.0,10023,trapped_inside,0,0,0,400,3,7,2234,1
split_exit,medium,4.0,10024,success,1,0,0,228,2,7,850,0
split_exit,medium,4.0,10025,success,1,0,0,181,5,7,1225,0
split_exit,medium,4.0,10026,trapped_inside,0,0,0,400,3,7,1831,1
split_exit,medium,4.0,10027,success,1,0,0,189,3,7,1151,0
split_exit,medium,4.0,10028,success,1,0,0,168,4,7,976,0
split_exit,medium,4.0,10029,success,1,0,0,155,3,7,360,0
split_exit,medium,4.0,10030,success,1,0,0,176,3,7,1493,0
split_exit,medium,4.0,10031,success,1,0,0,215,2,7,373,0
split_exit,medium,4.0,10032,success,1,0,0,152,4,7,764,0
split_exit,medium,4.0,10033,trapped_inside,0,0,0,400,3,7,2406,1
split_exit,medium,4.0,10034,trapped_inside,0,0,0,400,2,7,1146,1
split_exit,medium,4.0,10035,trapped_inside,0,0,0,400,3,7,2521,1
split_exit,medium,4.0,10036,success,1,0,0,166,3,7,937,0
split_exit,medium,4.0,10037,success,1,0,0,142,3,7,230,0
split_exit,medium,4.0,10038,success,1,0,0,195,2,7,637,0
split_exit,medium,4.0,10039,trapped_inside,0,0,0,400,2,7,1178,1
split_exit,medium,4.0,10040,trapped_inside,0,0,0,400,3,7,2289,1
split_exit,medium,4.0,10041,success,1,0,0,139,2,7,822,0
split_exit,medium,4.0,10042,success,1,0,0,220,2,7,913,0
split_exit,medium,4.0,10043,success,1,0,0,223,2,7,664,0
split_exit,medium,4.0,10044,success,1,0,0,165,3,7,794,0
split_exit,medium,4.0,10045,success,1,0,0,193,4,7,1398,0
split_exit,medium,4.0,10046,success,1,0,0,203,2,7,367,0
split_exit,medium,4.0,10047,success,1,0,0,174,4,7,1554,0
split_exit,medium,4.0,10048,success,1,0,0,157,2,7,694,0
split_exit,medium,4.0,10049,success,1,0,0,167,3,7,774,0
split_exit,medium,4.0,10050,success,1,0,0,145,2,7,474,0
split_exit,medium,4.0,10051,success,1,0,0,159,3,7,978,0
split_exit,medium,4.0,10052,success,1,0,0,151,3,7,1404,0
split_exit,medium,4.0,10053,success,1,0,0,189,2,7,991,0
split_exit,medium,4.0,10054,success,1,0,0,178,3,7,1125,0
split_exit,medium,4.0,10055,trapped_inside,0,0,0,400,3,7,2307,1
split_exit,medium,4.0,10056,trapped_inside,0,0,0,400,3,7,2001,1
split_exit,medium,4.0,10057,success,1,0,0,132,3,7,946,0
split_exit,medium,4.0,10058,trapped_inside,0,0,0,400,3,7,2444,1
split_exit,medium,4.0,10059,success,1,0,0,154,2,7,506,0
split_exit,medium,4.0,10060,success,1,0,0,167,2,7,1113,0
split_exit,medium,4.0,10061,trapped_inside,0,0,0,400,2,7,761,1
split_exit,medium,4.0,10062,success,1,0,0,186,2,7,1340,0
split_exit,medium,4.0,10063,success,1,0,0,225,3,7,482,0
split_exit,medium,4.0,10064,success,1,0,0,195,2,7,442,0
split_exit,medium,4.0,10065,success,1,0,0,202,2,7,380,0
split_exit,medium,4.0,10066,trapped_inside,0,0,0,400,3,7,2512,1
split_exit,medium,4.0,10067,trapped_inside,0,0,0,400,3,7,2422,1
split_exit,medium,4.0,10068,success,1,0,0,138,3,7,1581,0
split_exit,medium,4.0,10069,success,1,0,0,159,2,7,515,0
split_exit,medium,4.0,10070,success,1,0,0,204,3,7,1320,0
split_exit,medium,4.0,10071,trapped_inside,0,0,0,400,3,7,2341,1
split_exit,medium,4.0,10072,success,1,0,0,186,4,7,1508,0
split_exit,medium,4.0,10073,success,1,0,0,167,2,7,710,0
split_exit,medium,4.0,10074,success,1,0,0,165,2,7,1047,0
split_exit,medium,4.0,10075,success,1,0,0,199,2,7,653,0
split_exit,medium,4.0,10076,trapped_inside,0,0,0,400,3,7,1827,1
split_exit,medium,4.0,10077,success,1,0,0,139,3,7,391,0
split_exit,medium,4.0,10078,trapped_inside,0,0,0,400,3,7,2911,1
split_exit,medium,4.0,10079,trapped_inside,0,0,0,400,3,7,1665,1
split_exit,medium,4.0,10080,success,1,0,0,182,3,7,1114,0
split_exit,medium,4.0,10081,success,1,0,0,164,3,7,1055,0
split_exit,medium,4.0,10082,success,1,0,0,211,3,7,862,0
split_exit,medium,4.0,10083,success,1,0,0,124,3,7,659,0
split_exit,medium,4.0,10084,success,1,0,0,113,2,7,309,0
split_exit,medium,4.0,10085,success,1,0,0,169,2,7,1047,0
split_exit,medium,4.0,10086,success,1,0,0,127,3,7,291,0
split_exit,medium,4.0,10087,success,1,0,0,205,2,7,1241,0
split_exit,medium,4.0,10088,success,1,0,0,197,2,7,1006,0
split_exit,medium,4.0,10089,success,1,0,0,261,2,7,1515,0
split_exit,medium,4.0,10090,success,1,0,0,194,3,7,1369,0
split_exit,medium,4.0,10091,success,1,0,0,106,3,7,899,0
split_exit,medium,4.0,10092,success,1,0,0,132,3,7,702,0
split_exit,medium,4.0,10093,success,1,0,0,152,4,7,911,0
split_exit,medium,4.0,10094,success,1,0,0,217,2,7,1000,0
split_exit,medium,4.0,10095,trapped_inside,0,0,0,400,3,7,1910,1
split_exit,medium,4.0,10096,success,1,0,0,137,2,7,692,0
split_exit,medium,4.0,10097,success,1,0,0,151,4,7,758,0
split_exit,medium,4.0,10098,success,1,0,0,149,4,7,1281,0
split_exit,medium,4.0,10099,success,1,0,0,179,3,7,671,0
split_exit,medium,4.0,10100,success,1,0,0,177,3,7,1075,0
split_exit,medium,4.0,10101,success,1,0,0,202,3,7,425,0
split_exit,medium,4.0,10102,success,1,0,0,191,5,7,2153,0
split_exit,medium,4.0,10103,success,1,0,0,188,3,7,1185,0
split_exit,medium,4.0,10104,success,1,0,0,112,2,7,914,0
split_exit,medium,4.0,10105,trapped_inside,0,0,0,400,3,7,2424,1
split_exit,medium,4.0,10106,success,1,0,0,196,2,7,546,0
split_exit,medium,4.0,10107,success,1,0,0,157,3,7,515,0
split_exit,medium,4.0,10108,success,1,0,0,202,2,7,914,0
split_exit,medium,4.0,10109,success,1,0,0,244,2,7,261,0
split_exit,medium,4.0,10110,success,1,0,0,212,3,7,729,0
split_exit,medium,4.0,10111,trapped_inside,0,0,0,400,3,7,2357,1
split_exit,medium,4.0,10112,success,1,0,0,139,3,7,609,0
split_exit,medium,4.0,10113,success,1,0,0,183,2,7,411,0
split_exit,medium,4.0,10114,success,1,0,0,164,4,7,1258,0
split_exit,medium,4.0,10115,success,1,0,0,202,2,7,870,0
split_exit,medium,4.0,10116,success,1,0,0,200,3,7,914,0
split_exit,medium,4.0,10117,trapped_inside,0,0,0,400,3,7,2288,1
split_exit,medium,4.0,10118,success,1,0,0,181,3,7,1204,0
split_exit,medium,4.0,10119,success,1,0,0,166,3,7,434,0
split_exit,medium,4.0,10120,success,1,0,0,120,3,7,275,0
split_exit,medium,4.0,10121,success,1,0,0,229,2,7,360,0
split_exit,medium,4.0,10122,success,1,0,0,138,3,7,383,0
split_exit,medium,4.0,10123,success,1,0,0,90,3,7,718,0
split_exit,medium,4.0,10124,success,1,0,0,179,3,7,1119,0
split_exit,medium,4.0,10125,success,1,0,0,146,3,7,1109,0
split_exit,medium,4.0,10126,success,1,0,0,157,3,7,1195,0
split_exit,medium,4.0,10127,success,1,0,0,169,3,7,1134,0
split_exit,medium,4.0,10128,success,1,0,0,151,4,7,1262,0
split_exit,medium,4.0,10129,success,1,0,0,143,3,7,848,0
split_exit,medium,4.0,10130,success,1,0,0,185,3,7,1355,0
split_exit,medium,4.0,10131,trapped_inside,0,0,0,400,4,7,1916,1
split_exit,medium,4.0,10132,success,1,0,0,192,3,7,569,0
split_exit,medium,4.0,10133,success,1,0,0,172,2,7,670,0
split_exit,medium,4.0,10134,success,1,0,0,197,2,7,666,0
split_exit,medium,4.0,10135,success,1,0,0,167,3,7,362,0
split_exit,medium,4.0,10136,success,1,0,0,190,3,7,442,0
split_exit,medium,4.0,10137,success,1,0,0,208,3,7,1166,0
split_exit,medium,4.0,10138,success,1,0,0,141,3,7,962,0
split_exit,medium,4.0,10139,trapped_inside,0,0,0,400,3,7,2452,1
split_exit,medium,4.0,10140,success,1,0,0,157,3,7,663,0
split_exit,medium,4.0,10141,trapped_inside,0,0,0,400,3,7,2506,1
split_exit,medium,4.0,10142,success,1,0,0,128,3,7,1055,0
split_exit,medium,4.0,10143,success,1,0,0,152,3,7,1072,0
split_exit,medium,4.0,10144,success,1,0,0,171,3,7,1552,0
split_exit,medium,4.0,10145,success,1,0,0,195,2,7,1042,0
split_exit,medium,4.0,10146,success,1,0,0,194,3,7,931,0
split_exit,medium,4.0,10147,success,1,0,0,151,4,7,938,0
split_exit,medium,4.0,10148,success,1,0,0,162,3,7,801,0
split_exit,medium,4.0,10149,trapped_inside,0,0,0,400,3,7,1723,1
split_exit,medium,4.0,10150,success,1,0,0,107,3,7,724,0
split_exit,medium,4.0,10151,success,1,0,0,232,2,7,953,0
split_exit,medium,4.0,10152,trapped_inside,0,0,0,400,3,7,2517,1
split_exit,medium,4.0,10153,success,1,0,0,150,3,7,1041,0
split_exit,medium,4.0,10154,success,1,0,0,141,3,7,890,0
split_exit,medium,4.0,10155,success,1,0,0,200,2,7,391,0
split_exit,medium,4.0,10156,trapped_inside,0,0,0,400,3,7,2521,1
split_exit,medium,4.0,10157,trapped_inside,0,0,0,400,3,7,2601,1
split_exit,medium,4.0,10158,success,1,0,0,173,3,7,1490,0
split_exit,medium,4.0,10159,success,1,0,0,148,2,7,726,0
split_exit,medium,4.0,10160,success,1,0,0,143,2,7,943,0
split_exit,medium,4.0,10161,success,1,0,0,115,3,7,418,0
split_exit,medium,4.0,10162,trapped_inside,0,0,0,400,2,7,766,1
split_exit,medium,4.0,10163,success,1,0,0,218,2,7,706,0
split_exit,medium,4.0,10164,success,1,0,0,243,2,7,723,0
split_exit,medium,4.0,10165,trapped_inside,0,0,0,400,3,7,2183,1
split_exit,medium,4.0,10166,success,1,0,0,181,2,7,728,0
split_exit,medium,4.0,10167,success,1,0,0,199,3,7,443,0
split_exit,medium,4.0,10168,success,1,0,0,111,5,7,1110,0
split_exit,medium,4.0,10169,trapped_inside,0,0,0,400,2,7,1214,1
split_exit,medium,4.0,10170,success,1,0,0,133,3,7,1222,0
split_exit,medium,4.0,10171,success,1,0,0,138,3,7,337,0
split_exit,medium,4.0,10172,success,1,0,0,178,3,7,1074,0
split_exit,medium,4.0,10173,success,1,0,0,128,3,7,460,0
split_exit,medium,4.0,10174,success,1,0,0,217,2,7,654,0
split_exit,medium,4.0,10175,success,1,0,0,126,3,7,808,0
split_exit,medium,4.0,10176,success,1,0,0,208,2,7,1417,0
split_exit,medium,4.0,10177,trapped_inside,0,0,0,400,3,7,2513,1
split_exit,medium,4.0,10178,success,1,0,0,197,3,7,540,0
split_exit,medium,4.0,10179,success,1,0,0,225,3,7,577,0
split_exit,medium,4.0,10180,success,1,0,0,193,2,7,711,0
split_exit,medium,4.0,10181,success,1,0,0,138,2,7,924,0
split_exit,medium,4.0,10182,trapped_inside,0,0,0,400,3,7,1919,1
split_exit,medium,4.0,10183,success,1,0,0,176,3,7,800,0
split_exit,medium,4.0,10184,success,1,0,0,196,2,7,1082,0
split_exit,medium,4.0,10185,success,1,0,0,158,3,7,1124,0
split_exit,medium,4.0,10186,success,1,0,0,162,2,7,690,0
split_exit,medium,4.0,10187,success,1,0,0,175,2,7,1031,0
split_exit,medium,4.0,10188,trapped_inside,0,0,0,400,3,7,2111,1
split_exit,medium,4.0,10189,success,1,0,0,297,3,7,1173,0
split_exit,medium,4.0,10190,success,1,0,0,190,2,7,343,0
split_exit,medium,4.0,10191,success,1,0,0,196,2,7,787,0
split_exit,medium,4.0,10192,trapped_inside,0,0,0,400,3,7,2396,1
split_exit,medium,4.0,10193,trapped_inside,0,0,0,400,3,7,2541,1
split_exit,medium,4.0,10194,success,1,0,0,199,3,7,529,0
split_exit,medium,4.0,10195,trapped_inside,0,0,0,400,3,7,2018,1
split_exit,medium,4.0,10196,success,1,0,0,143,3,7,1006,0
split_exit,medium,4.0,10197,trapped_inside,0,0,0,400,2,7,948,1
split_exit,medium,4.0,10198,success,1,0,0,182,2,7,801,0
split_exit,medium,4.0,10199,trapped_inside,0,0,0,400,2,7,1338,1
split_exit,medium,4.0,10200,success,1,0,0,134,3,7,854,0
split_exit,medium,4.0,10201,trapped_inside,0,0,0,400,3,7,2200,1
split_exit,medium,4.0,10202,trapped_inside,0,0,0,400,3,7,2054,1
split_exit,medium,4.0,10203,success,1,0,0,139,3,7,1073,0
split_exit,medium,4.0,10204,success,1,0,0,197,5,7,1176,0
split_exit,medium,4.0,10205,success,1,0,0,195,2,7,915,0
split_exit,medium,4.0,10206,success,1,0,0,181,3,7,538,0
split_exit,medium,4.0,10207,success,1,0,0,94,3,7,375,0
split_exit,medium,4.0,10208,success,1,0,0,165,3,7,1228,0
split_exit,medium,4.0,10209,success,1,0,0,175,2,7,423,0
split_exit,medium,4.0,10210,trapped_inside,0,0,0,400,3,7,2474,1
split_exit,medium,4.0,10211,success,1,0,0,244,2,7,497,0
split_exit,medium,4.0,10212,success,1,0,0,238,2,7,559,0
split_exit,medium,4.0,10213,trapped_inside,0,0,0,400,2,7,1556,1
split_exit,medium,4.0,10214,success,1,0,0,204,2,7,1328,0
split_exit,medium,4.0,10215,trapped_inside,0,0,0,400,3,7,2444,1
split_exit,medium,4.0,10216,success,1,0,0,199,3,7,1341,0
split_exit,medium,4.0,10217,success,1,0,0,188,4,7,1129,0
split_exit,medium,4.0,10218,success,1,0,0,155,2,7,448,0
split_exit,medium,4.0,10219,trapped_inside,0,0,0,400,3,7,1773,1
split_exit,medium,4.0,10220,success,1,0,0,198,2,7,831,0
split_exit,medium,4.0,10221,trapped_inside,0,0,0,400,2,7,1192,1
split_exit,medium,4.0,10222,success,1,0,0,154,2,7,634,0
split_exit,medium,4.0,10223,success,1,0,0,166,3,7,464,0
split_exit,medium,4.0,10224,success,1,0,0,175,2,7,311,0
split_exit,medium,4.0,10225,success,1,0,0,174,3,7,433,0
split_exit,medium,4.0,10226,trapped_inside,0,0,0,400,3,7,1722,1
split_exit,medium,4.0,10227,trapped_inside,0,0,0,400,3,7,2305,1
split_exit,medium,4.0,10228,success,1,0,0,175,3,7,828,0
split_exit,medium,4.0,10229,success,1,0,0,173,4,7,805,0
split_exit,medium,4.0,10230,success,1,0,0,127,3,7,663,0
split_exit,medium,4.0,10231,success,1,0,0,189,3,7,397,0
split_exit,medium,4.0,10232,success,1,0,0,129,3,7,572,0
split_exit,medium,4.0,10233,success,1,0,0,171,3,7,408,0
split_exit,medium,4.0,10234,success,1,0,0,211,3,7,698,0
split_exit,medium,4.0,10235,success,1,0,0,183,4,7,1923,0
split_exit,medium,4.0,10236,trapped_inside,0,0,0,400,3,7,2642,1
split_exit,medium,4.0,10237,success,1,0,0,173,3,7,1188,0
split_exit,medium,4.0,10238,success,1,0,0,223,2,7,840,0
split_exit,medium,4.0,10239,success,1,0,0,119,3,7,286,0
split_exit,medium,4.0,10240,success,1,0,0,189,3,7,621,0
split_exit,medium,4.0,10241,trapped_inside,0,0,0,400,3,7,1909,1
split_exit,medium,4.0,10242,trapped_inside,0,0,0,400,3,7,2362,1
split_exit,medium,4.0,10243,success,1,0,0,130,3,7,1461,0
split_exit,medium,4.0,10244,success,1,0,0,176,3,7,456,0
split_exit,medium,4.0,10245,success,1,0,0,200,2,7,1151,0
split_exit,medium,4.0,10246,trapped_inside,0,0,0,400,3,7,2028,1
split_exit,medium,4.0,10247,success,1,0,0,166,2,7,236,0
split_exit,medium,4.0,10248,success,1,0,0,195,2,7,420,0
split_exit,medium,4.0,10249,success,1,0,0,83,2,7,537,0
split_exit,medium,4.0,10250,success,1,0,0,167,2,7,1589,0
split_exit,medium,4.0,10251,trapped_inside,0,0,0,400,3,7,1854,1
split_exit,medium,4.0,10252,success,1,0,0,169,3,7,836,0
split_exit,medium,4.0,10253,success,1,0,0,203,2,7,503,0
split_exit,medium,4.0,10254,success,1,0,0,193,2,7,313,0
split_exit,medium,4.0,10255,trapped_inside,0,0,0,400,3,7,2318,1
split_exit,medium,4.0,10256,success,1,0,0,165,3,7,578,0
split_exit,medium,4.0,10257,success,1,0,0,205,2,7,344,0
split_exit,medium,4.0,10258,trapped_inside,0,0,0,400,3,7,2252,1
split_exit,medium,4.0,10259,trapped_inside,0,0,0,400,2,7,1446,1
split_exit,medium,4.0,10260,success,1,0,0,175,4,7,964,0
split_exit,medium,4.0,10261,success,1,0,0,223,2,7,1344,0
split_exit,medium,4.0,10262,success,1,0,0,158,3,7,463,0
split_exit,medium,4.0,10263,trapped_inside,0,0,0,400,3,7,2466,1
split_exit,medium,4.0,10264,success,1,0,0,179,2,7,554,0
split_exit,medium,4.0,10265,trapped_inside,0,0,0,400,3,7,1923,1
split_exit,medium,4.0,10266,success,1,0,0,161,3,7,364,0
split_exit,medium,4.0,10267,success,1,0,0,218,3,7,1047,0
split_exit,medium,4.0,10268,success,1,0,0,146,2,7,674,0
split_exit,medium,4.0,10269,trapped_inside,0,0,0,400,3,7,1705,1
split_exit,medium,4.0,10270,success,1,0,0,187,3,7,1131,0
split_exit,medium,4.0,10271,success,1,0,0,129,2,7,612,0
split_exit,medium,4.0,10272,success,1,0,0,189,3,7,1268,0
split_exit,medium,4.0,10273,trapped_inside,0,0,0,400,3,7,2368,1
split_exit,medium,4.0,10274,success,1,0,0,175,2,7,1222,0
split_exit,medium,4.0,10275,success,1,0,0,187,3,7,1349,0
split_exit,medium,4.0,10276,trapped_inside,0,0,0,400,3,7,2708,1
split_exit,medium,4.0,10277,success,1,0,0,164,3,7,998,0
split_exit,medium,4.0,10278,success,1,0,0,137,4,7,431,0
split_exit,medium,4.0,10279,success,1,0,0,216,3,7,891,0
split_exit,medium,4.0,10280,trapped_inside,0,0,0,400,3,7,1893,1
split_exit,medium,4.0,10281,success,1,0,0,130,3,7,318,0
split_exit,medium,4.0,10282,success,1,0,0,206,4,7,1168,0
split_exit,medium,4.0,10283,success,1,0,0,193,3,7,942,0
split_exit,medium,4.0,10284,trapped_inside,0,0,0,400,3,7,1634,1
split_exit,medium,4.0,10285,success,1,0,0,149,4,7,1219,0
split_exit,medium,4.0,10286,trapped_inside,0,0,0,400,3,7,2417,1
split_exit,medium,4.0,10287,success,1,0,0,158,2,7,966,0
split_exit,medium,4.0,10288,success,1,0,0,186,3,7,970,0
split_exit,medium,4.0,10289,success,1,0,0,179,3,7,1313,0
split_exit,medium,4.0,10290,success,1,0,0,169,5,7,1270,0
split_exit,medium,4.0,10291,trapped_inside,0,0,0,400,3,7,2267,1
split_exit,medium,4.0,10292,trapped_inside,0,0,0,400,3,7,1031,1
split_exit,medium,4.0,10293,trapped_inside,0,0,0,400,2,7,1372,1
split_exit,medium,4.0,10294,trapped_inside,0,0,0,400,3,7,2104,1
split_exit,medium,4.0,10295,success,1,0,0,202,2,7,832,0
split_exit,medium,4.0,10296,success,1,0,0,170,4,7,1049,0
split_exit,medium,4.0,10297,trapped_inside,0,0,0,400,3,7,2261,1
split_exit,medium,4.0,10298,success,1,0,0,178,4,7,1181,0
split_exit,medium,4.0,10299,success,1,0,0,131,4,7,1179,0
split_exit,medium,4.0,10300,success,1,0,0,157,3,7,760,0
split_exit,medium,4.0,10301,trapped_inside,0,0,0,400,3,7,1329,1
split_exit,medium,4.0,10302,success,1,0,0,210,3,7,1180,0
split_exit,medium,4.0,10303,success,1,0,0,206,2,7,764,0
split_exit,medium,4.0,10304,trapped_inside,0,0,0,400,3,7,2009,1
split_exit,medium,4.0,10305,success,1,0,0,181,3,7,1368,0
split_exit,medium,4.0,10306,success,1,0,0,216,3,7,1245,0
split_exit,medium,4.0,10307,success,1,0,0,191,3,7,725,0
split_exit,medium,4.0,10308,success,1,0,0,152,2,7,233,0
split_exit,medium,4.0,10309,trapped_inside,0,0,0,400,2,7,1216,1
split_exit,medium,4.0,10310,trapped_inside,0,0,0,400,3,7,2645,1
split_exit,medium,4.0,10311,success,1,0,0,236,2,7,1004,0
split_exit,medium,4.0,10312,success,1,0,0,193,3,7,769,0
split_exit,medium,4.0,10313,success,1,0,0,140,2,7,1175,0
split_exit,medium,4.0,10314,success,1,0,0,183,2,7,903,0
split_exit,medium,4.0,10315,success,1,0,0,119,4,7,830,0
split_exit,medium,4.0,10316,trapped_inside,0,0,0,400,2,7,1286,1
split_exit,medium,4.0,10317,success,1,0,0,126,4,7,1083,0
split_exit,medium,4.0,10318,trapped_inside,0,0,0,400,3,7,2034,1
split_exit,medium,4.0,10319,success,1,0,0,251,3,7,1474,0
split_exit,medium,4.0,10320,success,1,0,0,133,3,7,1187,0
split_exit,medium,4.0,10321,success,1,0,0,121,4,7,1458,0
split_exit,medium,4.0,10322,success,1,0,0,166,3,7,727,0
split_exit,medium,4.0,10323,success,1,0,0,299,2,7,1499,0
split_exit,medium,4.0,10324,success,1,0,0,175,3,7,1142,0
split_exit,medium,4.0,10325,success,1,0,0,196,5,7,1732,0
split_exit,medium,4.0,10326,trapped_inside,0,0,0,400,3,7,2501,1
split_exit,medium,4.0,10327,success,1,0,0,194,3,7,1136,0
split_exit,medium,4.0,10328,success,1,0,0,128,3,7,286,0
split_exit,medium,4.0,10329,success,1,0,0,121,3,7,734,0
split_exit,medium,4.0,10330,success,1,0,0,233,3,7,1413,0
split_exit,medium,4.0,10331,success,1,0,0,222,3,7,994,0
split_exit,medium,4.0,10332,success,1,0,0,191,3,7,909,0
split_exit,medium,4.0,10333,success,1,0,0,195,2,7,257,0
split_exit,medium,4.0,10334,trapped_inside,0,0,0,400,3,7,2555,1
split_exit,medium,4.0,10335,success,1,0,0,179,2,7,879,0
split_exit,medium,4.0,10336,success,1,0,0,169,2,7,325,0
split_exit,medium,4.0,10337,trapped_inside,0,0,0,400,3,7,2293,1
split_exit,medium,4.0,10338,success,1,0,0,123,5,7,729,0
split_exit,medium,4.0,10339,trapped_inside,0,0,0,400,3,7,2335,1
split_exit,medium,4.0,10340,success,1,0,0,183,3,7,1150,0
split_exit,medium,4.0,10341,success,1,0,0,200,2,7,485,0
split_exit,medium,4.0,10342,success,1,0,0,118,3,7,1215,0
split_exit,medium,4.0,10343,success,1,0,0,179,3,7,464,0
split_exit,medium,4.0,10344,trapped_inside,0,0,0,400,3,7,2430,1
split_exit,medium,4.0,10345,success,1,0,0,245,2,7,995,0
split_exit,medium,4.0,10346,success,1,0,0,208,3,7,595,0
split_exit,medium,4.0,10347,trapped_inside,0,0,0,400,2,7,1087,1
split_exit,medium,4.0,10348,trapped_inside,0,0,0,400,3,7,2408,1
split_exit,medium,4.0,10349,success,1,0,0,163,2,7,828,0
split_exit,medium,4.0,10350,trapped_inside,0,0,0,400,3,7,2340,1
split_exit,medium,4.0,10351,success,1,0,0,195,2,7,816,0
split_exit,medium,4.0,10352,success,1,0,0,166,3,7,1008,0
split_exit,medium,4.0,10353,success,1,0,0,108,3,7,1319,0
split_exit,medium,4.0,10354,trapped_inside,0,0,0,400,3,7,2905,1
split_exit,medium,4.0,10355,success,1,0,0,159,3,7,1642,0
split_exit,medium,4.0,10356,success,1,0,0,166,3,7,1031,0
split_exit,medium,4.0,10357,trapped_inside,0,0,0,400,2,7,709,1
split_exit,medium,4.0,10358,success,1,0,0,204,2,7,526,0
split_exit,medium,4.0,10359,success,1,0,0,177,3,7,704,0
split_exit,medium,4.0,10360,success,1,0,0,207,4,7,1443,0
split_exit,medium,4.0,10361,success,1,0,0,206,2,7,627,0
split_exit,medium,4.0,10362,success,1,0,0,236,2,7,999,0
split_exit,medium,4.0,10363,success,1,0,0,229,2,7,348,0
split_exit,medium,4.0,10364,success,1,0,0,230,2,7,1298,0
split_exit,medium,4.0,10365,success,1,0,0,183,2,7,882,0
split_exit,medium,4.0,10366,success,1,0,0,154,2,7,829,0
split_exit,medium,4.0,10367,success,1,0,0,184,2,7,406,0
split_exit,medium,4.0,10368,success,1,0,0,188,3,7,1199,0
split_exit,medium,4.0,10369,success,1,0,0,171,3,7,455,0
split_exit,medium,4.0,10370,trapped_inside,0,0,0,400,2,7,1297,1
split_exit,medium,4.0,10371,trapped_inside,0,0,0,400,3,7,2360,1
split_exit,medium,4.0,10372,success,1,0,0,116,4,7,566,0
split_exit,medium,4.0,10373,trapped_inside,0,0,0,400,2,7,1025,1
split_exit,medium,4.0,10374,success,1,0,0,206,2,7,516,0
split_exit,medium,4.0,10375,success,1,0,0,205,2,7,225,0
split_exit,medium,4.0,10376,success,1,0,0,143,2,7,839,0
split_exit,medium,4.0,10377,success,1,0,0,190,4,7,1556,0
split_exit,medium,4.0,10378,success,1,0,0,172,2,7,540,0
split_exit,medium,4.0,10379,trapped_inside,0,0,0,400,3,7,2246,1
split_exit,medium,4.0,10380,trapped_inside,0,0,0,400,3,7,1998,1
split_exit,medium,4.0,10381,trapped_inside,0,0,0,400,3,7,2602,1
split_exit,medium,4.0,10382,trapped_inside,0,0,0,400,3,7,1840,1
split_exit,medium,4.0,10383,trapped_inside,0,0,0,400,3,7,2472,1
split_exit,medium,4.0,10384,success,1,0,0,150,2,7,584,0
split_exit,medium,4.0,10385,success,1,0,0,124,3,7,1118,0
split_exit,medium,4.0,10386,trapped_inside,0,0,0,400,3,7,1893,1
split_exit,medium,4.0,10387,success,1,0,0,187,3,7,1502,0
split_exit,medium,4.0,10388,trapped_inside,0,0,0,400,3,7,1826,1
split_exit,medium,4.0,10389,trapped_inside,0,0,0,400,3,7,2534,1
split_exit,medium,4.0,10390,success,1,0,0,145,3,7,329,0
split_exit,medium,4.0,10391,trapped_inside,0,0,0,400,2,7,1039,1
split_exit,medium,4.0,10392,trapped_inside,0,0,0,400,3,7,2700,1
split_exit,medium,4.0,10393,trapped_inside,0,0,0,400,2,7,1000,1
split_exit,medium,4.0,10394,success,1,0,0,177,2,7,694,0
split_exit,medium,4.0,10395,trapped_inside,0,0,0,400,3,7,2951,1
split_exit,medium,4.0,10396,success,1,0,0,221,3,7,514,0
split_exit,medium,4.0,10397,success,1,0,0,176,2,7,666,0
split_exit,medium,4.0,10398,success,1,0,0,178,3,7,1196,0
split_exit,medium,4.0,10399,success,1,0,0,176,2,7,956,0
split_exit,medium,4.0,10400,success,1,0,0,176,2,7,710,0
split_exit,medium,4.0,10401,success,1,0,0,161,3,7,690,0
split_exit,medium,4.0,10402,success,1,0,0,207,2,7,891,0
split_exit,medium,4.0,10403,trapped_inside,0,0,0,400,3,7,2740,1
split_exit,medium,4.0,10404,trapped_inside,0,0,0,400,3,7,2431,1
split_exit,medium,4.0,10405,success,1,0,0,158,2,7,422,0
split_exit,medium,4.0,10406,success,1,0,0,181,3,7,814,0
split_exit,medium,4.0,10407,success,1,0,0,179,3,7,720,0
split_exit,medium,4.0,10408,success,1,0,0,238,2,7,665,0
split_exit,medium,4.0,10409,success,1,0,0,182,1,7,682,0
split_exit,medium,4.0,10410,trapped_inside,0,0,0,400,3,7,2532,1
split_exit,medium,4.0,10411,trapped_inside,0,0,0,400,2,7,1756,1
split_exit,medium,4.0,10412,success,1,0,0,174,4,7,1820,0
split_exit,medium,4.0,10413,success,1,0,0,145,3,7,386,0
split_exit,medium,4.0,10414,success,1,0,0,177,3,7,614,0
split_exit,medium,4.0,10415,trapped_inside,0,0,0,400,3,7,2607,1
split_exit,medium,4.0,10416,trapped_inside,0,0,0,400,3,7,1691,1
split_exit,medium,4.0,10417,trapped_inside,0,0,0,400,3,7,2354,1
split_exit,medium,4.0,10418,success,1,0,0,199,4,7,1198,0
split_exit,medium,4.0,10419,success,1,0,0,272,2,7,845,0
split_exit,medium,4.0,10420,success,1,0,0,185,3,7,616,0
split_exit,medium,4.0,10421,success,1,0,0,225,2,7,365,0
split_exit,medium,4.0,10422,trapped_inside,0,0,0,400,3,7,1640,1
split_exit,medium,4.0,10423,success,1,0,0,318,2,7,1063,0
split_exit,medium,4.0,10424,trapped_inside,0,0,0,400,3,7,2543,1
split_exit,medium,4.0,10425,trapped_inside,0,0,0,400,3,7,2440,1
split_exit,medium,4.0,10426,success,1,0,0,156,3,7,368,0
split_exit,medium,4.0,10427,success,1,0,0,163,3,7,832,0
split_exit,medium,4.0,10428,success,1,0,0,155,3,7,670,0
split_exit,medium,4.0,10429,success,1,0,0,246,2,7,902,0
split_exit,medium,4.0,10430,success,1,0,0,175,3,7,706,0
split_exit,medium,4.0,10431,trapped_inside,0,0,0,400,2,7,776,1
split_exit,medium,4.0,10432,success,1,0,0,180,4,7,1772,0
split_exit,medium,4.0,10433,success,1,0,0,169,3,7,502,0
split_exit,medium,4.0,10434,success,1,0,0,152,4,7,1174,0
split_exit,medium,4.0,10435,success,1,0,0,163,3,7,738,0
split_exit,medium,4.0,10436,success,1,0,0,116,4,7,637,0
split_exit,medium,4.0,10437,trapped_inside,0,0,0,400,3,7,2545,1
split_exit,medium,4.0,10438,success,1,0,0,133,3,7,270,0
split_exit,medium,4.0,10439,success,1,0,0,212,2,7,726,0
split_exit,medium,4.0,10440,trapped_inside,0,0,0,400,2,7,969,1
split_exit,medium,4.0,10441,success,1,0,0,188,3,7,871,0
split_exit,medium,4.0,10442,success,1,0,0,151,3,7,946,0
split_exit,medium,4.0,10443,trapped_inside,0,0,0,400,3,7,2230,1
split_exit,medium,4.0,10444,success,1,0,0,171,2,7,346,0
split_exit,medium,4.0,10445,success,1,0,0,124,3,7,1177,0
split_exit,medium,4.0,10446,trapped_inside,0,0,0,400,3,7,1536,1
split_exit,medium,4.0,10447,trapped_inside,0,0,0,400,2,7,1554,1
split_exit,medium,4.0,10448,trapped_inside,0,0,0,400,3,7,2110,1
split_exit,medium,4.0,10449,success,1,0,0,146,3,7,918,0
split_exit,medium,4.0,10450,trapped_inside,0,0,0,400,3,7,2133,1
split_exit,medium,4.0,10451,success,1,0,0,218,2,7,645,0
split_exit,medium,4.0,10452,trapped_inside,0,0,0,400,3,7,2328,1
split_exit,medium,4.0,10453,trapped_inside,0,0,0,400,3,7,2151,1
split_exit,medium,4.0,10454,success,1,0,0,199,3,7,896,0
split_exit,medium,4.0,10455,trapped_inside,0,0,0,400,3,7,1880,1
split_exit,medium,4.0,10456,success,1,0,0,203,2,7,1243,0
split_exit,medium,4.0,10457,success,1,0,0,220,3,7,944,0
split_exit,medium,4.0,10458,success,1,0,0,233,2,7,229,0
split_exit,medium,4.0,10459,success,1,0,0,185,3,7,489,0
split_exit,medium,4.0,10460,success,1,0,0,210,3,7,1130,0
split_exit,medium,4.0,10461,success,1,0,0,149,3,7,367,0
split_exit,medium,4.0,10462,trapped_inside,0,0,0,400,3,7,2406,1
split_exit,medium,4.0,10463,success,1,0,0,191,3,7,428,0
split_exit,medium,4.0,10464,trapped_inside,0,0,0,400,3,7,2602,1
split_exit,medium,4.0,10465,success,1,0,0,218,3,7,739,0
split_exit,medium,4.0,10466,trapped_inside,0,0,0,400,3,7,2388,1
split_exit,medium,4.0,10467,success,1,0,0,132,3,7,890,0
split_exit,medium,4.0,10468,success,1,0,0,159,3,7,699,0
split_exit,medium,4.0,10469,success,1,0,0,209,2,7,1128,0
split_exit,medium,4.0,10470,trapped_inside,0,0,0,400,3,7,2113,1
split_exit,medium,4.0,10471,success,1,0,0,186,3,7,405,0
split_exit,medium,4.0,10472,success,1,0,0,194,3,7,538,0
split_exit,medium,4.0,10473,success,1,0,0,237,3,7,643,0
split_exit,medium,4.0,10474,success,1,0,0,150,3,7,1221,0
split_exit,medium,4.0,10475,success,1,0,0,170,3,7,1206,0
split_exit,medium,4.0,10476,success,1,0,0,121,5,7,1006,0
split_exit,medium,4.0,10477,success,1,0,0,156,4,7,814,0
split_exit,medium,4.0,10478,success,1,0,0,142,3,7,353,0
split_exit,medium,4.0,10479,success,1,0,0,220,2,7,888,0
split_exit,medium,4.0,10480,trapped_inside,0,0,0,400,4,7,2505,1
split_exit,medium,4.0,10481,success,1,0,0,125,2,7,566,0
split_exit,medium,4.0,10482,success,1,0,0,181,2,7,449,0
split_exit,medium,4.0,10483,trapped_inside,0,0,0,400,3,7,2505,1
split_exit,medium,4.0,10484,trapped_inside,0,0,0,400,3,7,2336,1
split_exit,medium,4.0,10485,success,1,0,0,220,3,7,597,0
split_exit,medium,4.0,10486,success,1,0,0,181,4,7,974,0
split_exit,medium,4.0,10487,success,1,0,0,211,3,7,505,0
split_exit,medium,4.0,10488,success,1,0,0,220,3,7,868,0
split_exit,medium,4.0,10489,success,1,0,0,138,3,7,332,0
split_exit,medium,4.0,10490,trapped_inside,0,0,0,400,3,7,1854,1
split_exit,medium,4.0,10491,trapped_inside,0,0,0,400,3,7,2539,1
split_exit,medium,4.0,10492,success,1,0,0,193,2,7,967,0
split_exit,medium,4.0,10493,success,1,0,0,145,3,7,934,0
split_exit,medium,4.0,10494,success,1,0,0,195,3,7,1017,0
split_exit,medium,4.0,10495,success,1,0,0,157,3,7,920,0
split_exit,medium,4.0,10496,success,1,0,0,137,3,7,422,0
split_exit,medium,4.0,10497,success,1,0,0,147,2,7,335,0
split_exit,medium,4.0,10498,success,1,0,0,108,3,7,262,0
split_exit,medium,4.0,10499,success,1,0,0,169,3,7,1033,0
oracle,medium,15.0,10000,wipeout,0,1,0,86,0,7,0,0
oracle,medium,15.0,10001,wipeout,0,1,0,100,0,6,0,0
oracle,medium,15.0,10002,wipeout,0,1,0,95,0,7,0,0
oracle,medium,15.0,10003,wipeout,0,1,0,86,0,6,0,0
oracle,medium,15.0,10004,wipeout,0,1,0,88,0,6,0,0
oracle,medium,15.0,10005,wipeout,0,1,0,64,0,5,0,0
oracle,medium,15.0,10006,wipeout,0,1,0,80,0,7,0,0
oracle,medium,15.0,10007,wipeout,0,1,0,105,0,5,0,0
oracle,medium,15.0,10008,wipeout,0,1,0,84,0,4,0,0
oracle,medium,15.0,10009,wipeout,0,1,0,114,0,6,0,0
oracle,medium,15.0,10010,wipeout,0,1,0,71,0,6,0,0
oracle,medium,15.0,10011,wipeout,0,1,0,62,0,7,0,0
oracle,medium,15.0,10012,wipeout,0,1,0,71,0,7,0,0
oracle,medium,15.0,10013,wipeout,0,1,0,95,0,6,0,0
oracle,medium,15.0,10014,wipeout,0,1,0,99,0,7,0,0
oracle,medium,15.0,10015,wipeout,0,1,0,107,0,6,0,0
oracle,medium,15.0,10016,wipeout,0,1,0,88,0,7,0,0
oracle,medium,15.0,10017,wipeout,0,1,0,64,0,5,0,0
oracle,medium,15.0,10018,wipeout,0,1,0,73,0,6,0,0
oracle,medium,15.0,10019,wipeout,0,1,0,95,0,5,0,0
oracle,medium,15.0,10020,wipeout,0,1,0,73,0,7,0,0
oracle,medium,15.0,10021,wipeout,0,1,0,95,0,5,0,0
oracle,medium,15.0,10022,wipeout,0,1,0,39,0,5,0,0
oracle,medium,15.0,10023,wipeout,0,1,0,103,0,7,0,0
oracle,medium,15.0,10024,wipeout,0,1,0,112,0,7,0,0
oracle,medium,15.0,10025,wipeout,0,1,0,88,0,5,0,0
oracle,medium,15.0,10026,wipeout,0,1,0,110,0,7,0,0
oracle,medium,15.0,10027,wipeout,0,1,0,104,0,5,0,0
oracle,medium,15.0,10028,wipeout,0,1,0,71,0,5,0,0
oracle,medium,15.0,10029,wipeout,0,1,0,102,0,7,0,0
oracle,medium,15.0,10030,wipeout,0,1,0,86,0,5,0,0
oracle,medium,15.0,10031,wipeout,0,1,0,95,0,7,0,0
oracle,medium,15.0,10032,wipeout,0,1,0,80,0,5,0,0
oracle,medium,15.0,10033,wipeout,0,1,0,59,0,5,0,0
oracle,medium,15.0,10034,wipeout,0,1,0,95,0,5,0,0
oracle,medium,15.0,10035,wipeout,0,1,0,60,0,7,0,0
oracle,medium,15.0,10036,wipeout,0,1,0,91,0,6,0,0
oracle,medium,15.0,10037,wipeout,0,1,0,49,0,4,0,0
oracle,medium,15.0,10038,wipeout,0,1,0,80,0,5,0,0
oracle,medium,15.0,10039,wipeout,0,1,0,82,0,4,0,0
oracle,medium,15.0,10040,wipeout,0,1,0,84,0,7,0,0
oracle,medium,15.0,10041,wipeout,0,1,0,66,0,6,0,0
oracle,medium,15.0,10042,wipeout,0,1,0,95,0,6,0,0
oracle,medium,15.0,10043,wipeout,0,1,0,78,0,7,0,0
oracle,medium,15.0,10044,wipeout,0,1,0,92,0,7,0,0
oracle,medium,15.0,10045,wipeout,0,1,0,88,0,5,0,0
oracle,medium,15.0,10046,wipeout,0,1,0,100,0,5,0,0
oracle,medium,15.0,10047,wipeout,0,1,0,100,0,7,0,0
oracle,medium,15.0,10048,wipeout,0,1,0,91,0,7,0,0
oracle,medium,15.0,10049,wipeout,0,1,0,124,0,7,0,0
oracle,medium,15.0,10050,wipeout,0,1,0,69,0,6,0,0
oracle,medium,15.0,10051,wipeout,0,1,0,57,0,5,0,0
oracle,medium,15.0,10052,wipeout,0,1,0,97,0,7,0,0
oracle,medium,15.0,10053,wipeout,0,1,0,100,0,5,0,0
oracle,medium,15.0,10054,wipeout,0,1,0,92,0,5,0,0
oracle,medium,15.0,10055,wipeout,0,1,0,47,0,5,0,0
oracle,medium,15.0,10056,wipeout,0,1,0,63,0,7,0,0
oracle,medium,15.0,10057,wipeout,0,1,0,59,0,7,0,0
oracle,medium,15.0,10058,wipeout,0,1,0,88,0,6,0,0
oracle,medium,15.0,10059,wipeout,0,1,0,61,0,5,0,0
oracle,medium,15.0,10060,wipeout,0,1,0,63,0,5,0,0
oracle,medium,15.0,10061,wipeout,0,1,0,60,0,4,0,0
oracle,medium,15.0,10062,wipeout,0,1,0,81,0,5,0,0
oracle,medium,15.0,10063,wipeout,0,1,0,92,0,5,0,0
oracle,medium,15.0,10064,wipeout,0,1,0,87,0,6,0,0
oracle,medium,15.0,10065,wipeout,0,1,0,110,0,6,0,0
oracle,medium,15.0,10066,success,1,0,0,149,1,7,0,0
oracle,medium,15.0,10067,wipeout,0,1,0,64,0,7,0,0
oracle,medium,15.0,10068,wipeout,0,1,0,96,0,7,0,0
oracle,medium,15.0,10069,wipeout,0,1,0,84,0,6,0,0
oracle,medium,15.0,10070,wipeout,0,1,0,91,0,4,0,0
oracle,medium,15.0,10071,wipeout,0,1,0,115,0,7,0,0
oracle,medium,15.0,10072,wipeout,0,1,0,90,0,7,0,0
oracle,medium,15.0,10073,wipeout,0,1,0,73,0,7,0,0
oracle,medium,15.0,10074,wipeout,0,1,0,100,0,7,0,0
oracle,medium,15.0,10075,wipeout,0,1,0,74,0,4,0,0
oracle,medium,15.0,10076,wipeout,0,1,0,81,0,7,0,0
oracle,medium,15.0,10077,wipeout,0,1,0,40,0,5,0,0
oracle,medium,15.0,10078,wipeout,0,1,0,84,0,7,0,0
oracle,medium,15.0,10079,wipeout,0,1,0,106,0,5,0,0
oracle,medium,15.0,10080,wipeout,0,1,0,54,0,5,0,0
oracle,medium,15.0,10081,wipeout,0,1,0,72,0,5,0,0
oracle,medium,15.0,10082,wipeout,0,1,0,74,0,5,0,0
oracle,medium,15.0,10083,wipeout,0,1,0,49,0,5,0,0
oracle,medium,15.0,10084,wipeout,0,1,0,63,0,7,0,0
oracle,medium,15.0,10085,wipeout,0,1,0,70,0,7,0,0
oracle,medium,15.0,10086,wipeout,0,1,0,100,0,7,0,0
oracle,medium,15.0,10087,wipeout,0,1,0,69,0,4,0,0
oracle,medium,15.0,10088,wipeout,0,1,0,107,0,7,0,0
oracle,medium,15.0,10089,wipeout,0,1,0,112,0,4,0,0
oracle,medium,15.0,10090,wipeout,0,1,0,91,0,6,0,0
oracle,medium,15.0,10091,wipeout,0,1,0,72,0,7,0,0
oracle,medium,15.0,10092,wipeout,0,1,0,65,0,6,0,0
oracle,medium,15.0,10093,wipeout,0,1,0,65,0,5,0,0
oracle,medium,15.0,10094,wipeout,0,1,0,77,0,7,0,0
oracle,medium,15.0,10095,wipeout,0,1,0,81,0,7,0,0
oracle,medium,15.0,10096,wipeout,0,1,0,60,0,7,0,0
oracle,medium,15.0,10097,wipeout,0,1,0,52,0,5,0,0
oracle,medium,15.0,10098,wipeout,0,1,0,67,0,7,0,0
oracle,medium,15.0,10099,wipeout,0,1,0,74,0,5,0,0
oracle,medium,15.0,10100,wipeout,0,1,0,150,0,7,0,0
oracle,medium,15.0,10101,wipeout,0,1,0,93,0,5,0,0
oracle,medium,15.0,10102,wipeout,0,1,0,90,0,5,0,0
oracle,medium,15.0,10103,wipeout,0,1,0,95,0,5,0,0
oracle,medium,15.0,10104,wipeout,0,1,0,71,0,7,0,0
oracle,medium,15.0,10105,wipeout,0,1,0,90,0,7,0,0
oracle,medium,15.0,10106,wipeout,0,1,0,97,0,7,0,0
oracle,medium,15.0,10107,wipeout,0,1,0,69,0,7,0,0
oracle,medium,15.0,10108,wipeout,0,1,0,71,0,6,0,0
oracle,medium,15.0,10109,wipeout,0,1,0,80,0,4,0,0
oracle,medium,15.0,10110,wipeout,0,1,0,95,0,7,0,0
oracle,medium,15.0,10111,wipeout,0,1,0,73,0,7,0,0
oracle,medium,15.0,10112,wipeout,0,1,0,58,0,5,0,0
oracle,medium,15.0,10113,wipeout,0,1,0,56,0,6,0,0
oracle,medium,15.0,10114,wipeout,0,1,0,87,0,5,0,0
oracle,medium,15.0,10115,wipeout,0,1,0,93,0,5,0,0
oracle,medium,15.0,10116,wipeout,0,1,0,81,0,5,0,0
oracle,medium,15.0,10117,wipeout,0,1,0,83,0,7,0,0
oracle,medium,15.0,10118,wipeout,0,1,0,70,0,5,0,0
oracle,medium,15.0,10119,wipeout,0,1,0,88,0,5,0,0
oracle,medium,15.0,10120,wipeout,0,1,0,56,0,7,0,0
oracle,medium,15.0,10121,wipeout,0,1,0,98,0,3,0,0
oracle,medium,15.0,10122,wipeout,0,1,0,82,0,7,0,0
oracle,medium,15.0,10123,wipeout,0,1,0,60,0,7,0,0
oracle,medium,15.0,10124,wipeout,0,1,0,78,0,4,0,0
oracle,medium,15.0,10125,wipeout,0,1,0,59,0,7,0,0
oracle,medium,15.0,10126,wipeout,0,1,0,65,0,5,0,0
oracle,medium,15.0,10127,wipeout,0,1,0,84,0,6,0,0
oracle,medium,15.0,10128,wipeout,0,1,0,103,0,7,0,0
oracle,medium,15.0,10129,wipeout,0,1,0,108,0,7,0,0
oracle,medium,15.0,10130,wipeout,0,1,0,84,0,5,0,0
oracle,medium,15.0,10131,wipeout,0,1,0,61,0,7,0,0
oracle,medium,15.0,10132,wipeout,0,1,0,72,0,7,0,0
oracle,medium,15.0,10133,wipeout,0,1,0,76,0,5,0,0
oracle,medium,15.0,10134,wipeout,0,1,0,92,0,6,0,0
oracle,medium,15.0,10135,wipeout,0,1,0,133,0,7,0,0
oracle,medium,15.0,10136,wipeout,0,1,0,92,0,5,0,0
oracle,medium,15.0,10137,wipeout,0,1,0,103,0,7,0,0
oracle,medium,15.0,10138,wipeout,0,1,0,69,0,5,0,0
oracle,medium,15.0,10139,wipeout,0,1,0,97,0,7,0,0
oracle,medium,15.0,10140,wipeout,0,1,0,52,0,7,0,0
oracle,medium,15.0,10141,wipeout,0,1,0,79,0,7,0,0
oracle,medium,15.0,10142,wipeout,0,1,0,105,0,7,0,0
oracle,medium,15.0,10143,wipeout,0,1,0,71,0,7,0,0
oracle,medium,15.0,10144,wipeout,0,1,0,92,0,6,0,0
oracle,medium,15.0,10145,wipeout,0,1,0,78,0,5,0,0
oracle,medium,15.0,10146,wipeout,0,1,0,99,0,7,0,0
oracle,medium,15.0,10147,wipeout,0,1,0,80,0,7,0,0
oracle,medium,15.0,10148,wipeout,0,1,0,78,0,7,0,0
oracle,medium,15.0,10149,wipeout,0,1,0,149,0,7,0,0
oracle,medium,15.0,10150,wipeout,0,1,0,95,0,7,0,0
oracle,medium,15.0,10151,wipeout,0,1,0,98,0,6,0,0
oracle,medium,15.0,10152,wipeout,0,1,0,78,0,6,0,0
oracle,medium,15.0,10153,wipeout,0,1,0,99,0,6,0,0
oracle,medium,15.0,10154,wipeout,0,1,0,90,0,7,0,0
oracle,medium,15.0,10155,wipeout,0,1,0,94,0,7,0,0
oracle,medium,15.0,10156,wipeout,0,1,0,71,0,7,0,0
oracle,medium,15.0,10157,wipeout,0,1,0,87,0,7,0,0
oracle,medium,15.0,10158,wipeout,0,1,0,68,0,6,0,0
oracle,medium,15.0,10159,wipeout,0,1,0,68,0,7,0,0
oracle,medium,15.0,10160,wipeout,0,1,0,62,0,6,0,0
oracle,medium,15.0,10161,wipeout,0,1,0,86,0,7,0,0
oracle,medium,15.0,10162,wipeout,0,1,0,101,0,5,0,0
oracle,medium,15.0,10163,wipeout,0,1,0,93,0,7,0,0
oracle,medium,15.0,10164,wipeout,0,1,0,102,0,7,0,0
oracle,medium,15.0,10165,wipeout,0,1,0,95,0,5,0,0
oracle,medium,15.0,10166,wipeout,0,1,0,63,0,4,0,0
oracle,medium,15.0,10167,wipeout,0,1,0,111,0,7,0,0
oracle,medium,15.0,10168,wipeout,0,1,0,54,0,7,0,0
oracle,medium,15.0,10169,wipeout,0,1,0,91,0,4,0,0
oracle,medium,15.0,10170,wipeout,0,1,0,59,0,7,0,0
oracle,medium,15.0,10171,wipeout,0,1,0,76,0,6,0,0
oracle,medium,15.0,10172,wipeout,0,1,0,97,0,5,0,0
oracle,medium,15.0,10173,wipeout,0,1,0,59,0,6,0,0
oracle,medium,15.0,10174,wipeout,0,1,0,78,0,5,0,0
oracle,medium,15.0,10175,wipeout,0,1,0,65,0,7,0,0
oracle,medium,15.0,10176,wipeout,0,1,0,87,0,5,0,0
oracle,medium,15.0,10177,wipeout,0,1,0,62,0,6,0,0
oracle,medium,15.0,10178,wipeout,0,1,0,89,0,4,0,0
oracle,medium,15.0,10179,wipeout,0,1,0,69,0,6,0,0
oracle,medium,15.0,10180,wipeout,0,1,0,80,0,5,0,0
oracle,medium,15.0,10181,wipeout,0,1,0,62,0,7,0,0
oracle,medium,15.0,10182,wipeout,0,1,0,86,0,6,0,0
oracle,medium,15.0,10183,wipeout,0,1,0,91,0,7,0,0
oracle,medium,15.0,10184,wipeout,0,1,0,78,0,5,0,0
oracle,medium,15.0,10185,wipeout,0,1,0,92,0,7,0,0
oracle,medium,15.0,10186,wipeout,0,1,0,74,0,5,0,0
oracle,medium,15.0,10187,wipeout,0,1,0,79,0,7,0,0
oracle,medium,15.0,10188,wipeout,0,1,0,117,0,7,0,0
oracle,medium,15.0,10189,wipeout,0,1,0,64,0,5,0,0
oracle,medium,15.0,10190,wipeout,0,1,0,118,0,6,0,0
oracle,medium,15.0,10191,wipeout,0,1,0,91,0,7,0,0
oracle,medium,15.0,10192,wipeout,0,1,0,80,0,7,0,0
oracle,medium,15.0,10193,wipeout,0,1,0,82,0,7,0,0
oracle,medium,15.0,10194,success,1,0,0,199,1,7,0,0
oracle,medium,15.0,10195,wipeout,0,1,0,127,0,7,0,0
oracle,medium,15.0,10196,wipeout,0,1,0,76,0,7,0,0
oracle,medium,15.0,10197,wipeout,0,1,0,48,0,7,0,0
oracle,medium,15.0,10198,wipeout,0,1,0,82,0,5,0,0
oracle,medium,15.0,10199,wipeout,0,1,0,70,0,6,0,0
oracle,medium,15.0,10200,wipeout,0,1,0,62,0,7,0,0
oracle,medium,15.0,10201,wipeout,0,1,0,84,0,4,0,0
oracle,medium,15.0,10202,wipeout,0,1,0,84,0,7,0,0
oracle,medium,15.0,10203,wipeout,0,1,0,51,0,7,0,0
oracle,medium,15.0,10204,success,1,0,0,197,1,7,0,0
oracle,medium,15.0,10205,wipeout,0,1,0,85,0,5,0,0
oracle,medium,15.0,10206,wipeout,0,1,0,95,0,7,0,0
oracle,medium,15.0,10207,wipeout,0,1,0,66,0,7,0,0
oracle,medium,15.0,10208,wipeout,0,1,0,63,0,6,0,0
oracle,medium,15.0,10209,wipeout,0,1,0,63,0,5,0,0
oracle,medium,15.0,10210,wipeout,0,1,0,119,0,6,0,0
oracle,medium,15.0,10211,wipeout,0,1,0,101,0,4,0,0
oracle,medium,15.0,10212,wipeout,0,1,0,88,0,4,0,0
oracle,medium,15.0,10213,wipeout,0,1,0,67,0,4,0,0
oracle,medium,15.0,10214,wipeout,0,1,0,91,0,4,0,0
oracle,medium,15.0,10215,wipeout,0,1,0,80,0,7,0,0
oracle,medium,15.0,10216,wipeout,0,1,0,93,0,7,0,0
oracle,medium,15.0,10217,wipeout,0,1,0,102,0,7,0,0
oracle,medium,15.0,10218,wipeout,0,1,0,76,0,5,0,0
oracle,medium,15.0,10219,wipeout,0,1,0,123,0,7,0,0
oracle,medium,15.0,10220,wipeout,0,1,0,94,0,4,0,0
oracle,medium,15.0,10221,wipeout,0,1,0,92,0,5,0,0
oracle,medium,15.0,10222,wipeout,0,1,0,52,0,7,0,0
oracle,medium,15.0,10223,wipeout,0,1,0,79,0,7,0,0
oracle,medium,15.0,10224,wipeout,0,1,0,130,0,7,0,0
oracle,medium,15.0,10225,wipeout,0,1,0,57,0,5,0,0
oracle,medium,15.0,10226,wipeout,0,1,0,102,0,7,0,0
oracle,medium,15.0,10227,wipeout,0,1,0,84,0,7,0,0
oracle,medium,15.0,10228,wipeout,0,1,0,95,0,6,0,0
oracle,medium,15.0,10229,wipeout,0,1,0,108,0,7,0,0
oracle,medium,15.0,10230,wipeout,0,1,0,56,0,7,0,0
oracle,medium,15.0,10231,wipeout,0,1,0,80,0,7,0,0
oracle,medium,15.0,10232,wipeout,0,1,0,65,0,7,0,0
oracle,medium,15.0,10233,wipeout,0,1,0,63,0,6,0,0
oracle,medium,15.0,10234,wipeout,0,1,0,81,0,7,0,0
oracle,medium,15.0,10235,wipeout,0,1,0,135,0,7,0,0
oracle,medium,15.0,10236,wipeout,0,1,0,82,0,7,0,0
oracle,medium,15.0,10237,wipeout,0,1,0,86,0,6,0,0
oracle,medium,15.0,10238,wipeout,0,1,0,103,0,4,0,0
oracle,medium,15.0,10239,wipeout,0,1,0,69,0,7,0,0
oracle,medium,15.0,10240,wipeout,0,1,0,74,0,5,0,0
oracle,medium,15.0,10241,wipeout,0,1,0,83,0,7,0,0
oracle,medium,15.0,10242,wipeout,0,1,0,73,0,6,0,0
oracle,medium,15.0,10243,wipeout,0,1,0,99,0,7,0,0
oracle,medium,15.0,10244,wipeout,0,1,0,88,0,7,0,0
oracle,medium,15.0,10245,wipeout,0,1,0,70,0,5,0,0
oracle,medium,15.0,10246,wipeout,0,1,0,88,0,7,0,0
oracle,medium,15.0,10247,wipeout,0,1,0,105,0,7,0,0
oracle,medium,15.0,10248,wipeout,0,1,0,108,0,7,0,0
oracle,medium,15.0,10249,wipeout,0,1,0,45,0,7,0,0
oracle,medium,15.0,10250,wipeout,0,1,0,72,0,7,0,0
oracle,medium,15.0,10251,wipeout,0,1,0,103,0,7,0,0
oracle,medium,15.0,10252,wipeout,0,1,0,80,0,7,0,0
oracle,medium,15.0,10253,wipeout,0,1,0,104,0,6,0,0
oracle,medium,15.0,10254,wipeout,0,1,0,108,0,5,0,0
oracle,medium,15.0,10255,wipeout,0,1,0,90,0,6,0,0
oracle,medium,15.0,10256,wipeout,0,1,0,53,0,6,0,0
oracle,medium,15.0,10257,wipeout,0,1,0,93,0,5,0,0
oracle,medium,15.0,10258,wipeout,0,1,0,88,0,6,0,0
oracle,medium,15.0,10259,wipeout,0,1,0,110,0,4,0,0
oracle,medium,15.0,10260,wipeout,0,1,0,98,0,6,0,0
oracle,medium,15.0,10261,wipeout,0,1,0,122,0,7,0,0
oracle,medium,15.0,10262,wipeout,0,1,0,63,0,5,0,0
oracle,medium,15.0,10263,wipeout,0,1,0,69,0,7,0,0
oracle,medium,15.0,10264,wipeout,0,1,0,66,0,7,0,0
oracle,medium,15.0,10265,wipeout,0,1,0,69,0,5,0,0
oracle,medium,15.0,10266,wipeout,0,1,0,67,0,5,0,0
oracle,medium,15.0,10267,wipeout,0,1,0,94,0,5,0,0
oracle,medium,15.0,10268,wipeout,0,1,0,65,0,7,0,0
oracle,medium,15.0,10269,wipeout,0,1,0,91,0,7,0,0
oracle,medium,15.0,10270,wipeout,0,1,0,90,0,6,0,0
oracle,medium,15.0,10271,wipeout,0,1,0,64,0,7,0,0
oracle,medium,15.0,10272,wipeout,0,1,0,78,0,5,0,0
oracle,medium,15.0,10273,wipeout,0,1,0,97,0,7,0,0
oracle,medium,15.0,10274,wipeout,0,1,0,70,0,6,0,0
oracle,medium,15.0,10275,wipeout,0,1,0,122,0,7,0,0
oracle,medium,15.0,10276,wipeout,0,1,0,126,0,7,0,0
oracle,medium,15.0,10277,wipeout,0,1,0,90,0,5,0,0
oracle,medium,15.0,10278,wipeout,0,1,0,78,0,7,0,0
oracle,medium,15.0,10279,wipeout,0,1,0,66,0,7,0,0
oracle,medium,15.0,10280,success,1,0,0,124,1,7,0,0
oracle,medium,15.0,10281,wipeout,0,1,0,89,0,7,0,0
oracle,medium,15.0,10282,wipeout,0,1,0,91,0,5,0,0
oracle,medium,15.0,10283,wipeout,0,1,0,98,0,4,0,0
oracle,medium,15.0,10284,wipeout,0,1,0,90,0,7,0,0
oracle,medium,15.0,10285,wipeout,0,1,0,123,0,7,0,0
oracle,medium,15.0,10286,wipeout,0,1,0,94,0,7,0,0
oracle,medium,15.0,10287,wipeout,0,1,0,77,0,5,0,0
oracle,medium,15.0,10288,wipeout,0,1,0,87,0,7,0,0
oracle,medium,15.0,10289,wipeout,0,1,0,99,0,7,0,0
oracle,medium,15.0,10290,success,1,0,0,169,1,7,0,0
oracle,medium,15.0,10291,success,1,0,0,103,1,7,0,0
oracle,medium,15.0,10292,wipeout,0,1,0,97,0,5,0,0
oracle,medium,15.0,10293,wipeout,0,1,0,93,0,4,0,0
oracle,medium,15.0,10294,wipeout,0,1,0,110,0,7,0,0
oracle,medium,15.0,10295,wipeout,0,1,0,76,0,6,0,0
oracle,medium,15.0,10296,wipeout,0,1,0,81,0,6,0,0
oracle,medium,15.0,10297,wipeout,0,1,0,79,0,7,0,0
oracle,medium,15.0,10298,wipeout,0,1,0,51,0,5,0,0
oracle,medium,15.0,10299,wipeout,0,1,0,60,0,7,0,0
oracle,medium,15.0,10300,wipeout,0,1,0,64,0,7,0,0
oracle,medium,15.0,10301,wipeout,0,1,0,83,0,5,0,0
oracle,medium,15.0,10302,wipeout,0,1,0,63,0,5,0,0
oracle,medium,15.0,10303,wipeout,0,1,0,68,0,6,0,0
oracle,medium,15.0,10304,wipeout,0,1,0,74,0,7,0,0
oracle,medium,15.0,10305,wipeout,0,1,0,76,0,5,0,0
oracle,medium,15.0,10306,wipeout,0,1,0,97,0,5,0,0
oracle,medium,15.0,10307,wipeout,0,1,0,78,0,7,0,0
oracle,medium,15.0,10308,wipeout,0,1,0,97,0,7,0,0
oracle,medium,15.0,10309,wipeout,0,1,0,100,0,5,0,0
oracle,medium,15.0,10310,wipeout,0,1,0,72,0,7,0,0
oracle,medium,15.0,10311,wipeout,0,1,0,94,0,6,0,0
oracle,medium,15.0,10312,wipeout,0,1,0,92,0,6,0,0
oracle,medium,15.0,10313,wipeout,0,1,0,80,0,7,0,0
oracle,medium,15.0,10314,wipeout,0,1,0,79,0,4,0,0
oracle,medium,15.0,10315,wipeout,0,1,0,69,0,7,0,0
oracle,medium,15.0,10316,wipeout,0,1,0,111,0,7,0,0
oracle,medium,15.0,10317,wipeout,0,1,0,54,0,7,0,0
oracle,medium,15.0,10318,wipeout,0,1,0,92,0,7,0,0
oracle,medium,15.0,10319,wipeout,0,1,0,83,0,5,0,0
oracle,medium,15.0,10320,wipeout,0,1,0,66,0,7,0,0
oracle,medium,15.0,10321,wipeout,0,1,0,64,0,6,0,0
oracle,medium,15.0,10322,wipeout,0,1,0,42,0,5,0,0
oracle,medium,15.0,10323,wipeout,0,1,0,115,0,5,0,0
oracle,medium,15.0,10324,wipeout,0,1,0,105,0,5,0,0
oracle,medium,15.0,10325,wipeout,0,1,0,152,0,7,0,0
oracle,medium,15.0,10326,wipeout,0,1,0,65,0,6,0,0
oracle,medium,15.0,10327,wipeout,0,1,0,92,0,5,0,0
oracle,medium,15.0,10328,wipeout,0,1,0,64,0,7,0,0
oracle,medium,15.0,10329,wipeout,0,1,0,73,0,7,0,0
oracle,medium,15.0,10330,wipeout,0,1,0,111,0,6,0,0
oracle,medium,15.0,10331,wipeout,0,1,0,93,0,5,0,0
oracle,medium,15.0,10332,wipeout,0,1,0,96,0,5,0,0
oracle,medium,15.0,10333,wipeout,0,1,0,88,0,7,0,0
oracle,medium,15.0,10334,wipeout,0,1,0,68,0,7,0,0
oracle,medium,15.0,10335,wipeout,0,1,0,68,0,5,0,0
oracle,medium,15.0,10336,wipeout,0,1,0,84,0,7,0,0
oracle,medium,15.0,10337,wipeout,0,1,0,83,0,7,0,0
oracle,medium,15.0,10338,wipeout,0,1,0,55,0,5,0,0
oracle,medium,15.0,10339,wipeout,0,1,0,93,0,6,0,0
oracle,medium,15.0,10340,wipeout,0,1,0,94,0,7,0,0
oracle,medium,15.0,10341,wipeout,0,1,0,77,0,5,0,0
oracle,medium,15.0,10342,wipeout,0,1,0,77,0,7,0,0
oracle,medium,15.0,10343,wipeout,0,1,0,81,0,6,0,0
oracle,medium,15.0,10344,wipeout,0,1,0,130,0,7,0,0
oracle,medium,15.0,10345,wipeout,0,1,0,104,0,4,0,0
oracle,medium,15.0,10346,wipeout,0,1,0,65,0,5,0,0
oracle,medium,15.0,10347,wipeout,0,1,0,107,0,7,0,0
oracle,medium,15.0,10348,wipeout,0,1,0,91,0,7,0,0
oracle,medium,15.0,10349,wipeout,0,1,0,58,0,6,0,0
oracle,medium,15.0,10350,wipeout,0,1,0,98,0,7,0,0
oracle,medium,15.0,10351,wipeout,0,1,0,75,0,7,0,0
oracle,medium,15.0,10352,wipeout,0,1,0,44,0,6,0,0
oracle,medium,15.0,10353,wipeout,0,1,0,69,0,7,0,0
oracle,medium,15.0,10354,wipeout,0,1,0,65,0,7,0,0
oracle,medium,15.0,10355,wipeout,0,1,0,76,0,6,0,0
oracle,medium,15.0,10356,wipeout,0,1,0,63,0,6,0,0
oracle,medium,15.0,10357,wipeout,0,1,0,94,0,7,0,0
oracle,medium,15.0,10358,wipeout,0,1,0,86,0,5,0,0
oracle,medium,15.0,10359,wipeout,0,1,0,60,0,5,0,0
oracle,medium,15.0,10360,wipeout,0,1,0,105,0,7,0,0
oracle,medium,15.0,10361,wipeout,0,1,0,67,0,5,0,0
oracle,medium,15.0,10362,wipeout,0,1,0,72,0,4,0,0
oracle,medium,15.0,10363,wipeout,0,1,0,105,0,4,0,0
oracle,medium,15.0,10364,wipeout,0,1,0,106,0,6,0,0
oracle,medium,15.0,10365,wipeout,0,1,0,108,0,5,0,0
oracle,medium,15.0,10366,wipeout,0,1,0,78,0,5,0,0
oracle,medium,15.0,10367,wipeout,0,1,0,61,0,5,0,0
oracle,medium,15.0,10368,wipeout,0,1,0,93,0,6,0,0
oracle,medium,15.0,10369,wipeout,0,1,0,69,0,7,0,0
oracle,medium,15.0,10370,wipeout,0,1,0,87,0,5,0,0
oracle,medium,15.0,10371,wipeout,0,1,0,67,0,5,0,0
oracle,medium,15.0,10372,wipeout,0,1,0,77,0,7,0,0
oracle,medium,15.0,10373,wipeout,0,1,0,104,0,5,0,0
oracle,medium,15.0,10374,wipeout,0,1,0,92,0,5,0,0
oracle,medium,15.0,10375,wipeout,0,1,0,89,0,5,0,0
oracle,medium,15.0,10376,wipeout,0,1,0,70,0,7,0,0
oracle,medium,15.0,10377,wipeout,0,1,0,84,0,5,0,0
oracle,medium,15.0,10378,wipeout,0,1,0,76,0,5,0,0
oracle,medium,15.0,10379,wipeout,0,1,0,89,0,6,0,0
oracle,medium,15.0,10380,wipeout,0,1,0,98,0,5,0,0
oracle,medium,15.0,10381,wipeout,0,1,0,104,0,7,0,0
oracle,medium,15.0,10382,wipeout,0,1,0,87,0,5,0,0
oracle,medium,15.0,10383,wipeout,0,1,0,64,0,7,0,0
oracle,medium,15.0,10384,wipeout,0,1,0,69,0,6,0,0
oracle,medium,15.0,10385,wipeout,0,1,0,55,0,7,0,0
oracle,medium,15.0,10386,wipeout,0,1,0,56,0,7,0,0
oracle,medium,15.0,10387,wipeout,0,1,0,79,0,7,0,0
oracle,medium,15.0,10388,wipeout,0,1,0,77,0,6,0,0
oracle,medium,15.0,10389,wipeout,0,1,0,92,0,6,0,0
oracle,medium,15.0,10390,wipeout,0,1,0,61,0,6,0,0
oracle,medium,15.0,10391,wipeout,0,1,0,101,0,7,0,0
oracle,medium,15.0,10392,wipeout,0,1,0,108,0,7,0,0
oracle,medium,15.0,10393,wipeout,0,1,0,69,0,5,0,0
oracle,medium,15.0,10394,wipeout,0,1,0,83,0,7,0,0
oracle,medium,15.0,10395,wipeout,0,1,0,85,0,7,0,0
oracle,medium,15.0,10396,wipeout,0,1,0,106,0,7,0,0
oracle,medium,15.0,10397,wipeout,0,1,0,80,0,7,0,0
oracle,medium,15.0,10398,wipeout,0,1,0,80,0,6,0,0
oracle,medium,15.0,10399,wipeout,0,1,0,79,0,5,0,0
oracle,medium,15.0,10400,wipeout,0,1,0,68,0,5,0,0
oracle,medium,15.0,10401,wipeout,0,1,0,61,0,5,0,0
oracle,medium,15.0,10402,wipeout,0,1,0,100,0,6,0,0
oracle,medium,15.0,10403,wipeout,0,1,0,114,0,7,0,0
oracle,medium,15.0,10404,wipeout,0,1,0,66,0,5,0,0
oracle,medium,15.0,10405,wipeout,0,1,0,67,0,7,0,0
oracle,medium,15.0,10406,wipeout,0,1,0,69,0,6,0,0
oracle,medium,15.0,10407,wipeout,0,1,0,86,0,6,0,0
oracle,medium,15.0,10408,wipeout,0,1,0,114,0,4,0,0
oracle,medium,15.0,10409,wipeout,0,1,0,109,0,7,0,0
oracle,medium,15.0,10410,wipeout,0,1,0,95,0,7,0,0
oracle,medium,15.0,10411,wipeout,0,1,0,101,0,7,0,0
oracle,medium,15.0,10412,wipeout,0,1,0,93,0,5,0,0
oracle,medium,15.0,10413,wipeout,0,1,0,67,0,7,0,0
oracle,medium,15.0,10414,wipeout,0,1,0,74,0,7,0,0
oracle,medium,15.0,10415,wipeout,0,1,0,157,0,7,0,0
oracle,medium,15.0,10416,wipeout,0,1,0,93,0,7,0,0
oracle,medium,15.0,10417,wipeout,0,1,0,69,0,7,0,0
oracle,medium,15.0,10418,wipeout,0,1,0,122,0,6,0,0
oracle,medium,15.0,10419,wipeout,0,1,0,81,0,5,0,0
oracle,medium,15.0,10420,wipeout,0,1,0,76,0,5,0,0
oracle,medium,15.0,10421,wipeout,0,1,0,86,0,4,0,0
oracle,medium,15.0,10422,wipeout,0,1,0,118,0,7,0,0
oracle,medium,15.0,10423,wipeout,0,1,0,96,0,4,0,0
oracle,medium,15.0,10424,wipeout,0,1,0,44,0,6,0,0
oracle,medium,15.0,10425,wipeout,0,1,0,107,0,7,0,0
oracle,medium,15.0,10426,wipeout,0,1,0,56,0,5,0,0
oracle,medium,15.0,10427,wipeout,0,1,0,78,0,5,0,0
oracle,medium,15.0,10428,wipeout,0,1,0,78,0,6,0,0
oracle,medium,15.0,10429,wipeout,0,1,0,97,0,6,0,0
oracle,medium,15.0,10430,wipeout,0,1,0,113,0,7,0,0
oracle,medium,15.0,10431,wipeout,0,1,0,80,0,6,0,0
oracle,medium,15.0,10432,wipeout,0,1,0,86,0,6,0,0
oracle,medium,15.0,10433,wipeout,0,1,0,101,0,6,0,0
oracle,medium,15.0,10434,wipeout,0,1,0,93,0,7,0,0
oracle,medium,15.0,10435,wipeout,0,1,0,83,0,7,0,0
oracle,medium,15.0,10436,wipeout,0,1,0,50,0,7,0,0
oracle,medium,15.0,10437,wipeout,0,1,0,75,0,7,0,0
oracle,medium,15.0,10438,wipeout,0,1,0,69,0,7,0,0
oracle,medium,15.0,10439,wipeout,0,1,0,94,0,4,0,0
oracle,medium,15.0,10440,wipeout,0,1,0,90,0,5,0,0
oracle,medium,15.0,10441,wipeout,0,1,0,91,0,5,0,0
oracle,medium,15.0,10442,wipeout,0,1,0,53,0,4,0,0
oracle,medium,15.0,10443,wipeout,0,1,0,74,0,7,0,0
oracle,medium,15.0,10444,wipeout,0,1,0,94,0,7,0,0
oracle,medium,15.0,10445,wipeout,0,1,0,89,0,7,0,0
oracle,medium,15.0,10446,wipeout,0,1,0,64,0,7,0,0
oracle,medium,15.0,10447,wipeout,0,1,0,86,0,7,0,0
oracle,medium,15.0,10448,wipeout,0,1,0,52,0,7,0,0
oracle,medium,15.0,10449,wipeout,0,1,0,95,0,7,0,0
oracle,medium,15.0,10450,wipeout,0,1,0,92,0,7,0,0
oracle,medium,15.0,10451,wipeout,0,1,0,97,0,6,0,0
oracle,medium,15.0,10452,wipeout,0,1,0,106,0,5,0,0
oracle,medium,15.0,10453,wipeout,0,1,0,74,0,5,0,0
oracle,medium,15.0,10454,wipeout,0,1,0,92,0,5,0,0
oracle,medium,15.0,10455,wipeout,0,1,0,79,0,7,0,0
oracle,medium,15.0,10456,wipeout,0,1,0,100,0,7,0,0
oracle,medium,15.0,10457,wipeout,0,1,0,84,0,4,0,0
oracle,medium,15.0,10458,wipeout,0,1,0,95,0,7,0,0
oracle,medium,15.0,10459,wipeout,0,1,0,90,0,7,0,0
oracle,medium,15.0,10460,wipeout,0,1,0,100,0,7,0,0
oracle,medium,15.0,10461,wipeout,0,1,0,131,0,7,0,0
oracle,medium,15.0,10462,wipeout,0,1,0,53,0,5,0,0
oracle,medium,15.0,10463,wipeout,0,1,0,92,0,5,0,0
oracle,medium,15.0,10464,wipeout,0,1,0,103,0,7,0,0
oracle,medium,15.0,10465,wipeout,0,1,0,80,0,5,0,0
oracle,medium,15.0,10466,wipeout,0,1,0,91,0,6,0,0
oracle,medium,15.0,10467,wipeout,0,1,0,75,0,7,0,0
oracle,medium,15.0,10468,wipeout,0,1,0,78,0,6,0,0
oracle,medium,15.0,10469,wipeout,0,1,0,79,0,7,0,0
oracle,medium,15.0,10470,wipeout,0,1,0,55,0,7,0,0
oracle,medium,15.0,10471,wipeout,0,1,0,95,0,5,0,0
oracle,medium,15.0,10472,wipeout,0,1,0,47,0,6,0,0
oracle,medium,15.0,10473,wipeout,0,1,0,113,0,7,0,0
oracle,medium,15.0,10474,wipeout,0,1,0,68,0,6,0,0
oracle,medium,15.0,10475,wipeout,0,1,0,81,0,6,0,0
oracle,medium,15.0,10476,wipeout,0,1,0,58,0,7,0,0
oracle,medium,15.0,10477,wipeout,0,1,0,70,0,5,0,0
oracle,medium,15.0,10478,wipeout,0,1,0,57,0,6,0,0
oracle,medium,15.0,10479,wipeout,0,1,0,96,0,7,0,0
oracle,medium,15.0,10480,wipeout,0,1,0,38,0,6,0,0
oracle,medium,15.0,10481,wipeout,0,1,0,53,0,5,0,0
oracle,medium,15.0,10482,wipeout,0,1,0,100,0,5,0,0
oracle,medium,15.0,10483,wipeout,0,1,0,90,0,6,0,0
oracle,medium,15.0,10484,wipeout,0,1,0,88,0,7,0,0
oracle,medium,15.0,10485,wipeout,0,1,0,111,0,6,0,0
oracle,medium,15.0,10486,wipeout,0,1,0,73,0,7,0,0
oracle,medium,15.0,10487,wipeout,0,1,0,101,0,6,0,0
oracle,medium,15.0,10488,wipeout,0,1,0,127,0,7,0,0
oracle,medium,15.0,10489,wipeout,0,1,0,77,0,6,0,0
oracle,medium,15.0,10490,wipeout,0,1,0,92,0,7,0,0
oracle,medium,15.0,10491,wipeout,0,1,0,81,0,7,0,0
oracle,medium,15.0,10492,wipeout,0,1,0,93,0,5,0,0
oracle,medium,15.0,10493,wipeout,0,1,0,131,0,7,0,0
oracle,medium,15.0,10494,success,1,0,0,195,1,7,0,0
oracle,medium,15.0,10495,wipeout,0,1,0,76,0,6,0,0
oracle,medium,15.0,10496,wipeout,0,1,0,52,0,5,0,0
oracle,medium,15.0,10497,wipeout,0,1,0,68,0,5,0,0
oracle,medium,15.0,10498,wipeout,0,1,0,62,0,7,0,0
oracle,medium,15.0,10499,wipeout,0,1,0,91,0,5,0,0
lone_entry,medium,15.0,10000,wipeout,0,1,0,86,0,7,0,0
lone_entry,medium,15.0,10001,wipeout,0,1,0,100,0,6,0,0
lone_entry,medium,15.0,10002,wipeout,0,1,0,95,0,7,0,0
lone_entry,medium,15.0,10003,wipeout,0,1,0,86,0,6,0,0
lone_entry,medium,15.0,10004,wipeout,0,1,0,88,0,6,0,0
lone_entry,medium,15.0,10005,wipeout,0,1,0,64,0,5,0,0
lone_entry,medium,15.0,10006,wipeout,0,1,0,83,0,7,0,0
lone_entry,medium,15.0,10007,wipeout,0,1,0,105,0,5,0,0
lone_entry,medium,15.0,10008,wipeout,0,1,0,84,0,4,0,0
lone_entry,medium,15.0,10009,wipeout,0,1,0,114,0,6,0,0
lone_entry,medium,15.0,10010,wipeout,0,1,0,71,0,6,0,0
lone_entry,medium,15.0,10011,wipeout,0,1,0,62,0,7,0,0
lone_entry,medium,15.0,10012,wipeout,0,1,0,71,0,7,0,0
lone_entry,medium,15.0,10013,wipeout,0,1,0,95,0,6,0,0
lone_entry,medium,15.0,10014,wipeout,0,1,0,106,0,7,0,0
lone_entry,medium,15.0,10015,wipeout,0,1,0,107,0,6,0,0
lone_entry,medium,15.0,10016,wipeout,0,1,0,88,0,7,0,0
lone_entry,medium,15.0,10017,wipeout,0,1,0,64,0,5,0,0
lone_entry,medium,15.0,10018,wipeout,0,1,0,73,0,6,0,0
lone_entry,medium,15.0,10019,wipeout,0,1,0,95,0,5,0,0
lone_entry,medium,15.0,10020,trapped_inside,0,0,0,400,1,7,0,1
lone_entry,medium,15.0,10021,wipeout,0,1,0,95,0,5,0,0
lone_entry,medium,15.0,10022,wipeout,0,1,0,39,0,5,0,0
lone_entry,medium,15.0,10023,wipeout,0,1,0,103,0,7,0,0
lone_entry,medium,15.0,10024,wipeout,0,1,0,112,0,7,0,0
lone_entry,medium,15.0,10025,wipeout,0,1,0,88,0,5,0,0
lone_entry,medium,15.0,10026,wipeout,0,1,0,110,0,7,0,0
lone_entry,medium,15.0,10027,wipeout,0,1,0,104,0,5,0,0
lone_entry,medium,15.0,10028,wipeout,0,1,0,71,0,5,0,0
lone_entry,medium,15.0,10029,wipeout,0,1,0,102,0,7,0,0
lone_entry,medium,15.0,10030,wipeout,0,1,0,86,0,5,0,0
lone_entry,medium,15.0,10031,wipeout,0,1,0,95,0,7,0,0
lone_entry,medium,15.0,10032,wipeout,0,1,0,80,0,5,0,0
lone_entry,medium,15.0,10033,wipeout,0,1,0,59,0,5,0,0
lone_entry,medium,15.0,10034,wipeout,0,1,0,95,0,5,0,0
lone_entry,medium,15.0,10035,wipeout,0,1,0,54,0,7,0,0
lone_entry,medium,15.0,10036,wipeout,0,1,0,91,0,6,0,0
lone_entry,medium,15.0,10037,wipeout,0,1,0,49,0,4,0,0
lone_entry,medium,15.0,10038,wipeout,0,1,0,80,0,5,0,0
lone_entry,medium,15.0,10039,wipeout,0,1,0,82,0,4,0,0
lone_entry,medium,15.0,10040,wipeout,0,1,0,84,0,7,0,0
lone_entry,medium,15.0,10041,wipeout,0,1,0,66,0,6,0,0
lone_entry,medium,15.0,10042,wipeout,0,1,0,95,0,6,0,0
lone_entry,medium,15.0,10043,wipeout,0,1,0,78,0,7,0,0
lone_entry,medium,15.0,10044,trapped_inside,0,0,0,400,1,7,0,1
lone_entry,medium,15.0,10045,wipeout,0,1,0,88,0,5,0,0
lone_entry,medium,15.0,10046,wipeout,0,1,0,100,0,5,0,0
lone_entry,medium,15.0,10047,trapped_inside,0,0,0,400,1,7,0,1
lone_entry,medium,15.0,10048,wipeout,0,1,0,91,0,7,0,0
lone_entry,medium,15.0,10049,wipeout,0,1,0,124,0,7,0,0
lone_entry,medium,15.0,10050,wipeout,0,1,0,69,0,6,0,0
lone_entry,medium,15.0,10051,wipeout,0,1,0,57,0,5,0,0
lone_entry,medium,15.0,10052,success,1,0,0,151,1,7,0,0
lone_entry,medium,15.0,10053,wipeout,0,1,0,100,0,5,0,0
lone_entry,medium,15.0,10054,wipeout,0,1,0,92,0,5,0,0
lone_entry,medium,15.0,10055,wipeout,0,1,0,47,0,5,0,0
lone_entry,medium,15.0,10056,trapped_inside,0,0,0,400,1,7,0,1
lone_entry,medium,15.0,10057,wipeout,0,1,0,59,0,7,0,0
lone_entry,medium,15.0,10058,wipeout,0,1,0,88,0,6,0,0
lone_entry,medium,15.0,10059,wipeout,0,1,0,61,0,5,0,0
lone_entry,medium,15.0,10060,wipeout,0,1,0,63,0,5,0,0
lone_entry,medium,15.0,10061,wipeout,0,1,0,60,0,4,0,0
lone_entry,medium,15.0,10062,wipeout,0,1,0,81,0,5,0,0
lone_entry,medium,15.0,10063,wipeout,0,1,0,92,0,5,0,0
lone_entry,medium,15.0,10064,wipeout,0,1,0,87,0,6,0,0
lone_entry,medium,15.0,10065,wipeout,0,1,0,110,0,6,0,0
lone_entry,medium,15.0,10066,trapped_inside,0,0,0,400,1,7,0,1
lone_entry,medium,15.0,10067,wipeout,0,1,0,64,0,7,0,0
lone_entry,medium,15.0,10068,trapped_inside,0,0,0,400,1,7,0,1
lone_entry,medium,15.0,10069,wipeout,0,1,0,84,0,6,0,0
lone_entry,medium,15.0,10070,wipeout,0,1,0,91,0,4,0,0
lone_entry,medium,15.0,10071,wipeout,0,1,0,124,0,7,0,0
lone_entry,medium,15.0,10072,wipeout,0,1,0,102,0,7,0,0
lone_entry,medium,15.0,10073,wipeout,0,1,0,73,0,7,0,0
lone_entry,medium,15.0,10074,wipeout,0,1,0,134,0,7,0,0
lone_entry,medium,15.0,10075,wipeout,0,1,0,74,0,4,0,0
lone_entry,medium,15.0,10076,wipeout,0,1,0,81,0,7,0,0
lone_entry,medium,15.0,10077,wipeout,0,1,0,40,0,5,0,0
lone_entry,medium,15.0,10078,wipeout,0,1,0,84,0,7,0,0
lone_entry,medium,15.0,10079,wipeout,0,1,0,106,0,5,0,0
lone_entry,medium,15.0,10080,wipeout,0,1,0,54,0,5,0,0
lone_entry,medium,15.0,10081,wipeout,0,1,0,72,0,5,0,0
lone_entry,medium,15.0,10082,wipeout,0,1,0,74,0,5,0,0
lone_entry,medium,15.0,10083,wipeout,0,1,0,49,0,5,0,0
lone_entry,medium,15.0,10084,wipeout,0,1,0,63,0,7,0,0
lone_entry,medium,15.0,10085,wipeout,0,1,0,70,0,7,0,0
lone_entry,medium,15.0,10086,wipeout,0,1,0,100,0,7,0,0
lone_entry,medium,15.0,10087,wipeout,0,1,0,69,0,4,0,0
lone_entry,medium,15.0,10088,wipeout,0,1,0,107,0,7,0,0
lone_entry,medium,15.0,10089,wipeout,0,1,0,112,0,4,0,0
lone_entry,medium,15.0,10090,wipeout,0,1,0,91,0,6,0,0
lone_entry,medium,15.0,10091,wipeout,0,1,0,73,0,7,0,0
lone_entry,medium,15.0,10092,wipeout,0,1,0,65,0,6,0,0
lone_entry,medium,15.0,10093,wipeout,0,1,0,65,0,5,0,0
lone_entry,medium,15.0,10094,wipeout,0,1,0,113,0,7,0,0
lone_entry,medium,15.0,10095,trapped_inside,0,0,0,400,1,7,0,1
lone_entry,medium,15.0,10096,wipeout,0,1,0,62,0,7,0,0
lone_entry,medium,15.0,10097,wipeout,0,1,0,52,0,5,0,0
lone_entry,medium,15.0,10098,wipeout,0,1,0,67,0,7,0,0
lone_entry,medium,15.0,10099,wipeout,0,1,0,74,0,5,0,0
lone_entry,medium,15.0,10100,wipeout,0,1,0,150,0,7,0,0
lone_entry,medium,15.0,10101,wipeout,0,1,0,93,0,5,0,0
lone_entry,medium,15.0,10102,wipeout,0,1,0,90,0,5,0,0
lone_entry,medium,15.0,10103,wipeout,0,1,0,95,0,5,0,0
lone_entry,medium,15.0,10104,wipeout,0,1,0,71,0,7,0,0
lone_entry,medium,15.0,10105,wipeout,0,1,0,90,0,7,0,0
lone_entry,medium,15.0,10106,wipeout,0,1,0,97,0,7,0,0
lone_entry,medium,15.0,10107,wipeout,0,1,0,69,0,7,0,0
lone_entry,medium,15.0,10108,wipeout,0,1,0,71,0,6,0,0
lone_entry,medium,15.0,10109,wipeout,0,1,0,80,0,4,0,0
lone_entry,medium,15.0,10110,wipeout,0,1,0,95,0,7,0,0
lone_entry,medium,15.0,10111,trapped_inside,0,0,0,400,1,7,0,1
lone_entry,medium,15.0,10112,wipeout,0,1,0,58,0,5,0,0
lone_entry,medium,15.0,10113,wipeout,0,1,0,56,0,6,0,0
lone_entry,medium,15.0,10114,wipeout,0,1,0,87,0,5,0,0
lone_entry,medium,15.0,10115,wipeout,0,1,0,93,0,5,0,0
lone_entry,medium,15.0,10116,wipeout,0,1,0,81,0,5,0,0
lone_entry,medium,15.0,10117,wipeout,0,1,0,80,0,7,0,0
lone_entry,medium,15.0,10118,wipeout,0,1,0,70,0,5,0,0
lone_entry,medium,15.0,10119,wipeout,0,1,0,88,0,5,0,0
lone_entry,medium,15.0,10120,wipeout,0,1,0,56,0,7,0,0
lone_entry,medium,15.0,10121,wipeout,0,1,0,98,0,3,0,0
lone_entry,medium,15.0,10122,wipeout,0,1,0,82,0,7,0,0
lone_entry,medium,15.0,10123,success,1,0,0,90,1,7,0,0
lone_entry,medium,15.0,10124,wipeout,0,1,0,78,0,4,0,0
lone_entry,medium,15.0,10125,wipeout,0,1,0,59,0,7,0,0
lone_entry,medium,15.0,10126,wipeout,0,1,0,65,0,5,0,0
lone_entry,medium,15.0,10127,wipeout,0,1,0,84,0,6,0,0
lone_entry,medium,15.0,10128,wipeout,0,1,0,103,0,7,0,0
lone_entry,medium,15.0,10129,wipeout,0,1,0,108,0,7,0,0
lone_entry,medium,15.0,10130,wipeout,0,1,0,84,0,5,0,0
lone_entry,medium,15.0,10131,wipeout,0,1,0,61,0,7,0,0
lone_entry,medium,15.0,10132,wipeout,0,1,0,72,0,7,0,0
lone_entry,medium,15.0,10133,wipeout,0,1,0,76,0,5,0,0
lone_entry,medium,15.0,10134,wipeout,0,1,0,92,0,6,0,0
lone_entry,medium,15.0,10135,wipeout,0,1,0,133,0,7,0,0
lone_entry,medium,15.0,10136,wipeout,0,1,0,92,0,5,0,0
lone_entry,medium,15.0,10137,wipeout,0,1,0,103,0,7,0,0
lone_entry,medium,15.0,10138,wipeout,0,1,0,69,0,5,0,0
lone_entry,medium,15.0,10139,trapped_inside,0,0,0,400,1,7,0,1
lone_entry,medium,15.0,10140,wipeout,0,1,0,52,0,7,0,0
lone_entry,medium,15.0,10141,wipeout,0,1,0,73,0,7,0,0
lone_entry,medium,15.0,10142,wipeout,0,1,0,101,0,7,0,0
lone_entry,medium,15.0,10143,wipeout,0,1,0,71,0,7,0,0
lone_entry,medium,15.0,10144,wipeout,0,1,0,92,0,6,0,0
lone_entry,medium,15.0,10145,wipeout,0,1,0,78,0,5,0,0
lone_entry,medium,15.0,10146,wipeout,0,1,0,99,0,7,0,0
lone_entry,medium,15.0,10147,wipeout,0,1,0,80,0,7,0,0
lone_entry,medium,15.0,10148,wipeout,0,1,0,78,0,7,0,0
lone_entry,medium,15.0,10149,trapped_inside,0,0,0,400,1,7,0,1
lone_entry,medium,15.0,10150,wipeout,0,1,0,95,0,7,0,0
lone_entry,medium,15.0,10151,wipeout,0,1,0,98,0,6,0,0
lone_entry,medium,15.0,10152,wipeout,0,1,0,78,0,6,0,0
lone_entry,medium,15.0,10153,wipeout,0,1,0,99,0,6,0,0
lone_entry,medium,15.0,10154,wipeout,0,1,0,107,0,7,0,0
lone_entry,medium,15.0,10155,wipeout,0,1,0,94,0,7,0,0
lone_entry,medium,15.0,10156,wipeout,0,1,0,71,0,7,0,0
lone_entry,medium,15.0,10157,wipeout,0,1,0,87,0,7,0,0
lone_entry,medium,15.0,10158,wipeout,0,1,0,68,0,6,0,0
lone_entry,medium,15.0,10159,wipeout,0,1,0,68,0,7,0,0
lone_entry,medium,15.0,10160,wipeout,0,1,0,62,0,6,0,0
lone_entry,medium,15.0,10161,wipeout,0,1,0,86,0,7,0,0
lone_entry,medium,15.0,10162,wipeout,0,1,0,101,0,5,0,0
lone_entry,medium,15.0,10163,wipeout,0,1,0,93,0,7,0,0
lone_entry,medium,15.0,10164,wipeout,0,1,0,102,0,7,0,0
lone_entry,medium,15.0,10165,wipeout,0,1,0,95,0,5,0,0
lone_entry,medium,15.0,10166,wipeout,0,1,0,63,0,4,0,0
lone_entry,medium,15.0,10167,success,1,0,0,168,1,7,0,0
lone_entry,medium,15.0,10168,wipeout,0,1,0,54,0,7,0,0
lone_entry,medium,15.0,10169,wipeout,0,1,0,91,0,4,0,0
lone_entry,medium,15.0,10170,wipeout,0,1,0,59,0,7,0,0
lone_entry,medium,15.0,10171,wipeout,0,1,0,76,0,6,0,0
lone_entry,medium,15.0,10172,wipeout,0,1,0,97,0,5,0,0
lone_entry,medium,15.0,10173,wipeout,0,1,0,59,0,6,0,0
lone_entry,medium,15.0,10174,wipeout,0,1,0,78,0,5,0,0
lone_entry,medium,15.0,10175,wipeout,0,1,0,65,0,7,0,0
lone_entry,medium,15.0,10176,wipeout,0,1,0,87,0,5,0,0
lone_entry,medium,15.0,10177,wipeout,0,1,0,62,0,6,0,0
lone_entry,medium,15.0,10178,wipeout,0,1,0,89,0,4,0,0
lone_entry,medium,15.0,10179,wipeout,0,1,0,69,0,6,0,0
lone_entry,medium,15.0,10180,wipeout,0,1,0,80,0,5,0,0
lone_entry,medium,15.0,10181,wipeout,0,1,0,62,0,7,0,0
lone_entry,medium,15.0,10182,wipeout,0,1,0,86,0,6,0,0
lone_entry,medium,15.0,10183,wipeout,0,1,0,91,0,7,0,0
lone_entry,medium,15.0,10184,wipeout,0,1,0,78,0,5,0,0
lone_entry,medium,15.0,10185,wipeout,0,1,0,92,0,7,0,0
lone_entry,medium,15.0,10186,wipeout,0,1,0,74,0,5,0,0
lone_entry,medium,15.0,10187,trapped_inside,0,0,0,400,1,7,0,1
lone_entry,medium,15.0,10188,wipeout,0,1,0,117,0,7,0,0
lone_entry,medium,15.0,10189,wipeout,0,1,0,64,0,5,0,0
lone_entry,medium,15.0,10190,wipeout,0,1,0,118,0,6,0,0
lone_entry,medium,15.0,10191,wipeout,0,1,0,91,0,7,0,0
lone_entry,medium,15.0,10192,trapped_inside,0,0,0,400,1,7,0,1
lone_entry,medium,15.0,10193,wipeout,0,1,0,89,0,7,0,0
lone_entry,medium,15.0,10194,wipeout,0,1,0,190,0,7,0,0
lone_entry,medium,15.0,10195,wipeout,0,1,0,127,0,7,0,0
lone_entry,medium,15.0,10196,wipeout,0,1,0,80,0,7,0,0
lone_entry,medium,15.0,10197,wipeout,0,1,0,48,0,7,0,0
lone_entry,medium,15.0,10198,wipeout,0,1,0,82,0,5,0,0
lone_entry,medium,15.0,10199,wipeout,0,1,0,70,0,6,0,0
lone_entry,medium,15.0,10200,wipeout,0,1,0,62,0,7,0,0
lone_entry,medium,15.0,10201,wipeout,0,1,0,84,0,4,0,0
lone_entry,medium,15.0,10202,wipeout,0,1,0,84,0,7,0,0
lone_entry,medium,15.0,10203,wipeout,0,1,0,51,0,7,0,0
lone_entry,medium,15.0,10204,success,1,0,0,143,1,7,0,0
lone_entry,medium,15.0,10205,wipeout,0,1,0,85,0,5,0,0
lone_entry,medium,15.0,10206,wipeout,0,1,0,95,0,7,0,0
lone_entry,medium,15.0,10207,wipeout,0,1,0,66,0,7,0,0
lone_entry,medium,15.0,10208,wipeout,0,1,0,63,0,6,0,0
lone_entry,medium,15.0,10209,wipeout,0,1,0,63,0,5,0,0
lone_entry,medium,15.0,10210,wipeout,0,1,0,119,0,6,0,0
lone_entry,medium,15.0,10211,wipeout,0,1,0,101,0,4,0,0
lone_entry,medium,15.0,10212,wipeout,0,1,0,88,0,4,0,0
lone_entry,medium,15.0,10213,wipeout,0,1,0,67,0,4,0,0
lone_entry,medium,15.0,10214,wipeout,0,1,0,91,0,4,0,0
lone_entry,medium,15.0,10215,wipeout,0,1,0,80,0,7,0,0
lone_entry,medium,15.0,10216,wipeout,0,1,0,93,0,7,0,0
lone_entry,medium,15.0,10217,wipeout,0,1,0,102,0,7,0,0
lone_entry,medium,15.0,10218,wipeout,0,1,0,76,0,5,0,0
lone_entry,medium,15.0,10219,trapped_inside,0,0,0,400,1,7,0,1
lone_entry,medium,15.0,10220,wipeout,0,1,0,94,0,4,0,0
lone_entry,medium,15.0,10221,wipeout,0,1,0,92,0,5,0,0
lone_entry,medium,15.0,10222,wipeout,0,1,0,52,0,7,0,0
lone_entry,medium,15.0,10223,wipeout,0,1,0,79,0,7,0,0
lone_entry,medium,15.0,10224,wipeout,0,1,0,130,0,7,0,0
lone_entry,medium,15.0,10225,wipeout,0,1,0,57,0,5,0,0
lone_entry,medium,15.0,10226,wipeout,0,1,0,102,0,7,0,0
lone_entry,medium,15.0,10227,trapped_inside,0,0,0,400,1,7,0,1
lone_entry,medium,15.0,10228,wipeout,0,1,0,95,0,6,0,0
lone_entry,medium,15.0,10229,trapped_inside,0,0,0,400,1,7,0,1
lone_entry,medium,15.0,10230,wipeout,0,1,0,56,0,7,0,0
lone_entry,medium,15.0,10231,wipeout,0,1,0,80,0,7,0,0
lone_entry,medium,15.0,10232,wipeout,0,1,0,65,0,7,0,0
lone_entry,medium,15.0,10233,wipeout,0,1,0,63,0,6,0,0
lone_entry,medium,15.0,10234,wipeout,0,1,0,81,0,7,0,0
lone_entry,medium,15.0,10235,success,1,0,0,141,1,7,0,0
lone_entry,medium,15.0,10236,wipeout,0,1,0,81,0,7,0,0
lone_entry,medium,15.0,10237,wipeout,0,1,0,86,0,6,0,0
lone_entry,medium,15.0,10238,wipeout,0,1,0,103,0,4,0,0
lone_entry,medium,15.0,10239,wipeout,0,1,0,69,0,7,0,0
lone_entry,medium,15.0,10240,wipeout,0,1,0,74,0,5,0,0
lone_entry,medium,15.0,10241,wipeout,0,1,0,83,0,7,0,0
lone_entry,medium,15.0,10242,wipeout,0,1,0,73,0,6,0,0
lone_entry,medium,15.0,10243,success,1,0,0,130,1,7,0,0
lone_entry,medium,15.0,10244,wipeout,0,1,0,88,0,7,0,0
lone_entry,medium,15.0,10245,wipeout,0,1,0,70,0,5,0,0
lone_entry,medium,15.0,10246,wipeout,0,1,0,88,0,7,0,0
lone_entry,medium,15.0,10247,wipeout,0,1,0,105,0,7,0,0
lone_entry,medium,15.0,10248,wipeout,0,1,0,108,0,7,0,0
lone_entry,medium,15.0,10249,wipeout,0,1,0,45,0,7,0,0
lone_entry,medium,15.0,10250,wipeout,0,1,0,66,0,7,0,0
lone_entry,medium,15.0,10251,trapped_inside,0,0,0,400,1,7,0,1
lone_entry,medium,15.0,10252,wipeout,0,1,0,80,0,7,0,0
lone_entry,medium,15.0,10253,wipeout,0,1,0,104,0,6,0,0
lone_entry,medium,15.0,10254,wipeout,0,1,0,108,0,5,0,0
lone_entry,medium,15.0,10255,wipeout,0,1,0,90,0,6,0,0
lone_entry,medium,15.0,10256,wipeout,0,1,0,53,0,6,0,0
lone_entry,medium,15.0,10257,wipeout,0,1,0,93,0,5,0,0
lone_entry,medium,15.0,10258,wipeout,0,1,0,88,0,6,0,0
lone_entry,medium,15.0,10259,wipeout,0,1,0,110,0,4,0,0
lone_entry,medium,15.0,10260,wipeout,0,1,0,98,0,6,0,0
lone_entry,medium,15.0,10261,wipeout,0,1,0,122,0,7,0,0
lone_entry,medium,15.0,10262,wipeout,0,1,0,63,0,5,0,0
lone_entry,medium,15.0,10263,wipeout,0,1,0,69,0,7,0,0
lone_entry,medium,15.0,10264,wipeout,0,1,0,66,0,7,0,0
lone_entry,medium,15.0,10265,wipeout,0,1,0,69,0,5,0,0
lone_entry,medium,15.0,10266,wipeout,0,1,0,67,0,5,0,0
lone_entry,medium,15.0,10267,wipeout,0,1,0,94,0,5,0,0
lone_entry,medium,15.0,10268,wipeout,0,1,0,65,0,7,0,0
lone_entry,medium,15.0,10269,wipeout,0,1,0,91,0,7,0,0
lone_entry,medium,15.0,10270,wipeout,0,1,0,90,0,6,0,0
lone_entry,medium,15.0,10271,wipeout,0,1,0,64,0,7,0,0
lone_entry,medium,15.0,10272,wipeout,0,1,0,78,0,5,0,0
lone_entry,medium,15.0,10273,trapped_inside,0,0,0,400,1,7,0,1
lone_entry,medium,15.0,10274,wipeout,0,1,0,70,0,6,0,0
lone_entry,medium,15.0,10275,wipeout,0,1,0,122,0,7,0,0
lone_entry,medium,15.0,10276,trapped_inside,0,0,0,400,1,7,0,1
lone_entry,medium,15.0,10277,wipeout,0,1,0,90,0,5,0,0
lone_entry,medium,15.0,10278,wipeout,0,1,0,78,0,7,0,0
lone_entry,medium,15.0,10279,wipeout,0,1,0,66,0,7,0,0
lone_entry,medium,15.0,10280,trapped_inside,0,0,0,400,1,7,0,1
lone_entry,medium,15.0,10281,wipeout,0,1,0,89,0,7,0,0
lone_entry,medium,15.0,10282,wipeout,0,1,0,91,0,5,0,0
lone_entry,medium,15.0,10283,wipeout,0,1,0,98,0,4,0,0
lone_entry,medium,15.0,10284,wipeout,0,1,0,90,0,7,0,0
lone_entry,medium,15.0,10285,wipeout,0,1,0,123,0,7,0,0
lone_entry,medium,15.0,10286,wipeout,0,1,0,88,0,7,0,0
lone_entry,medium,15.0,10287,wipeout,0,1,0,77,0,5,0,0
lone_entry,medium,15.0,10288,wipeout,0,1,0,87,0,7,0,0
lone_entry,medium,15.0,10289,wipeout,0,1,0,99,0,7,0,0
lone_entry,medium,15.0,10290,trapped_inside,0,0,0,400,1,7,0,1
lone_entry,medium,15.0,10291,trapped_inside,0,0,0,400,1,7,0,1
lone_entry,medium,15.0,10292,wipeout,0,1,0,97,0,5,0,0
lone_entry,medium,15.0,10293,wipeout,0,1,0,93,0,4,0,0
lone_entry,medium,15.0,10294,wipeout,0,1,0,110,0,7,0,0
lone_entry,medium,15.0,10295,wipeout,0,1,0,76,0,6,0,0
lone_entry,medium,15.0,10296,wipeout,0,1,0,81,0,6,0,0
lone_entry,medium,15.0,10297,wipeout,0,1,0,79,0,7,0,0
lone_entry,medium,15.0,10298,wipeout,0,1,0,51,0,5,0,0
lone_entry,medium,15.0,10299,wipeout,0,1,0,60,0,7,0,0
lone_entry,medium,15.0,10300,wipeout,0,1,0,64,0,7,0,0
lone_entry,medium,15.0,10301,wipeout,0,1,0,83,0,5,0,0
lone_entry,medium,15.0,10302,wipeout,0,1,0,63,0,5,0,0
lone_entry,medium,15.0,10303,wipeout,0,1,0,68,0,6,0,0
lone_entry,medium,15.0,10304,wipeout,0,1,0,74,0,7,0,0
lone_entry,medium,15.0,10305,wipeout,0,1,0,76,0,5,0,0
lone_entry,medium,15.0,10306,wipeout,0,1,0,97,0,5,0,0
lone_entry,medium,15.0,10307,wipeout,0,1,0,78,0,7,0,0
lone_entry,medium,15.0,10308,wipeout,0,1,0,97,0,7,0,0
lone_entry,medium,15.0,10309,wipeout,0,1,0,100,0,5,0,0
lone_entry,medium,15.0,10310,wipeout,0,1,0,72,0,7,0,0
lone_entry,medium,15.0,10311,wipeout,0,1,0,94,0,6,0,0
lone_entry,medium,15.0,10312,wipeout,0,1,0,92,0,6,0,0
lone_entry,medium,15.0,10313,wipeout,0,1,0,80,0,7,0,0
lone_entry,medium,15.0,10314,wipeout,0,1,0,79,0,4,0,0
lone_entry,medium,15.0,10315,trapped_inside,0,0,0,400,1,7,0,1
lone_entry,medium,15.0,10316,wipeout,0,1,0,111,0,7,0,0
lone_entry,medium,15.0,10317,wipeout,0,1,0,54,0,7,0,0
lone_entry,medium,15.0,10318,trapped_inside,0,0,0,400,1,7,0,1
lone_entry,medium,15.0,10319,wipeout,0,1,0,83,0,5,0,0
lone_entry,medium,15.0,10320,wipeout,0,1,0,66,0,7,0,0
lone_entry,medium,15.0,10321,wipeout,0,1,0,64,0,6,0,0
lone_entry,medium,15.0,10322,wipeout,0,1,0,42,0,5,0,0
lone_entry,medium,15.0,10323,wipeout,0,1,0,115,0,5,0,0
lone_entry,medium,15.0,10324,wipeout,0,1,0,105,0,5,0,0
lone_entry,medium,15.0,10325,success,1,0,0,166,1,7,0,0
lone_entry,medium,15.0,10326,wipeout,0,1,0,65,0,6,0,0
lone_entry,medium,15.0,10327,wipeout,0,1,0,92,0,5,0,0
lone_entry,medium,15.0,10328,wipeout,0,1,0,64,0,7,0,0
lone_entry,medium,15.0,10329,wipeout,0,1,0,73,0,7,0,0
lone_entry,medium,15.0,10330,wipeout,0,1,0,111,0,6,0,0
lone_entry,medium,15.0,10331,wipeout,0,1,0,93,0,5,0,0
lone_entry,medium,15.0,10332,wipeout,0,1,0,96,0,5,0,0
lone_entry,medium,15.0,10333,wipeout,0,1,0,88,0,7,0,0
lone_entry,medium,15.0,10334,wipeout,0,1,0,68,0,7,0,0
lone_entry,medium,15.0,10335,wipeout,0,1,0,68,0,5,0,0
lone_entry,medium,15.0,10336,wipeout,0,1,0,84,0,7,0,0
lone_entry,medium,15.0,10337,wipeout,0,1,0,83,0,7,0,0
lone_entry,medium,15.0,10338,wipeout,0,1,0,55,0,5,0,0
lone_entry,medium,15.0,10339,wipeout,0,1,0,93,0,6,0,0
lone_entry,medium,15.0,10340,wipeout,0,1,0,94,0,7,0,0
lone_entry,medium,15.0,10341,wipeout,0,1,0,77,0,5,0,0
lone_entry,medium,15.0,10342,success,1,0,0,117,1,7,0,0
lone_entry,medium,15.0,10343,wipeout,0,1,0,81,0,6,0,0
lone_entry,medium,15.0,10344,trapped_inside,0,0,0,400,1,7,0,1
lone_entry,medium,15.0,10345,wipeout,0,1,0,104,0,4,0,0
lone_entry,medium,15.0,10346,wipeout,0,1,0,65,0,5,0,0
lone_entry,medium,15.0,10347,wipeout,0,1,0,107,0,7,0,0
lone_entry,medium,15.0,10348,wipeout,0,1,0,91,0,7,0,0
lone_entry,medium,15.0,10349,wipeout,0,1,0,58,0,6,0,0
lone_entry,medium,15.0,10350,wipeout,0,1,0,98,0,7,0,0
lone_entry,medium,15.0,10351,wipeout,0,1,0,75,0,7,0,0
lone_entry,medium,15.0,10352,wipeout,0,1,0,44,0,6,0,0
lone_entry,medium,15.0,10353,wipeout,0,1,0,69,0,7,0,0
lone_entry,medium,15.0,10354,trapped_inside,0,0,0,400,1,7,0,1
lone_entry,medium,15.0,10355,wipeout,0,1,0,76,0,6,0,0
lone_entry,medium,15.0,10356,wipeout,0,1,0,63,0,6,0,0
lone_entry,medium,15.0,10357,wipeout,0,1,0,94,0,7,0,0
lone_entry,medium,15.0,10358,wipeout,0,1,0,86,0,5,0,0
lone_entry,medium,15.0,10359,wipeout,0,1,0,60,0,5,0,0
lone_entry,medium,15.0,10360,wipeout,0,1,0,105,0,7,0,0
lone_entry,medium,15.0,10361,wipeout,0,1,0,67,0,5,0,0
lone_entry,medium,15.0,10362,wipeout,0,1,0,72,0,4,0,0
lone_entry,medium,15.0,10363,wipeout,0,1,0,105,0,4,0,0
lone_entry,medium,15.0,10364,wipeout,0,1,0,106,0,6,0,0
lone_entry,medium,15.0,10365,wipeout,0,1,0,108,0,5,0,0
lone_entry,medium,15.0,10366,wipeout,0,1,0,78,0,5,0,0
lone_entry,medium,15.0,10367,wipeout,0,1,0,61,0,5,0,0
lone_entry,medium,15.0,10368,wipeout,0,1,0,93,0,6,0,0
lone_entry,medium,15.0,10369,wipeout,0,1,0,69,0,7,0,0
lone_entry,medium,15.0,10370,wipeout,0,1,0,87,0,5,0,0
lone_entry,medium,15.0,10371,wipeout,0,1,0,67,0,5,0,0
lone_entry,medium,15.0,10372,wipeout,0,1,0,77,0,7,0,0
lone_entry,medium,15.0,10373,wipeout,0,1,0,104,0,5,0,0
lone_entry,medium,15.0,10374,wipeout,0,1,0,92,0,5,0,0
lone_entry,medium,15.0,10375,wipeout,0,1,0,89,0,5,0,0
lone_entry,medium,15.0,10376,wipeout,0,1,0,70,0,7,0,0
lone_entry,medium,15.0,10377,wipeout,0,1,0,84,0,5,0,0
lone_entry,medium,15.0,10378,wipeout,0,1,0,76,0,5,0,0
lone_entry,medium,15.0,10379,wipeout,0,1,0,89,0,6,0,0
lone_entry,medium,15.0,10380,wipeout,0,1,0,98,0,5,0,0
lone_entry,medium,15.0,10381,wipeout,0,1,0,103,0,7,0,0
lone_entry,medium,15.0,10382,wipeout,0,1,0,87,0,5,0,0
lone_entry,medium,15.0,10383,wipeout,0,1,0,64,0,7,0,0
lone_entry,medium,15.0,10384,wipeout,0,1,0,69,0,6,0,0
lone_entry,medium,15.0,10385,wipeout,0,1,0,44,0,7,0,0
lone_entry,medium,15.0,10386,wipeout,0,1,0,56,0,7,0,0
lone_entry,medium,15.0,10387,wipeout,0,1,0,79,0,7,0,0
lone_entry,medium,15.0,10388,wipeout,0,1,0,77,0,6,0,0
lone_entry,medium,15.0,10389,wipeout,0,1,0,92,0,6,0,0
lone_entry,medium,15.0,10390,wipeout,0,1,0,61,0,6,0,0
lone_entry,medium,15.0,10391,wipeout,0,1,0,101,0,7,0,0
lone_entry,medium,15.0,10392,wipeout,0,1,0,116,0,7,0,0
lone_entry,medium,15.0,10393,wipeout,0,1,0,69,0,5,0,0
lone_entry,medium,15.0,10394,wipeout,0,1,0,83,0,7,0,0
lone_entry,medium,15.0,10395,wipeout,0,1,0,87,0,7,0,0
lone_entry,medium,15.0,10396,wipeout,0,1,0,100,0,7,0,0
lone_entry,medium,15.0,10397,wipeout,0,1,0,80,0,7,0,0
lone_entry,medium,15.0,10398,wipeout,0,1,0,80,0,6,0,0
lone_entry,medium,15.0,10399,wipeout,0,1,0,79,0,5,0,0
lone_entry,medium,15.0,10400,wipeout,0,1,0,68,0,5,0,0
lone_entry,medium,15.0,10401,wipeout,0,1,0,61,0,5,0,0
lone_entry,medium,15.0,10402,wipeout,0,1,0,100,0,6,0,0
lone_entry,medium,15.0,10403,wipeout,0,1,0,115,0,7,0,0
lone_entry,medium,15.0,10404,wipeout,0,1,0,66,0,5,0,0
lone_entry,medium,15.0,10405,wipeout,0,1,0,67,0,7,0,0
lone_entry,medium,15.0,10406,wipeout,0,1,0,69,0,6,0,0
lone_entry,medium,15.0,10407,wipeout,0,1,0,86,0,6,0,0
lone_entry,medium,15.0,10408,wipeout,0,1,0,114,0,4,0,0
lone_entry,medium,15.0,10409,wipeout,0,1,0,109,0,7,0,0
lone_entry,medium,15.0,10410,wipeout,0,1,0,95,0,7,0,0
lone_entry,medium,15.0,10411,wipeout,0,1,0,101,0,7,0,0
lone_entry,medium,15.0,10412,wipeout,0,1,0,93,0,5,0,0
lone_entry,medium,15.0,10413,wipeout,0,1,0,67,0,7,0,0
lone_entry,medium,15.0,10414,wipeout,0,1,0,74,0,7,0,0
lone_entry,medium,15.0,10415,trapped_inside,0,0,0,400,1,7,0,1
lone_entry,medium,15.0,10416,wipeout,0,1,0,93,0,7,0,0
lone_entry,medium,15.0,10417,wipeout,0,1,0,69,0,7,0,0
lone_entry,medium,15.0,10418,wipeout,0,1,0,122,0,6,0,0
lone_entry,medium,15.0,10419,wipeout,0,1,0,81,0,5,0,0
lone_entry,medium,15.0,10420,wipeout,0,1,0,76,0,5,0,0
lone_entry,medium,15.0,10421,wipeout,0,1,0,86,0,4,0,0
lone_entry,medium,15.0,10422,wipeout,0,1,0,118,0,7,0,0
lone_entry,medium,15.0,10423,wipeout,0,1,0,96,0,4,0,0
lone_entry,medium,15.0,10424,wipeout,0,1,0,44,0,6,0,0
lone_entry,medium,15.0,10425,wipeout,0,1,0,116,0,7,0,0
lone_entry,medium,15.0,10426,wipeout,0,1,0,56,0,5,0,0
lone_entry,medium,15.0,10427,wipeout,0,1,0,78,0,5,0,0
lone_entry,medium,15.0,10428,wipeout,0,1,0,78,0,6,0,0
lone_entry,medium,15.0,10429,wipeout,0,1,0,97,0,6,0,0
lone_entry,medium,15.0,10430,wipeout,0,1,0,113,0,7,0,0
lone_entry,medium,15.0,10431,wipeout,0,1,0,80,0,6,0,0
lone_entry,medium,15.0,10432,wipeout,0,1,0,86,0,6,0,0
lone_entry,medium,15.0,10433,wipeout,0,1,0,101,0,6,0,0
lone_entry,medium,15.0,10434,wipeout,0,1,0,93,0,7,0,0
lone_entry,medium,15.0,10435,wipeout,0,1,0,83,0,7,0,0
lone_entry,medium,15.0,10436,wipeout,0,1,0,50,0,7,0,0
lone_entry,medium,15.0,10437,wipeout,0,1,0,75,0,7,0,0
lone_entry,medium,15.0,10438,wipeout,0,1,0,69,0,7,0,0
lone_entry,medium,15.0,10439,wipeout,0,1,0,94,0,4,0,0
lone_entry,medium,15.0,10440,wipeout,0,1,0,90,0,5,0,0
lone_entry,medium,15.0,10441,wipeout,0,1,0,91,0,5,0,0
lone_entry,medium,15.0,10442,wipeout,0,1,0,53,0,4,0,0
lone_entry,medium,15.0,10443,wipeout,0,1,0,74,0,7,0,0
lone_entry,medium,15.0,10444,wipeout,0,1,0,94,0,7,0,0
lone_entry,medium,15.0,10445,wipeout,0,1,0,89,0,7,0,0
lone_entry,medium,15.0,10446,wipeout,0,1,0,64,0,7,0,0
lone_entry,medium,15.0,10447,wipeout,0,1,0,86,0,7,0,0
lone_entry,medium,15.0,10448,trapped_inside,0,0,0,400,1,7,0,1
lone_entry,medium,15.0,10449,wipeout,0,1,0,95,0,7,0,0
lone_entry,medium,15.0,10450,wipeout,0,1,0,92,0,7,0,0
lone_entry,medium,15.0,10451,wipeout,0,1,0,97,0,6,0,0
lone_entry,medium,15.0,10452,wipeout,0,1,0,106,0,5,0,0
lone_entry,medium,15.0,10453,wipeout,0,1,0,74,0,5,0,0
lone_entry,medium,15.0,10454,wipeout,0,1,0,92,0,5,0,0
lone_entry,medium,15.0,10455,wipeout,0,1,0,79,0,7,0,0
lone_entry,medium,15.0,10456,wipeout,0,1,0,100,0,7,0,0
lone_entry,medium,15.0,10457,wipeout,0,1,0,84,0,4,0,0
lone_entry,medium,15.0,10458,wipeout,0,1,0,95,0,7,0,0
lone_entry,medium,15.0,10459,wipeout,0,1,0,92,0,7,0,0
lone_entry,medium,15.0,10460,wipeout,0,1,0,100,0,7,0,0
lone_entry,medium,15.0,10461,wipeout,0,1,0,131,0,7,0,0
lone_entry,medium,15.0,10462,wipeout,0,1,0,53,0,5,0,0
lone_entry,medium,15.0,10463,wipeout,0,1,0,92,0,5,0,0
lone_entry,medium,15.0,10464,wipeout,0,1,0,103,0,7,0,0
lone_entry,medium,15.0,10465,wipeout,0,1,0,80,0,5,0,0
lone_entry,medium,15.0,10466,wipeout,0,1,0,91,0,6,0,0
lone_entry,medium,15.0,10467,wipeout,0,1,0,75,0,7,0,0
lone_entry,medium,15.0,10468,wipeout,0,1,0,78,0,6,0,0
lone_entry,medium,15.0,10469,wipeout,0,1,0,79,0,7,0,0
lone_entry,medium,15.0,10470,trapped_inside,0,0,0,400,1,7,0,1
lone_entry,medium,15.0,10471,wipeout,0,1,0,95,0,5,0,0
lone_entry,medium,15.0,10472,wipeout,0,1,0,47,0,6,0,0
lone_entry,medium,15.0,10473,wipeout,0,1,0,113,0,7,0,0
lone_entry,medium,15.0,10474,wipeout,0,1,0,68,0,6,0,0
lone_entry,medium,15.0,10475,wipeout,0,1,0,81,0,6,0,0
lone_entry,medium,15.0,10476,wipeout,0,1,0,58,0,7,0,0
lone_entry,medium,15.0,10477,wipeout,0,1,0,70,0,5,0,0
lone_entry,medium,15.0,10478,wipeout,0,1,0,57,0,6,0,0
lone_entry,medium,15.0,10479,wipeout,0,1,0,96,0,7,0,0
lone_entry,medium,15.0,10480,wipeout,0,1,0,38,0,6,0,0
lone_entry,medium,15.0,10481,wipeout,0,1,0,53,0,5,0,0
lone_entry,medium,15.0,10482,wipeout,0,1,0,100,0,5,0,0
lone_entry,medium,15.0,10483,wipeout,0,1,0,90,0,6,0,0
lone_entry,medium,15.0,10484,wipeout,0,1,0,88,0,7,0,0
lone_entry,medium,15.0,10485,wipeout,0,1,0,111,0,6,0,0
lone_entry,medium,15.0,10486,wipeout,0,1,0,73,0,7,0,0
lone_entry,medium,15.0,10487,wipeout,0,1,0,101,0,6,0,0
lone_entry,medium,15.0,10488,wipeout,0,1,0,127,0,7,0,0
lone_entry,medium,15.0,10489,wipeout,0,1,0,77,0,6,0,0
lone_entry,medium,15.0,10490,wipeout,0,1,0,78,0,7,0,0
lone_entry,medium,15.0,10491,wipeout,0,1,0,81,0,7,0,0
lone_entry,medium,15.0,10492,wipeout,0,1,0,93,0,5,0,0
lone_entry,medium,15.0,10493,wipeout,0,1,0,131,0,7,0,0
lone_entry,medium,15.0,10494,success,1,0,0,195,1,7,0,0
lone_entry,medium,15.0,10495,wipeout,0,1,0,76,0,6,0,0
lone_entry,medium,15.0,10496,wipeout,0,1,0,52,0,5,0,0
lone_entry,medium,15.0,10497,wipeout,0,1,0,68,0,5,0,0
lone_entry,medium,15.0,10498,wipeout,0,1,0,62,0,7,0,0
lone_entry,medium,15.0,10499,wipeout,0,1,0,91,0,5,0,0
blind_follow,medium,15.0,10000,success,1,0,0,130,5,7,0,0
blind_follow,medium,15.0,10001,timeout,0,0,1,400,4,6,0,0
blind_follow,medium,15.0,10002,trapped_inside,0,0,0,400,4,7,0,1
blind_follow,medium,15.0,10003,success,1,0,0,156,3,7,0,0
blind_follow,medium,15.0,10004,trapped_inside,0,0,0,400,3,7,0,1
blind_follow,medium,15.0,10005,success,1,0,0,149,5,7,0,0
blind_follow,medium,15.0,10006,trapped_inside,0,0,0,400,4,7,0,1
blind_follow,medium,15.0,10007,trapped_inside,0,0,0,400,5,7,0,1
blind_follow,medium,15.0,10008,timeout,0,0,1,400,4,4,0,0
blind_follow,medium,15.0,10009,timeout,0,0,1,400,4,6,0,0
blind_follow,medium,15.0,10010,trapped_inside,0,0,0,400,5,7,0,1
blind_follow,medium,15.0,10011,trapped_inside,0,0,0,400,4,7,0,1
blind_follow,medium,15.0,10012,trapped_inside,0,0,0,400,4,7,0,1
blind_follow,medium,15.0,10013,success,1,0,0,179,5,7,0,0
blind_follow,medium,15.0,10014,trapped_inside,0,0,0,400,5,7,0,1
blind_follow,medium,15.0,10015,timeout,0,0,1,400,3,6,0,0
blind_follow,medium,15.0,10016,trapped_inside,0,0,0,400,4,7,0,1
blind_follow,medium,15.0,10017,timeout,0,0,1,400,4,6,0,0
blind_follow,medium,15.0,10018,timeout,0,0,1,400,4,6,0,0
blind_follow,medium,15.0,10019,timeout,0,0,1,400,4,5,0,0
blind_follow,medium,15.0,10020,trapped_inside,0,0,0,400,5,7,0,1
blind_follow,medium,15.0,10021,timeout,0,0,1,400,3,5,0,0
blind_follow,medium,15.0,10022,timeout,0,0,1,400,4,5,0,0
blind_follow,medium,15.0,10023,trapped_inside,0,0,0,400,5,7,0,1
blind_follow,medium,15.0,10024,trapped_inside,0,0,0,400,4,7,0,1
blind_follow,medium,15.0,10025,success,1,0,0,139,4,7,0,0
blind_follow,medium,15.0,10026,trapped_inside,0,0,0,400,5,7,0,1
blind_follow,medium,15.0,10027,timeout,0,0,1,400,4,5,0,0
blind_follow,medium,15.0,10028,success,1,0,0,134,5,7,0,0
blind_follow,medium,15.0,10029,trapped_inside,0,0,0,400,4,7,0,1
blind_follow,medium,15.0,10030,timeout,0,0,1,400,4,5,0,0
blind_follow,medium,15.0,10031,trapped_inside,0,0,0,400,4,7,0,1
blind_follow,medium,15.0,10032,trapped_inside,0,0,0,400,4,7,0,1
blind_follow,medium,15.0,10033,timeout,0,0,1,400,4,6,0,0
blind_follow,medium,15.0,10034,trapped_inside,0,0,0,400,5,7,0,1
blind_follow,medium,15.0,10035,trapped_inside,0,0,0,400,4,7,0,1
blind_follow,medium,15.0,10036,success,1,0,0,166,4,7,0,0
blind_follow,medium,15.0,10037,success,1,0,0,141,4,7,0,0
blind_follow,medium,15.0,10038,timeout,0,0,1,400,4,5,0,0
blind_follow,medium,15.0,10039,timeout,0,0,1,400,4,6,0,0
blind_follow,medium,15.0,10040,trapped_inside,0,0,0,400,5,7,0,1
blind_follow,medium,15.0,10041,trapped_inside,0,0,0,400,4,7,0,1
blind_follow,medium,15.0,10042,trapped_inside,0,0,0,400,4,7,0,1
blind_follow,medium,15.0,10043,trapped_inside,0,0,0,400,4,7,0,1
blind_follow,medium,15.0,10044,trapped_inside,0,0,0,400,5,7,0,1
blind_follow,medium,15.0,10045,timeout,0,0,1,400,4,5,0,0
blind_follow,medium,15.0,10046,timeout,0,0,1,400,4,5,0,0
blind_follow,medium,15.0,10047,trapped_inside,0,0,0,400,5,7,0,1
blind_follow,medium,15.0,10048,trapped_inside,0,0,0,400,4,7,0,1
blind_follow,medium,15.0,10049,trapped_inside,0,0,0,400,4,7,0,1
blind_follow,medium,15.0,10050,trapped_inside,0,0,0,400,3,7,0,1
blind_follow,medium,15.0,10051,timeout,0,0,1,400,4,5,0,0
blind_follow,medium,15.0,10052,success,1,0,0,151,5,7,0,0
blind_follow,medium,15.0,10053,timeout,0,0,1,400,4,5,0,0
blind_follow,medium,15.0,10054,timeout,0,0,1,400,4,5,0,0
blind_follow,medium,15.0,10055,timeout,0,0,1,400,4,6,0,0
blind_follow,medium,15.0,10056,trapped_inside,0,0,0,400,5,7,0,1
blind_follow,medium,15.0,10057,success,1,0,0,132,5,7,0,0
blind_follow,medium,15.0,10058,timeout,0,0,1,400,4,6,0,0
blind_follow,medium,15.0,10059,timeout,0,0,1,400,4,5,0,0
blind_follow,medium,15.0,10060,timeout,0,0,1,400,4,5,0,0
blind_follow,medium,15.0,10061,timeout,0,0,1,400,4,6,0,0
blind_follow,medium,15.0,10062,timeout,0,0,1,400,4,5,0,0
blind_follow,medium,15.0,10063,timeout,0,0,1,400,4,5,0,0
blind_follow,medium,15.0,10064,timeout,0,0,1,400,4,6,0,0
blind_follow,medium,15.0,10065,trapped_inside,0,0,0,400,4,7,0,1
blind_follow,medium,15.0,10066,trapped_inside,0,0,0,400,5,7,0,1
blind_follow,medium,15.0,10067,trapped_inside,0,0,0,400,4,7,0,1
blind_follow,medium,15.0,10068,trapped_inside,0,0,0,400,5,7,0,1
blind_follow,medium,15.0,10069,trapped_inside,0,0,0,400,4,7,0,1
blind_follow,medium,15.0,10070,trapped_inside,0,0,0,400,2,7,0,1
blind_follow,medium,15.0,10071,trapped_inside,0,0,0,400,5,7,0,1
blind_follow,medium,15.0,10072,trapped_inside,0,0,0,400,4,7,0,1
blind_follow,medium,15.0,10073,trapped_inside,0,0,0,400,4,7,0,1
blind_follow,medium,15.0,10074,trapped_inside,0,0,0,400,4,7,0,1
blind_follow,medium,15.0,10075,timeout,0,0,1,400,4,5,0,0
blind_follow,medium,15.0,10076,trapped_inside,0,0,0,400,5,7,0,1
blind_follow,medium,15.0,10077,timeout,0,0,1,400,4,6,0,0
blind_follow,medium,15.0,10078,trapped_inside,0,0,0,400,4,7,0,1
blind_follow,medium,15.0,10079,timeout,0,0,1,400,4,5,0,0
blind_follow,medium,15.0,10080,trapped_inside,0,0,0,400,4,7,0,1
blind_follow,medium,15.0,10081,timeout,0,0,1,400,4,6,0,0
blind_follow,medium,15.0,10082,timeout,0,0,1,400,3,5,0,0
blind_follow,medium,15.0,10083,success,1,0,0,124,4,7,0,0
blind_follow,medium,15.0,10084,trapped_inside,0,0,0,400,4,7,0,1
blind_follow,medium,15.0,10085,trapped_inside,0,0,0,400,3,7,0,1
blind_follow,medium,15.0,10086,trapped_inside,0,0,0,400,4,7,0,1
blind_follow,medium,15.0,10087,timeout,0,0,1,400,4,4,0,0
blind_follow,medium,15.0,10088,trapped_inside,0,0,0,400,4,7,0,1
blind_follow,medium,15.0,10089,timeout,0,0,1,400,4,4,0,0
blind_follow,medium,15.0,10090,trapped_inside,0,0,0,400,4,7,0,1
blind_follow,medium,15.0,10091,trapped_inside,0,0,0,400,4,7,0,1
blind_follow,medium,15.0,10092,trapped_inside,0,0,0,400,4,7,0,1
blind_follow,medium,15.0,10093,trapped_inside,0,0,0,400,5,7,0,1
blind_follow,medium,15.0,10094,trapped_inside,0,0,0,400,3,7,0,1
blind_follow,medium,15.0,10095,trapped_inside,0,0,0,400,5,7,0,1
blind_follow,medium,15.0,10096,trapped_inside,0,0,0,400,4,7,0,1
blind_follow,medium,15.0,10097,timeout,0,0,1,400,4,5,0,0
blind_follow,medium,15.0,10098,trapped_inside,0,0,0,400,4,7,0,1
blind_follow,medium,15.0,10099,timeout,0,0,1,400,4,6,0,0
blind_follow,medium,15.0,10100,trapped_inside,0,0,0,400,4,7,0,1
blind_follow,medium,15.0,10101,timeout,0,0,1,400,4,5,0,0
blind_follow,medium,15.0,10102,timeout,0,0,1,400,4,5,0,0
blind_follow,medium,15.0,10103,timeout,0,0,1,400,4,5,0,0
blind_follow,medium,15.0,10104,trapped_inside,0,0,0,400,4,7,0,1
blind_follow,medium,15.0,10105,trapped_inside,0,0,0,400,4,7,0,1
blind_follow,medium,15.0,10106,trapped_inside,0,0,0,400,4,7,0,1
blind_follow,medium,15.0,10107,trapped_inside,0,0,0,400,3,7,0,1
blind_follow,medium,15.0,10108,timeout,0,0,1,400,4,6,0,0
blind_follow,medium,15.0,10109,trapped_inside,0,0,0,400,4,7,0,1
blind_follow,medium,15.0,10110,trapped_inside,0,0,0,400,4,7,0,1
blind_follow,medium,15.0,10111,trapped_inside,0,0,0,400,5,7,0,1
blind_follow,medium,15.0,10112,timeout,0,0,1,400,4,6,0,0
blind_follow,medium,15.0,10113,trapped_inside,0,0,0,400,4,7,0,1
blind_follow,medium,15.0,10114,timeout,0,0,1,400,4,5,0,0
blind_follow,medium,15.0,10115,timeout,0,0,1,400,3,6,0,0
blind_follow,medium,15.0,10116,timeout,0,0,1,400,3,5,0,0
blind_follow,medium,15.0,10117,trapped_inside,0,0,0,400,5,7,0,1
blind_follow,medium,15.0,10118,timeout,0,0,1,400,4,5,0,0
blind_follow,medium,15.0,10119,timeout,0,0,1,400,4,6,0,0
blind_follow,medium,15.0,10120,trapped_inside,0,0,0,400,4,7,0,1
blind_follow,medium,15.0,10121,timeout,0,0,1,400,4,5,0,0
blind_follow,medium,15.0,10122,trapped_inside,0,0,0,400,3,7,0,1
blind_follow,medium,15.0,10123,success,1,0,0,90,5,7,0,0
blind_follow,medium,15.0,10124,timeout,0,0,1,400,4,4,0,0
blind_follow,medium,15.0,10125,trapped_inside,0,0,0,400,4,7,0,1
blind_follow,medium,15.0,10126,timeout,0,0,1,400,4,5,0,0
blind_follow,medium,15.0,10127,success,1,0,0,169,3,7,0,0
blind_follow,medium,15.0,10128,trapped_inside,0,0,0,400,4,7,0,1
blind_follow,medium,15.0,10129,trapped_inside,0,0,0,400,3,7,0,1
blind_follow,medium,15.0,10130,trapped_inside,0,0,0,400,4,7,0,1
blind_follow,medium,15.0,10131,trapped_inside,0,0,0,400,4,7,0,1
blind_follow,medium,15.0,10132,trapped_inside,0,0,0,400,5,7,0,1
blind_follow,medium,15.0,10133,timeout,0,0,1,400,4,5,0,0
blind_follow,medium,15.0,10134,trapped_inside,0,0,0,400,4,7,0,1
blind_follow,medium,15.0,10135,success,1,0,0,167,5,7,0,0
blind_follow,medium,15.0,10136,timeout,0,0,1,400,4,5,0,0
blind_follow,medium,15.0,10137,trapped_inside,0,0,0,400,4,7,0,1
blind_follow,medium,15.0,10138,timeout,0,0,1,400,4,5,0,0
blind_follow,medium,15.0,10139,trapped_inside,0,0,0,400,5,7,0,1
blind_follow,medium,15.0,10140,trapped_inside,0,0,0,400,4,7,0,1
blind_follow,medium,15.0,10141,trapped_inside,0,0,0,400,4,7,0,1
blind_follow,medium,15.0,10142,trapped_inside,0,0,0,400,4,7,0,1
blind_follow,medium,15.0,10143,trapped_inside,0,0,0,400,4,7,0,1
blind_follow,medium,15.0,10144,timeout,0,0,1,400,4,6,0,0
blind_follow,medium,15.0,10145,trapped_inside,0,0,0,400,4,7,0,1
blind_follow,medium,15.0,10146,trapped_inside,0,0,0,400,4,7,0,1
blind_follow,medium,15.0,10147,trapped_inside,0,0,0,400,4,7,0,1
blind_follow,medium,15.0,10148,trapped_inside,0,0,0,400,3,7,0,1
blind_follow,medium,15.0,10149,trapped_inside,0,0,0,400,5,7,0,1
blind_follow,medium,15.0,10150,success,1,0,0,107,5,7,0,0
blind_follow,medium,15.0,10151,trapped_inside,0,0,0,400,4,7,0,1
blind_follow,medium,15.0,10152,timeout,0,0,1,400,4,6,0,0
blind_follow,medium,15.0,10153,timeout,0,0,1,400,4,6,0,0
blind_follow,medium,15.0,10154,success,1,0,0,114,4,7,0,0
blind_follow,medium,15.0,10155,success,1,0,0,147,5,7,0,0
blind_follow,medium,15.0,10156,trapped_inside,0,0,0,400,5,7,0,1
blind_follow,medium,15.0,10157,trapped_inside,0,0,0,400,4,7,0,1
blind_follow,medium,15.0,10158,timeout,0,0,1,400,4,6,0,0
blind_follow,medium,15.0,10159,trapped_inside,0,0,0,400,4,7,0,1
blind_follow,medium,15.0,10160,timeout,0,0,1,400,4,6,0,0
blind_follow,medium,15.0,10161,trapped_inside,0,0,0,400,4,7,0,1
blind_follow,medium,15.0,10162,trapped_inside,0,0,0,400,3,7,0,1
blind_follow,medium,15.0,10163,trapped_inside,0,0,0,400,4,7,0,1
blind_follow,medium,15.0,10164,trapped_inside,0,0,0,400,4,7,0,1
blind_follow,medium,15.0,10165,trapped_inside,0,0,0,400,5,7,0,1
blind_follow,medium,15.0,10166,success,1,0,0,180,4,7,0,0
blind_follow,medium,15.0,10167,success,1,0,0,168,5,7,0,0
blind_follow,medium,15.0,10168,trapped_inside,0,0,0,400,4,7,0,1
blind_follow,medium,15.0,10169,timeout,0,0,1,400,4,5,0,0
blind_follow,medium,15.0,10170,trapped_inside,0,0,0,400,3,7,0,1
blind_follow,medium,15.0,10171,trapped_inside,0,0,0,400,4,7,0,1
blind_follow,medium,15.0,10172,timeout,0,0,1,400,4,5,0,0
blind_follow,medium,15.0,10173,success,1,0,0,118,5,7,0,0
blind_follow,medium,15.0,10174,trapped_inside,0,0,0,400,3,7,0,1
blind_follow,medium,15.0,10175,trapped_inside,0,0,0,400,4,7,0,1
blind_follow,medium,15.0,10176,timeout,0,0,1,400,4,5,0,0
blind_follow,medium,15.0,10177,timeout,0,0,1,400,4,6,0,0
blind_follow,medium,15.0,10178,trapped_inside,0,0,0,400,4,7,0,1
blind_follow,medium,15.0,10179,trapped_inside,0,0,0,400,3,7,0,1
blind_follow,medium,15.0,10180,timeout,0,0,1,400,4,5,0,0
blind_follow,medium,15.0,10181,trapped_inside,0,0,0,400,4,7,0,1
blind_follow,medium,15.0,10182,trapped_inside,0,0,0,400,4,7,0,1
blind_follow,medium,15.0,10183,trapped_inside,0,0,0,400,4,7,0,1
blind_follow,medium,15.0,10184,trapped_inside,0,0,0,400,4,7,0,1
blind_follow,medium,15.0,10185,trapped_inside,0,0,0,400,4,7,0,1
blind_follow,medium,15.0,10186,trapped_inside,0,0,0,400,3,7,0,1
blind_follow,medium,15.0,10187,trapped_inside,0,0,0,400,5,7,0,1
blind_follow,medium,15.0,10188,trapped_inside,0,0,0,400,4,7,0,1
blind_follow,medium,15.0,10189,timeout,0,0,1,400,4,5,0,0
blind_follow,medium,15.0,10190,timeout,0,0,1,400,4,6,0,0
blind_follow,medium,15.0,10191,trapped_inside,0,0,0,400,3,7,0,1
blind_follow,medium,15.0,10192,trapped_inside,0,0,0,400,5,7,0,1
blind_follow,medium,15.0,10193,trapped_inside,0,0,0,400,5,7,0,1
blind_follow,medium,15.0,10194,success,1,0,0,199,5,7,0,0
blind_follow,medium,15.0,10195,trapped_inside,0,0,0,400,4,7,0,1
blind_follow,medium,15.0,10196,trapped_inside,0,0,0,400,5,7,0,1
blind_follow,medium,15.0,10197,trapped_inside,0,0,0,400,4,7,0,1
blind_follow,medium,15.0,10198,timeout,0,0,1,400,4,5,0,0
blind_follow,medium,15.0,10199,trapped_inside,0,0,0,400,4,7,0,1
blind_follow,medium,15.0,10200,trapped_inside,0,0,0,400,4,7,0,1
blind_follow,medium,15.0,10201,trapped_inside,0,0,0,400,3,7,0,1
blind_follow,medium,15.0,10202,trapped_inside,0,0,0,400,4,7,0,1
blind_follow,medium,15.0,10203,trapped_inside,0,0,0,400,4,7,0,1
blind_follow,medium,15.0,10204,success,1,0,0,143,5,7,0,0
blind_follow,medium,15.0,10205,timeout,0,0,1,400,4,5,0,0
blind_follow,medium,15.0,10206,trapped_inside,0,0,0,400,4,7,0,1
blind_follow,medium,15.0,10207,success,1,0,0,94,3,7,0,0
blind_follow,medium,15.0,10208,timeout,0,0,1,400,4,6,0,0
blind_follow,medium,15.0,10209,timeout,0,0,1,400,3,5,0,0
blind_follow,medium,15.0,10210,timeout,0,0,1,400,4,6,0,0
blind_follow,medium,15.0,10211,timeout,0,0,1,400,4,4,0,0
blind_follow,medium,15.0,10212,timeout,0,0,1,400,4,5,0,0
blind_follow,medium,15.0,10213,timeout,0,0,1,400,4,4,0,0
blind_follow,medium,15.0,10214,timeout,0,0,1,400,4,4,0,0
blind_follow,medium,15.0,10215,trapped_inside,0,0,0,400,4,7,0,1
blind_follow,medium,15.0,10216,trapped_inside,0,0,0,400,4,7,0,1
blind_follow,medium,15.0,10217,success,1,0,0,188,5,7,0,0
blind_follow,medium,15.0,10218,timeout,0,0,1,400,4,6,0,0
blind_follow,medium,15.0,10219,trapped_inside,0,0,0,400,5,7,0,1
blind_follow,medium,15.0,10220,timeout,0,0,1,400,4,4,0,0
blind_follow,medium,15.0,10221,trapped_inside,0,0,0,400,3,7,0,1
blind_follow,medium,15.0,10222,trapped_inside,0,0,0,400,4,7,0,1
blind_follow,medium,15.0,10223,trapped_inside,0,0,0,400,4,7,0,1
blind_follow,medium,15.0,10224,trapped_inside,0,0,0,400,4,7,0,1
blind_follow,medium,15.0,10225,timeout,0,0,1,400,4,5,0,0
blind_follow,medium,15.0,10226,trapped_inside,0,0,0,400,4,7,0,1
blind_follow,medium,15.0,10227,trapped_inside,0,0,0,400,4,7,0,1
blind_follow,medium,15.0,10228,success,1,0,0,175,5,7,0,0
blind_follow,medium,15.0,10229,trapped_inside,0,0,0,400,4,7,0,1
blind_follow,medium,15.0,10230,success,1,0,0,127,5,7,0,0
blind_follow,medium,15.0,10231,trapped_inside,0,0,0,400,3,7,0,1
blind_follow,medium,15.0,10232,success,1,0,0,152,4,7,0,0
blind_follow,medium,15.0,10233,trapped_inside,0,0,0,400,4,7,0,1
blind_follow,medium,15.0,10234,trapped_inside,0,0,0,400,4,7,0,1
blind_follow,medium,15.0,10235,success,1,0,0,141,5,7,0,0
blind_follow,medium,15.0,10236,trapped_inside,0,0,0,400,4,7,0,1
blind_follow,medium,15.0,10237,timeout,0,0,1,400,4,6,0,0
blind_follow,medium,15.0,10238,trapped_inside,0,0,0,400,3,7,0,1
blind_follow,medium,15.0,10239,trapped_inside,0,0,0,400,4,7,0,1
blind_follow,medium,15.0,10240,success,1,0,0,189,5,7,0,0
blind_follow,medium,15.0,10241,trapped_inside,0,0,0,400,5,7,0,1
blind_follow,medium,15.0,10242,timeout,0,0,1,400,4,6,0,0
blind_follow,medium,15.0,10243,success,1,0,0,130,5,7,0,0
blind_follow,medium,15.0,10244,success,1,0,0,176,5,7,0,0
blind_follow,medium,15.0,10245,timeout,0,0,1,400,4,5,0,0
blind_follow,medium,15.0,10246,trapped_inside,0,0,0,400,4,7,0,1
blind_follow,medium,15.0,10247,trapped_inside,0,0,0,400,4,7,0,1
blind_follow,medium,15.0,10248,trapped_inside,0,0,0,400,3,7,0,1
blind_follow,medium,15.0,10249,trapped_inside,0,0,0,400,4,7,0,1
blind_follow,medium,15.0,10250,trapped_inside,0,0,0,400,4,7,0,1
blind_follow,medium,15.0,10251,trapped_inside,0,0,0,400,5,7,0,1
blind_follow,medium,15.0,10252,trapped_inside,0,0,0,400,3,7,0,1
blind_follow,medium,15.0,10253,timeout,0,0,1,400,4,6,0,0
blind_follow,medium,15.0,10254,trapped_inside,0,0,0,400,3,7,0,1
blind_follow,medium,15.0,10255,timeout,0,0,1,400,4,6,0,0
blind_follow,medium,15.0,10256,timeout,0,0,1,400,4,6,0,0
blind_follow,medium,15.0,10257,timeout,0,0,1,400,4,5,0,0
blind_follow,medium,15.0,10258,trapped_inside,0,0,0,400,4,7,0,1
blind_follow,medium,15.0,10259,timeout,0,0,1,400,4,4,0,0
blind_follow,medium,15.0,10260,timeout,0,0,1,400,4,6,0,0
blind_follow,medium,15.0,10261,trapped_inside,0,0,0,400,4,7,0,1
blind_follow,medium,15.0,10262,timeout,0,0,1,400,3,6,0,0
blind_follow,medium,15.0,10263,trapped_inside,0,0,0,400,5,7,0,1
blind_follow,medium,15.0,10264,success,1,0,0,160,5,7,0,0
blind_follow,medium,15.0,10265,trapped_inside,0,0,0,400,4,7,0,1
blind_follow,medium,15.0,10266,timeout,0,0,1,400,4,5,0,0
blind_follow,medium,15.0,10267,timeout,0,0,1,400,4,5,0,0
blind_follow,medium,15.0,10268,trapped_inside,0,0,0,400,4,7,0,1
blind_follow,medium,15.0,10269,trapped_inside,0,0,0,400,5,7,0,1
blind_follow,medium,15.0,10270,timeout,0,0,1,400,4,6,0,0
blind_follow,medium,15.0,10271,trapped_inside,0,0,0,400,4,7,0,1
blind_follow,medium,15.0,10272,timeout,0,0,1,400,4,5,0,0
blind_follow,medium,15.0,10273,trapped_inside,0,0,0,400,5,7,0,1
blind_follow,medium,15.0,10274,timeout,0,0,1,400,4,6,0,0
blind_follow,medium,15.0,10275,trapped_inside,0,0,0,400,4,7,0,1
blind_follow,medium,15.0,10276,trapped_inside,0,0,0,400,5,7,0,1
blind_follow,medium,15.0,10277,timeout,0,0,1,400,4,5,0,0
blind_follow,medium,15.0,10278,trapped_inside,0,0,0,400,4,7,0,1
blind_follow,medium,15.0,10279,success,1,0,0,216,5,7,0,0
blind_follow,medium,15.0,10280,trapped_inside,0,0,0,400,5,7,0,1
blind_follow,medium,15.0,10281,trapped_inside,0,0,0,400,4,7,0,1
blind_follow,medium,15.0,10282,trapped_inside,0,0,0,400,4,7,0,1
blind_follow,medium,15.0,10283,timeout,0,0,1,400,4,4,0,0
blind_follow,medium,15.0,10284,trapped_inside,0,0,0,400,4,7,0,1
blind_follow,medium,15.0,10285,trapped_inside,0,0,0,400,4,7,0,1
blind_follow,medium,15.0,10286,trapped_inside,0,0,0,400,4,7,0,1
blind_follow,medium,15.0,10287,timeout,0,0,1,400,4,5,0,0
blind_follow,medium,15.0,10288,trapped_inside,0,0,0,400,4,7,0,1
blind_follow,medium,15.0,10289,trapped_inside,0,0,0,400,4,7,0,1
blind_follow,medium,15.0,10290,trapped_inside,0,0,0,400,5,7,0,1
blind_follow,medium,15.0,10291,trapped_inside,0,0,0,400,4,7,0,1
blind_follow,medium,15.0,10292,trapped_inside,0,0,0,400,4,7,0,1
blind_follow,medium,15.0,10293,timeout,0,0,1,400,4,6,0,0
blind_follow,medium,15.0,10294,trapped_inside,0,0,0,400,5,7,0,1
blind_follow,medium,15.0,10295,trapped_inside,0,0,0,400,3,7,0,1
blind_follow,medium,15.0,10296,timeout,0,0,1,400,3,6,0,0
blind_follow,medium,15.0,10297,trapped_inside,0,0,0,400,4,7,0,1
blind_follow,medium,15.0,10298,trapped_inside,0,0,0,400,5,7,0,1
blind_follow,medium,15.0,10299,trapped_inside,0,0,0,400,4,7,0,1
blind_follow,medium,15.0,10300,trapped_inside,0,0,0,400,5,7,0,1
blind_follow,medium,15.0,10301,timeout,0,0,1,400,4,5,0,0
blind_follow,medium,15.0,10302,timeout,0,0,1,400,4,5,0,0
blind_follow,medium,15.0,10303,success,1,0,0,176,5,7,0,0
blind_follow,medium,15.0,10304,trapped_inside,0,0,0,400,4,7,0,1
blind_follow,medium,15.0,10305,timeout,0,0,1,400,4,5,0,0
blind_follow,medium,15.0,10306,timeout,0,0,1,400,4,5,0,0
blind_follow,medium,15.0,10307,trapped_inside,0,0,0,400,4,7,0,1
blind_follow,medium,15.0,10308,trapped_inside,0,0,0,400,4,7,0,1
blind_follow,medium,15.0,10309,timeout,0,0,1,400,4,5,0,0
blind_follow,medium,15.0,10310,trapped_inside,0,0,0,400,5,7,0,1
blind_follow,medium,15.0,10311,timeout,0,0,1,400,4,6,0,0
blind_follow,medium,15.0,10312,trapped_inside,0,0,0,400,4,7,0,1
blind_follow,medium,15.0,10313,trapped_inside,0,0,0,400,4,7,0,1
blind_follow,medium,15.0,10314,timeout,0,0,1,400,4,5,0,0
blind_follow,medium,15.0,10315,trapped_inside,0,0,0,400,5,7,0,1
blind_follow,medium,15.0,10316,trapped_inside,0,0,0,400,4,7,0,1
blind_follow,medium,15.0,10317,success,1,0,0,132,5,7,0,0
blind_follow,medium,15.0,10318,trapped_inside,0,0,0,400,5,7,0,1
blind_follow,medium,15.0,10319,timeout,0,0,1,400,4,6,0,0
blind_follow,medium,15.0,10320,trapped_inside,0,0,0,400,4,7,0,1
blind_follow,medium,15.0,10321,timeout,0,0,1,400,4,6,0,0
blind_follow,medium,15.0,10322,timeout,0,0,1,400,4,5,0,0
blind_follow,medium,15.0,10323,timeout,0,0,1,400,4,5,0,0
blind_follow,medium,15.0,10324,trapped_inside,0,0,0,400,4,7,0,1
blind_follow,medium,15.0,10325,success,1,0,0,166,5,7,0,0
blind_follow,medium,15.0,10326,trapped_inside,0,0,0,400,4,7,0,1
blind_follow,medium,15.0,10327,timeout,0,0,1,400,4,5,0,0
blind_follow,medium,15.0,10328,trapped_inside,0,0,0,400,4,7,0,1
blind_follow,medium,15.0,10329,trapped_inside,0,0,0,400,4,7,0,1
blind_follow,medium,15.0,10330,timeout,0,0,1,400,4,6,0,0
blind_follow,medium,15.0,10331,timeout,0,0,1,400,4,5,0,0
blind_follow,medium,15.0,10332,trapped_inside,0,0,0,400,3,7,0,1
blind_follow,medium,15.0,10333,trapped_inside,0,0,0,400,4,7,0,1
blind_follow,medium,15.0,10334,trapped_inside,0,0,0,400,4,7,0,1
blind_follow,medium,15.0,10335,timeout,0,0,1,400,4,5,0,0
blind_follow,medium,15.0,10336,trapped_inside,0,0,0,400,4,7,0,1
blind_follow,medium,15.0,10337,trapped_inside,0,0,0,400,4,7,0,1
blind_follow,medium,15.0,10338,trapped_inside,0,0,0,400,4,7,0,1
blind_follow,medium,15.0,10339,timeout,0,0,1,400,4,6,0,0
blind_follow,medium,15.0,10340,trapped_inside,0,0,0,400,3,7,0,1
blind_follow,medium,15.0,10341,timeout,0,0,1,400,4,5,0,0
blind_follow,medium,15.0,10342,success,1,0,0,117,5,7,0,0
blind_follow,medium,15.0,10343,trapped_inside,0,0,0,400,4,7,0,1
blind_follow,medium,15.0,10344,trapped_inside,0,0,0,400,5,7,0,1
blind_follow,medium,15.0,10345,timeout,0,0,1,400,4,4,0,0
blind_follow,medium,15.0,10346,trapped_inside,0,0,0,400,4,7,0,1
blind_follow,medium,15.0,10347,trapped_inside,0,0,0,400,4,7,0,1
blind_follow,medium,15.0,10348,trapped_inside,0,0,0,400,4,7,0,1
blind_follow,medium,15.0,10349,trapped_inside,0,0,0,400,4,7,0,1
blind_follow,medium,15.0,10350,trapped_inside,0,0,0,400,4,7,0,1
blind_follow,medium,15.0,10351,trapped_inside,0,0,0,400,4,7,0,1
blind_follow,medium,15.0,10352,timeout,0,0,1,400,4,6,0,0
blind_follow,medium,15.0,10353,trapped_inside,0,0,0,400,4,7,0,1
blind_follow,medium,15.0,10354,trapped_inside,0,0,0,400,5,7,0,1
blind_follow,medium,15.0,10355,timeout,0,0,1,400,4,6,0,0
blind_follow,medium,15.0,10356,trapped_inside,0,0,0,400,3,7,0,1
blind_follow,medium,15.0,10357,trapped_inside,0,0,0,400,4,7,0,1
blind_follow,medium,15.0,10358,trapped_inside,0,0,0,400,4,7,0,1
blind_follow,medium,15.0,10359,timeout,0,0,1,400,4,6,0,0
blind_follow,medium,15.0,10360,trapped_inside,0,0,0,400,4,7,0,1
blind_follow,medium,15.0,10361,timeout,0,0,1,400,4,5,0,0
blind_follow,medium,15.0,10362,timeout,0,0,1,400,4,4,0,0
blind_follow,medium,15.0,10363,timeout,0,0,1,400,4,6,0,0
blind_follow,medium,15.0,10364,trapped_inside,0,0,0,400,4,7,0,1
blind_follow,medium,15.0,10365,trapped_inside,0,0,0,400,4,7,0,1
blind_follow,medium,15.0,10366,success,1,0,0,153,3,7,0,0
blind_follow,medium,15.0,10367,trapped_inside,0,0,0,400,4,7,0,1
blind_follow,medium,15.0,10368,trapped_inside,0,0,0,400,4,7,0,1
blind_follow,medium,15.0,10369,trapped_inside,0,0,0,400,4,7,0,1
blind_follow,medium,15.0,10370,timeout,0,0,1,400,4,5,0,0
blind_follow,medium,15.0,10371,trapped_inside,0,0,0,400,5,7,0,1
blind_follow,medium,15.0,10372,trapped_inside,0,0,0,400,4,7,0,1
blind_follow,medium,15.0,10373,trapped_inside,0,0,0,400,4,7,0,1
blind_follow,medium,15.0,10374,timeout,0,0,1,400,4,5,0,0
blind_follow,medium,15.0,10375,timeout,0,0,1,400,4,6,0,0
blind_follow,medium,15.0,10376,trapped_inside,0,0,0,400,5,7,0,1
blind_follow,medium,15.0,10377,trapped_inside,0,0,0,400,3,7,0,1
blind_follow,medium,15.0,10378,success,1,0,0,126,3,7,0,0
blind_follow,medium,15.0,10379,trapped_inside,0,0,0,400,5,7,0,1
blind_follow,medium,15.0,10380,timeout,0,0,1,400,4,5,0,0
blind_follow,medium,15.0,10381,trapped_inside,0,0,0,400,4,7,0,1
blind_follow,medium,15.0,10382,trapped_inside,0,0,0,400,4,7,0,1
blind_follow,medium,15.0,10383,trapped_inside,0,0,0,400,4,7,0,1
blind_follow,medium,15.0,10384,trapped_inside,0,0,0,400,4,7,0,1
blind_follow,medium,15.0,10385,trapped_inside,0,0,0,400,5,7,0,1
blind_follow,medium,15.0,10386,trapped_inside,0,0,0,400,5,7,0,1
blind_follow,medium,15.0,10387,trapped_inside,0,0,0,400,4,7,0,1
blind_follow,medium,15.0,10388,trapped_inside,0,0,0,400,4,7,0,1
blind_follow,medium,15.0,10389,timeout,0,0,1,400,4,6,0,0
blind_follow,medium,15.0,10390,timeout,0,0,1,400,4,6,0,0
blind_follow,medium,15.0,10391,trapped_inside,0,0,0,400,4,7,0,1
blind_follow,medium,15.0,10392,trapped_inside,0,0,0,400,4,7,0,1
blind_follow,medium,15.0,10393,trapped_inside,0,0,0,400,4,7,0,1
blind_follow,medium,15.0,10394,trapped_inside,0,0,0,400,4,7,0,1
blind_follow,medium,15.0,10395,trapped_inside,0,0,0,400,4,7,0,1
blind_follow,medium,15.0,10396,trapped_inside,0,0,0,400,5,7,0,1
blind_follow,medium,15.0,10397,trapped_inside,0,0,0,400,4,7,0,1
blind_follow,medium,15.0,10398,timeout,0,0,1,400,4,6,0,0
blind_follow,medium,15.0,10399,timeout,0,0,1,400,3,5,0,0
blind_follow,medium,15.0,10400,timeout,0,0,1,400,4,5,0,0
blind_follow,medium,15.0,10401,timeout,0,0,1,400,4,5,0,0
blind_follow,medium,15.0,10402,trapped_inside,0,0,0,400,4,7,0,1
blind_follow,medium,15.0,10403,trapped_inside,0,0,0,400,5,7,0,1
blind_follow,medium,15.0,10404,trapped_inside,0,0,0,400,4,7,0,1
blind_follow,medium,15.0,10405,trapped_inside,0,0,0,400,4,7,0,1
blind_follow,medium,15.0,10406,trapped_inside,0,0,0,400,3,7,0,1
blind_follow,medium,15.0,10407,success,1,0,0,179,5,7,0,0
blind_follow,medium,15.0,10408,success,1,0,0,218,4,7,0,0
blind_follow,medium,15.0,10409,trapped_inside,0,0,0,400,4,7,0,1
blind_follow,medium,15.0,10410,trapped_inside,0,0,0,400,4,7,0,1
blind_follow,medium,15.0,10411,trapped_inside,0,0,0,400,4,7,0,1
blind_follow,medium,15.0,10412,timeout,0,0,1,400,4,5,0,0
blind_follow,medium,15.0,10413,trapped_inside,0,0,0,400,4,7,0,1
blind_follow,medium,15.0,10414,trapped_inside,0,0,0,400,5,7,0,1
blind_follow,medium,15.0,10415,trapped_inside,0,0,0,400,5,7,0,1
blind_follow,medium,15.0,10416,trapped_inside,0,0,0,400,3,7,0,1
blind_follow,medium,15.0,10417,trapped_inside,0,0,0,400,5,7,0,1
blind_follow,medium,15.0,10418,timeout,0,0,1,400,4,6,0,0
blind_follow,medium,15.0,10419,success,1,0,0,230,4,7,0,0
blind_follow,medium,15.0,10420,success,1,0,0,185,5,7,0,0
blind_follow,medium,15.0,10421,timeout,0,0,1,400,4,6,0,0
blind_follow,medium,15.0,10422,trapped_inside,0,0,0,400,4,7,0,1
blind_follow,medium,15.0,10423,timeout,0,0,1,400,4,6,0,0
blind_follow,medium,15.0,10424,timeout,0,0,1,400,4,6,0,0
blind_follow,medium,15.0,10425,trapped_inside,0,0,0,400,4,7,0,1
blind_follow,medium,15.0,10426,timeout,0,0,1,400,4,5,0,0
blind_follow,medium,15.0,10427,trapped_inside,0,0,0,400,4,7,0,1
blind_follow,medium,15.0,10428,success,1,0,0,155,4,7,0,0
blind_follow,medium,15.0,10429,timeout,0,0,1,400,4,6,0,0
blind_follow,medium,15.0,10430,success,1,0,0,175,3,7,0,0
blind_follow,medium,15.0,10431,trapped_inside,0,0,0,400,4,7,0,1
blind_follow,medium,15.0,10432,timeout,0,0,1,400,4,6,0,0
blind_follow,medium,15.0,10433,timeout,0,0,1,400,4,6,0,0
blind_follow,medium,15.0,10434,trapped_inside,0,0,0,400,4,7,0,1
blind_follow,medium,15.0,10435,trapped_inside,0,0,0,400,4,7,0,1
blind_follow,medium,15.0,10436,trapped_inside,0,0,0,400,5,7,0,1
blind_follow,medium,15.0,10437,trapped_inside,0,0,0,400,4,7,0,1
blind_follow,medium,15.0,10438,trapped_inside,0,0,0,400,4,7,0,1
blind_follow,medium,15.0,10439,success,1,0,0,211,4,7,0,0
blind_follow,medium,15.0,10440,trapped_inside,0,0,0,400,5,7,0,1
blind_follow,medium,15.0,10441,trapped_inside,0,0,0,400,4,7,0,1
blind_follow,medium,15.0,10442,timeout,0,0,1,400,4,4,0,0
blind_follow,medium,15.0,10443,trapped_inside,0,0,0,400,5,7,0,1
blind_follow,medium,15.0,10444,trapped_inside,0,0,0,400,4,7,0,1
blind_follow,medium,15.0,10445,trapped_inside,0,0,0,400,4,7,0,1
blind_follow,medium,15.0,10446,trapped_inside,0,0,0,400,4,7,0,1
blind_follow,medium,15.0,10447,trapped_inside,0,0,0,400,3,7,0,1
blind_follow,medium,15.0,10448,trapped_inside,0,0,0,400,5,7,0,1
blind_follow,medium,15.0,10449,trapped_inside,0,0,0,400,4,7,0,1
blind_follow,medium,15.0,10450,trapped_inside,0,0,0,400,4,7,0,1
blind_follow,medium,15.0,10451,success,1,0,0,167,3,7,0,0
blind_follow,medium,15.0,10452,trapped_inside,0,0,0,400,5,7,0,1
blind_follow,medium,15.0,10453,timeout,0,0,1,400,4,6,0,0
blind_follow,medium,15.0,10454,timeout,0,0,1,400,4,5,0,0
blind_follow,medium,15.0,10455,trapped_inside,0,0,0,400,5,7,0,1
blind_follow,medium,15.0,10456,trapped_inside,0,0,0,400,4,7,0,1
blind_follow,medium,15.0,10457,timeout,0,0,1,400,4,6,0,0
blind_follow,medium,15.0,10458,trapped_inside,0,0,0,400,4,7,0,1
blind_follow,medium,15.0,10459,trapped_inside,0,0,0,400,4,7,0,1
blind_follow,medium,15.0,10460,trapped_inside,0,0,0,400,4,7,0,1
blind_follow,medium,15.0,10461,trapped_inside,0,0,0,400,3,7,0,1
blind_follow,medium,15.0,10462,trapped_inside,0,0,0,400,4,7,0,1
blind_follow,medium,15.0,10463,trapped_inside,0,0,0,400,4,7,0,1
blind_follow,medium,15.0,10464,trapped_inside,0,0,0,400,4,7,0,1
blind_follow,medium,15.0,10465,trapped_inside,0,0,0,400,4,7,0,1
blind_follow,medium,15.0,10466,trapped_inside,0,0,0,400,4,7,0,1
blind_follow,medium,15.0,10467,trapped_inside,0,0,0,400,4,7,0,1
blind_follow,medium,15.0,10468,timeout,0,0,1,400,4,6,0,0
blind_follow,medium,15.0,10469,trapped_inside,0,0,0,400,4,7,0,1
blind_follow,medium,15.0,10470,trapped_inside,0,0,0,400,5,7,0,1
blind_follow,medium,15.0,10471,trapped_inside,0,0,0,400,4,7,0,1
blind_follow,medium,15.0,10472,trapped_inside,0,0,0,400,4,7,0,1
blind_follow,medium,15.0,10473,trapped_inside,0,0,0,400,4,7,0,1
blind_follow,medium,15.0,10474,timeout,0,0,1,400,4,6,0,0
blind_follow,medium,15.0,10475,timeout,0,0,1,400,4,6,0,0
blind_follow,medium,15.0,10476,trapped_inside,0,0,0,400,4,7,0,1
blind_follow,medium,15.0,10477,trapped_inside,0,0,0,400,4,7,0,1
blind_follow,medium,15.0,10478,trapped_inside,0,0,0,400,3,7,0,1
blind_follow,medium,15.0,10479,trapped_inside,0,0,0,400,4,7,0,1
blind_follow,medium,15.0,10480,trapped_inside,0,0,0,400,4,7,0,1
blind_follow,medium,15.0,10481,timeout,0,0,1,400,4,5,0,0
blind_follow,medium,15.0,10482,timeout,0,0,1,400,4,6,0,0
blind_follow,medium,15.0,10483,timeout,0,0,1,400,4,6,0,0
blind_follow,medium,15.0,10484,trapped_inside,0,0,0,400,3,7,0,1
blind_follow,medium,15.0,10485,trapped_inside,0,0,0,400,4,7,0,1
blind_follow,medium,15.0,10486,trapped_inside,0,0,0,400,4,7,0,1
blind_follow,medium,15.0,10487,success,1,0,0,211,5,7,0,0
blind_follow,medium,15.0,10488,trapped_inside,0,0,0,400,4,7,0,1
blind_follow,medium,15.0,10489,trapped_inside,0,0,0,400,4,7,0,1
blind_follow,medium,15.0,10490,trapped_inside,0,0,0,400,5,7,0,1
blind_follow,medium,15.0,10491,trapped_inside,0,0,0,400,4,7,0,1
blind_follow,medium,15.0,10492,timeout,0,0,1,400,3,6,0,0
blind_follow,medium,15.0,10493,trapped_inside,0,0,0,400,4,7,0,1
blind_follow,medium,15.0,10494,success,1,0,0,195,5,7,0,0
blind_follow,medium,15.0,10495,trapped_inside,0,0,0,400,3,7,0,1
blind_follow,medium,15.0,10496,timeout,0,0,1,400,4,5,0,0
blind_follow,medium,15.0,10497,timeout,0,0,1,400,4,6,0,0
blind_follow,medium,15.0,10498,trapped_inside,0,0,0,400,4,7,0,1
blind_follow,medium,15.0,10499,timeout,0,0,1,400,4,5,0,0
shared_map,medium,15.0,10000,success,1,0,0,190,4,7,2466,0
shared_map,medium,15.0,10001,success,1,0,0,218,3,7,3352,0
shared_map,medium,15.0,10002,success,1,0,0,181,3,7,3066,0
shared_map,medium,15.0,10003,success,1,0,0,209,4,7,3118,0
shared_map,medium,15.0,10004,success,1,0,0,190,4,7,2992,0
shared_map,medium,15.0,10005,success,1,0,0,149,5,7,2980,0
shared_map,medium,15.0,10006,trapped_inside,0,0,0,400,4,7,4998,1
shared_map,medium,15.0,10007,trapped_inside,0,0,0,400,4,7,5720,1
shared_map,medium,15.0,10008,success,1,0,0,203,4,7,3108,0
shared_map,medium,15.0,10009,success,1,0,0,199,3,7,3434,0
shared_map,medium,15.0,10010,trapped_inside,0,0,0,400,5,7,8000,1
shared_map,medium,15.0,10011,trapped_inside,0,0,0,400,4,7,5256,1
shared_map,medium,15.0,10012,success,1,0,0,114,3,7,2076,0
shared_map,medium,15.0,10013,success,1,0,0,179,5,7,2886,0
shared_map,medium,15.0,10014,trapped_inside,0,0,0,400,5,7,7654,1
shared_map,medium,15.0,10015,success,1,0,0,213,3,7,2450,0
shared_map,medium,15.0,10016,trapped_inside,0,0,0,400,5,7,8000,1
shared_map,medium,15.0,10017,success,1,0,0,203,4,7,2996,0
shared_map,medium,15.0,10018,success,1,0,0,192,4,7,2558,0
shared_map,medium,15.0,10019,success,1,0,0,197,3,7,2622,0
shared_map,medium,15.0,10020,trapped_inside,0,0,0,400,5,7,7748,1
shared_map,medium,15.0,10021,success,1,0,0,172,4,7,2310,0
shared_map,medium,15.0,10022,success,1,0,0,139,5,7,2418,0
shared_map,medium,15.0,10023,trapped_inside,0,0,0,400,5,7,8000,1
shared_map,medium,15.0,10024,success,1,0,0,236,2,7,4248,0
shared_map,medium,15.0,10025,success,1,0,0,184,4,7,2790,0
shared_map,medium,15.0,10026,trapped_inside,0,0,0,400,4,7,5348,1
shared_map,medium,15.0,10027,success,1,0,0,190,4,7,3184,0
shared_map,medium,15.0,10028,success,1,0,0,135,4,7,2468,0
shared_map,medium,15.0,10029,success,1,0,0,156,4,7,2526,0
shared_map,medium,15.0,10030,success,1,0,0,177,4,7,2812,0
shared_map,medium,15.0,10031,success,1,0,0,220,2,7,2320,0
shared_map,medium,15.0,10032,success,1,0,0,176,3,7,2316,0
shared_map,medium,15.0,10033,trapped_inside,0,0,0,400,5,7,8000,1
shared_map,medium,15.0,10034,trapped_inside,0,0,0,400,4,7,5576,1
shared_map,medium,15.0,10035,trapped_inside,0,0,0,400,5,7,8000,1
shared_map,medium,15.0,10036,success,1,0,0,169,4,7,2926,0
shared_map,medium,15.0,10037,success,1,0,0,142,4,7,2240,0
shared_map,medium,15.0,10038,success,1,0,0,196,3,7,2464,0
shared_map,medium,15.0,10039,trapped_inside,0,0,0,400,4,7,5592,1
shared_map,medium,15.0,10040,trapped_inside,0,0,0,400,5,7,7348,1
shared_map,medium,15.0,10041,success,1,0,0,139,4,7,2236,0
shared_map,medium,15.0,10042,success,1,0,0,221,3,7,3390,0
shared_map,medium,15.0,10043,success,1,0,0,228,3,7,3166,0
shared_map,medium,15.0,10044,success,1,0,0,171,3,7,2866,0
shared_map,medium,15.0,10045,success,1,0,0,193,4,7,3020,0
shared_map,medium,15.0,10046,success,1,0,0,204,3,7,2446,0
shared_map,medium,15.0,10047,trapped_inside,0,0,0,400,5,7,8000,1
shared_map,medium,15.0,10048,success,1,0,0,157,4,7,2716,0
shared_map,medium,15.0,10049,success,1,0,0,168,4,7,3128,0
shared_map,medium,15.0,10050,success,1,0,0,145,3,7,1938,0
shared_map,medium,15.0,10051,success,1,0,0,121,4,7,1924,0
shared_map,medium,15.0,10052,success,1,0,0,151,5,7,3020,0
shared_map,medium,15.0,10053,success,1,0,0,192,3,7,2612,0
shared_map,medium,15.0,10054,success,1,0,0,179,4,7,2916,0
shared_map,medium,15.0,10055,trapped_inside,0,0,0,400,4,7,5306,1
shared_map,medium,15.0,10056,trapped_inside,0,0,0,400,5,7,7612,1
shared_map,medium,15.0,10057,success,1,0,0,136,4,7,2104,0
shared_map,medium,15.0,10058,trapped_inside,0,0,0,400,5,7,8000,1
shared_map,medium,15.0,10059,success,1,0,0,156,3,7,1868,0
shared_map,medium,15.0,10060,success,1,0,0,167,4,7,2644,0
shared_map,medium,15.0,10061,trapped_inside,0,0,0,400,3,7,2846,1
shared_map,medium,15.0,10062,success,1,0,0,189,3,7,2790,0
shared_map,medium,15.0,10063,success,1,0,0,226,4,7,2730,0
shared_map,medium,15.0,10064,success,1,0,0,200,3,7,2656,0
shared_map,medium,15.0,10065,success,1,0,0,205,3,7,2454,0
shared_map,medium,15.0,10066,trapped_inside,0,0,0,400,5,7,8000,1
shared_map,medium,15.0,10067,trapped_inside,0,0,0,400,4,7,5336,1
shared_map,medium,15.0,10068,trapped_inside,0,0,0,400,5,7,8000,1
shared_map,medium,15.0,10069,success,1,0,0,160,3,7,2358,0
shared_map,medium,15.0,10070,success,1,0,0,208,3,7,2530,0
shared_map,medium,15.0,10071,trapped_inside,0,0,0,400,5,7,8000,1
shared_map,medium,15.0,10072,success,1,0,0,258,5,7,5160,0
shared_map,medium,15.0,10073,success,1,0,0,172,3,7,2494,0
shared_map,medium,15.0,10074,trapped_inside,0,0,0,400,4,7,5296,1
shared_map,medium,15.0,10075,success,1,0,0,200,3,7,2390,0
shared_map,medium,15.0,10076,trapped_inside,0,0,0,400,5,7,7438,1
shared_map,medium,15.0,10077,success,1,0,0,140,4,7,1696,0
shared_map,medium,15.0,10078,trapped_inside,0,0,0,400,4,7,5448,1
shared_map,medium,15.0,10079,trapped_inside,0,0,0,400,5,7,7374,1
shared_map,medium,15.0,10080,success,1,0,0,183,4,7,2996,0
shared_map,medium,15.0,10081,success,1,0,0,165,4,7,2556,0
shared_map,medium,15.0,10082,success,1,0,0,145,4,7,2340,0
shared_map,medium,15.0,10083,success,1,0,0,169,4,7,2834,0
shared_map,medium,15.0,10084,success,1,0,0,113,4,7,1822,0
shared_map,medium,15.0,10085,success,1,0,0,169,3,7,1940,0
shared_map,medium,15.0,10086,success,1,0,0,128,4,7,2030,0
shared_map,medium,15.0,10087,success,1,0,0,206,3,7,2880,0
shared_map,medium,15.0,10088,success,1,0,0,199,2,7,2918,0
shared_map,medium,15.0,10089,success,1,0,0,264,3,7,3452,0
shared_map,medium,15.0,10090,success,1,0,0,200,3,7,2708,0
shared_map,medium,15.0,10091,success,1,0,0,107,5,7,2140,0
shared_map,medium,15.0,10092,success,1,0,0,133,4,7,2172,0
shared_map,medium,15.0,10093,trapped_inside,0,0,0,400,5,7,8000,1
shared_map,medium,15.0,10094,success,1,0,0,192,3,7,2990,0
shared_map,medium,15.0,10095,trapped_inside,0,0,0,400,5,7,7710,1
shared_map,medium,15.0,10096,success,1,0,0,136,3,7,2040,0
shared_map,medium,15.0,10097,success,1,0,0,151,4,7,2244,0
shared_map,medium,15.0,10098,success,1,0,0,156,3,7,2762,0
shared_map,medium,15.0,10099,success,1,0,0,180,4,7,2396,0
shared_map,medium,15.0,10100,success,1,0,0,178,4,7,3404,0
shared_map,medium,15.0,10101,success,1,0,0,202,5,7,3188,0
shared_map,medium,15.0,10102,success,1,0,0,193,3,7,2936,0
shared_map,medium,15.0,10103,success,1,0,0,192,3,7,2590,0
shared_map,medium,15.0,10104,success,1,0,0,113,3,7,1944,0
shared_map,medium,15.0,10105,trapped_inside,0,0,0,400,5,7,8000,1
shared_map,medium,15.0,10106,trapped_inside,0,0,0,400,5,7,7578,1
shared_map,medium,15.0,10107,success,1,0,0,177,3,7,2028,0
shared_map,medium,15.0,10108,success,1,0,0,203,3,7,2576,0
shared_map,medium,15.0,10109,success,1,0,0,244,4,7,2982,0
shared_map,medium,15.0,10110,success,1,0,0,212,5,7,2794,0
shared_map,medium,15.0,10111,trapped_inside,0,0,0,400,5,7,7926,1
shared_map,medium,15.0,10112,trapped_inside,0,0,0,400,4,7,5280,1
shared_map,medium,15.0,10113,success,1,0,0,184,3,7,2422,0
shared_map,medium,15.0,10114,trapped_inside,0,0,0,400,4,7,5496,1
shared_map,medium,15.0,10115,success,1,0,0,202,4,7,3256,0
shared_map,medium,15.0,10116,success,1,0,0,201,3,7,2484,0
shared_map,medium,15.0,10117,trapped_inside,0,0,0,400,5,7,8000,1
shared_map,medium,15.0,10118,success,1,0,0,182,4,7,2840,0
shared_map,medium,15.0,10119,trapped_inside,0,0,0,400,5,7,7362,1
shared_map,medium,15.0,10120,success,1,0,0,121,4,7,1664,0
shared_map,medium,15.0,10121,success,1,0,0,230,3,7,2088,0
shared_map,medium,15.0,10122,success,1,0,0,138,4,7,1882,0
shared_map,medium,15.0,10123,success,1,0,0,90,5,7,1800,0
shared_map,medium,15.0,10124,success,1,0,0,180,4,7,2800,0
shared_map,medium,15.0,10125,success,1,0,0,105,5,7,2100,0
shared_map,medium,15.0,10126,success,1,0,0,158,4,7,2544,0
shared_map,medium,15.0,10127,success,1,0,0,171,4,7,2724,0
shared_map,medium,15.0,10128,success,1,0,0,151,5,7,3020,0
shared_map,medium,15.0,10129,success,1,0,0,143,4,7,2660,0
shared_map,medium,15.0,10130,trapped_inside,0,0,0,400,4,7,5416,1
shared_map,medium,15.0,10131,trapped_inside,0,0,0,400,4,7,5248,1
shared_map,medium,15.0,10132,trapped_inside,0,0,0,400,5,7,7840,1
shared_map,medium,15.0,10133,success,1,0,0,172,4,7,3216,0
shared_map,medium,15.0,10134,success,1,0,0,197,4,7,3148,0
shared_map,medium,15.0,10135,success,1,0,0,167,5,7,2884,0
shared_map,medium,15.0,10136,success,1,0,0,191,4,7,2198,0
shared_map,medium,15.0,10137,success,1,0,0,209,4,7,3916,0
shared_map,medium,15.0,10138,success,1,0,0,142,4,7,2432,0
shared_map,medium,15.0,10139,trapped_inside,0,0,0,400,5,7,8000,1
shared_map,medium,15.0,10140,success,1,0,0,166,4,7,2408,0
shared_map,medium,15.0,10141,trapped_inside,0,0,0,400,5,7,8000,1
shared_map,medium,15.0,10142,success,1,0,0,112,5,7,2240,0
shared_map,medium,15.0,10143,success,1,0,0,154,3,7,2030,0
shared_map,medium,15.0,10144,success,1,0,0,171,4,7,2788,0
shared_map,medium,15.0,10145,success,1,0,0,195,3,7,2850,0
shared_map,medium,15.0,10146,success,1,0,0,220,3,7,2978,0
shared_map,medium,15.0,10147,success,1,0,0,151,5,7,3020,0
shared_map,medium,15.0,10148,success,1,0,0,191,2,7,2556,0
shared_map,medium,15.0,10149,trapped_inside,0,0,0,400,5,7,7564,1
shared_map,medium,15.0,10150,success,1,0,0,107,5,7,2140,0
shared_map,medium,15.0,10151,success,1,0,0,233,3,7,3404,0
shared_map,medium,15.0,10152,trapped_inside,0,0,0,400,4,7,5424,1
shared_map,medium,15.0,10153,success,1,0,0,154,3,7,2438,0
shared_map,medium,15.0,10154,success,1,0,0,114,5,7,2280,0
shared_map,medium,15.0,10155,trapped_inside,0,0,0,400,4,7,5090,1
shared_map,medium,15.0,10156,trapped_inside,0,0,0,400,5,7,7928,1
shared_map,medium,15.0,10157,trapped_inside,0,0,0,400,5,7,8000,1
shared_map,medium,15.0,10158,success,1,0,0,174,4,7,3432,0
shared_map,medium,15.0,10159,success,1,0,0,149,3,7,2108,0
shared_map,medium,15.0,10160,trapped_inside,0,0,0,400,4,7,5304,1
shared_map,medium,15.0,10161,success,1,0,0,116,4,7,2002,0
shared_map,medium,15.0,10162,trapped_inside,0,0,0,400,3,7,3096,1
shared_map,medium,15.0,10163,trapped_inside,0,0,0,400,5,7,4800,1
shared_map,medium,15.0,10164,success,1,0,0,245,2,7,2630,0
shared_map,medium,15.0,10165,trapped_inside,0,0,0,400,5,7,8000,1
shared_map,medium,15.0,10166,success,1,0,0,181,4,7,2804,0
shared_map,medium,15.0,10167,success,1,0,0,168,5,7,3068,0
shared_map,medium,15.0,10168,success,1,0,0,112,4,7,2064,0
shared_map,medium,15.0,10169,trapped_inside,0,0,0,400,2,7,2642,1
shared_map,medium,15.0,10170,success,1,0,0,137,4,7,2116,0
shared_map,medium,15.0,10171,success,1,0,0,142,3,7,1852,0
shared_map,medium,15.0,10172,success,1,0,0,179,4,7,3004,0
shared_map,medium,15.0,10173,success,1,0,0,118,5,7,2236,0
shared_map,medium,15.0,10174,trapped_inside,0,0,0,400,3,7,3682,1
shared_map,medium,15.0,10175,success,1,0,0,127,4,7,2324,0
shared_map,medium,15.0,10176,success,1,0,0,209,3,7,2778,0
shared_map,medium,15.0,10177,trapped_inside,0,0,0,400,4,7,5296,1
shared_map,medium,15.0,10178,success,1,0,0,198,4,7,2340,0
shared_map,medium,15.0,10179,success,1,0,0,226,4,7,2778,0
shared_map,medium,15.0,10180,success,1,0,0,196,3,7,2470,0
shared_map,medium,15.0,10181,success,1,0,0,140,4,7,2176,0
shared_map,medium,15.0,10182,trapped_inside,0,0,0,400,5,7,6958,1
shared_map,medium,15.0,10183,success,1,0,0,177,4,7,2900,0
shared_map,medium,15.0,10184,success,1,0,0,199,3,7,2998,0
shared_map,medium,15.0,10185,success,1,0,0,159,4,7,2956,0
shared_map,medium,15.0,10186,success,1,0,0,162,4,7,2624,0
shared_map,medium,15.0,10187,trapped_inside,0,0,0,400,5,7,8000,1
shared_map,medium,15.0,10188,trapped_inside,0,0,0,400,5,7,7506,1
shared_map,medium,15.0,10189,success,1,0,0,298,3,7,2772,0
shared_map,medium,15.0,10190,success,1,0,0,191,3,7,2606,0
shared_map,medium,15.0,10191,success,1,0,0,197,3,7,2942,0
shared_map,medium,15.0,10192,trapped_inside,0,0,0,400,5,7,8000,1
shared_map,medium,15.0,10193,trapped_inside,0,0,0,400,5,7,8000,1
shared_map,medium,15.0,10194,success,1,0,0,199,5,7,3256,0
shared_map,medium,15.0,10195,trapped_inside,0,0,0,400,4,7,5760,1
shared_map,medium,15.0,10196,trapped_inside,0,0,0,400,5,7,8000,1
shared_map,medium,15.0,10197,trapped_inside,0,0,0,400,4,7,5200,1
shared_map,medium,15.0,10198,success,1,0,0,183,3,7,2710,0
shared_map,medium,15.0,10199,trapped_inside,0,0,0,400,4,7,5348,1
shared_map,medium,15.0,10200,success,1,0,0,135,4,7,2148,0
shared_map,medium,15.0,10201,trapped_inside,0,0,0,400,4,7,5078,1
shared_map,medium,15.0,10202,trapped_inside,0,0,0,400,5,7,7644,1
shared_map,medium,15.0,10203,trapped_inside,0,0,0,400,4,7,5472,1
shared_map,medium,15.0,10204,trapped_inside,0,0,0,400,5,7,7632,1
shared_map,medium,15.0,10205,success,1,0,0,199,2,7,2532,0
shared_map,medium,15.0,10206,success,1,0,0,182,4,7,2584,0
shared_map,medium,15.0,10207,success,1,0,0,94,5,7,1838,0
shared_map,medium,15.0,10208,success,1,0,0,166,4,7,2952,0
shared_map,medium,15.0,10209,success,1,0,0,176,3,7,2240,0
shared_map,medium,15.0,10210,trapped_inside,0,0,0,400,5,7,8000,1
shared_map,medium,15.0,10211,success,1,0,0,247,3,7,3024,0
shared_map,medium,15.0,10212,success,1,0,0,236,4,7,2882,0
shared_map,medium,15.0,10213,trapped_inside,0,0,0,400,4,7,5336,1
shared_map,medium,15.0,10214,success,1,0,0,205,3,7,2854,0
shared_map,medium,15.0,10215,trapped_inside,0,0,0,400,5,7,8000,1
shared_map,medium,15.0,10216,success,1,0,0,200,4,7,3160,0
shared_map,medium,15.0,10217,success,1,0,0,188,5,7,3712,0
shared_map,medium,15.0,10218,success,1,0,0,155,4,7,2016,0
shared_map,medium,15.0,10219,trapped_inside,0,0,0,400,5,7,7768,1
shared_map,medium,15.0,10220,success,1,0,0,199,3,7,2606,0
shared_map,medium,15.0,10221,trapped_inside,0,0,0,400,3,7,3848,1
shared_map,medium,15.0,10222,success,1,0,0,155,2,7,1958,0
shared_map,medium,15.0,10223,success,1,0,0,158,4,7,2688,0
shared_map,medium,15.0,10224,success,1,0,0,177,3,7,2456,0
shared_map,medium,15.0,10225,success,1,0,0,175,4,7,2130,0
shared_map,medium,15.0,10226,trapped_inside,0,0,0,400,4,7,5196,1
shared_map,medium,15.0,10227,trapped_inside,0,0,0,400,5,7,7868,1
shared_map,medium,15.0,10228,success,1,0,0,175,5,7,3500,0
shared_map,medium,15.0,10229,trapped_inside,0,0,0,400,5,7,7750,1
shared_map,medium,15.0,10230,success,1,0,0,134,4,7,2124,0
shared_map,medium,15.0,10231,success,1,0,0,190,4,7,1896,0
shared_map,medium,15.0,10232,success,1,0,0,152,4,7,2666,0
shared_map,medium,15.0,10233,success,1,0,0,175,3,7,1888,0
shared_map,medium,15.0,10234,trapped_inside,0,0,0,400,4,7,5116,1
shared_map,medium,15.0,10235,success,1,0,0,141,5,7,2820,0
shared_map,medium,15.0,10236,trapped_inside,0,0,0,400,5,7,8000,1
shared_map,medium,15.0,10237,success,1,0,0,174,4,7,2746,0
shared_map,medium,15.0,10238,success,1,0,0,226,3,7,3096,0
shared_map,medium,15.0,10239,success,1,0,0,121,3,7,1594,0
shared_map,medium,15.0,10240,success,1,0,0,215,3,7,2674,0
shared_map,medium,15.0,10241,trapped_inside,0,0,0,400,5,7,7666,1
shared_map,medium,15.0,10242,trapped_inside,0,0,0,400,3,7,3482,1
shared_map,medium,15.0,10243,success,1,0,0,130,5,7,2600,0
shared_map,medium,15.0,10244,success,1,0,0,181,4,7,2848,0
shared_map,medium,15.0,10245,trapped_inside,0,0,0,400,3,7,3504,1
shared_map,medium,15.0,10246,trapped_inside,0,0,0,400,4,7,5504,1
shared_map,medium,15.0,10247,success,1,0,0,203,3,7,2556,0
shared_map,medium,15.0,10248,success,1,0,0,200,3,7,3094,0
shared_map,medium,15.0,10249,success,1,0,0,83,4,7,1492,0
shared_map,medium,15.0,10250,trapped_inside,0,0,0,400,5,7,8000,1
shared_map,medium,15.0,10251,trapped_inside,0,0,0,400,5,7,7684,1
shared_map,medium,15.0,10252,success,1,0,0,170,4,7,3224,0
shared_map,medium,15.0,10253,success,1,0,0,204,3,7,2318,0
shared_map,medium,15.0,10254,success,1,0,0,194,3,7,1968,0
shared_map,medium,15.0,10255,trapped_inside,0,0,0,400,4,7,6024,1
shared_map,medium,15.0,10256,trapped_inside,0,0,0,400,5,7,7784,1
shared_map,medium,15.0,10257,success,1,0,0,206,3,7,1618,0
shared_map,medium,15.0,10258,trapped_inside,0,0,0,400,4,7,5592,1
shared_map,medium,15.0,10259,trapped_inside,0,0,0,400,3,7,4036,1
shared_map,medium,15.0,10260,success,1,0,0,175,5,7,3500,0
shared_map,medium,15.0,10261,success,1,0,0,226,3,7,3768,0
shared_map,medium,15.0,10262,success,1,0,0,159,3,7,2048,0
shared_map,medium,15.0,10263,trapped_inside,0,0,0,400,5,7,8000,1
shared_map,medium,15.0,10264,success,1,0,0,181,4,7,2554,0
shared_map,medium,15.0,10265,trapped_inside,0,0,0,400,4,7,5038,1
shared_map,medium,15.0,10266,success,1,0,0,165,3,7,1888,0
shared_map,medium,15.0,10267,success,1,0,0,222,3,7,2768,0
shared_map,medium,15.0,10268,trapped_inside,0,0,0,400,4,7,5328,1
shared_map,medium,15.0,10269,trapped_inside,0,0,0,400,5,7,7348,1
shared_map,medium,15.0,10270,success,1,0,0,188,4,7,2976,0
shared_map,medium,15.0,10271,success,1,0,0,129,4,7,2212,0
shared_map,medium,15.0,10272,success,1,0,0,190,4,7,3072,0
shared_map,medium,15.0,10273,trapped_inside,0,0,0,400,5,7,8000,1
shared_map,medium,15.0,10274,success,1,0,0,176,3,7,2076,0
shared_map,medium,15.0,10275,success,1,0,0,193,3,7,3534,0
shared_map,medium,15.0,10276,trapped_inside,0,0,0,400,5,7,8000,1
shared_map,medium,15.0,10277,success,1,0,0,165,4,7,3140,0
shared_map,medium,15.0,10278,trapped_inside,0,0,0,400,5,7,7254,1
shared_map,medium,15.0,10279,success,1,0,0,216,4,7,3110,0
shared_map,medium,15.0,10280,trapped_inside,0,0,0,400,5,7,7680,1
shared_map,medium,15.0,10281,success,1,0,0,131,4,7,1728,0
shared_map,medium,15.0,10282,success,1,0,0,208,4,7,2840,0
shared_map,medium,15.0,10283,success,1,0,0,194,4,7,3112,0
shared_map,medium,15.0,10284,trapped_inside,0,0,0,400,5,7,7378,1
shared_map,medium,15.0,10285,success,1,0,0,150,4,7,2936,0
shared_map,medium,15.0,10286,trapped_inside,0,0,0,400,4,7,5560,1
shared_map,medium,15.0,10287,success,1,0,0,160,4,7,2656,0
shared_map,medium,15.0,10288,success,1,0,0,188,2,7,2582,0
shared_map,medium,15.0,10289,success,1,0,0,180,4,7,3192,0
shared_map,medium,15.0,10290,trapped_inside,0,0,0,400,5,7,8000,1
shared_map,medium,15.0,10291,trapped_inside,0,0,0,400,5,7,8000,1
shared_map,medium,15.0,10292,trapped_inside,0,0,0,400,4,7,5056,1
shared_map,medium,15.0,10293,trapped_inside,0,0,0,400,4,7,5544,1
shared_map,medium,15.0,10294,trapped_inside,0,0,0,400,5,7,7704,1
shared_map,medium,15.0,10295,success,1,0,0,204,4,7,3056,0
shared_map,medium,15.0,10296,success,1,0,0,156,3,7,2170,0
shared_map,medium,15.0,10297,trapped_inside,0,0,0,400,4,7,5384,1
shared_map,medium,15.0,10298,trapped_inside,0,0,0,400,5,7,8000,1
shared_map,medium,15.0,10299,trapped_inside,0,0,0,400,5,7,8000,1
shared_map,medium,15.0,10300,trapped_inside,0,0,0,400,5,7,8000,1
shared_map,medium,15.0,10301,success,1,0,0,170,4,7,2704,0
shared_map,medium,15.0,10302,trapped_inside,0,0,0,400,4,7,5368,1
shared_map,medium,15.0,10303,success,1,0,0,206,3,7,2714,0
shared_map,medium,15.0,10304,trapped_inside,0,0,0,400,4,7,4998,1
shared_map,medium,15.0,10305,success,1,0,0,182,3,7,2330,0
shared_map,medium,15.0,10306,success,1,0,0,220,3,7,2838,0
shared_map,medium,15.0,10307,success,1,0,0,180,4,7,3536,0
shared_map,medium,15.0,10308,success,1,0,0,152,4,7,2016,0
shared_map,medium,15.0,10309,trapped_inside,0,0,0,400,4,7,5600,1
shared_map,medium,15.0,10310,trapped_inside,0,0,0,400,5,7,8000,1
shared_map,medium,15.0,10311,trapped_inside,0,0,0,400,4,7,5600,1
shared_map,medium,15.0,10312,success,1,0,0,197,3,7,3030,0
shared_map,medium,15.0,10313,success,1,0,0,141,3,7,2266,0
shared_map,medium,15.0,10314,success,1,0,0,184,3,7,2524,0
shared_map,medium,15.0,10315,trapped_inside,0,0,0,400,5,7,8000,1
shared_map,medium,15.0,10316,trapped_inside,0,0,0,400,4,7,5824,1
shared_map,medium,15.0,10317,success,1,0,0,130,5,7,2600,0
shared_map,medium,15.0,10318,trapped_inside,0,0,0,400,5,7,7644,1
shared_map,medium,15.0,10319,trapped_inside,0,0,0,400,5,7,7412,1
shared_map,medium,15.0,10320,success,1,0,0,110,5,7,2200,0
shared_map,medium,15.0,10321,success,1,0,0,122,4,7,2288,0
shared_map,medium,15.0,10322,success,1,0,0,168,3,7,2512,0
shared_map,medium,15.0,10323,success,1,0,0,302,3,7,3560,0
shared_map,medium,15.0,10324,success,1,0,0,176,4,7,3168,0
shared_map,medium,15.0,10325,success,1,0,0,166,5,7,3320,0
shared_map,medium,15.0,10326,trapped_inside,0,0,0,400,4,7,5296,1
shared_map,medium,15.0,10327,success,1,0,0,195,4,7,3076,0
shared_map,medium,15.0,10328,success,1,0,0,129,4,7,1778,0
shared_map,medium,15.0,10329,success,1,0,0,122,4,7,2152,0
shared_map,medium,15.0,10330,success,1,0,0,234,4,7,3744,0
shared_map,medium,15.0,10331,success,1,0,0,228,3,7,3006,0
shared_map,medium,15.0,10332,trapped_inside,0,0,0,400,3,7,3640,1
shared_map,medium,15.0,10333,success,1,0,0,195,4,7,2234,0
shared_map,medium,15.0,10334,trapped_inside,0,0,0,400,4,7,4930,1
shared_map,medium,15.0,10335,success,1,0,0,180,3,7,2278,0
shared_map,medium,15.0,10336,trapped_inside,0,0,0,400,5,7,7466,1
shared_map,medium,15.0,10337,trapped_inside,0,0,0,400,5,7,7746,1
shared_map,medium,15.0,10338,success,1,0,0,124,4,7,1868,0
shared_map,medium,15.0,10339,trapped_inside,0,0,0,400,4,7,5640,1
shared_map,medium,15.0,10340,trapped_inside,0,0,0,400,4,7,5552,1
shared_map,medium,15.0,10341,success,1,0,0,203,3,7,2872,0
shared_map,medium,15.0,10342,success,1,0,0,117,5,7,2340,0
shared_map,medium,15.0,10343,success,1,0,0,180,4,7,2172,0
shared_map,medium,15.0,10344,trapped_inside,0,0,0,400,5,7,8000,1
shared_map,medium,15.0,10345,success,1,0,0,245,4,7,3772,0
shared_map,medium,15.0,10346,trapped_inside,0,0,0,400,4,7,5384,1
shared_map,medium,15.0,10347,trapped_inside,0,0,0,400,3,7,4030,1
shared_map,medium,15.0,10348,trapped_inside,0,0,0,400,5,7,8000,1
shared_map,medium,15.0,10349,success,1,0,0,166,3,7,2602,0
shared_map,medium,15.0,10350,trapped_inside,0,0,0,400,4,7,5736,1
shared_map,medium,15.0,10351,success,1,0,0,196,3,7,3024,0
shared_map,medium,15.0,10352,success,1,0,0,233,4,7,3684,0
shared_map,medium,15.0,10353,success,1,0,0,108,5,7,2160,0
shared_map,medium,15.0,10354,trapped_inside,0,0,0,400,5,7,8000,1
shared_map,medium,15.0,10355,success,1,0,0,160,4,7,2632,0
shared_map,medium,15.0,10356,success,1,0,0,167,4,7,2868,0
shared_map,medium,15.0,10357,trapped_inside,0,0,0,400,3,7,1748,1
shared_map,medium,15.0,10358,success,1,0,0,205,3,7,1894,0
shared_map,medium,15.0,10359,success,1,0,0,178,4,7,2776,0
shared_map,medium,15.0,10360,success,1,0,0,198,4,7,3176,0
shared_map,medium,15.0,10361,success,1,0,0,207,3,7,2166,0
shared_map,medium,15.0,10362,success,1,0,0,236,4,7,3408,0
shared_map,medium,15.0,10363,success,1,0,0,230,3,7,2584,0
shared_map,medium,15.0,10364,success,1,0,0,231,3,7,3048,0
shared_map,medium,15.0,10365,success,1,0,0,182,3,7,2776,0
shared_map,medium,15.0,10366,success,1,0,0,154,4,7,2560,0
shared_map,medium,15.0,10367,success,1,0,0,185,3,7,2820,0
shared_map,medium,15.0,10368,success,1,0,0,189,4,7,3348,0
shared_map,medium,15.0,10369,success,1,0,0,152,5,7,2338,0
shared_map,medium,15.0,10370,trapped_inside,0,0,0,400,3,7,3986,1
shared_map,medium,15.0,10371,trapped_inside,0,0,0,400,4,7,5472,1
shared_map,medium,15.0,10372,success,1,0,0,166,5,7,2966,0
shared_map,medium,15.0,10373,trapped_inside,0,0,0,400,3,7,3786,1
shared_map,medium,15.0,10374,success,1,0,0,209,3,7,2486,0
shared_map,medium,15.0,10375,success,1,0,0,210,3,7,1990,0
shared_map,medium,15.0,10376,trapped_inside,0,0,0,400,5,7,8000,1
shared_map,medium,15.0,10377,success,1,0,0,178,4,7,2808,0
shared_map,medium,15.0,10378,success,1,0,0,175,3,7,2038,0
shared_map,medium,15.0,10379,trapped_inside,0,0,0,400,5,7,7718,1
shared_map,medium,15.0,10380,trapped_inside,0,0,0,400,4,7,5358,1
shared_map,medium,15.0,10381,trapped_inside,0,0,0,400,5,7,8000,1
shared_map,medium,15.0,10382,trapped_inside,0,0,0,400,4,7,4812,1
shared_map,medium,15.0,10383,trapped_inside,0,0,0,400,4,7,5608,1
shared_map,medium,15.0,10384,success,1,0,0,156,3,7,1796,0
shared_map,medium,15.0,10385,trapped_inside,0,0,0,400,5,7,8000,1
shared_map,medium,15.0,10386,trapped_inside,0,0,0,400,5,7,4800,1
shared_map,medium,15.0,10387,success,1,0,0,189,3,7,2818,0
shared_map,medium,15.0,10388,trapped_inside,0,0,0,400,4,7,5064,1
shared_map,medium,15.0,10389,trapped_inside,0,0,0,400,5,7,8000,1
shared_map,medium,15.0,10390,success,1,0,0,147,3,7,1796,0
shared_map,medium,15.0,10391,trapped_inside,0,0,0,400,4,7,5608,1
shared_map,medium,15.0,10392,success,1,0,0,211,5,7,4220,0
shared_map,medium,15.0,10393,trapped_inside,0,0,0,400,4,7,5308,1
shared_map,medium,15.0,10394,success,1,0,0,173,4,7,2892,0
shared_map,medium,15.0,10395,trapped_inside,0,0,0,400,5,7,8000,1
shared_map,medium,15.0,10396,trapped_inside,0,0,0,400,5,7,7488,1
shared_map,medium,15.0,10397,success,1,0,0,177,3,7,2238,0
shared_map,medium,15.0,10398,success,1,0,0,180,3,7,3056,0
shared_map,medium,15.0,10399,success,1,0,0,177,3,7,2682,0
shared_map,medium,15.0,10400,success,1,0,0,177,3,7,2310,0
shared_map,medium,15.0,10401,success,1,0,0,162,3,7,2340,0
shared_map,medium,15.0,10402,success,1,0,0,207,4,7,3292,0
shared_map,medium,15.0,10403,trapped_inside,0,0,0,400,5,7,8000,1
shared_map,medium,15.0,10404,trapped_inside,0,0,0,400,4,7,5456,1
shared_map,medium,15.0,10405,success,1,0,0,161,3,7,2156,0
shared_map,medium,15.0,10406,success,1,0,0,194,4,7,3584,0
shared_map,medium,15.0,10407,success,1,0,0,180,4,7,3544,0
shared_map,medium,15.0,10408,success,1,0,0,240,4,7,3254,0
shared_map,medium,15.0,10409,success,1,0,0,182,3,7,2676,0
shared_map,medium,15.0,10410,trapped_inside,0,0,0,400,5,7,8000,1
shared_map,medium,15.0,10411,trapped_inside,0,0,0,400,4,7,5528,1
shared_map,medium,15.0,10412,success,1,0,0,174,4,7,2832,0
shared_map,medium,15.0,10413,success,1,0,0,137,4,7,2652,0
shared_map,medium,15.0,10414,success,1,0,0,179,3,7,2962,0
shared_map,medium,15.0,10415,trapped_inside,0,0,0,400,5,7,8000,1
shared_map,medium,15.0,10416,trapped_inside,0,0,0,400,5,7,7160,1
shared_map,medium,15.0,10417,trapped_inside,0,0,0,400,5,7,7830,1
shared_map,medium,15.0,10418,success,1,0,0,200,4,7,3392,0
shared_map,medium,15.0,10419,success,1,0,0,277,2,7,3908,0
shared_map,medium,15.0,10420,success,1,0,0,212,4,7,2908,0
shared_map,medium,15.0,10421,success,1,0,0,228,3,7,2716,0
shared_map,medium,15.0,10422,trapped_inside,0,0,0,400,4,7,5422,1
shared_map,medium,15.0,10423,success,1,0,0,319,3,7,3386,0
shared_map,medium,15.0,10424,trapped_inside,0,0,0,400,4,7,5184,1
shared_map,medium,15.0,10425,trapped_inside,0,0,0,400,5,7,8000,1
shared_map,medium,15.0,10426,success,1,0,0,157,4,7,1738,0
shared_map,medium,15.0,10427,success,1,0,0,164,4,7,2418,0
shared_map,medium,15.0,10428,success,1,0,0,155,5,7,3070,0
shared_map,medium,15.0,10429,success,1,0,0,249,3,7,2984,0
shared_map,medium,15.0,10430,success,1,0,0,175,5,7,3026,0
shared_map,medium,15.0,10431,trapped_inside,0,0,0,400,4,7,5180,1
shared_map,medium,15.0,10432,success,1,0,0,180,4,7,3304,0
shared_map,medium,15.0,10433,success,1,0,0,170,4,7,2284,0
shared_map,medium,15.0,10434,success,1,0,0,152,5,7,3040,0
shared_map,medium,15.0,10435,success,1,0,0,164,4,7,2728,0
shared_map,medium,15.0,10436,trapped_inside,0,0,0,400,5,7,7918,1
shared_map,medium,15.0,10437,trapped_inside,0,0,0,400,5,7,8000,1
shared_map,medium,15.0,10438,success,1,0,0,162,3,7,1624,0
shared_map,medium,15.0,10439,success,1,0,0,215,3,7,3284,0
shared_map,medium,15.0,10440,trapped_inside,0,0,0,400,4,7,4980,1
shared_map,medium,15.0,10441,success,1,0,0,189,4,7,3124,0
shared_map,medium,15.0,10442,trapped_inside,0,0,0,400,4,7,5224,1
shared_map,medium,15.0,10443,trapped_inside,0,0,0,400,5,7,7876,1
shared_map,medium,15.0,10444,success,1,0,0,171,4,7,2452,0
shared_map,medium,15.0,10445,success,1,0,0,124,4,7,2480,0
shared_map,medium,15.0,10446,trapped_inside,0,0,0,400,4,7,5360,1
shared_map,medium,15.0,10447,trapped_inside,0,0,0,400,3,7,4772,1
shared_map,medium,15.0,10448,trapped_inside,0,0,0,400,5,7,7676,1
shared_map,medium,15.0,10449,success,1,0,0,148,3,7,2494,0
shared_map,medium,15.0,10450,trapped_inside,0,0,0,400,4,7,5580,1
shared_map,medium,15.0,10451,success,1,0,0,220,3,7,2518,0
shared_map,medium,15.0,10452,trapped_inside,0,0,0,400,5,7,8000,1
shared_map,medium,15.0,10453,trapped_inside,0,0,0,400,4,7,5576,1
shared_map,medium,15.0,10454,success,1,0,0,205,3,7,2606,0
shared_map,medium,15.0,10455,trapped_inside,0,0,0,400,5,7,7530,1
shared_map,medium,15.0,10456,success,1,0,0,203,4,7,3236,0
shared_map,medium,15.0,10457,success,1,0,0,221,4,7,3360,0
shared_map,medium,15.0,10458,success,1,0,0,236,3,7,2342,0
shared_map,medium,15.0,10459,success,1,0,0,186,4,7,2398,0
shared_map,medium,15.0,10460,success,1,0,0,214,3,7,2780,0
shared_map,medium,15.0,10461,success,1,0,0,149,5,7,2550,0
shared_map,medium,15.0,10462,trapped_inside,0,0,0,400,4,7,5312,1
shared_map,medium,15.0,10463,success,1,0,0,195,3,7,1972,0
shared_map,medium,15.0,10464,trapped_inside,0,0,0,400,5,7,8000,1
shared_map,medium,15.0,10465,success,1,0,0,222,3,7,4146,0
shared_map,medium,15.0,10466,trapped_inside,0,0,0,400,3,7,3802,1
shared_map,medium,15.0,10467,success,1,0,0,133,4,7,2364,0
shared_map,medium,15.0,10468,success,1,0,0,164,3,7,2436,0
shared_map,medium,15.0,10469,trapped_inside,0,0,0,400,3,7,3608,1
shared_map,medium,15.0,10470,trapped_inside,0,0,0,400,5,7,7728,1
shared_map,medium,15.0,10471,success,1,0,0,187,4,7,2268,0
shared_map,medium,15.0,10472,trapped_inside,0,0,0,400,4,7,5232,1
shared_map,medium,15.0,10473,success,1,0,0,240,3,7,2400,0
shared_map,medium,15.0,10474,success,1,0,0,154,3,7,2802,0
shared_map,medium,15.0,10475,trapped_inside,0,0,0,400,5,7,8000,1
shared_map,medium,15.0,10476,success,1,0,0,121,5,7,2420,0
shared_map,medium,15.0,10477,success,1,0,0,157,4,7,2524,0
shared_map,medium,15.0,10478,trapped_inside,0,0,0,400,5,7,7640,1
shared_map,medium,15.0,10479,success,1,0,0,228,3,7,2718,0
shared_map,medium,15.0,10480,success,1,0,0,167,4,7,2700,0
shared_map,medium,15.0,10481,success,1,0,0,126,3,7,1738,0
shared_map,medium,15.0,10482,success,1,0,0,184,3,7,2476,0
shared_map,medium,15.0,10483,trapped_inside,0,0,0,400,4,7,5544,1
shared_map,medium,15.0,10484,trapped_inside,0,0,0,400,4,7,5808,1
shared_map,medium,15.0,10485,success,1,0,0,221,4,7,2734,0
shared_map,medium,15.0,10486,success,1,0,0,181,4,7,2526,0
shared_map,medium,15.0,10487,success,1,0,0,211,5,7,3670,0
shared_map,medium,15.0,10488,success,1,0,0,227,3,7,3474,0
shared_map,medium,15.0,10489,success,1,0,0,140,5,7,2104,0
shared_map,medium,15.0,10490,trapped_inside,0,0,0,400,5,7,7618,1
shared_map,medium,15.0,10491,trapped_inside,0,0,0,400,5,7,8000,1
shared_map,medium,15.0,10492,success,1,0,0,194,3,7,2618,0
shared_map,medium,15.0,10493,success,1,0,0,145,5,7,2876,0
shared_map,medium,15.0,10494,success,1,0,0,195,5,7,3900,0
shared_map,medium,15.0,10495,success,1,0,0,158,4,7,2544,0
shared_map,medium,15.0,10496,success,1,0,0,138,4,7,1760,0
shared_map,medium,15.0,10497,success,1,0,0,147,4,7,2112,0
shared_map,medium,15.0,10498,success,1,0,0,108,5,7,1662,0
shared_map,medium,15.0,10499,success,1,0,0,169,5,7,3380,0
split_exit,medium,15.0,10000,success,1,0,0,190,4,7,2687,0
split_exit,medium,15.0,10001,success,1,0,0,217,2,7,1752,0
split_exit,medium,15.0,10002,success,1,0,0,204,2,7,1367,0
split_exit,medium,15.0,10003,success,1,0,0,156,3,7,933,0
split_exit,medium,15.0,10004,success,1,0,0,188,2,7,1160,0
split_exit,medium,15.0,10005,success,1,0,0,161,4,7,1580,0
split_exit,medium,15.0,10006,success,1,0,0,154,3,7,1345,0
split_exit,medium,15.0,10007,trapped_inside,0,0,0,400,3,7,2569,1
split_exit,medium,15.0,10008,success,1,0,0,217,2,7,1151,0
split_exit,medium,15.0,10009,success,1,0,0,193,3,7,1517,0
split_exit,medium,15.0,10010,trapped_inside,0,0,0,400,3,7,2542,1
split_exit,medium,15.0,10011,trapped_inside,0,0,0,400,3,7,2914,1
split_exit,medium,15.0,10012,success,1,0,0,112,4,7,1197,0
split_exit,medium,15.0,10013,success,1,0,0,179,3,7,971,0
split_exit,medium,15.0,10014,trapped_inside,0,0,0,400,3,7,2540,1
split_exit,medium,15.0,10015,success,1,0,0,211,2,7,609,0
split_exit,medium,15.0,10016,success,1,0,0,188,3,7,1275,0
split_exit,medium,15.0,10017,success,1,0,0,203,2,7,1031,0
split_exit,medium,15.0,10018,success,1,0,0,191,3,7,1101,0
split_exit,medium,15.0,10019,success,1,0,0,196,2,7,1198,0
split_exit,medium,15.0,10020,trapped_inside,0,0,0,400,3,7,2642,1
split_exit,medium,15.0,10021,success,1,0,0,171,3,7,952,0
split_exit,medium,15.0,10022,success,1,0,0,139,3,7,817,0
split_exit,medium,15.0,10023,trapped_inside,0,0,0,400,3,7,2555,1
split_exit,medium,15.0,10024,success,1,0,0,228,2,7,1553,0
split_exit,medium,15.0,10025,success,1,0,0,176,5,7,2793,0
split_exit,medium,15.0,10026,trapped_inside,0,0,0,400,3,7,2853,1
split_exit,medium,15.0,10027,success,1,0,0,189,3,7,1305,0
split_exit,medium,15.0,10028,success,1,0,0,168,4,7,2209,0
split_exit,medium,15.0,10029,success,1,0,0,155,3,7,873,0
split_exit,medium,15.0,10030,success,1,0,0,176,3,7,1618,0
split_exit,medium,15.0,10031,success,1,0,0,215,2,7,1009,0
split_exit,medium,15.0,10032,success,1,0,0,152,4,7,1967,0
split_exit,medium,15.0,10033,success,1,0,0,175,3,7,1198,0
split_exit,medium,15.0,10034,trapped_inside,0,0,0,400,2,7,1271,1
split_exit,medium,15.0,10035,trapped_inside,0,0,0,400,3,7,2662,1
split_exit,medium,15.0,10036,success,1,0,0,166,3,7,1364,0
split_exit,medium,15.0,10037,success,1,0,0,142,3,7,1190,0
split_exit,medium,15.0,10038,success,1,0,0,195,2,7,1196,0
split_exit,medium,15.0,10039,success,1,0,0,186,2,7,919,0
split_exit,medium,15.0,10040,trapped_inside,0,0,0,400,3,7,2747,1
split_exit,medium,15.0,10041,success,1,0,0,139,2,7,911,0
split_exit,medium,15.0,10042,success,1,0,0,220,2,7,1098,0
split_exit,medium,15.0,10043,success,1,0,0,223,2,7,1150,0
split_exit,medium,15.0,10044,success,1,0,0,165,3,7,1162,0
split_exit,medium,15.0,10045,success,1,0,0,193,4,7,3004,0
split_exit,medium,15.0,10046,success,1,0,0,203,2,7,876,0
split_exit,medium,15.0,10047,success,1,0,0,171,4,7,2571,0
split_exit,medium,15.0,10048,success,1,0,0,157,2,7,765,0
split_exit,medium,15.0,10049,success,1,0,0,167,3,7,1352,0
split_exit,medium,15.0,10050,success,1,0,0,145,2,7,976,0
split_exit,medium,15.0,10051,success,1,0,0,159,3,7,1387,0
split_exit,medium,15.0,10052,success,1,0,0,151,3,7,1728,0
split_exit,medium,15.0,10053,success,1,0,0,187,2,7,1341,0
split_exit,medium,15.0,10054,success,1,0,0,209,2,7,1216,0
split_exit,medium,15.0,10055,trapped_inside,0,0,0,400,3,7,2702,1
split_exit,medium,15.0,10056,trapped_inside,0,0,0,400,3,7,2319,1
split_exit,medium,15.0,10057,success,1,0,0,132,3,7,1296,0
split_exit,medium,15.0,10058,trapped_inside,0,0,0,400,3,7,2572,1
split_exit,medium,15.0,10059,success,1,0,0,154,2,7,1122,0
split_exit,medium,15.0,10060,success,1,0,0,180,3,7,2069,0
split_exit,medium,15.0,10061,success,1,0,0,213,2,7,577,0
split_exit,medium,15.0,10062,success,1,0,0,186,2,7,1688,0
split_exit,medium,15.0,10063,success,1,0,0,225,3,7,973,0
split_exit,medium,15.0,10064,success,1,0,0,195,2,7,1203,0
split_exit,medium,15.0,10065,success,1,0,0,202,2,7,862,0
split_exit,medium,15.0,10066,trapped_inside,0,0,0,400,3,7,2765,1
split_exit,medium,15.0,10067,trapped_inside,0,0,0,400,3,7,2650,1
split_exit,medium,15.0,10068,success,1,0,0,138,3,7,1970,0
split_exit,medium,15.0,10069,success,1,0,0,159,2,7,1174,0
split_exit,medium,15.0,10070,success,1,0,0,204,3,7,1552,0
split_exit,medium,15.0,10071,success,1,0,0,176,2,7,1381,0
split_exit,medium,15.0,10072,success,1,0,0,177,3,7,1871,0
split_exit,medium,15.0,10073,success,1,0,0,165,2,7,938,0
split_exit,medium,15.0,10074,success,1,0,0,163,2,7,1294,0
split_exit,medium,15.0,10075,success,1,0,0,199,2,7,906,0
split_exit,medium,15.0,10076,trapped_inside,0,0,0,400,3,7,2351,1
split_exit,medium,15.0,10077,success,1,0,0,139,3,7,871,0
split_exit,medium,15.0,10078,success,1,0,0,184,3,7,1834,0
split_exit,medium,15.0,10079,trapped_inside,0,0,0,400,3,7,2411,1
split_exit,medium,15.0,10080,success,1,0,0,182,3,7,1417,0
split_exit,medium,15.0,10081,success,1,0,0,164,3,7,1484,0
split_exit,medium,15.0,10082,success,1,0,0,200,3,7,1592,0
split_exit,medium,15.0,10083,success,1,0,0,124,3,7,1118,0
split_exit,medium,15.0,10084,success,1,0,0,113,2,7,805,0
split_exit,medium,15.0,10085,success,1,0,0,169,2,7,1374,0
split_exit,medium,15.0,10086,success,1,0,0,127,3,7,719,0
split_exit,medium,15.0,10087,success,1,0,0,205,2,7,1797,0
split_exit,medium,15.0,10088,success,1,0,0,197,2,7,1160,0
split_exit,medium,15.0,10089,success,1,0,0,261,2,7,2194,0
split_exit,medium,15.0,10090,success,1,0,0,194,3,7,1533,0
split_exit,medium,15.0,10091,success,1,0,0,106,3,7,1083,0
split_exit,medium,15.0,10092,success,1,0,0,132,3,7,876,0
split_exit,medium,15.0,10093,success,1,0,0,132,4,7,1315,0
split_exit,medium,15.0,10094,success,1,0,0,135,2,7,1702,0
split_exit,medium,15.0,10095,trapped_inside,0,0,0,400,3,7,2379,1
split_exit,medium,15.0,10096,success,1,0,0,135,2,7,1067,0
split_exit,medium,15.0,10097,success,1,0,0,149,4,7,1809,0
split_exit,medium,15.0,10098,success,1,0,0,149,4,7,2726,0
split_exit,medium,15.0,10099,success,1,0,0,179,3,7,1479,0
split_exit,medium,15.0,10100,success,1,0,0,177,3,7,1658,0
split_exit,medium,15.0,10101,success,1,0,0,202,3,7,1050,0
split_exit,medium,15.0,10102,success,1,0,0,191,5,7,3676,0
split_exit,medium,15.0,10103,success,1,0,0,189,2,7,1289,0
split_exit,medium,15.0,10104,success,1,0,0,112,2,7,1034,0
split_exit,medium,15.0,10105,trapped_inside,0,0,0,400,3,7,2515,1
split_exit,medium,15.0,10106,success,1,0,0,196,2,7,1283,0
split_exit,medium,15.0,10107,success,1,0,0,157,3,7,1071,0
split_exit,medium,15.0,10108,success,1,0,0,202,2,7,1205,0
split_exit,medium,15.0,10109,success,1,0,0,244,2,7,671,0
split_exit,medium,15.0,10110,success,1,0,0,273,2,7,1701,0
split_exit,medium,15.0,10111,trapped_inside,0,0,0,400,3,7,2950,1
split_exit,medium,15.0,10112,success,1,0,0,139,3,7,1220,0
split_exit,medium,15.0,10113,success,1,0,0,183,3,7,1459,0
split_exit,medium,15.0,10114,success,1,0,0,163,3,7,1577,0
split_exit,medium,15.0,10115,success,1,0,0,202,2,7,971,0
split_exit,medium,15.0,10116,success,1,0,0,200,3,7,1922,0
split_exit,medium,15.0,10117,success,1,0,0,122,3,7,933,0
split_exit,medium,15.0,10118,success,1,0,0,181,3,7,1568,0
split_exit,medium,15.0,10119,success,1,0,0,204,3,7,1070,0
split_exit,medium,15.0,10120,success,1,0,0,120,3,7,541,0
split_exit,medium,15.0,10121,success,1,0,0,229,2,7,744,0
split_exit,medium,15.0,10122,success,1,0,0,138,3,7,693,0
split_exit,medium,15.0,10123,success,1,0,0,90,3,7,942,0
split_exit,medium,15.0,10124,success,1,0,0,179,3,7,1424,0
split_exit,medium,15.0,10125,success,1,0,0,146,3,7,1916,0
split_exit,medium,15.0,10126,success,1,0,0,157,3,7,1434,0
split_exit,medium,15.0,10127,success,1,0,0,169,3,7,1274,0
split_exit,medium,15.0,10128,success,1,0,0,151,4,7,2231,0
split_exit,medium,15.0,10129,success,1,0,0,143,3,7,1262,0
split_exit,medium,15.0,10130,success,1,0,0,185,3,7,2278,0
split_exit,medium,15.0,10131,success,1,0,0,150,4,7,2212,0
split_exit,medium,15.0,10132,success,1,0,0,192,3,7,1478,0
split_exit,medium,15.0,10133,success,1,0,0,172,2,7,845,0
split_exit,medium,15.0,10134,success,1,0,0,197,2,7,1063,0
split_exit,medium,15.0,10135,success,1,0,0,167,3,7,980,0
split_exit,medium,15.0,10136,success,1,0,0,189,3,7,943,0
split_exit,medium,15.0,10137,success,1,0,0,208,3,7,1810,0
split_exit,medium,15.0,10138,success,1,0,0,141,3,7,1366,0
split_exit,medium,15.0,10139,success,1,0,0,201,2,7,986,0
split_exit,medium,15.0,10140,success,1,0,0,157,3,7,1433,0
split_exit,medium,15.0,10141,trapped_inside,0,0,0,400,3,7,2761,1
split_exit,medium,15.0,10142,success,1,0,0,128,3,7,1452,0
split_exit,medium,15.0,10143,success,1,0,0,152,3,7,1439,0
split_exit,medium,15.0,10144,success,1,0,0,170,4,7,2526,0
split_exit,medium,15.0,10145,success,1,0,0,195,2,7,1118,0
split_exit,medium,15.0,10146,success,1,0,0,194,3,7,1942,0
split_exit,medium,15.0,10147,success,1,0,0,149,3,7,1437,0
split_exit,medium,15.0,10148,success,1,0,0,162,3,7,1420,0
split_exit,medium,15.0,10149,trapped_inside,0,0,0,400,3,7,2374,1
split_exit,medium,15.0,10150,success,1,0,0,107,3,7,881,0
split_exit,medium,15.0,10151,success,1,0,0,232,2,7,1414,0
split_exit,medium,15.0,10152,trapped_inside,0,0,0,400,3,7,2696,1
split_exit,medium,15.0,10153,success,1,0,0,150,3,7,1332,0
split_exit,medium,15.0,10154,success,1,0,0,141,3,7,1074,0
split_exit,medium,15.0,10155,success,1,0,0,200,2,7,867,0
split_exit,medium,15.0,10156,success,1,0,0,172,3,7,1502,0
split_exit,medium,15.0,10157,trapped_inside,0,0,0,400,3,7,2968,1
split_exit,medium,15.0,10158,success,1,0,0,173,3,7,1752,0
split_exit,medium,15.0,10159,success,1,0,0,148,2,7,805,0
split_exit,medium,15.0,10160,success,1,0,0,143,2,7,1346,0
split_exit,medium,15.0,10161,success,1,0,0,115,3,7,956,0
split_exit,medium,15.0,10162,trapped_inside,0,0,0,400,2,7,948,1
split_exit,medium,15.0,10163,success,1,0,0,218,2,7,1293,0
split_exit,medium,15.0,10164,success,1,0,0,243,2,7,1107,0
split_exit,medium,15.0,10165,success,1,0,0,244,2,7,1437,0
split_exit,medium,15.0,10166,success,1,0,0,181,2,7,1234,0
split_exit,medium,15.0,10167,success,1,0,0,199,3,7,1027,0
split_exit,medium,15.0,10168,success,1,0,0,111,5,7,2029,0
split_exit,medium,15.0,10169,trapped_inside,0,0,0,400,2,7,1362,1
split_exit,medium,15.0,10170,success,1,0,0,133,3,7,1467,0
split_exit,medium,15.0,10171,success,1,0,0,138,3,7,733,0
split_exit,medium,15.0,10172,success,1,0,0,212,2,7,1339,0
split_exit,medium,15.0,10173,success,1,0,0,180,3,7,1631,0
split_exit,medium,15.0,10174,success,1,0,0,217,2,7,1119,0
split_exit,medium,15.0,10175,success,1,0,0,126,3,7,1059,0
split_exit,medium,15.0,10176,success,1,0,0,208,2,7,1587,0
split_exit,medium,15.0,10177,trapped_inside,0,0,0,400,3,7,2680,1
split_exit,medium,15.0,10178,success,1,0,0,197,3,7,1018,0
split_exit,medium,15.0,10179,success,1,0,0,225,3,7,1087,0
split_exit,medium,15.0,10180,success,1,0,0,193,2,7,855,0
split_exit,medium,15.0,10181,success,1,0,0,142,2,7,1493,0
split_exit,medium,15.0,10182,trapped_inside,0,0,0,400,3,7,2223,1
split_exit,medium,15.0,10183,success,1,0,0,176,3,7,1450,0
split_exit,medium,15.0,10184,success,1,0,0,196,3,7,2069,0
split_exit,medium,15.0,10185,success,1,0,0,158,3,7,1384,0
split_exit,medium,15.0,10186,success,1,0,0,162,2,7,884,0
split_exit,medium,15.0,10187,success,1,0,0,175,2,7,1583,0
split_exit,medium,15.0,10188,trapped_inside,0,0,0,400,3,7,2759,1
split_exit,medium,15.0,10189,success,1,0,0,297,3,7,2139,0
split_exit,medium,15.0,10190,success,1,0,0,190,2,7,803,0
split_exit,medium,15.0,10191,success,1,0,0,196,2,7,1241,0
split_exit,medium,15.0,10192,trapped_inside,0,0,0,400,3,7,2483,1
split_exit,medium,15.0,10193,trapped_inside,0,0,0,400,3,7,3002,1
split_exit,medium,15.0,10194,success,1,0,0,199,3,7,1105,0
split_exit,medium,15.0,10195,trapped_inside,0,0,0,400,3,7,2933,1
split_exit,medium,15.0,10196,success,1,0,0,143,3,7,1436,0
split_exit,medium,15.0,10197,trapped_inside,0,0,0,400,2,7,1089,1
split_exit,medium,15.0,10198,success,1,0,0,195,2,7,1071,0
split_exit,medium,15.0,10199,trapped_inside,0,0,0,400,2,7,2115,1
split_exit,medium,15.0,10200,success,1,0,0,134,3,7,1076,0
split_exit,medium,15.0,10201,success,1,0,0,182,3,7,1576,0
split_exit,medium,15.0,10202,trapped_inside,0,0,0,400,3,7,2596,1
split_exit,medium,15.0,10203,success,1,0,0,126,3,7,1878,0
split_exit,medium,15.0,10204,success,1,0,0,197,5,7,3409,0
split_exit,medium,15.0,10205,success,1,0,0,195,2,7,1320,0
split_exit,medium,15.0,10206,success,1,0,0,181,3,7,1132,0
split_exit,medium,15.0,10207,success,1,0,0,94,3,7,1088,0
split_exit,medium,15.0,10208,success,1,0,0,165,3,7,1422,0
split_exit,medium,15.0,10209,success,1,0,0,175,2,7,828,0
split_exit,medium,15.0,10210,trapped_inside,0,0,0,400,3,7,2845,1
split_exit,medium,15.0,10211,success,1,0,0,244,2,7,1100,0
split_exit,medium,15.0,10212,success,1,0,0,238,2,7,825,0
split_exit,medium,15.0,10213,trapped_inside,0,0,0,400,2,7,1756,1
split_exit,medium,15.0,10214,success,1,0,0,204,2,7,1720,0
split_exit,medium,15.0,10215,trapped_inside,0,0,0,400,3,7,2616,1
split_exit,medium,15.0,10216,success,1,0,0,199,3,7,1827,0
split_exit,medium,15.0,10217,success,1,0,0,188,4,7,2332,0
split_exit,medium,15.0,10218,success,1,0,0,155,2,7,924,0
split_exit,medium,15.0,10219,trapped_inside,0,0,0,400,3,7,2476,1
split_exit,medium,15.0,10220,success,1,0,0,198,2,7,953,0
split_exit,medium,15.0,10221,trapped_inside,0,0,0,400,2,7,1294,1
split_exit,medium,15.0,10222,success,1,0,0,154,2,7,1137,0
split_exit,medium,15.0,10223,success,1,0,0,164,3,7,1620,0
split_exit,medium,15.0,10224,success,1,0,0,175,2,7,709,0
split_exit,medium,15.0,10225,success,1,0,0,174,3,7,1041,0
split_exit,medium,15.0,10226,trapped_inside,0,0,0,400,3,7,2346,1
split_exit,medium,15.0,10227,success,1,0,0,126,3,7,1498,0
split_exit,medium,15.0,10228,success,1,0,0,187,3,7,1225,0
split_exit,medium,15.0,10229,success,1,0,0,173,4,7,2145,0
split_exit,medium,15.0,10230,success,1,0,0,127,3,7,1407,0
split_exit,medium,15.0,10231,success,1,0,0,189,3,7,801,0
split_exit,medium,15.0,10232,success,1,0,0,131,3,7,1418,0
split_exit,medium,15.0,10233,success,1,0,0,171,3,7,757,0
split_exit,medium,15.0,10234,success,1,0,0,211,3,7,1505,0
split_exit,medium,15.0,10235,success,1,0,0,183,4,7,3358,0
split_exit,medium,15.0,10236,success,1,0,0,122,3,7,1271,0
split_exit,medium,15.0,10237,success,1,0,0,173,3,7,1626,0
split_exit,medium,15.0,10238,success,1,0,0,223,2,7,1339,0
split_exit,medium,15.0,10239,success,1,0,0,119,3,7,617,0
split_exit,medium,15.0,10240,success,1,0,0,189,3,7,1244,0
split_exit,medium,15.0,10241,trapped_inside,0,0,0,400,3,7,2310,1
split_exit,medium,15.0,10242,trapped_inside,0,0,0,400,3,7,2562,1
split_exit,medium,15.0,10243,success,1,0,0,141,3,7,2022,0
split_exit,medium,15.0,10244,success,1,0,0,176,3,7,1340,0
split_exit,medium,15.0,10245,success,1,0,0,200,2,7,1702,0
split_exit,medium,15.0,10246,success,1,0,0,208,2,7,1326,0
split_exit,medium,15.0,10247,success,1,0,0,197,2,7,660,0
split_exit,medium,15.0,10248,success,1,0,0,195,2,7,1143,0
split_exit,medium,15.0,10249,success,1,0,0,83,2,7,600,0
split_exit,medium,15.0,10250,success,1,0,0,167,2,7,1684,0
split_exit,medium,15.0,10251,trapped_inside,0,0,0,400,3,7,2481,1
split_exit,medium,15.0,10252,success,1,0,0,169,3,7,1516,0
split_exit,medium,15.0,10253,success,1,0,0,203,2,7,800,0
split_exit,medium,15.0,10254,success,1,0,0,193,2,7,650,0
split_exit,medium,15.0,10255,success,1,0,0,182,3,7,1353,0
split_exit,medium,15.0,10256,success,1,0,0,165,3,7,1193,0
split_exit,medium,15.0,10257,success,1,0,0,203,2,7,972,0
split_exit,medium,15.0,10258,success,1,0,0,170,4,7,2029,0
split_exit,medium,15.0,10259,success,1,0,0,281,2,7,1324,0
split_exit,medium,15.0,10260,success,1,0,0,175,4,7,2080,0
split_exit,medium,15.0,10261,success,1,0,0,223,2,7,1750,0
split_exit,medium,15.0,10262,success,1,0,0,158,3,7,1140,0
split_exit,medium,15.0,10263,trapped_inside,0,0,0,400,3,7,2569,1
split_exit,medium,15.0,10264,success,1,0,0,179,2,7,1010,0
split_exit,medium,15.0,10265,trapped_inside,0,0,0,400,3,7,2340,1
split_exit,medium,15.0,10266,success,1,0,0,161,3,7,812,0
split_exit,medium,15.0,10267,success,1,0,0,218,3,7,1646,0
split_exit,medium,15.0,10268,success,1,0,0,146,2,7,1148,0
split_exit,medium,15.0,10269,trapped_inside,0,0,0,400,3,7,2352,1
split_exit,medium,15.0,10270,success,1,0,0,187,3,7,1531,0
split_exit,medium,15.0,10271,success,1,0,0,129,2,7,834,0
split_exit,medium,15.0,10272,success,1,0,0,189,3,7,1512,0
split_exit,medium,15.0,10273,trapped_inside,0,0,0,400,3,7,2643,1
split_exit,medium,15.0,10274,success,1,0,0,185,2,7,1554,0
split_exit,medium,15.0,10275,success,1,0,0,187,3,7,1841,0
split_exit,medium,15.0,10276,success,1,0,0,140,3,7,1442,0
split_exit,medium,15.0,10277,success,1,0,0,164,3,7,1184,0
split_exit,medium,15.0,10278,success,1,0,0,137,3,7,955,0
split_exit,medium,15.0,10279,success,1,0,0,216,3,7,1504,0
split_exit,medium,15.0,10280,success,1,0,0,124,3,7,797,0
split_exit,medium,15.0,10281,success,1,0,0,130,3,7,576,0
split_exit,medium,15.0,10282,success,1,0,0,206,4,7,2836,0
split_exit,medium,15.0,10283,success,1,0,0,193,3,7,1273,0
split_exit,medium,15.0,10284,trapped_inside,0,0,0,400,3,7,2199,1
split_exit,medium,15.0,10285,success,1,0,0,149,4,7,2359,0
split_exit,medium,15.0,10286,success,1,0,0,109,3,7,929,0
split_exit,medium,15.0,10287,success,1,0,0,158,2,7,1105,0
split_exit,medium,15.0,10288,success,1,0,0,186,3,7,1840,0
split_exit,medium,15.0,10289,success,1,0,0,179,3,7,1667,0
split_exit,medium,15.0,10290,success,1,0,0,169,5,7,3250,0
split_exit,medium,15.0,10291,trapped_inside,0,0,0,400,3,7,2675,1
split_exit,medium,15.0,10292,trapped_inside,0,0,0,400,2,7,1613,1
split_exit,medium,15.0,10293,trapped_inside,0,0,0,400,2,7,1700,1
split_exit,medium,15.0,10294,success,1,0,0,218,3,7,1685,0
split_exit,medium,15.0,10295,success,1,0,0,202,2,7,980,0
split_exit,medium,15.0,10296,success,1,0,0,169,3,7,1205,0
split_exit,medium,15.0,10297,trapped_inside,0,0,0,400,3,7,2846,1
split_exit,medium,15.0,10298,success,1,0,0,178,4,7,2093,0
split_exit,medium,15.0,10299,success,1,0,0,131,4,7,1723,0
split_exit,medium,15.0,10300,success,1,0,0,155,3,7,1590,0
split_exit,medium,15.0,10301,success,1,0,0,197,3,7,1553,0
split_exit,medium,15.0,10302,success,1,0,0,184,3,7,1570,0
split_exit,medium,15.0,10303,success,1,0,0,206,2,7,1201,0
split_exit,medium,15.0,10304,trapped_inside,0,0,0,400,3,7,2518,1
split_exit,medium,15.0,10305,success,1,0,0,181,3,7,1676,0
split_exit,medium,15.0,10306,success,1,0,0,216,3,7,1422,0
split_exit,medium,15.0,10307,success,1,0,0,189,3,7,1277,0
split_exit,medium,15.0,10308,success,1,0,0,152,2,7,574,0
split_exit,medium,15.0,10309,trapped_inside,0,0,0,400,2,7,1524,1
split_exit,medium,15.0,10310,trapped_inside,0,0,0,400,3,7,2980,1
split_exit,medium,15.0,10311,success,1,0,0,236,2,7,1127,0
split_exit,medium,15.0,10312,success,1,0,0,193,3,7,1798,0
split_exit,medium,15.0,10313,success,1,0,0,140,2,7,1376,0
split_exit,medium,15.0,10314,success,1,0,0,183,2,7,1153,0
split_exit,medium,15.0,10315,success,1,0,0,119,4,7,1417,0
split_exit,medium,15.0,10316,trapped_inside,0,0,0,400,2,7,1391,1
split_exit,medium,15.0,10317,success,1,0,0,165,3,7,2150,0
split_exit,medium,15.0,10318,trapped_inside,0,0,0,400,3,7,2895,1
split_exit,medium,15.0,10319,success,1,0,0,186,3,7,1920,0
split_exit,medium,15.0,10320,success,1,0,0,133,3,7,1699,0
split_exit,medium,15.0,10321,success,1,0,0,121,4,7,2086,0
split_exit,medium,15.0,10322,success,1,0,0,166,3,7,1180,0
split_exit,medium,15.0,10323,success,1,0,0,299,2,7,1982,0
split_exit,medium,15.0,10324,success,1,0,0,175,3,7,1344,0
split_exit,medium,15.0,10325,success,1,0,0,196,5,7,3831,0
split_exit,medium,15.0,10326,trapped_inside,0,0,0,400,3,7,2724,1
split_exit,medium,15.0,10327,success,1,0,0,194,3,7,1594,0
split_exit,medium,15.0,10328,success,1,0,0,128,3,7,664,0
split_exit,medium,15.0,10329,success,1,0,0,121,3,7,776,0
split_exit,medium,15.0,10330,success,1,0,0,233,3,7,2174,0
split_exit,medium,15.0,10331,success,1,0,0,222,3,7,1825,0
split_exit,medium,15.0,10332,success,1,0,0,191,3,7,1638,0
split_exit,medium,15.0,10333,success,1,0,0,229,1,7,442,0
split_exit,medium,15.0,10334,success,1,0,0,153,3,7,1447,0
split_exit,medium,15.0,10335,success,1,0,0,177,2,7,1103,0
split_exit,medium,15.0,10336,success,1,0,0,169,2,7,707,0
split_exit,medium,15.0,10337,trapped_inside,0,0,0,400,3,7,2936,1
split_exit,medium,15.0,10338,success,1,0,0,123,5,7,1907,0
split_exit,medium,15.0,10339,trapped_inside,0,0,0,400,3,7,2634,1
split_exit,medium,15.0,10340,success,1,0,0,184,2,7,1387,0
split_exit,medium,15.0,10341,success,1,0,0,200,2,7,945,0
split_exit,medium,15.0,10342,success,1,0,0,118,3,7,1402,0
split_exit,medium,15.0,10343,success,1,0,0,179,3,7,994,0
split_exit,medium,15.0,10344,trapped_inside,0,0,0,400,3,7,2572,1
split_exit,medium,15.0,10345,success,1,0,0,245,2,7,1291,0
split_exit,medium,15.0,10346,success,1,0,0,208,3,7,1855,0
split_exit,medium,15.0,10347,trapped_inside,0,0,0,400,2,7,1468,1
split_exit,medium,15.0,10348,trapped_inside,0,0,0,400,3,7,2481,1
split_exit,medium,15.0,10349,success,1,0,0,162,3,7,1294,0
split_exit,medium,15.0,10350,trapped_inside,0,0,0,400,3,7,2483,1
split_exit,medium,15.0,10351,success,1,0,0,195,2,7,1425,0
split_exit,medium,15.0,10352,success,1,0,0,166,3,7,1866,0
split_exit,medium,15.0,10353,success,1,0,0,158,2,7,2102,0
split_exit,medium,15.0,10354,success,1,0,0,93,3,7,1468,0
split_exit,medium,15.0,10355,success,1,0,0,159,3,7,1910,0
split_exit,medium,15.0,10356,success,1,0,0,166,3,7,1380,0
split_exit,medium,15.0,10357,trapped_inside,0,0,0,400,2,7,1083,1
split_exit,medium,15.0,10358,success,1,0,0,204,2,7,880,0
split_exit,medium,15.0,10359,success,1,0,0,177,3,7,1240,0
split_exit,medium,15.0,10360,success,1,0,0,207,4,7,2870,0
split_exit,medium,15.0,10361,success,1,0,0,206,2,7,1104,0
split_exit,medium,15.0,10362,success,1,0,0,236,2,7,1196,0
split_exit,medium,15.0,10363,success,1,0,0,229,2,7,759,0
split_exit,medium,15.0,10364,success,1,0,0,230,2,7,1678,0
split_exit,medium,15.0,10365,success,1,0,0,183,2,7,1067,0
split_exit,medium,15.0,10366,success,1,0,0,154,2,7,911,0
split_exit,medium,15.0,10367,success,1,0,0,184,2,7,862,0
split_exit,medium,15.0,10368,success,1,0,0,188,3,7,1370,0
split_exit,medium,15.0,10369,success,1,0,0,152,3,7,726,0
split_exit,medium,15.0,10370,success,1,0,0,220,2,7,1172,0
split_exit,medium,15.0,10371,trapped_inside,0,0,0,400,3,7,2429,1
split_exit,medium,15.0,10372,success,1,0,0,214,4,7,2972,0
split_exit,medium,15.0,10373,trapped_inside,0,0,0,400,2,7,1501,1
split_exit,medium,15.0,10374,success,1,0,0,206,2,7,1166,0
split_exit,medium,15.0,10375,success,1,0,0,205,2,7,578,0
split_exit,medium,15.0,10376,success,1,0,0,143,2,7,922,0
split_exit,medium,15.0,10377,success,1,0,0,190,2,7,1436,0
split_exit,medium,15.0,10378,success,1,0,0,172,2,7,1193,0
split_exit,medium,15.0,10379,trapped_inside,0,0,0,400,3,7,2842,1
split_exit,medium,15.0,10380,trapped_inside,0,0,0,400,3,7,2576,1
split_exit,medium,15.0,10381,success,1,0,0,147,3,7,1364,0
split_exit,medium,15.0,10382,trapped_inside,0,0,0,400,3,7,2360,1
split_exit,medium,15.0,10383,trapped_inside,0,0,0,400,3,7,2650,1
split_exit,medium,15.0,10384,success,1,0,0,150,2,7,925,0
split_exit,medium,15.0,10385,success,1,0,0,124,3,7,1294,0
split_exit,medium,15.0,10386,success,1,0,0,146,2,7,974,0
split_exit,medium,15.0,10387,success,1,0,0,187,3,7,1847,0
split_exit,medium,15.0,10388,success,1,0,0,153,4,7,1398,0
split_exit,medium,15.0,10389,trapped_inside,0,0,0,400,3,7,2782,1
split_exit,medium,15.0,10390,success,1,0,0,145,3,7,832,0
split_exit,medium,15.0,10391,trapped_inside,0,0,0,400,2,7,1546,1
split_exit,medium,15.0,10392,success,1,0,0,176,3,7,1704,0
split_exit,medium,15.0,10393,success,1,0,0,177,2,7,926,0
split_exit,medium,15.0,10394,success,1,0,0,155,2,7,897,0
split_exit,medium,15.0,10395,success,1,0,0,144,3,7,1654,0
split_exit,medium,15.0,10396,success,1,0,0,221,3,7,1298,0
split_exit,medium,15.0,10397,success,1,0,0,176,2,7,841,0
split_exit,medium,15.0,10398,success,1,0,0,178,3,7,1522,0
split_exit,medium,15.0,10399,success,1,0,0,176,2,7,1117,0
split_exit,medium,15.0,10400,success,1,0,0,176,2,7,797,0
split_exit,medium,15.0,10401,success,1,0,0,161,2,7,997,0
split_exit,medium,15.0,10402,success,1,0,0,207,2,7,1320,0
split_exit,medium,15.0,10403,success,1,0,0,139,3,7,1684,0
split_exit,medium,15.0,10404,success,1,0,0,204,2,7,1526,0
split_exit,medium,15.0,10405,success,1,0,0,158,2,7,1090,0
split_exit,medium,15.0,10406,success,1,0,0,181,3,7,1749,0
split_exit,medium,15.0,10407,success,1,0,0,179,3,7,1171,0
split_exit,medium,15.0,10408,success,1,0,0,238,2,7,1281,0
split_exit,medium,15.0,10409,success,1,0,0,182,1,7,739,0
split_exit,medium,15.0,10410,success,1,0,0,193,3,7,1789,0
split_exit,medium,15.0,10411,success,1,0,0,206,2,7,1630,0
split_exit,medium,15.0,10412,success,1,0,0,174,4,7,3028,0
split_exit,medium,15.0,10413,success,1,0,0,147,2,7,1219,0
split_exit,medium,15.0,10414,success,1,0,0,175,2,7,1019,0
split_exit,medium,15.0,10415,trapped_inside,0,0,0,400,3,7,2964,1
split_exit,medium,15.0,10416,trapped_inside,0,0,0,400,3,7,2066,1
split_exit,medium,15.0,10417,trapped_inside,0,0,0,400,3,7,2776,1
split_exit,medium,15.0,10418,success,1,0,0,199,3,7,1484,0
split_exit,medium,15.0,10419,success,1,0,0,272,2,7,1628,0
split_exit,medium,15.0,10420,success,1,0,0,185,3,7,1114,0
split_exit,medium,15.0,10421,success,1,0,0,225,2,7,1427,0
split_exit,medium,15.0,10422,trapped_inside,0,0,0,400,3,7,2312,1
split_exit,medium,15.0,10423,success,1,0,0,318,2,7,1730,0
split_exit,medium,15.0,10424,trapped_inside,0,0,0,400,3,7,2746,1
split_exit,medium,15.0,10425,trapped_inside,0,0,0,400,3,7,2547,1
split_exit,medium,15.0,10426,success,1,0,0,157,2,7,824,0
split_exit,medium,15.0,10427,success,1,0,0,163,3,7,1565,0
split_exit,medium,15.0,10428,success,1,0,0,155,3,7,1415,0
split_exit,medium,15.0,10429,success,1,0,0,246,2,7,1265,0
split_exit,medium,15.0,10430,success,1,0,0,175,3,7,1432,0
split_exit,medium,15.0,10431,trapped_inside,0,0,0,400,2,7,1206,1
split_exit,medium,15.0,10432,success,1,0,0,180,4,7,3115,0
split_exit,medium,15.0,10433,success,1,0,0,169,3,7,1008,0
split_exit,medium,15.0,10434,success,1,0,0,152,4,7,1766,0
split_exit,medium,15.0,10435,success,1,0,0,163,3,7,1134,0
split_exit,medium,15.0,10436,success,1,0,0,116,4,7,1828,0
split_exit,medium,15.0,10437,success,1,0,0,162,3,7,1576,0
split_exit,medium,15.0,10438,success,1,0,0,161,3,7,1275,0
split_exit,medium,15.0,10439,success,1,0,0,212,2,7,1407,0
split_exit,medium,15.0,10440,trapped_inside,0,0,0,400,2,7,1240,1
split_exit,medium,15.0,10441,success,1,0,0,188,3,7,1271,0
split_exit,medium,15.0,10442,success,1,0,0,151,3,7,1282,0
split_exit,medium,15.0,10443,trapped_inside,0,0,0,400,3,7,2990,1
split_exit,medium,15.0,10444,success,1,0,0,171,2,7,718,0
split_exit,medium,15.0,10445,success,1,0,0,124,3,7,1630,0
split_exit,medium,15.0,10446,success,1,0,0,124,3,7,1816,0
split_exit,medium,15.0,10447,success,1,0,0,163,3,7,1625,0
split_exit,medium,15.0,10448,trapped_inside,0,0,0,400,3,7,2364,1
split_exit,medium,15.0,10449,success,1,0,0,146,3,7,1021,0
split_exit,medium,15.0,10450,trapped_inside,0,0,0,400,3,7,2991,1
split_exit,medium,15.0,10451,success,1,0,0,218,2,7,1393,0
split_exit,medium,15.0,10452,trapped_inside,0,0,0,400,3,7,2701,1
split_exit,medium,15.0,10453,trapped_inside,0,0,0,400,3,7,2997,1
split_exit,medium,15.0,10454,success,1,0,0,199,3,7,1775,0
split_exit,medium,15.0,10455,trapped_inside,0,0,0,400,3,7,2431,1
split_exit,medium,15.0,10456,success,1,0,0,203,2,7,1428,0
split_exit,medium,15.0,10457,success,1,0,0,220,3,7,1465,0
split_exit,medium,15.0,10458,success,1,0,0,233,2,7,758,0
split_exit,medium,15.0,10459,success,1,0,0,183,3,7,985,0
split_exit,medium,15.0,10460,success,1,0,0,210,3,7,1662,0
split_exit,medium,15.0,10461,success,1,0,0,149,3,7,996,0
split_exit,medium,15.0,10462,trapped_inside,0,0,0,400,3,7,2504,1
split_exit,medium,15.0,10463,success,1,0,0,191,3,7,1018,0
split_exit,medium,15.0,10464,trapped_inside,0,0,0,400,3,7,3015,1
split_exit,medium,15.0,10465,success,1,0,0,218,3,7,1473,0
split_exit,medium,15.0,10466,trapped_inside,0,0,0,400,3,7,2642,1
split_exit,medium,15.0,10467,success,1,0,0,132,3,7,1213,0
split_exit,medium,15.0,10468,success,1,0,0,159,3,7,2205,0
split_exit,medium,15.0,10469,success,1,0,0,209,2,7,1432,0
split_exit,medium,15.0,10470,trapped_inside,0,0,0,400,3,7,2441,1
split_exit,medium,15.0,10471,success,1,0,0,186,3,7,847,0
split_exit,medium,15.0,10472,success,1,0,0,157,3,7,1071,0
split_exit,medium,15.0,10473,success,1,0,0,237,3,7,1177,0
split_exit,medium,15.0,10474,success,1,0,0,150,3,7,1681,0
split_exit,medium,15.0,10475,success,1,0,0,170,3,7,1578,0
split_exit,medium,15.0,10476,success,1,0,0,123,4,7,2165,0
split_exit,medium,15.0,10477,success,1,0,0,156,4,7,1864,0
split_exit,medium,15.0,10478,success,1,0,0,142,3,7,1015,0
split_exit,medium,15.0,10479,success,1,0,0,220,2,7,1502,0
split_exit,medium,15.0,10480,success,1,0,0,164,3,7,1744,0
split_exit,medium,15.0,10481,success,1,0,0,125,2,7,627,0
split_exit,medium,15.0,10482,success,1,0,0,181,2,7,885,0
split_exit,medium,15.0,10483,trapped_inside,0,0,0,400,3,7,2729,1
split_exit,medium,15.0,10484,trapped_inside,0,0,0,400,3,7,2693,1
split_exit,medium,15.0,10485,success,1,0,0,220,3,7,1035,0
split_exit,medium,15.0,10486,success,1,0,0,181,4,7,2320,0
split_exit,medium,15.0,10487,success,1,0,0,211,3,7,1152,0
split_exit,medium,15.0,10488,success,1,0,0,220,3,7,1531,0
split_exit,medium,15.0,10489,success,1,0,0,138,3,7,668,0
split_exit,medium,15.0,10490,trapped_inside,0,0,0,400,3,7,2348,1
split_exit,medium,15.0,10491,trapped_inside,0,0,0,400,3,7,2890,1
split_exit,medium,15.0,10492,success,1,0,0,193,2,7,1113,0
split_exit,medium,15.0,10493,success,1,0,0,145,3,7,1455,0
split_exit,medium,15.0,10494,success,1,0,0,195,3,7,1672,0
split_exit,medium,15.0,10495,success,1,0,0,157,3,7,1044,0
split_exit,medium,15.0,10496,success,1,0,0,137,3,7,985,0
split_exit,medium,15.0,10497,success,1,0,0,147,2,7,896,0
split_exit,medium,15.0,10498,success,1,0,0,108,4,7,1009,0
split_exit,medium,15.0,10499,success,1,0,0,169,3,7,1594,0
oracle,high,4.0,10000,wipeout,0,1,0,73,0,4,0,0
oracle,high,4.0,10001,wipeout,0,1,0,67,0,4,0,0
oracle,high,4.0,10002,wipeout,0,1,0,85,0,4,0,0
oracle,high,4.0,10003,wipeout,0,1,0,86,0,6,0,0
oracle,high,4.0,10004,wipeout,0,1,0,79,0,4,0,0
oracle,high,4.0,10005,wipeout,0,1,0,61,0,5,0,0
oracle,high,4.0,10006,wipeout,0,1,0,66,0,7,0,0
oracle,high,4.0,10007,wipeout,0,1,0,103,0,5,0,0
oracle,high,4.0,10008,wipeout,0,1,0,80,0,4,0,0
oracle,high,4.0,10009,wipeout,0,1,0,93,0,6,0,0
oracle,high,4.0,10010,wipeout,0,1,0,57,0,5,0,0
oracle,high,4.0,10011,wipeout,0,1,0,57,0,7,0,0
oracle,high,4.0,10012,wipeout,0,1,0,59,0,5,0,0
oracle,high,4.0,10013,wipeout,0,1,0,81,0,4,0,0
oracle,high,4.0,10014,wipeout,0,1,0,81,0,7,0,0
oracle,high,4.0,10015,wipeout,0,1,0,97,0,4,0,0
oracle,high,4.0,10016,wipeout,0,1,0,64,0,3,0,0
oracle,high,4.0,10017,wipeout,0,1,0,61,0,5,0,0
oracle,high,4.0,10018,wipeout,0,1,0,60,0,4,0,0
oracle,high,4.0,10019,wipeout,0,1,0,50,0,3,0,0
oracle,high,4.0,10020,wipeout,0,1,0,54,0,6,0,0
oracle,high,4.0,10021,wipeout,0,1,0,75,0,5,0,0
oracle,high,4.0,10022,wipeout,0,1,0,38,0,5,0,0
oracle,high,4.0,10023,wipeout,0,1,0,94,0,7,0,0
oracle,high,4.0,10024,wipeout,0,1,0,109,0,7,0,0
oracle,high,4.0,10025,wipeout,0,1,0,58,0,4,0,0
oracle,high,4.0,10026,wipeout,0,1,0,106,0,6,0,0
oracle,high,4.0,10027,wipeout,0,1,0,67,0,3,0,0
oracle,high,4.0,10028,wipeout,0,1,0,61,0,4,0,0
oracle,high,4.0,10029,wipeout,0,1,0,72,0,7,0,0
oracle,high,4.0,10030,wipeout,0,1,0,58,0,3,0,0
oracle,high,4.0,10031,wipeout,0,1,0,64,0,4,0,0
oracle,high,4.0,10032,wipeout,0,1,0,52,0,4,0,0
oracle,high,4.0,10033,wipeout,0,1,0,57,0,5,0,0
oracle,high,4.0,10034,wipeout,0,1,0,86,0,5,0,0
oracle,high,4.0,10035,wipeout,0,1,0,44,0,7,0,0
oracle,high,4.0,10036,wipeout,0,1,0,85,0,6,0,0
oracle,high,4.0,10037,wipeout,0,1,0,45,0,4,0,0
oracle,high,4.0,10038,wipeout,0,1,0,61,0,4,0,0
oracle,high,4.0,10039,wipeout,0,1,0,80,0,4,0,0
oracle,high,4.0,10040,wipeout,0,1,0,70,0,4,0,0
oracle,high,4.0,10041,wipeout,0,1,0,37,0,4,0,0
oracle,high,4.0,10042,wipeout,0,1,0,59,0,3,0,0
oracle,high,4.0,10043,wipeout,0,1,0,59,0,4,0,0
oracle,high,4.0,10044,wipeout,0,1,0,70,0,5,0,0
oracle,high,4.0,10045,wipeout,0,1,0,48,0,4,0,0
oracle,high,4.0,10046,wipeout,0,1,0,66,0,4,0,0
oracle,high,4.0,10047,wipeout,0,1,0,51,0,7,0,0
oracle,high,4.0,10048,wipeout,0,1,0,86,0,6,0,0
oracle,high,4.0,10049,wipeout,0,1,0,54,0,6,0,0
oracle,high,4.0,10050,wipeout,0,1,0,65,0,6,0,0
oracle,high,4.0,10051,wipeout,0,1,0,56,0,5,0,0
oracle,high,4.0,10052,wipeout,0,1,0,57,0,7,0,0
oracle,high,4.0,10053,wipeout,0,1,0,64,0,3,0,0
oracle,high,4.0,10054,wipeout,0,1,0,88,0,4,0,0
oracle,high,4.0,10055,wipeout,0,1,0,47,0,5,0,0
oracle,high,4.0,10056,wipeout,0,1,0,38,0,5,0,0
oracle,high,4.0,10057,wipeout,0,1,0,52,0,5,0,0
oracle,high,4.0,10058,wipeout,0,1,0,79,0,5,0,0
oracle,high,4.0,10059,wipeout,0,1,0,58,0,5,0,0
oracle,high,4.0,10060,wipeout,0,1,0,56,0,5,0,0
oracle,high,4.0,10061,wipeout,0,1,0,57,0,4,0,0
oracle,high,4.0,10062,wipeout,0,1,0,74,0,4,0,0
oracle,high,4.0,10063,wipeout,0,1,0,67,0,4,0,0
oracle,high,4.0,10064,wipeout,0,1,0,66,0,4,0,0
oracle,high,4.0,10065,wipeout,0,1,0,95,0,4,0,0
oracle,high,4.0,10066,wipeout,0,1,0,72,0,6,0,0
oracle,high,4.0,10067,wipeout,0,1,0,59,0,6,0,0
oracle,high,4.0,10068,wipeout,0,1,0,65,0,7,0,0
oracle,high,4.0,10069,wipeout,0,1,0,75,0,5,0,0
oracle,high,4.0,10070,wipeout,0,1,0,75,0,2,0,0
oracle,high,4.0,10071,wipeout,0,1,0,79,0,7,0,0
oracle,high,4.0,10072,wipeout,0,1,0,43,0,6,0,0
oracle,high,4.0,10073,wipeout,0,1,0,68,0,6,0,0
oracle,high,4.0,10074,wipeout,0,1,0,61,0,6,0,0
oracle,high,4.0,10075,wipeout,0,1,0,59,0,4,0,0
oracle,high,4.0,10076,wipeout,0,1,0,63,0,4,0,0
oracle,high,4.0,10077,wipeout,0,1,0,39,0,5,0,0
oracle,high,4.0,10078,wipeout,0,1,0,78,0,5,0,0
oracle,high,4.0,10079,wipeout,0,1,0,97,0,5,0,0
oracle,high,4.0,10080,wipeout,0,1,0,47,0,5,0,0
oracle,high,4.0,10081,wipeout,0,1,0,52,0,4,0,0
oracle,high,4.0,10082,wipeout,0,1,0,73,0,5,0,0
oracle,high,4.0,10083,wipeout,0,1,0,45,0,5,0,0
oracle,high,4.0,10084,wipeout,0,1,0,55,0,5,0,0
oracle,high,4.0,10085,wipeout,0,1,0,54,0,5,0,0
oracle,high,4.0,10086,wipeout,0,1,0,77,0,6,0,0
oracle,high,4.0,10087,wipeout,0,1,0,68,0,4,0,0
oracle,high,4.0,10088,wipeout,0,1,0,97,0,7,0,0
oracle,high,4.0,10089,wipeout,0,1,0,106,0,4,0,0
oracle,high,4.0,10090,wipeout,0,1,0,76,0,5,0,0
oracle,high,4.0,10091,wipeout,0,1,0,41,0,6,0,0
oracle,high,4.0,10092,wipeout,0,1,0,61,0,5,0,0
oracle,high,4.0,10093,wipeout,0,1,0,61,0,5,0,0
oracle,high,4.0,10094,wipeout,0,1,0,49,0,7,0,0
oracle,high,4.0,10095,wipeout,0,1,0,70,0,7,0,0
oracle,high,4.0,10096,wipeout,0,1,0,54,0,7,0,0
oracle,high,4.0,10097,wipeout,0,1,0,51,0,5,0,0
oracle,high,4.0,10098,wipeout,0,1,0,54,0,4,0,0
oracle,high,4.0,10099,wipeout,0,1,0,64,0,4,0,0
oracle,high,4.0,10100,wipeout,0,1,0,89,0,7,0,0
oracle,high,4.0,10101,wipeout,0,1,0,87,0,5,0,0
oracle,high,4.0,10102,wipeout,0,1,0,80,0,3,0,0
oracle,high,4.0,10103,wipeout,0,1,0,74,0,3,0,0
oracle,high,4.0,10104,wipeout,0,1,0,59,0,6,0,0
oracle,high,4.0,10105,wipeout,0,1,0,58,0,6,0,0
oracle,high,4.0,10106,wipeout,0,1,0,89,0,6,0,0
oracle,high,4.0,10107,wipeout,0,1,0,60,0,4,0,0
oracle,high,4.0,10108,wipeout,0,1,0,68,0,6,0,0
oracle,high,4.0,10109,wipeout,0,1,0,72,0,3,0,0
oracle,high,4.0,10110,wipeout,0,1,0,88,0,6,0,0
oracle,high,4.0,10111,wipeout,0,1,0,58,0,7,0,0
oracle,high,4.0,10112,wipeout,0,1,0,50,0,5,0,0
oracle,high,4.0,10113,wipeout,0,1,0,48,0,5,0,0
oracle,high,4.0,10114,wipeout,0,1,0,60,0,2,0,0
oracle,high,4.0,10115,wipeout,0,1,0,77,0,3,0,0
oracle,high,4.0,10116,wipeout,0,1,0,49,0,3,0,0
oracle,high,4.0,10117,wipeout,0,1,0,51,0,7,0,0
oracle,high,4.0,10118,wipeout,0,1,0,63,0,5,0,0
oracle,high,4.0,10119,wipeout,0,1,0,69,0,4,0,0
oracle,high,4.0,10120,wipeout,0,1,0,51,0,7,0,0
oracle,high,4.0,10121,wipeout,0,1,0,54,0,2,0,0
oracle,high,4.0,10122,wipeout,0,1,0,74,0,6,0,0
oracle,high,4.0,10123,wipeout,0,1,0,36,0,7,0,0
oracle,high,4.0,10124,wipeout,0,1,0,69,0,4,0,0
oracle,high,4.0,10125,wipeout,0,1,0,42,0,5,0,0
oracle,high,4.0,10126,wipeout,0,1,0,53,0,4,0,0
oracle,high,4.0,10127,wipeout,0,1,0,71,0,5,0,0
oracle,high,4.0,10128,wipeout,0,1,0,86,0,6,0,0
oracle,high,4.0,10129,wipeout,0,1,0,67,0,6,0,0
oracle,high,4.0,10130,wipeout,0,1,0,71,0,5,0,0
oracle,high,4.0,10131,wipeout,0,1,0,50,0,5,0,0
oracle,high,4.0,10132,wipeout,0,1,0,67,0,5,0,0
oracle,high,4.0,10133,wipeout,0,1,0,62,0,5,0,0
oracle,high,4.0,10134,wipeout,0,1,0,90,0,6,0,0
oracle,high,4.0,10135,wipeout,0,1,0,61,0,5,0,0
oracle,high,4.0,10136,wipeout,0,1,0,59,0,4,0,0
oracle,high,4.0,10137,wipeout,0,1,0,84,0,6,0,0
oracle,high,4.0,10138,wipeout,0,1,0,53,0,3,0,0
oracle,high,4.0,10139,wipeout,0,1,0,66,0,4,0,0
oracle,high,4.0,10140,wipeout,0,1,0,48,0,6,0,0
oracle,high,4.0,10141,wipeout,0,1,0,68,0,7,0,0
oracle,high,4.0,10142,wipeout,0,1,0,24,0,7,0,0
oracle,high,4.0,10143,wipeout,0,1,0,61,0,6,0,0
oracle,high,4.0,10144,wipeout,0,1,0,54,0,4,0,0
oracle,high,4.0,10145,wipeout,0,1,0,62,0,4,0,0
oracle,high,4.0,10146,wipeout,0,1,0,67,0,5,0,0
oracle,high,4.0,10147,wipeout,0,1,0,79,0,7,0,0
oracle,high,4.0,10148,wipeout,0,1,0,72,0,5,0,0
oracle,high,4.0,10149,wipeout,0,1,0,100,0,5,0,0
oracle,high,4.0,10150,wipeout,0,1,0,66,0,7,0,0
oracle,high,4.0,10151,wipeout,0,1,0,86,0,4,0,0
oracle,high,4.0,10152,wipeout,0,1,0,76,0,6,0,0
oracle,high,4.0,10153,wipeout,0,1,0,85,0,4,0,0
oracle,high,4.0,10154,wipeout,0,1,0,47,0,6,0,0
oracle,high,4.0,10155,wipeout,0,1,0,75,0,5,0,0
oracle,high,4.0,10156,wipeout,0,1,0,63,0,5,0,0
oracle,high,4.0,10157,wipeout,0,1,0,77,0,7,0,0
oracle,high,4.0,10158,wipeout,0,1,0,61,0,5,0,0
oracle,high,4.0,10159,wipeout,0,1,0,59,0,5,0,0
oracle,high,4.0,10160,wipeout,0,1,0,51,0,5,0,0
oracle,high,4.0,10161,wipeout,0,1,0,72,0,7,0,0
oracle,high,4.0,10162,wipeout,0,1,0,73,0,2,0,0
oracle,high,4.0,10163,wipeout,0,1,0,66,0,4,0,0
oracle,high,4.0,10164,wipeout,0,1,0,97,0,6,0,0
oracle,high,4.0,10165,wipeout,0,1,0,93,0,5,0,0
oracle,high,4.0,10166,wipeout,0,1,0,68,0,4,0,0
oracle,high,4.0,10167,wipeout,0,1,0,90,0,7,0,0
oracle,high,4.0,10168,wipeout,0,1,0,48,0,6,0,0
oracle,high,4.0,10169,wipeout,0,1,0,73,0,2,0,0
oracle,high,4.0,10170,wipeout,0,1,0,54,0,6,0,0
oracle,high,4.0,10171,wipeout,0,1,0,71,0,4,0,0
oracle,high,4.0,10172,wipeout,0,1,0,97,0,5,0,0
oracle,high,4.0,10173,wipeout,0,1,0,47,0,4,0,0
oracle,high,4.0,10174,wipeout,0,1,0,58,0,3,0,0
oracle,high,4.0,10175,wipeout,0,1,0,53,0,5,0,0
oracle,high,4.0,10176,wipeout,0,1,0,81,0,4,0,0
oracle,high,4.0,10177,wipeout,0,1,0,52,0,4,0,0
oracle,high,4.0,10178,wipeout,0,1,0,63,0,3,0,0
oracle,high,4.0,10179,wipeout,0,1,0,53,0,5,0,0
oracle,high,4.0,10180,wipeout,0,1,0,74,0,3,0,0
oracle,high,4.0,10181,wipeout,0,1,0,36,0,5,0,0
oracle,high,4.0,10182,wipeout,0,1,0,72,0,4,0,0
oracle,high,4.0,10183,wipeout,0,1,0,60,0,4,0,0
oracle,high,4.0,10184,wipeout,0,1,0,67,0,5,0,0
oracle,high,4.0,10185,wipeout,0,1,0,63,0,4,0,0
oracle,high,4.0,10186,wipeout,0,1,0,66,0,4,0,0
oracle,high,4.0,10187,wipeout,0,1,0,70,0,7,0,0
oracle,high,4.0,10188,wipeout,0,1,0,100,0,4,0,0
oracle,high,4.0,10189,wipeout,0,1,0,64,0,5,0,0
oracle,high,4.0,10190,wipeout,0,1,0,84,0,3,0,0
oracle,high,4.0,10191,wipeout,0,1,0,87,0,6,0,0
oracle,high,4.0,10192,wipeout,0,1,0,66,0,5,0,0
oracle,high,4.0,10193,wipeout,0,1,0,73,0,7,0,0
oracle,high,4.0,10194,wipeout,0,1,0,101,0,7,0,0
oracle,high,4.0,10195,wipeout,0,1,0,96,0,4,0,0
oracle,high,4.0,10196,wipeout,0,1,0,63,0,7,0,0
oracle,high,4.0,10197,wipeout,0,1,0,41,0,5,0,0
oracle,high,4.0,10198,wipeout,0,1,0,74,0,5,0,0
oracle,high,4.0,10199,wipeout,0,1,0,63,0,5,0,0
oracle,high,4.0,10200,wipeout,0,1,0,45,0,5,0,0
oracle,high,4.0,10201,wipeout,0,1,0,68,0,3,0,0
oracle,high,4.0,10202,wipeout,0,1,0,79,0,5,0,0
oracle,high,4.0,10203,wipeout,0,1,0,50,0,7,0,0
oracle,high,4.0,10204,wipeout,0,1,0,69,0,6,0,0
oracle,high,4.0,10205,wipeout,0,1,0,65,0,4,0,0
oracle,high,4.0,10206,wipeout,0,1,0,73,0,4,0,0
oracle,high,4.0,10207,wipeout,0,1,0,63,0,7,0,0
oracle,high,4.0,10208,wipeout,0,1,0,42,0,5,0,0
oracle,high,4.0,10209,wipeout,0,1,0,56,0,5,0,0
oracle,high,4.0,10210,wipeout,0,1,0,114,0,5,0,0
oracle,high,4.0,10211,wipeout,0,1,0,84,0,4,0,0
oracle,high,4.0,10212,wipeout,0,1,0,71,0,4,0,0
oracle,high,4.0,10213,wipeout,0,1,0,48,0,4,0,0
oracle,high,4.0,10214,wipeout,0,1,0,78,0,3,0,0
oracle,high,4.0,10215,wipeout,0,1,0,64,0,4,0,0
oracle,high,4.0,10216,wipeout,0,1,0,71,0,4,0,0
oracle,high,4.0,10217,wipeout,0,1,0,92,0,6,0,0
oracle,high,4.0,10218,wipeout,0,1,0,49,0,3,0,0
oracle,high,4.0,10219,wipeout,0,1,0,97,0,7,0,0
oracle,high,4.0,10220,wipeout,0,1,0,82,0,4,0,0
oracle,high,4.0,10221,wipeout,0,1,0,73,0,4,0,0
oracle,high,4.0,10222,wipeout,0,1,0,52,0,7,0,0
oracle,high,4.0,10223,wipeout,0,1,0,70,0,6,0,0
oracle,high,4.0,10224,wipeout,0,1,0,115,0,5,0,0
oracle,high,4.0,10225,wipeout,0,1,0,54,0,5,0,0
oracle,high,4.0,10226,wipeout,0,1,0,92,0,7,0,0
oracle,high,4.0,10227,wipeout,0,1,0,59,0,6,0,0
oracle,high,4.0,10228,wipeout,0,1,0,87,0,5,0,0
oracle,high,4.0,10229,wipeout,0,1,0,83,0,6,0,0
oracle,high,4.0,10230,wipeout,0,1,0,48,0,7,0,0
oracle,high,4.0,10231,wipeout,0,1,0,58,0,3,0,0
oracle,high,4.0,10232,wipeout,0,1,0,51,0,6,0,0
oracle,high,4.0,10233,wipeout,0,1,0,47,0,5,0,0
oracle,high,4.0,10234,wipeout,0,1,0,93,0,7,0,0
oracle,high,4.0,10235,wipeout,0,1,0,80,0,6,0,0
oracle,high,4.0,10236,wipeout,0,1,0,57,0,7,0,0
oracle,high,4.0,10237,wipeout,0,1,0,60,0,5,0,0
oracle,high,4.0,10238,wipeout,0,1,0,82,0,3,0,0
oracle,high,4.0,10239,wipeout,0,1,0,62,0,5,0,0
oracle,high,4.0,10240,wipeout,0,1,0,68,0,5,0,0
oracle,high,4.0,10241,wipeout,0,1,0,52,0,6,0,0
oracle,high,4.0,10242,wipeout,0,1,0,69,0,4,0,0
oracle,high,4.0,10243,wipeout,0,1,0,55,0,6,0,0
oracle,high,4.0,10244,wipeout,0,1,0,66,0,5,0,0
oracle,high,4.0,10245,wipeout,0,1,0,58,0,5,0,0
oracle,high,4.0,10246,wipeout,0,1,0,69,0,4,0,0
oracle,high,4.0,10247,wipeout,0,1,0,74,0,5,0,0
oracle,high,4.0,10248,wipeout,0,1,0,97,0,6,0,0
oracle,high,4.0,10249,wipeout,0,1,0,41,0,6,0,0
oracle,high,4.0,10250,wipeout,0,1,0,53,0,7,0,0
oracle,high,4.0,10251,wipeout,0,1,0,85,0,6,0,0
oracle,high,4.0,10252,wipeout,0,1,0,56,0,5,0,0
oracle,high,4.0,10253,wipeout,0,1,0,70,0,3,0,0
oracle,high,4.0,10254,wipeout,0,1,0,100,0,4,0,0
oracle,high,4.0,10255,wipeout,0,1,0,90,0,6,0,0
oracle,high,4.0,10256,wipeout,0,1,0,45,0,5,0,0
oracle,high,4.0,10257,wipeout,0,1,0,73,0,2,0,0
oracle,high,4.0,10258,wipeout,0,1,0,86,0,5,0,0
oracle,high,4.0,10259,wipeout,0,1,0,78,0,2,0,0
oracle,high,4.0,10260,wipeout,0,1,0,71,0,4,0,0
oracle,high,4.0,10261,wipeout,0,1,0,98,0,4,0,0
oracle,high,4.0,10262,wipeout,0,1,0,47,0,4,0,0
oracle,high,4.0,10263,wipeout,0,1,0,59,0,5,0,0
oracle,high,4.0,10264,wipeout,0,1,0,58,0,7,0,0
oracle,high,4.0,10265,wipeout,0,1,0,57,0,3,0,0
oracle,high,4.0,10266,wipeout,0,1,0,63,0,5,0,0
oracle,high,4.0,10267,wipeout,0,1,0,53,0,3,0,0
oracle,high,4.0,10268,wipeout,0,1,0,62,0,6,0,0
oracle,high,4.0,10269,wipeout,0,1,0,68,0,5,0,0
oracle,high,4.0,10270,wipeout,0,1,0,68,0,3,0,0
oracle,high,4.0,10271,wipeout,0,1,0,56,0,6,0,0
oracle,high,4.0,10272,wipeout,0,1,0,58,0,4,0,0
oracle,high,4.0,10273,wipeout,0,1,0,86,0,7,0,0
oracle,high,4.0,10274,wipeout,0,1,0,58,0,4,0,0
oracle,high,4.0,10275,wipeout,0,1,0,109,0,7,0,0
oracle,high,4.0,10276,wipeout,0,1,0,79,0,7,0,0
oracle,high,4.0,10277,wipeout,0,1,0,89,0,5,0,0
oracle,high,4.0,10278,wipeout,0,1,0,65,0,5,0,0
oracle,high,4.0,10279,wipeout,0,1,0,64,0,6,0,0
oracle,high,4.0,10280,wipeout,0,1,0,57,0,7,0,0
oracle,high,4.0,10281,wipeout,0,1,0,50,0,5,0,0
oracle,high,4.0,10282,wipeout,0,1,0,61,0,3,0,0
oracle,high,4.0,10283,wipeout,0,1,0,76,0,4,0,0
oracle,high,4.0,10284,wipeout,0,1,0,65,0,4,0,0
oracle,high,4.0,10285,wipeout,0,1,0,68,0,5,0,0
oracle,high,4.0,10286,wipeout,0,1,0,51,0,7,0,0
oracle,high,4.0,10287,wipeout,0,1,0,57,0,4,0,0
oracle,high,4.0,10288,wipeout,0,1,0,65,0,5,0,0
oracle,high,4.0,10289,wipeout,0,1,0,71,0,3,0,0
oracle,high,4.0,10290,wipeout,0,1,0,70,0,7,0,0
oracle,high,4.0,10291,wipeout,0,1,0,28,0,7,0,0
oracle,high,4.0,10292,wipeout,0,1,0,88,0,4,0,0
oracle,high,4.0,10293,wipeout,0,1,0,76,0,3,0,0
oracle,high,4.0,10294,wipeout,0,1,0,104,0,6,0,0
oracle,high,4.0,10295,wipeout,0,1,0,68,0,4,0,0
oracle,high,4.0,10296,wipeout,0,1,0,77,0,6,0,0
oracle,high,4.0,10297,wipeout,0,1,0,59,0,4,0,0
oracle,high,4.0,10298,wipeout,0,1,0,40,0,5,0,0
oracle,high,4.0,10299,wipeout,0,1,0,46,0,5,0,0
oracle,high,4.0,10300,wipeout,0,1,0,55,0,5,0,0
oracle,high,4.0,10301,wipeout,0,1,0,76,0,5,0,0
oracle,high,4.0,10302,wipeout,0,1,0,58,0,5,0,0
oracle,high,4.0,10303,wipeout,0,1,0,53,0,4,0,0
oracle,high,4.0,10304,wipeout,0,1,0,56,0,4,0,0
oracle,high,4.0,10305,wipeout,0,1,0,56,0,3,0,0
oracle,high,4.0,10306,wipeout,0,1,0,73,0,3,0,0
oracle,high,4.0,10307,wipeout,0,1,0,72,0,5,0,0
oracle,high,4.0,10308,wipeout,0,1,0,90,0,5,0,0
oracle,high,4.0,10309,wipeout,0,1,0,69,0,3,0,0
oracle,high,4.0,10310,wipeout,0,1,0,69,0,7,0,0
oracle,high,4.0,10311,wipeout,0,1,0,91,0,6,0,0
oracle,high,4.0,10312,wipeout,0,1,0,75,0,4,0,0
oracle,high,4.0,10313,wipeout,0,1,0,53,0,6,0,0
oracle,high,4.0,10314,wipeout,0,1,0,73,0,3,0,0
oracle,high,4.0,10315,wipeout,0,1,0,56,0,7,0,0
oracle,high,4.0,10316,wipeout,0,1,0,98,0,6,0,0
oracle,high,4.0,10317,wipeout,0,1,0,45,0,6,0,0
oracle,high,4.0,10318,wipeout,0,1,0,82,0,7,0,0
oracle,high,4.0,10319,wipeout,0,1,0,79,0,5,0,0
oracle,high,4.0,10320,wipeout,0,1,0,35,0,5,0,0
oracle,high,4.0,10321,wipeout,0,1,0,51,0,5,0,0
oracle,high,4.0,10322,wipeout,0,1,0,24,0,5,0,0
oracle,high,4.0,10323,wipeout,0,1,0,84,0,3,0,0
oracle,high,4.0,10324,wipeout,0,1,0,76,0,3,0,0
oracle,high,4.0,10325,wipeout,0,1,0,102,0,6,0,0
oracle,high,4.0,10326,wipeout,0,1,0,57,0,5,0,0
oracle,high,4.0,10327,wipeout,0,1,0,78,0,3,0,0
oracle,high,4.0,10328,wipeout,0,1,0,49,0,6,0,0
oracle,high,4.0,10329,wipeout,0,1,0,67,0,5,0,0
oracle,high,4.0,10330,wipeout,0,1,0,88,0,4,0,0
oracle,high,4.0,10331,wipeout,0,1,0,77,0,3,0,0
oracle,high,4.0,10332,wipeout,0,1,0,87,0,4,0,0
oracle,high,4.0,10333,wipeout,0,1,0,68,0,3,0,0
oracle,high,4.0,10334,wipeout,0,1,0,60,0,5,0,0
oracle,high,4.0,10335,wipeout,0,1,0,58,0,4,0,0
oracle,high,4.0,10336,wipeout,0,1,0,48,0,4,0,0
oracle,high,4.0,10337,wipeout,0,1,0,71,0,5,0,0
oracle,high,4.0,10338,wipeout,0,1,0,40,0,5,0,0
oracle,high,4.0,10339,wipeout,0,1,0,42,0,3,0,0
oracle,high,4.0,10340,wipeout,0,1,0,59,0,4,0,0
oracle,high,4.0,10341,wipeout,0,1,0,69,0,5,0,0
oracle,high,4.0,10342,wipeout,0,1,0,39,0,7,0,0
oracle,high,4.0,10343,wipeout,0,1,0,63,0,5,0,0
oracle,high,4.0,10344,wipeout,0,1,0,90,0,7,0,0
oracle,high,4.0,10345,wipeout,0,1,0,84,0,3,0,0
oracle,high,4.0,10346,wipeout,0,1,0,52,0,4,0,0
oracle,high,4.0,10347,wipeout,0,1,0,76,0,3,0,0
oracle,high,4.0,10348,wipeout,0,1,0,88,0,6,0,0
oracle,high,4.0,10349,wipeout,0,1,0,54,0,5,0,0
oracle,high,4.0,10350,wipeout,0,1,0,87,0,5,0,0
oracle,high,4.0,10351,wipeout,0,1,0,72,0,7,0,0
oracle,high,4.0,10352,wipeout,0,1,0,32,0,5,0,0
oracle,high,4.0,10353,wipeout,0,1,0,56,0,5,0,0
oracle,high,4.0,10354,wipeout,0,1,0,36,0,6,0,0
oracle,high,4.0,10355,wipeout,0,1,0,50,0,4,0,0
oracle,high,4.0,10356,wipeout,0,1,0,61,0,6,0,0
oracle,high,4.0,10357,wipeout,0,1,0,64,0,4,0,0
oracle,high,4.0,10358,wipeout,0,1,0,85,0,5,0,0
oracle,high,4.0,10359,wipeout,0,1,0,48,0,4,0,0
oracle,high,4.0,10360,wipeout,0,1,0,91,0,6,0,0
oracle,high,4.0,10361,wipeout,0,1,0,61,0,5,0,0
oracle,high,4.0,10362,wipeout,0,1,0,65,0,4,0,0
oracle,high,4.0,10363,wipeout,0,1,0,78,0,3,0,0
oracle,high,4.0,10364,wipeout,0,1,0,78,0,3,0,0
oracle,high,4.0,10365,wipeout,0,1,0,99,0,4,0,0
oracle,high,4.0,10366,wipeout,0,1,0,76,0,5,0,0
oracle,high,4.0,10367,wipeout,0,1,0,54,0,5,0,0
oracle,high,4.0,10368,wipeout,0,1,0,81,0,5,0,0
oracle,high,4.0,10369,wipeout,0,1,0,38,0,5,0,0
oracle,high,4.0,10370,wipeout,0,1,0,74,0,4,0,0
oracle,high,4.0,10371,wipeout,0,1,0,67,0,5,0,0
oracle,high,4.0,10372,wipeout,0,1,0,73,0,6,0,0
oracle,high,4.0,10373,wipeout,0,1,0,107,0,6,0,0
oracle,high,4.0,10374,wipeout,0,1,0,62,0,4,0,0
oracle,high,4.0,10375,wipeout,0,1,0,67,0,4,0,0
oracle,high,4.0,10376,wipeout,0,1,0,43,0,4,0,0
oracle,high,4.0,10377,wipeout,0,1,0,56,0,4,0,0
oracle,high,4.0,10378,wipeout,0,1,0,76,0,5,0,0
oracle,high,4.0,10379,wipeout,0,1,0,88,0,6,0,0
oracle,high,4.0,10380,wipeout,0,1,0,91,0,4,0,0
oracle,high,4.0,10381,wipeout,0,1,0,75,0,7,0,0
oracle,high,4.0,10382,wipeout,0,1,0,65,0,3,0,0
oracle,high,4.0,10383,wipeout,0,1,0,57,0,5,0,0
oracle,high,4.0,10384,wipeout,0,1,0,55,0,5,0,0
oracle,high,4.0,10385,wipeout,0,1,0,22,0,7,0,0
oracle,high,4.0,10386,wipeout,0,1,0,44,0,6,0,0
oracle,high,4.0,10387,wipeout,0,1,0,55,0,4,0,0
oracle,high,4.0,10388,wipeout,0,1,0,60,0,6,0,0
oracle,high,4.0,10389,wipeout,0,1,0,79,0,4,0,0
oracle,high,4.0,10390,wipeout,0,1,0,47,0,4,0,0
oracle,high,4.0,10391,wipeout,0,1,0,71,0,3,0,0
oracle,high,4.0,10392,wipeout,0,1,0,60,0,7,0,0
oracle,high,4.0,10393,wipeout,0,1,0,61,0,5,0,0
oracle,high,4.0,10394,wipeout,0,1,0,76,0,5,0,0
oracle,high,4.0,10395,wipeout,0,1,0,61,0,7,0,0
oracle,high,4.0,10396,wipeout,0,1,0,65,0,5,0,0
oracle,high,4.0,10397,wipeout,0,1,0,59,0,3,0,0
oracle,high,4.0,10398,wipeout,0,1,0,73,0,5,0,0
oracle,high,4.0,10399,wipeout,0,1,0,62,0,4,0,0
oracle,high,4.0,10400,wipeout,0,1,0,61,0,4,0,0
oracle,high,4.0,10401,wipeout,0,1,0,56,0,5,0,0
oracle,high,4.0,10402,wipeout,0,1,0,78,0,4,0,0
oracle,high,4.0,10403,wipeout,0,1,0,67,0,7,0,0
oracle,high,4.0,10404,wipeout,0,1,0,62,0,5,0,0
oracle,high,4.0,10405,wipeout,0,1,0,36,0,5,0,0
oracle,high,4.0,10406,wipeout,0,1,0,68,0,6,0,0
oracle,high,4.0,10407,wipeout,0,1,0,69,0,4,0,0
oracle,high,4.0,10408,wipeout,0,1,0,74,0,4,0,0
oracle,high,4.0,10409,wipeout,0,1,0,70,0,3,0,0
oracle,high,4.0,10410,wipeout,0,1,0,93,0,7,0,0
oracle,high,4.0,10411,wipeout,0,1,0,85,0,5,0,0
oracle,high,4.0,10412,wipeout,0,1,0,61,0,3,0,0
oracle,high,4.0,10413,wipeout,0,1,0,63,0,6,0,0
oracle,high,4.0,10414,wipeout,0,1,0,66,0,5,0,0
oracle,high,4.0,10415,wipeout,0,1,0,85,0,6,0,0
oracle,high,4.0,10416,wipeout,0,1,0,81,0,4,0,0
oracle,high,4.0,10417,wipeout,0,1,0,64,0,7,0,0
oracle,high,4.0,10418,wipeout,0,1,0,73,0,2,0,0
oracle,high,4.0,10419,wipeout,0,1,0,71,0,4,0,0
oracle,high,4.0,10420,wipeout,0,1,0,68,0,4,0,0
oracle,high,4.0,10421,wipeout,0,1,0,73,0,4,0,0
oracle,high,4.0,10422,wipeout,0,1,0,112,0,6,0,0
oracle,high,4.0,10423,wipeout,0,1,0,73,0,3,0,0
oracle,high,4.0,10424,wipeout,0,1,0,39,0,6,0,0
oracle,high,4.0,10425,wipeout,0,1,0,90,0,7,0,0
oracle,high,4.0,10426,wipeout,0,1,0,51,0,4,0,0
oracle,high,4.0,10427,wipeout,0,1,0,62,0,3,0,0
oracle,high,4.0,10428,wipeout,0,1,0,40,0,5,0,0
oracle,high,4.0,10429,wipeout,0,1,0,65,0,3,0,0
oracle,high,4.0,10430,wipeout,0,1,0,90,0,7,0,0
oracle,high,4.0,10431,wipeout,0,1,0,79,0,5,0,0
oracle,high,4.0,10432,wipeout,0,1,0,81,0,6,0,0
oracle,high,4.0,10433,wipeout,0,1,0,85,0,4,0,0
oracle,high,4.0,10434,wipeout,0,1,0,85,0,6,0,0
oracle,high,4.0,10435,wipeout,0,1,0,69,0,5,0,0
oracle,high,4.0,10436,wipeout,0,1,0,48,0,7,0,0
oracle,high,4.0,10437,wipeout,0,1,0,70,0,6,0,0
oracle,high,4.0,10438,wipeout,0,1,0,57,0,4,0,0
oracle,high,4.0,10439,wipeout,0,1,0,75,0,4,0,0
oracle,high,4.0,10440,wipeout,0,1,0,72,0,4,0,0
oracle,high,4.0,10441,wipeout,0,1,0,76,0,4,0,0
oracle,high,4.0,10442,wipeout,0,1,0,52,0,4,0,0
oracle,high,4.0,10443,wipeout,0,1,0,64,0,5,0,0
oracle,high,4.0,10444,wipeout,0,1,0,74,0,6,0,0
oracle,high,4.0,10445,wipeout,0,1,0,73,0,6,0,0
oracle,high,4.0,10446,wipeout,0,1,0,54,0,5,0,0
oracle,high,4.0,10447,wipeout,0,1,0,80,0,5,0,0
oracle,high,4.0,10448,wipeout,0,1,0,31,0,7,0,0
oracle,high,4.0,10449,wipeout,0,1,0,81,0,5,0,0
oracle,high,4.0,10450,wipeout,0,1,0,79,0,6,0,0
oracle,high,4.0,10451,wipeout,0,1,0,86,0,4,0,0
oracle,high,4.0,10452,wipeout,0,1,0,105,0,5,0,0
oracle,high,4.0,10453,wipeout,0,1,0,63,0,4,0,0
oracle,high,4.0,10454,wipeout,0,1,0,62,0,4,0,0
oracle,high,4.0,10455,wipeout,0,1,0,67,0,6,0,0
oracle,high,4.0,10456,wipeout,0,1,0,63,0,3,0,0
oracle,high,4.0,10457,wipeout,0,1,0,72,0,3,0,0
oracle,high,4.0,10458,wipeout,0,1,0,73,0,4,0,0
oracle,high,4.0,10459,wipeout,0,1,0,74,0,6,0,0
oracle,high,4.0,10460,wipeout,0,1,0,84,0,5,0,0
oracle,high,4.0,10461,wipeout,0,1,0,74,0,6,0,0
oracle,high,4.0,10462,wipeout,0,1,0,49,0,5,0,0
oracle,high,4.0,10463,wipeout,0,1,0,58,0,3,0,0
oracle,high,4.0,10464,wipeout,0,1,0,84,0,5,0,0
oracle,high,4.0,10465,wipeout,0,1,0,75,0,5,0,0
oracle,high,4.0,10466,wipeout,0,1,0,85,0,4,0,0
oracle,high,4.0,10467,wipeout,0,1,0,65,0,5,0,0
oracle,high,4.0,10468,wipeout,0,1,0,55,0,5,0,0
oracle,high,4.0,10469,wipeout,0,1,0,74,0,4,0,0
oracle,high,4.0,10470,wipeout,0,1,0,44,0,7,0,0
oracle,high,4.0,10471,wipeout,0,1,0,87,0,4,0,0
oracle,high,4.0,10472,wipeout,0,1,0,43,0,6,0,0
oracle,high,4.0,10473,wipeout,0,1,0,93,0,6,0,0
oracle,high,4.0,10474,wipeout,0,1,0,46,0,5,0,0
oracle,high,4.0,10475,wipeout,0,1,0,75,0,6,0,0
oracle,high,4.0,10476,wipeout,0,1,0,44,0,5,0,0
oracle,high,4.0,10477,wipeout,0,1,0,56,0,4,0,0
oracle,high,4.0,10478,wipeout,0,1,0,55,0,5,0,0
oracle,high,4.0,10479,wipeout,0,1,0,58,0,4,0,0
oracle,high,4.0,10480,wipeout,0,1,0,34,0,6,0,0
oracle,high,4.0,10481,wipeout,0,1,0,47,0,5,0,0
oracle,high,4.0,10482,wipeout,0,1,0,77,0,3,0,0
oracle,high,4.0,10483,wipeout,0,1,0,68,0,4,0,0
oracle,high,4.0,10484,wipeout,0,1,0,69,0,5,0,0
oracle,high,4.0,10485,wipeout,0,1,0,76,0,3,0,0
oracle,high,4.0,10486,wipeout,0,1,0,56,0,4,0,0
oracle,high,4.0,10487,wipeout,0,1,0,92,0,5,0,0
oracle,high,4.0,10488,wipeout,0,1,0,111,0,7,0,0
oracle,high,4.0,10489,wipeout,0,1,0,67,0,3,0,0
oracle,high,4.0,10490,wipeout,0,1,0,54,0,7,0,0
oracle,high,4.0,10491,wipeout,0,1,0,69,0,6,0,0
oracle,high,4.0,10492,wipeout,0,1,0,72,0,3,0,0
oracle,high,4.0,10493,wipeout,0,1,0,61,0,7,0,0
oracle,high,4.0,10494,wipeout,0,1,0,85,0,6,0,0
oracle,high,4.0,10495,wipeout,0,1,0,66,0,4,0,0
oracle,high,4.0,10496,wipeout,0,1,0,52,0,5,0,0
oracle,high,4.0,10497,wipeout,0,1,0,61,0,4,0,0
oracle,high,4.0,10498,wipeout,0,1,0,48,0,6,0,0
oracle,high,4.0,10499,wipeout,0,1,0,89,0,5,0,0
lone_entry,high,4.0,10000,wipeout,0,1,0,73,0,4,0,0
lone_entry,high,4.0,10001,wipeout,0,1,0,67,0,4,0,0
lone_entry,high,4.0,10002,wipeout,0,1,0,85,0,4,0,0
lone_entry,high,4.0,10003,wipeout,0,1,0,86,0,6,0,0
lone_entry,high,4.0,10004,wipeout,0,1,0,79,0,4,0,0
lone_entry,high,4.0,10005,wipeout,0,1,0,61,0,5,0,0
lone_entry,high,4.0,10006,wipeout,0,1,0,66,0,7,0,0
lone_entry,high,4.0,10007,wipeout,0,1,0,103,0,5,0,0
lone_entry,high,4.0,10008,wipeout,0,1,0,80,0,4,0,0
lone_entry,high,4.0,10009,wipeout,0,1,0,93,0,6,0,0
lone_entry,high,4.0,10010,wipeout,0,1,0,57,0,5,0,0
lone_entry,high,4.0,10011,wipeout,0,1,0,57,0,7,0,0
lone_entry,high,4.0,10012,wipeout,0,1,0,59,0,5,0,0
lone_entry,high,4.0,10013,wipeout,0,1,0,81,0,4,0,0
lone_entry,high,4.0,10014,wipeout,0,1,0,81,0,7,0,0
lone_entry,high,4.0,10015,wipeout,0,1,0,97,0,4,0,0
lone_entry,high,4.0,10016,wipeout,0,1,0,64,0,3,0,0
lone_entry,high,4.0,10017,wipeout,0,1,0,61,0,5,0,0
lone_entry,high,4.0,10018,wipeout,0,1,0,60,0,4,0,0
lone_entry,high,4.0,10019,wipeout,0,1,0,50,0,3,0,0
lone_entry,high,4.0,10020,wipeout,0,1,0,54,0,6,0,0
lone_entry,high,4.0,10021,wipeout,0,1,0,75,0,5,0,0
lone_entry,high,4.0,10022,wipeout,0,1,0,38,0,5,0,0
lone_entry,high,4.0,10023,wipeout,0,1,0,94,0,7,0,0
lone_entry,high,4.0,10024,wipeout,0,1,0,109,0,7,0,0
lone_entry,high,4.0,10025,wipeout,0,1,0,58,0,4,0,0
lone_entry,high,4.0,10026,wipeout,0,1,0,106,0,6,0,0
lone_entry,high,4.0,10027,wipeout,0,1,0,67,0,3,0,0
lone_entry,high,4.0,10028,wipeout,0,1,0,61,0,4,0,0
lone_entry,high,4.0,10029,wipeout,0,1,0,72,0,7,0,0
lone_entry,high,4.0,10030,wipeout,0,1,0,58,0,3,0,0
lone_entry,high,4.0,10031,wipeout,0,1,0,64,0,4,0,0
lone_entry,high,4.0,10032,wipeout,0,1,0,52,0,4,0,0
lone_entry,high,4.0,10033,wipeout,0,1,0,57,0,5,0,0
lone_entry,high,4.0,10034,wipeout,0,1,0,86,0,5,0,0
lone_entry,high,4.0,10035,wipeout,0,1,0,44,0,7,0,0
lone_entry,high,4.0,10036,wipeout,0,1,0,85,0,6,0,0
lone_entry,high,4.0,10037,wipeout,0,1,0,45,0,4,0,0
lone_entry,high,4.0,10038,wipeout,0,1,0,61,0,4,0,0
lone_entry,high,4.0,10039,wipeout,0,1,0,80,0,4,0,0
lone_entry,high,4.0,10040,wipeout,0,1,0,70,0,4,0,0
lone_entry,high,4.0,10041,wipeout,0,1,0,37,0,4,0,0
lone_entry,high,4.0,10042,wipeout,0,1,0,59,0,3,0,0
lone_entry,high,4.0,10043,wipeout,0,1,0,59,0,4,0,0
lone_entry,high,4.0,10044,wipeout,0,1,0,70,0,5,0,0
lone_entry,high,4.0,10045,wipeout,0,1,0,48,0,4,0,0
lone_entry,high,4.0,10046,wipeout,0,1,0,66,0,4,0,0
lone_entry,high,4.0,10047,wipeout,0,1,0,51,0,7,0,0
lone_entry,high,4.0,10048,wipeout,0,1,0,86,0,6,0,0
lone_entry,high,4.0,10049,wipeout,0,1,0,54,0,6,0,0
lone_entry,high,4.0,10050,wipeout,0,1,0,65,0,6,0,0
lone_entry,high,4.0,10051,wipeout,0,1,0,56,0,5,0,0
lone_entry,high,4.0,10052,wipeout,0,1,0,57,0,7,0,0
lone_entry,high,4.0,10053,wipeout,0,1,0,64,0,3,0,0
lone_entry,high,4.0,10054,wipeout,0,1,0,88,0,4,0,0
lone_entry,high,4.0,10055,wipeout,0,1,0,47,0,5,0,0
lone_entry,high,4.0,10056,wipeout,0,1,0,38,0,5,0,0
lone_entry,high,4.0,10057,wipeout,0,1,0,52,0,5,0,0
lone_entry,high,4.0,10058,wipeout,0,1,0,79,0,5,0,0
lone_entry,high,4.0,10059,wipeout,0,1,0,58,0,5,0,0
lone_entry,high,4.0,10060,wipeout,0,1,0,56,0,5,0,0
lone_entry,high,4.0,10061,wipeout,0,1,0,57,0,4,0,0
lone_entry,high,4.0,10062,wipeout,0,1,0,74,0,4,0,0
lone_entry,high,4.0,10063,wipeout,0,1,0,67,0,4,0,0
lone_entry,high,4.0,10064,wipeout,0,1,0,66,0,4,0,0
lone_entry,high,4.0,10065,wipeout,0,1,0,95,0,4,0,0
lone_entry,high,4.0,10066,wipeout,0,1,0,72,0,6,0,0
lone_entry,high,4.0,10067,wipeout,0,1,0,59,0,6,0,0
lone_entry,high,4.0,10068,wipeout,0,1,0,65,0,7,0,0
lone_entry,high,4.0,10069,wipeout,0,1,0,75,0,5,0,0
lone_entry,high,4.0,10070,wipeout,0,1,0,75,0,2,0,0
lone_entry,high,4.0,10071,wipeout,0,1,0,79,0,7,0,0
lone_entry,high,4.0,10072,wipeout,0,1,0,43,0,6,0,0
lone_entry,high,4.0,10073,wipeout,0,1,0,68,0,6,0,0
lone_entry,high,4.0,10074,wipeout,0,1,0,61,0,6,0,0
lone_entry,high,4.0,10075,wipeout,0,1,0,59,0,4,0,0
lone_entry,high,4.0,10076,wipeout,0,1,0,63,0,4,0,0
lone_entry,high,4.0,10077,wipeout,0,1,0,39,0,5,0,0
lone_entry,high,4.0,10078,wipeout,0,1,0,78,0,5,0,0
lone_entry,high,4.0,10079,wipeout,0,1,0,97,0,5,0,0
lone_entry,high,4.0,10080,wipeout,0,1,0,47,0,5,0,0
lone_entry,high,4.0,10081,wipeout,0,1,0,52,0,4,0,0
lone_entry,high,4.0,10082,wipeout,0,1,0,73,0,5,0,0
lone_entry,high,4.0,10083,wipeout,0,1,0,45,0,5,0,0
lone_entry,high,4.0,10084,wipeout,0,1,0,55,0,5,0,0
lone_entry,high,4.0,10085,wipeout,0,1,0,54,0,5,0,0
lone_entry,high,4.0,10086,wipeout,0,1,0,77,0,6,0,0
lone_entry,high,4.0,10087,wipeout,0,1,0,68,0,4,0,0
lone_entry,high,4.0,10088,wipeout,0,1,0,97,0,7,0,0
lone_entry,high,4.0,10089,wipeout,0,1,0,106,0,4,0,0
lone_entry,high,4.0,10090,wipeout,0,1,0,76,0,5,0,0
lone_entry,high,4.0,10091,wipeout,0,1,0,41,0,6,0,0
lone_entry,high,4.0,10092,wipeout,0,1,0,61,0,5,0,0
lone_entry,high,4.0,10093,wipeout,0,1,0,61,0,5,0,0
lone_entry,high,4.0,10094,wipeout,0,1,0,49,0,7,0,0
lone_entry,high,4.0,10095,wipeout,0,1,0,70,0,7,0,0
lone_entry,high,4.0,10096,wipeout,0,1,0,54,0,7,0,0
lone_entry,high,4.0,10097,wipeout,0,1,0,51,0,5,0,0
lone_entry,high,4.0,10098,wipeout,0,1,0,54,0,4,0,0
lone_entry,high,4.0,10099,wipeout,0,1,0,64,0,4,0,0
lone_entry,high,4.0,10100,wipeout,0,1,0,89,0,7,0,0
lone_entry,high,4.0,10101,wipeout,0,1,0,87,0,5,0,0
lone_entry,high,4.0,10102,wipeout,0,1,0,80,0,3,0,0
lone_entry,high,4.0,10103,wipeout,0,1,0,74,0,3,0,0
lone_entry,high,4.0,10104,wipeout,0,1,0,59,0,6,0,0
lone_entry,high,4.0,10105,wipeout,0,1,0,58,0,6,0,0
lone_entry,high,4.0,10106,wipeout,0,1,0,89,0,6,0,0
lone_entry,high,4.0,10107,wipeout,0,1,0,60,0,4,0,0
lone_entry,high,4.0,10108,wipeout,0,1,0,68,0,6,0,0
lone_entry,high,4.0,10109,wipeout,0,1,0,72,0,3,0,0
lone_entry,high,4.0,10110,wipeout,0,1,0,88,0,6,0,0
lone_entry,high,4.0,10111,wipeout,0,1,0,58,0,7,0,0
lone_entry,high,4.0,10112,wipeout,0,1,0,50,0,5,0,0
lone_entry,high,4.0,10113,wipeout,0,1,0,48,0,5,0,0
lone_entry,high,4.0,10114,wipeout,0,1,0,60,0,2,0,0
lone_entry,high,4.0,10115,wipeout,0,1,0,77,0,3,0,0
lone_entry,high,4.0,10116,wipeout,0,1,0,49,0,3,0,0
lone_entry,high,4.0,10117,wipeout,0,1,0,51,0,7,0,0
lone_entry,high,4.0,10118,wipeout,0,1,0,63,0,5,0,0
lone_entry,high,4.0,10119,wipeout,0,1,0,69,0,4,0,0
lone_entry,high,4.0,10120,wipeout,0,1,0,51,0,7,0,0
lone_entry,high,4.0,10121,wipeout,0,1,0,54,0,2,0,0
lone_entry,high,4.0,10122,wipeout,0,1,0,74,0,6,0,0
lone_entry,high,4.0,10123,wipeout,0,1,0,36,0,7,0,0
lone_entry,high,4.0,10124,wipeout,0,1,0,69,0,4,0,0
lone_entry,high,4.0,10125,wipeout,0,1,0,42,0,5,0,0
lone_entry,high,4.0,10126,wipeout,0,1,0,53,0,4,0,0
lone_entry,high,4.0,10127,wipeout,0,1,0,71,0,5,0,0
lone_entry,high,4.0,10128,wipeout,0,1,0,86,0,6,0,0
lone_entry,high,4.0,10129,wipeout,0,1,0,67,0,6,0,0
lone_entry,high,4.0,10130,wipeout,0,1,0,71,0,5,0,0
lone_entry,high,4.0,10131,wipeout,0,1,0,50,0,5,0,0
lone_entry,high,4.0,10132,wipeout,0,1,0,67,0,5,0,0
lone_entry,high,4.0,10133,wipeout,0,1,0,62,0,5,0,0
lone_entry,high,4.0,10134,wipeout,0,1,0,90,0,6,0,0
lone_entry,high,4.0,10135,wipeout,0,1,0,61,0,5,0,0
lone_entry,high,4.0,10136,wipeout,0,1,0,59,0,4,0,0
lone_entry,high,4.0,10137,wipeout,0,1,0,84,0,6,0,0
lone_entry,high,4.0,10138,wipeout,0,1,0,53,0,3,0,0
lone_entry,high,4.0,10139,wipeout,0,1,0,66,0,4,0,0
lone_entry,high,4.0,10140,wipeout,0,1,0,48,0,6,0,0
lone_entry,high,4.0,10141,wipeout,0,1,0,68,0,7,0,0
lone_entry,high,4.0,10142,wipeout,0,1,0,24,0,7,0,0
lone_entry,high,4.0,10143,wipeout,0,1,0,61,0,6,0,0
lone_entry,high,4.0,10144,wipeout,0,1,0,54,0,4,0,0
lone_entry,high,4.0,10145,wipeout,0,1,0,62,0,4,0,0
lone_entry,high,4.0,10146,wipeout,0,1,0,67,0,5,0,0
lone_entry,high,4.0,10147,wipeout,0,1,0,79,0,7,0,0
lone_entry,high,4.0,10148,wipeout,0,1,0,72,0,5,0,0
lone_entry,high,4.0,10149,wipeout,0,1,0,100,0,5,0,0
lone_entry,high,4.0,10150,wipeout,0,1,0,66,0,7,0,0
lone_entry,high,4.0,10151,wipeout,0,1,0,86,0,4,0,0
lone_entry,high,4.0,10152,wipeout,0,1,0,76,0,6,0,0
lone_entry,high,4.0,10153,wipeout,0,1,0,85,0,4,0,0
lone_entry,high,4.0,10154,wipeout,0,1,0,47,0,6,0,0
lone_entry,high,4.0,10155,wipeout,0,1,0,75,0,5,0,0
lone_entry,high,4.0,10156,wipeout,0,1,0,63,0,5,0,0
lone_entry,high,4.0,10157,wipeout,0,1,0,77,0,7,0,0
lone_entry,high,4.0,10158,wipeout,0,1,0,61,0,5,0,0
lone_entry,high,4.0,10159,wipeout,0,1,0,59,0,5,0,0
lone_entry,high,4.0,10160,wipeout,0,1,0,51,0,5,0,0
lone_entry,high,4.0,10161,wipeout,0,1,0,72,0,7,0,0
lone_entry,high,4.0,10162,wipeout,0,1,0,73,0,2,0,0
lone_entry,high,4.0,10163,wipeout,0,1,0,66,0,4,0,0
lone_entry,high,4.0,10164,wipeout,0,1,0,97,0,6,0,0
lone_entry,high,4.0,10165,wipeout,0,1,0,93,0,5,0,0
lone_entry,high,4.0,10166,wipeout,0,1,0,68,0,4,0,0
lone_entry,high,4.0,10167,wipeout,0,1,0,90,0,7,0,0
lone_entry,high,4.0,10168,wipeout,0,1,0,48,0,6,0,0
lone_entry,high,4.0,10169,wipeout,0,1,0,73,0,2,0,0
lone_entry,high,4.0,10170,wipeout,0,1,0,54,0,6,0,0
lone_entry,high,4.0,10171,wipeout,0,1,0,71,0,4,0,0
lone_entry,high,4.0,10172,wipeout,0,1,0,97,0,5,0,0
lone_entry,high,4.0,10173,wipeout,0,1,0,47,0,4,0,0
lone_entry,high,4.0,10174,wipeout,0,1,0,58,0,3,0,0
lone_entry,high,4.0,10175,wipeout,0,1,0,53,0,5,0,0
lone_entry,high,4.0,10176,wipeout,0,1,0,81,0,4,0,0
lone_entry,high,4.0,10177,wipeout,0,1,0,52,0,4,0,0
lone_entry,high,4.0,10178,wipeout,0,1,0,63,0,3,0,0
lone_entry,high,4.0,10179,wipeout,0,1,0,53,0,5,0,0
lone_entry,high,4.0,10180,wipeout,0,1,0,74,0,3,0,0
lone_entry,high,4.0,10181,wipeout,0,1,0,36,0,5,0,0
lone_entry,high,4.0,10182,wipeout,0,1,0,72,0,4,0,0
lone_entry,high,4.0,10183,wipeout,0,1,0,60,0,4,0,0
lone_entry,high,4.0,10184,wipeout,0,1,0,67,0,5,0,0
lone_entry,high,4.0,10185,wipeout,0,1,0,63,0,4,0,0
lone_entry,high,4.0,10186,wipeout,0,1,0,66,0,4,0,0
lone_entry,high,4.0,10187,wipeout,0,1,0,70,0,7,0,0
lone_entry,high,4.0,10188,wipeout,0,1,0,100,0,4,0,0
lone_entry,high,4.0,10189,wipeout,0,1,0,64,0,5,0,0
lone_entry,high,4.0,10190,wipeout,0,1,0,84,0,3,0,0
lone_entry,high,4.0,10191,wipeout,0,1,0,87,0,6,0,0
lone_entry,high,4.0,10192,wipeout,0,1,0,66,0,5,0,0
lone_entry,high,4.0,10193,wipeout,0,1,0,73,0,7,0,0
lone_entry,high,4.0,10194,wipeout,0,1,0,101,0,7,0,0
lone_entry,high,4.0,10195,wipeout,0,1,0,96,0,4,0,0
lone_entry,high,4.0,10196,wipeout,0,1,0,63,0,7,0,0
lone_entry,high,4.0,10197,wipeout,0,1,0,41,0,5,0,0
lone_entry,high,4.0,10198,wipeout,0,1,0,74,0,5,0,0
lone_entry,high,4.0,10199,wipeout,0,1,0,63,0,5,0,0
lone_entry,high,4.0,10200,wipeout,0,1,0,45,0,5,0,0
lone_entry,high,4.0,10201,wipeout,0,1,0,68,0,3,0,0
lone_entry,high,4.0,10202,wipeout,0,1,0,79,0,5,0,0
lone_entry,high,4.0,10203,wipeout,0,1,0,50,0,7,0,0
lone_entry,high,4.0,10204,wipeout,0,1,0,69,0,6,0,0
lone_entry,high,4.0,10205,wipeout,0,1,0,65,0,4,0,0
lone_entry,high,4.0,10206,wipeout,0,1,0,73,0,4,0,0
lone_entry,high,4.0,10207,wipeout,0,1,0,63,0,7,0,0
lone_entry,high,4.0,10208,wipeout,0,1,0,42,0,5,0,0
lone_entry,high,4.0,10209,wipeout,0,1,0,56,0,5,0,0
lone_entry,high,4.0,10210,wipeout,0,1,0,114,0,5,0,0
lone_entry,high,4.0,10211,wipeout,0,1,0,84,0,4,0,0
lone_entry,high,4.0,10212,wipeout,0,1,0,71,0,4,0,0
lone_entry,high,4.0,10213,wipeout,0,1,0,48,0,4,0,0
lone_entry,high,4.0,10214,wipeout,0,1,0,78,0,3,0,0
lone_entry,high,4.0,10215,wipeout,0,1,0,64,0,4,0,0
lone_entry,high,4.0,10216,wipeout,0,1,0,71,0,4,0,0
lone_entry,high,4.0,10217,wipeout,0,1,0,92,0,6,0,0
lone_entry,high,4.0,10218,wipeout,0,1,0,49,0,3,0,0
lone_entry,high,4.0,10219,wipeout,0,1,0,97,0,7,0,0
lone_entry,high,4.0,10220,wipeout,0,1,0,82,0,4,0,0
lone_entry,high,4.0,10221,wipeout,0,1,0,73,0,4,0,0
lone_entry,high,4.0,10222,wipeout,0,1,0,52,0,7,0,0
lone_entry,high,4.0,10223,wipeout,0,1,0,70,0,6,0,0
lone_entry,high,4.0,10224,wipeout,0,1,0,115,0,5,0,0
lone_entry,high,4.0,10225,wipeout,0,1,0,54,0,5,0,0
lone_entry,high,4.0,10226,wipeout,0,1,0,92,0,7,0,0
lone_entry,high,4.0,10227,wipeout,0,1,0,59,0,6,0,0
lone_entry,high,4.0,10228,wipeout,0,1,0,87,0,5,0,0
lone_entry,high,4.0,10229,wipeout,0,1,0,83,0,6,0,0
lone_entry,high,4.0,10230,wipeout,0,1,0,48,0,7,0,0
lone_entry,high,4.0,10231,wipeout,0,1,0,58,0,3,0,0
lone_entry,high,4.0,10232,wipeout,0,1,0,51,0,6,0,0
lone_entry,high,4.0,10233,wipeout,0,1,0,47,0,5,0,0
lone_entry,high,4.0,10234,wipeout,0,1,0,93,0,7,0,0
lone_entry,high,4.0,10235,wipeout,0,1,0,80,0,6,0,0
lone_entry,high,4.0,10236,wipeout,0,1,0,57,0,7,0,0
lone_entry,high,4.0,10237,wipeout,0,1,0,60,0,5,0,0
lone_entry,high,4.0,10238,wipeout,0,1,0,82,0,3,0,0
lone_entry,high,4.0,10239,wipeout,0,1,0,62,0,5,0,0
lone_entry,high,4.0,10240,wipeout,0,1,0,68,0,5,0,0
lone_entry,high,4.0,10241,wipeout,0,1,0,52,0,6,0,0
lone_entry,high,4.0,10242,wipeout,0,1,0,69,0,4,0,0
lone_entry,high,4.0,10243,wipeout,0,1,0,55,0,6,0,0
lone_entry,high,4.0,10244,wipeout,0,1,0,66,0,5,0,0
lone_entry,high,4.0,10245,wipeout,0,1,0,58,0,5,0,0
lone_entry,high,4.0,10246,wipeout,0,1,0,69,0,4,0,0
lone_entry,high,4.0,10247,wipeout,0,1,0,74,0,5,0,0
lone_entry,high,4.0,10248,wipeout,0,1,0,97,0,6,0,0
lone_entry,high,4.0,10249,wipeout,0,1,0,41,0,6,0,0
lone_entry,high,4.0,10250,wipeout,0,1,0,53,0,7,0,0
lone_entry,high,4.0,10251,wipeout,0,1,0,85,0,6,0,0
lone_entry,high,4.0,10252,wipeout,0,1,0,56,0,5,0,0
lone_entry,high,4.0,10253,wipeout,0,1,0,70,0,3,0,0
lone_entry,high,4.0,10254,wipeout,0,1,0,100,0,4,0,0
lone_entry,high,4.0,10255,wipeout,0,1,0,90,0,6,0,0
lone_entry,high,4.0,10256,wipeout,0,1,0,45,0,5,0,0
lone_entry,high,4.0,10257,wipeout,0,1,0,73,0,2,0,0
lone_entry,high,4.0,10258,wipeout,0,1,0,86,0,5,0,0
lone_entry,high,4.0,10259,wipeout,0,1,0,78,0,2,0,0
lone_entry,high,4.0,10260,wipeout,0,1,0,71,0,4,0,0
lone_entry,high,4.0,10261,wipeout,0,1,0,98,0,4,0,0
lone_entry,high,4.0,10262,wipeout,0,1,0,47,0,4,0,0
lone_entry,high,4.0,10263,wipeout,0,1,0,59,0,5,0,0
lone_entry,high,4.0,10264,wipeout,0,1,0,58,0,7,0,0
lone_entry,high,4.0,10265,wipeout,0,1,0,57,0,3,0,0
lone_entry,high,4.0,10266,wipeout,0,1,0,63,0,5,0,0
lone_entry,high,4.0,10267,wipeout,0,1,0,53,0,3,0,0
lone_entry,high,4.0,10268,wipeout,0,1,0,62,0,6,0,0
lone_entry,high,4.0,10269,wipeout,0,1,0,68,0,5,0,0
lone_entry,high,4.0,10270,wipeout,0,1,0,68,0,3,0,0
lone_entry,high,4.0,10271,wipeout,0,1,0,56,0,6,0,0
lone_entry,high,4.0,10272,wipeout,0,1,0,58,0,4,0,0
lone_entry,high,4.0,10273,wipeout,0,1,0,86,0,7,0,0
lone_entry,high,4.0,10274,wipeout,0,1,0,58,0,4,0,0
lone_entry,high,4.0,10275,wipeout,0,1,0,109,0,7,0,0
lone_entry,high,4.0,10276,wipeout,0,1,0,79,0,7,0,0
lone_entry,high,4.0,10277,wipeout,0,1,0,89,0,5,0,0
lone_entry,high,4.0,10278,wipeout,0,1,0,65,0,5,0,0
lone_entry,high,4.0,10279,wipeout,0,1,0,64,0,6,0,0
lone_entry,high,4.0,10280,wipeout,0,1,0,57,0,7,0,0
lone_entry,high,4.0,10281,wipeout,0,1,0,50,0,5,0,0
lone_entry,high,4.0,10282,wipeout,0,1,0,61,0,3,0,0
lone_entry,high,4.0,10283,wipeout,0,1,0,76,0,4,0,0
lone_entry,high,4.0,10284,wipeout,0,1,0,65,0,4,0,0
lone_entry,high,4.0,10285,wipeout,0,1,0,68,0,5,0,0
lone_entry,high,4.0,10286,wipeout,0,1,0,51,0,7,0,0
lone_entry,high,4.0,10287,wipeout,0,1,0,57,0,4,0,0
lone_entry,high,4.0,10288,wipeout,0,1,0,65,0,5,0,0
lone_entry,high,4.0,10289,wipeout,0,1,0,71,0,3,0,0
lone_entry,high,4.0,10290,wipeout,0,1,0,70,0,7,0,0
lone_entry,high,4.0,10291,wipeout,0,1,0,28,0,7,0,0
lone_entry,high,4.0,10292,wipeout,0,1,0,88,0,4,0,0
lone_entry,high,4.0,10293,wipeout,0,1,0,76,0,3,0,0
lone_entry,high,4.0,10294,wipeout,0,1,0,104,0,6,0,0
lone_entry,high,4.0,10295,wipeout,0,1,0,68,0,4,0,0
lone_entry,high,4.0,10296,wipeout,0,1,0,77,0,6,0,0
lone_entry,high,4.0,10297,wipeout,0,1,0,59,0,4,0,0
lone_entry,high,4.0,10298,wipeout,0,1,0,40,0,5,0,0
lone_entry,high,4.0,10299,wipeout,0,1,0,46,0,5,0,0
lone_entry,high,4.0,10300,wipeout,0,1,0,55,0,5,0,0
lone_entry,high,4.0,10301,wipeout,0,1,0,76,0,5,0,0
lone_entry,high,4.0,10302,wipeout,0,1,0,58,0,5,0,0
lone_entry,high,4.0,10303,wipeout,0,1,0,53,0,4,0,0
lone_entry,high,4.0,10304,wipeout,0,1,0,56,0,4,0,0
lone_entry,high,4.0,10305,wipeout,0,1,0,56,0,3,0,0
lone_entry,high,4.0,10306,wipeout,0,1,0,73,0,3,0,0
lone_entry,high,4.0,10307,wipeout,0,1,0,72,0,5,0,0
lone_entry,high,4.0,10308,wipeout,0,1,0,90,0,5,0,0
lone_entry,high,4.0,10309,wipeout,0,1,0,69,0,3,0,0
lone_entry,high,4.0,10310,wipeout,0,1,0,69,0,7,0,0
lone_entry,high,4.0,10311,wipeout,0,1,0,91,0,6,0,0
lone_entry,high,4.0,10312,wipeout,0,1,0,75,0,4,0,0
lone_entry,high,4.0,10313,wipeout,0,1,0,53,0,6,0,0
lone_entry,high,4.0,10314,wipeout,0,1,0,73,0,3,0,0
lone_entry,high,4.0,10315,wipeout,0,1,0,56,0,7,0,0
lone_entry,high,4.0,10316,wipeout,0,1,0,98,0,6,0,0
lone_entry,high,4.0,10317,wipeout,0,1,0,45,0,6,0,0
lone_entry,high,4.0,10318,wipeout,0,1,0,82,0,7,0,0
lone_entry,high,4.0,10319,wipeout,0,1,0,79,0,5,0,0
lone_entry,high,4.0,10320,wipeout,0,1,0,35,0,5,0,0
lone_entry,high,4.0,10321,wipeout,0,1,0,51,0,5,0,0
lone_entry,high,4.0,10322,wipeout,0,1,0,24,0,5,0,0
lone_entry,high,4.0,10323,wipeout,0,1,0,84,0,3,0,0
lone_entry,high,4.0,10324,wipeout,0,1,0,76,0,3,0,0
lone_entry,high,4.0,10325,wipeout,0,1,0,102,0,6,0,0
lone_entry,high,4.0,10326,wipeout,0,1,0,57,0,5,0,0
lone_entry,high,4.0,10327,wipeout,0,1,0,78,0,3,0,0
lone_entry,high,4.0,10328,wipeout,0,1,0,49,0,6,0,0
lone_entry,high,4.0,10329,wipeout,0,1,0,67,0,5,0,0
lone_entry,high,4.0,10330,wipeout,0,1,0,88,0,4,0,0
lone_entry,high,4.0,10331,wipeout,0,1,0,77,0,3,0,0
lone_entry,high,4.0,10332,wipeout,0,1,0,87,0,4,0,0
lone_entry,high,4.0,10333,wipeout,0,1,0,68,0,3,0,0
lone_entry,high,4.0,10334,wipeout,0,1,0,60,0,5,0,0
lone_entry,high,4.0,10335,wipeout,0,1,0,58,0,4,0,0
lone_entry,high,4.0,10336,wipeout,0,1,0,48,0,4,0,0
lone_entry,high,4.0,10337,wipeout,0,1,0,71,0,5,0,0
lone_entry,high,4.0,10338,wipeout,0,1,0,40,0,5,0,0
lone_entry,high,4.0,10339,wipeout,0,1,0,42,0,3,0,0
lone_entry,high,4.0,10340,wipeout,0,1,0,59,0,4,0,0
lone_entry,high,4.0,10341,wipeout,0,1,0,69,0,5,0,0
lone_entry,high,4.0,10342,wipeout,0,1,0,39,0,7,0,0
lone_entry,high,4.0,10343,wipeout,0,1,0,63,0,5,0,0
lone_entry,high,4.0,10344,wipeout,0,1,0,90,0,7,0,0
lone_entry,high,4.0,10345,wipeout,0,1,0,84,0,3,0,0
lone_entry,high,4.0,10346,wipeout,0,1,0,52,0,4,0,0
lone_entry,high,4.0,10347,wipeout,0,1,0,76,0,3,0,0
lone_entry,high,4.0,10348,wipeout,0,1,0,88,0,6,0,0
lone_entry,high,4.0,10349,wipeout,0,1,0,54,0,5,0,0
lone_entry,high,4.0,10350,wipeout,0,1,0,87,0,5,0,0
lone_entry,high,4.0,10351,wipeout,0,1,0,72,0,7,0,0
lone_entry,high,4.0,10352,wipeout,0,1,0,32,0,5,0,0
lone_entry,high,4.0,10353,wipeout,0,1,0,56,0,5,0,0
lone_entry,high,4.0,10354,wipeout,0,1,0,36,0,6,0,0
lone_entry,high,4.0,10355,wipeout,0,1,0,50,0,4,0,0
lone_entry,high,4.0,10356,wipeout,0,1,0,61,0,6,0,0
lone_entry,high,4.0,10357,wipeout,0,1,0,64,0,4,0,0
lone_entry,high,4.0,10358,wipeout,0,1,0,85,0,5,0,0
lone_entry,high,4.0,10359,wipeout,0,1,0,48,0,4,0,0
lone_entry,high,4.0,10360,wipeout,0,1,0,91,0,6,0,0
lone_entry,high,4.0,10361,wipeout,0,1,0,61,0,5,0,0
lone_entry,high,4.0,10362,wipeout,0,1,0,65,0,4,0,0
lone_entry,high,4.0,10363,wipeout,0,1,0,78,0,3,0,0
lone_entry,high,4.0,10364,wipeout,0,1,0,78,0,3,0,0
lone_entry,high,4.0,10365,wipeout,0,1,0,99,0,4,0,0
lone_entry,high,4.0,10366,wipeout,0,1,0,76,0,5,0,0
lone_entry,high,4.0,10367,wipeout,0,1,0,54,0,5,0,0
lone_entry,high,4.0,10368,wipeout,0,1,0,81,0,5,0,0
lone_entry,high,4.0,10369,wipeout,0,1,0,38,0,5,0,0
lone_entry,high,4.0,10370,wipeout,0,1,0,74,0,4,0,0
lone_entry,high,4.0,10371,wipeout,0,1,0,67,0,5,0,0
lone_entry,high,4.0,10372,wipeout,0,1,0,73,0,6,0,0
lone_entry,high,4.0,10373,wipeout,0,1,0,107,0,6,0,0
lone_entry,high,4.0,10374,wipeout,0,1,0,62,0,4,0,0
lone_entry,high,4.0,10375,wipeout,0,1,0,67,0,4,0,0
lone_entry,high,4.0,10376,wipeout,0,1,0,43,0,4,0,0
lone_entry,high,4.0,10377,wipeout,0,1,0,56,0,4,0,0
lone_entry,high,4.0,10378,wipeout,0,1,0,76,0,5,0,0
lone_entry,high,4.0,10379,wipeout,0,1,0,88,0,6,0,0
lone_entry,high,4.0,10380,wipeout,0,1,0,91,0,4,0,0
lone_entry,high,4.0,10381,wipeout,0,1,0,75,0,7,0,0
lone_entry,high,4.0,10382,wipeout,0,1,0,65,0,3,0,0
lone_entry,high,4.0,10383,wipeout,0,1,0,57,0,5,0,0
lone_entry,high,4.0,10384,wipeout,0,1,0,55,0,5,0,0
lone_entry,high,4.0,10385,wipeout,0,1,0,22,0,7,0,0
lone_entry,high,4.0,10386,wipeout,0,1,0,44,0,6,0,0
lone_entry,high,4.0,10387,wipeout,0,1,0,55,0,4,0,0
lone_entry,high,4.0,10388,wipeout,0,1,0,60,0,6,0,0
lone_entry,high,4.0,10389,wipeout,0,1,0,79,0,4,0,0
lone_entry,high,4.0,10390,wipeout,0,1,0,47,0,4,0,0
lone_entry,high,4.0,10391,wipeout,0,1,0,71,0,3,0,0
lone_entry,high,4.0,10392,wipeout,0,1,0,60,0,7,0,0
lone_entry,high,4.0,10393,wipeout,0,1,0,61,0,5,0,0
lone_entry,high,4.0,10394,wipeout,0,1,0,76,0,5,0,0
lone_entry,high,4.0,10395,wipeout,0,1,0,61,0,7,0,0
lone_entry,high,4.0,10396,wipeout,0,1,0,65,0,5,0,0
lone_entry,high,4.0,10397,wipeout,0,1,0,59,0,3,0,0
lone_entry,high,4.0,10398,wipeout,0,1,0,73,0,5,0,0
lone_entry,high,4.0,10399,wipeout,0,1,0,62,0,4,0,0
lone_entry,high,4.0,10400,wipeout,0,1,0,61,0,4,0,0
lone_entry,high,4.0,10401,wipeout,0,1,0,56,0,5,0,0
lone_entry,high,4.0,10402,wipeout,0,1,0,78,0,4,0,0
lone_entry,high,4.0,10403,wipeout,0,1,0,67,0,7,0,0
lone_entry,high,4.0,10404,wipeout,0,1,0,62,0,5,0,0
lone_entry,high,4.0,10405,wipeout,0,1,0,36,0,5,0,0
lone_entry,high,4.0,10406,wipeout,0,1,0,68,0,6,0,0
lone_entry,high,4.0,10407,wipeout,0,1,0,69,0,4,0,0
lone_entry,high,4.0,10408,wipeout,0,1,0,74,0,4,0,0
lone_entry,high,4.0,10409,wipeout,0,1,0,70,0,3,0,0
lone_entry,high,4.0,10410,wipeout,0,1,0,93,0,7,0,0
lone_entry,high,4.0,10411,wipeout,0,1,0,85,0,5,0,0
lone_entry,high,4.0,10412,wipeout,0,1,0,61,0,3,0,0
lone_entry,high,4.0,10413,wipeout,0,1,0,63,0,6,0,0
lone_entry,high,4.0,10414,wipeout,0,1,0,66,0,5,0,0
lone_entry,high,4.0,10415,wipeout,0,1,0,85,0,6,0,0
lone_entry,high,4.0,10416,wipeout,0,1,0,81,0,4,0,0
lone_entry,high,4.0,10417,wipeout,0,1,0,64,0,7,0,0
lone_entry,high,4.0,10418,wipeout,0,1,0,73,0,2,0,0
lone_entry,high,4.0,10419,wipeout,0,1,0,71,0,4,0,0
lone_entry,high,4.0,10420,wipeout,0,1,0,68,0,4,0,0
lone_entry,high,4.0,10421,wipeout,0,1,0,73,0,4,0,0
lone_entry,high,4.0,10422,wipeout,0,1,0,112,0,6,0,0
lone_entry,high,4.0,10423,wipeout,0,1,0,73,0,3,0,0
lone_entry,high,4.0,10424,wipeout,0,1,0,39,0,6,0,0
lone_entry,high,4.0,10425,wipeout,0,1,0,90,0,7,0,0
lone_entry,high,4.0,10426,wipeout,0,1,0,51,0,4,0,0
lone_entry,high,4.0,10427,wipeout,0,1,0,62,0,3,0,0
lone_entry,high,4.0,10428,wipeout,0,1,0,40,0,5,0,0
lone_entry,high,4.0,10429,wipeout,0,1,0,65,0,3,0,0
lone_entry,high,4.0,10430,wipeout,0,1,0,90,0,7,0,0
lone_entry,high,4.0,10431,wipeout,0,1,0,79,0,5,0,0
lone_entry,high,4.0,10432,wipeout,0,1,0,81,0,6,0,0
lone_entry,high,4.0,10433,wipeout,0,1,0,85,0,4,0,0
lone_entry,high,4.0,10434,wipeout,0,1,0,85,0,6,0,0
lone_entry,high,4.0,10435,wipeout,0,1,0,69,0,5,0,0
lone_entry,high,4.0,10436,wipeout,0,1,0,48,0,7,0,0
lone_entry,high,4.0,10437,wipeout,0,1,0,70,0,6,0,0
lone_entry,high,4.0,10438,wipeout,0,1,0,57,0,4,0,0
lone_entry,high,4.0,10439,wipeout,0,1,0,75,0,4,0,0
lone_entry,high,4.0,10440,wipeout,0,1,0,72,0,4,0,0
lone_entry,high,4.0,10441,wipeout,0,1,0,76,0,4,0,0
lone_entry,high,4.0,10442,wipeout,0,1,0,52,0,4,0,0
lone_entry,high,4.0,10443,wipeout,0,1,0,64,0,5,0,0
lone_entry,high,4.0,10444,wipeout,0,1,0,74,0,6,0,0
lone_entry,high,4.0,10445,wipeout,0,1,0,73,0,6,0,0
lone_entry,high,4.0,10446,wipeout,0,1,0,54,0,5,0,0
lone_entry,high,4.0,10447,wipeout,0,1,0,80,0,5,0,0
lone_entry,high,4.0,10448,wipeout,0,1,0,31,0,7,0,0
lone_entry,high,4.0,10449,wipeout,0,1,0,81,0,5,0,0
lone_entry,high,4.0,10450,wipeout,0,1,0,79,0,6,0,0
lone_entry,high,4.0,10451,wipeout,0,1,0,86,0,4,0,0
lone_entry,high,4.0,10452,wipeout,0,1,0,105,0,5,0,0
lone_entry,high,4.0,10453,wipeout,0,1,0,63,0,4,0,0
lone_entry,high,4.0,10454,wipeout,0,1,0,62,0,4,0,0
lone_entry,high,4.0,10455,wipeout,0,1,0,67,0,6,0,0
lone_entry,high,4.0,10456,wipeout,0,1,0,63,0,3,0,0
lone_entry,high,4.0,10457,wipeout,0,1,0,72,0,3,0,0
lone_entry,high,4.0,10458,wipeout,0,1,0,73,0,4,0,0
lone_entry,high,4.0,10459,wipeout,0,1,0,74,0,6,0,0
lone_entry,high,4.0,10460,wipeout,0,1,0,84,0,5,0,0
lone_entry,high,4.0,10461,wipeout,0,1,0,74,0,6,0,0
lone_entry,high,4.0,10462,wipeout,0,1,0,49,0,5,0,0
lone_entry,high,4.0,10463,wipeout,0,1,0,58,0,3,0,0
lone_entry,high,4.0,10464,wipeout,0,1,0,84,0,5,0,0
lone_entry,high,4.0,10465,wipeout,0,1,0,75,0,5,0,0
lone_entry,high,4.0,10466,wipeout,0,1,0,85,0,4,0,0
lone_entry,high,4.0,10467,wipeout,0,1,0,65,0,5,0,0
lone_entry,high,4.0,10468,wipeout,0,1,0,55,0,5,0,0
lone_entry,high,4.0,10469,wipeout,0,1,0,74,0,4,0,0
lone_entry,high,4.0,10470,wipeout,0,1,0,44,0,7,0,0
lone_entry,high,4.0,10471,wipeout,0,1,0,87,0,4,0,0
lone_entry,high,4.0,10472,wipeout,0,1,0,43,0,6,0,0
lone_entry,high,4.0,10473,wipeout,0,1,0,93,0,6,0,0
lone_entry,high,4.0,10474,wipeout,0,1,0,46,0,5,0,0
lone_entry,high,4.0,10475,wipeout,0,1,0,75,0,6,0,0
lone_entry,high,4.0,10476,wipeout,0,1,0,44,0,5,0,0
lone_entry,high,4.0,10477,wipeout,0,1,0,56,0,4,0,0
lone_entry,high,4.0,10478,wipeout,0,1,0,55,0,5,0,0
lone_entry,high,4.0,10479,wipeout,0,1,0,58,0,4,0,0
lone_entry,high,4.0,10480,wipeout,0,1,0,34,0,6,0,0
lone_entry,high,4.0,10481,wipeout,0,1,0,47,0,5,0,0
lone_entry,high,4.0,10482,wipeout,0,1,0,77,0,3,0,0
lone_entry,high,4.0,10483,wipeout,0,1,0,68,0,4,0,0
lone_entry,high,4.0,10484,wipeout,0,1,0,69,0,5,0,0
lone_entry,high,4.0,10485,wipeout,0,1,0,76,0,3,0,0
lone_entry,high,4.0,10486,wipeout,0,1,0,56,0,4,0,0
lone_entry,high,4.0,10487,wipeout,0,1,0,92,0,5,0,0
lone_entry,high,4.0,10488,wipeout,0,1,0,111,0,7,0,0
lone_entry,high,4.0,10489,wipeout,0,1,0,67,0,3,0,0
lone_entry,high,4.0,10490,wipeout,0,1,0,54,0,7,0,0
lone_entry,high,4.0,10491,wipeout,0,1,0,69,0,6,0,0
lone_entry,high,4.0,10492,wipeout,0,1,0,72,0,3,0,0
lone_entry,high,4.0,10493,wipeout,0,1,0,61,0,7,0,0
lone_entry,high,4.0,10494,wipeout,0,1,0,85,0,6,0,0
lone_entry,high,4.0,10495,wipeout,0,1,0,66,0,4,0,0
lone_entry,high,4.0,10496,wipeout,0,1,0,52,0,5,0,0
lone_entry,high,4.0,10497,wipeout,0,1,0,61,0,4,0,0
lone_entry,high,4.0,10498,wipeout,0,1,0,48,0,6,0,0
lone_entry,high,4.0,10499,wipeout,0,1,0,89,0,5,0,0
blind_follow,high,4.0,10000,timeout,0,0,1,400,3,6,0,0
blind_follow,high,4.0,10001,timeout,0,0,1,400,4,4,0,0
blind_follow,high,4.0,10002,timeout,0,0,1,400,4,4,0,0
blind_follow,high,4.0,10003,trapped_inside,0,0,0,400,3,7,0,1
blind_follow,high,4.0,10004,timeout,0,0,1,400,3,6,0,0
blind_follow,high,4.0,10005,timeout,0,0,1,400,4,5,0,0
blind_follow,high,4.0,10006,trapped_inside,0,0,0,400,2,7,0,1
blind_follow,high,4.0,10007,timeout,0,0,1,400,3,5,0,0
blind_follow,high,4.0,10008,timeout,0,0,1,400,3,4,0,0
blind_follow,high,4.0,10009,timeout,0,0,1,400,4,6,0,0
blind_follow,high,4.0,10010,timeout,0,0,1,400,2,5,0,0
blind_follow,high,4.0,10011,trapped_inside,0,0,0,400,3,7,0,1
blind_follow,high,4.0,10012,timeout,0,0,1,400,4,5,0,0
blind_follow,high,4.0,10013,timeout,0,0,1,400,4,5,0,0
blind_follow,high,4.0,10014,trapped_inside,0,0,0,400,4,7,0,1
blind_follow,high,4.0,10015,timeout,0,0,1,400,4,4,0,0
blind_follow,high,4.0,10016,timeout,0,0,1,400,4,3,0,0
blind_follow,high,4.0,10017,timeout,0,0,1,400,4,5,0,0
blind_follow,high,4.0,10018,timeout,0,0,1,400,4,4,0,0
blind_follow,high,4.0,10019,timeout,0,0,1,400,4,3,0,0
blind_follow,high,4.0,10020,timeout,0,0,1,400,4,6,0,0
blind_follow,high,4.0,10021,timeout,0,0,1,400,3,5,0,0
blind_follow,high,4.0,10022,timeout,0,0,1,400,4,5,0,0
blind_follow,high,4.0,10023,trapped_inside,0,0,0,400,3,7,0,1
blind_follow,high,4.0,10024,trapped_inside,0,0,0,400,4,7,0,1
blind_follow,high,4.0,10025,timeout,0,0,1,400,3,4,0,0
blind_follow,high,4.0,10026,trapped_inside,0,0,0,400,3,7,0,1
blind_follow,high,4.0,10027,timeout,0,0,1,400,4,3,0,0
blind_follow,high,4.0,10028,timeout,0,0,1,400,3,5,0,0
blind_follow,high,4.0,10029,trapped_inside,0,0,0,400,4,7,0,1
blind_follow,high,4.0,10030,timeout,0,0,1,400,4,3,0,0
blind_follow,high,4.0,10031,timeout,0,0,1,400,4,5,0,0
blind_follow,high,4.0,10032,timeout,0,0,1,400,4,5,0,0
blind_follow,high,4.0,10033,timeout,0,0,1,400,4,5,0,0
blind_follow,high,4.0,10034,timeout,0,0,1,400,3,5,0,0
blind_follow,high,4.0,10035,trapped_inside,0,0,0,400,4,7,0,1
blind_follow,high,4.0,10036,timeout,0,0,1,400,2,6,0,0
blind_follow,high,4.0,10037,timeout,0,0,1,400,3,5,0,0
blind_follow,high,4.0,10038,timeout,0,0,1,400,4,4,0,0
blind_follow,high,4.0,10039,timeout,0,0,1,400,4,6,0,0
blind_follow,high,4.0,10040,timeout,0,0,1,400,3,4,0,0
blind_follow,high,4.0,10041,timeout,0,0,1,400,4,4,0,0
blind_follow,high,4.0,10042,timeout,0,0,1,400,3,4,0,0
blind_follow,high,4.0,10043,timeout,0,0,1,400,2,6,0,0
blind_follow,high,4.0,10044,timeout,0,0,1,400,4,5,0,0
blind_follow,high,4.0,10045,timeout,0,0,1,400,4,4,0,0
blind_follow,high,4.0,10046,timeout,0,0,1,400,4,5,0,0
blind_follow,high,4.0,10047,trapped_inside,0,0,0,400,4,7,0,1
blind_follow,high,4.0,10048,timeout,0,0,1,400,3,6,0,0
blind_follow,high,4.0,10049,timeout,0,0,1,400,4,6,0,0
blind_follow,high,4.0,10050,timeout,0,0,1,400,2,6,0,0
blind_follow,high,4.0,10051,timeout,0,0,1,400,4,5,0,0
blind_follow,high,4.0,10052,trapped_inside,0,0,0,400,4,7,0,1
blind_follow,high,4.0,10053,timeout,0,0,1,400,4,3,0,0
blind_follow,high,4.0,10054,timeout,0,0,1,400,3,4,0,0
blind_follow,high,4.0,10055,timeout,0,0,1,400,4,6,0,0
blind_follow,high,4.0,10056,timeout,0,0,1,400,4,5,0,0
blind_follow,high,4.0,10057,timeout,0,0,1,400,3,6,0,0
blind_follow,high,4.0,10058,timeout,0,0,1,400,4,5,0,0
blind_follow,high,4.0,10059,timeout,0,0,1,400,4,5,0,0
blind_follow,high,4.0,10060,timeout,0,0,1,400,4,5,0,0
blind_follow,high,4.0,10061,timeout,0,0,1,400,4,4,0,0
blind_follow,high,4.0,10062,timeout,0,0,1,400,4,4,0,0
blind_follow,high,4.0,10063,timeout,0,0,1,400,4,4,0,0
blind_follow,high,4.0,10064,timeout,0,0,1,400,4,4,0,0
blind_follow,high,4.0,10065,timeout,0,0,1,400,4,6,0,0
blind_follow,high,4.0,10066,timeout,0,0,1,400,4,6,0,0
blind_follow,high,4.0,10067,trapped_inside,0,0,0,400,3,7,0,1
blind_follow,high,4.0,10068,trapped_inside,0,0,0,400,4,7,0,1
blind_follow,high,4.0,10069,timeout,0,0,1,400,2,5,0,0
blind_follow,high,4.0,10070,timeout,0,0,1,400,3,4,0,0
blind_follow,high,4.0,10071,trapped_inside,0,0,0,400,4,7,0,1
blind_follow,high,4.0,10072,timeout,0,0,1,400,4,6,0,0
blind_follow,high,4.0,10073,timeout,0,0,1,400,3,6,0,0
blind_follow,high,4.0,10074,trapped_inside,0,0,0,400,4,7,0,1
blind_follow,high,4.0,10075,timeout,0,0,1,400,4,4,0,0
blind_follow,high,4.0,10076,timeout,0,0,1,400,3,5,0,0
blind_follow,high,4.0,10077,timeout,0,0,1,400,3,6,0,0
blind_follow,high,4.0,10078,timeout,0,0,1,400,4,5,0,0
blind_follow,high,4.0,10079,timeout,0,0,1,400,4,5,0,0
blind_follow,high,4.0,10080,timeout,0,0,1,400,3,5,0,0
blind_follow,high,4.0,10081,timeout,0,0,1,400,4,4,0,0
blind_follow,high,4.0,10082,timeout,0,0,1,400,3,5,0,0
blind_follow,high,4.0,10083,trapped_inside,0,0,0,400,2,7,0,1
blind_follow,high,4.0,10084,timeout,0,0,1,400,4,5,0,0
blind_follow,high,4.0,10085,timeout,0,0,1,400,3,6,0,0
blind_follow,high,4.0,10086,trapped_inside,0,0,0,400,4,7,0,1
blind_follow,high,4.0,10087,timeout,0,0,1,400,4,4,0,0
blind_follow,high,4.0,10088,trapped_inside,0,0,0,400,4,7,0,1
blind_follow,high,4.0,10089,timeout,0,0,1,400,4,4,0,0
blind_follow,high,4.0,10090,timeout,0,0,1,400,3,5,0,0
blind_follow,high,4.0,10091,timeout,0,0,1,400,4,6,0,0
blind_follow,high,4.0,10092,timeout,0,0,1,400,2,5,0,0
blind_follow,high,4.0,10093,timeout,0,0,1,400,4,5,0,0
blind_follow,high,4.0,10094,trapped_inside,0,0,0,400,3,7,0,1
blind_follow,high,4.0,10095,trapped_inside,0,0,0,400,4,7,0,1
blind_follow,high,4.0,10096,trapped_inside,0,0,0,400,4,7,0,1
blind_follow,high,4.0,10097,timeout,0,0,1,400,4,5,0,0
blind_follow,high,4.0,10098,timeout,0,0,1,400,4,4,0,0
blind_follow,high,4.0,10099,timeout,0,0,1,400,4,4,0,0
blind_follow,high,4.0,10100,trapped_inside,0,0,0,400,4,7,0,1
blind_follow,high,4.0,10101,timeout,0,0,1,400,4,5,0,0
blind_follow,high,4.0,10102,timeout,0,0,1,400,4,3,0,0
blind_follow,high,4.0,10103,timeout,0,0,1,400,4,3,0,0
blind_follow,high,4.0,10104,timeout,0,0,1,400,4,6,0,0
blind_follow,high,4.0,10105,timeout,0,0,1,400,3,6,0,0
blind_follow,high,4.0,10106,timeout,0,0,1,400,3,6,0,0
blind_follow,high,4.0,10107,trapped_inside,0,0,0,400,2,7,0,1
blind_follow,high,4.0,10108,timeout,0,0,1,400,4,6,0,0
blind_follow,high,4.0,10109,timeout,0,0,1,400,4,4,0,0
blind_follow,high,4.0,10110,timeout,0,0,1,400,2,6,0,0
blind_follow,high,4.0,10111,trapped_inside,0,0,0,400,5,7,0,1
blind_follow,high,4.0,10112,timeout,0,0,1,400,2,5,0,0
blind_follow,high,4.0,10113,timeout,0,0,1,400,3,5,0,0
blind_follow,high,4.0,10114,timeout,0,0,1,400,4,2,0,0
blind_follow,high,4.0,10115,timeout,0,0,1,400,3,5,0,0
blind_follow,high,4.0,10116,timeout,0,0,1,400,3,4,0,0
blind_follow,high,4.0,10117,trapped_inside,0,0,0,400,4,7,0,1
blind_follow,high,4.0,10118,timeout,0,0,1,400,4,5,0,0
blind_follow,high,4.0,10119,timeout,0,0,1,400,4,4,0,0
blind_follow,high,4.0,10120,trapped_inside,0,0,0,400,4,7,0,1
blind_follow,high,4.0,10121,timeout,0,0,1,400,4,3,0,0
blind_follow,high,4.0,10122,timeout,0,0,1,400,3,6,0,0
blind_follow,high,4.0,10123,trapped_inside,0,0,0,400,4,7,0,1
blind_follow,high,4.0,10124,timeout,0,0,1,400,4,4,0,0
blind_follow,high,4.0,10125,timeout,0,0,1,400,4,5,0,0
blind_follow,high,4.0,10126,timeout,0,0,1,400,4,4,0,0
blind_follow,high,4.0,10127,timeout,0,0,1,400,3,5,0,0
blind_follow,high,4.0,10128,timeout,0,0,1,400,4,6,0,0
blind_follow,high,4.0,10129,timeout,0,0,1,400,3,6,0,0
blind_follow,high,4.0,10130,timeout,0,0,1,400,3,5,0,0
blind_follow,high,4.0,10131,timeout,0,0,1,400,3,6,0,0
blind_follow,high,4.0,10132,trapped_inside,0,0,0,400,3,7,0,1
blind_follow,high,4.0,10133,timeout,0,0,1,400,4,5,0,0
blind_follow,high,4.0,10134,timeout,0,0,1,400,3,6,0,0
blind_follow,high,4.0,10135,timeout,0,0,1,400,4,6,0,0
blind_follow,high,4.0,10136,timeout,0,0,1,400,4,4,0,0
blind_follow,high,4.0,10137,timeout,0,0,1,400,4,6,0,0
blind_follow,high,4.0,10138,timeout,0,0,1,400,4,3,0,0
blind_follow,high,4.0,10139,trapped_inside,0,0,0,400,3,7,0,1
blind_follow,high,4.0,10140,trapped_inside,0,0,0,400,4,7,0,1
blind_follow,high,4.0,10141,trapped_inside,0,0,0,400,4,7,0,1
blind_follow,high,4.0,10142,trapped_inside,0,0,0,400,4,7,0,1
blind_follow,high,4.0,10143,timeout,0,0,1,400,4,6,0,0
blind_follow,high,4.0,10144,timeout,0,0,1,400,4,4,0,0
blind_follow,high,4.0,10145,timeout,0,0,1,400,3,4,0,0
blind_follow,high,4.0,10146,timeout,0,0,1,400,4,5,0,0
blind_follow,high,4.0,10147,trapped_inside,0,0,0,400,3,7,0,1
blind_follow,high,4.0,10148,trapped_inside,0,0,0,400,1,7,0,1
blind_follow,high,4.0,10149,timeout,0,0,1,400,4,6,0,0
blind_follow,high,4.0,10150,trapped_inside,0,0,0,400,4,7,0,1
blind_follow,high,4.0,10151,trapped_inside,0,0,0,400,3,7,0,1
blind_follow,high,4.0,10152,timeout,0,0,1,400,4,6,0,0
blind_follow,high,4.0,10153,timeout,0,0,1,400,4,4,0,0
blind_follow,high,4.0,10154,trapped_inside,0,0,0,400,2,7,0,1
blind_follow,high,4.0,10155,timeout,0,0,1,400,4,6,0,0
blind_follow,high,4.0,10156,timeout,0,0,1,400,4,5,0,0
blind_follow,high,4.0,10157,trapped_inside,0,0,0,400,4,7,0,1
blind_follow,high,4.0,10158,timeout,0,0,1,400,4,5,0,0
blind_follow,high,4.0,10159,trapped_inside,0,0,0,400,3,7,0,1
blind_follow,high,4.0,10160,timeout,0,0,1,400,4,5,0,0
blind_follow,high,4.0,10161,trapped_inside,0,0,0,400,4,7,0,1
blind_follow,high,4.0,10162,trapped_inside,0,0,0,400,4,7,0,1
blind_follow,high,4.0,10163,timeout,0,0,1,400,3,5,0,0
blind_follow,high,4.0,10164,trapped_inside,0,0,0,400,3,7,0,1
blind_follow,high,4.0,10165,timeout,0,0,1,400,4,5,0,0
blind_follow,high,4.0,10166,timeout,0,0,1,400,3,6,0,0
blind_follow,high,4.0,10167,trapped_inside,0,0,0,400,4,7,0,1
blind_follow,high,4.0,10168,timeout,0,0,1,400,4,6,0,0
blind_follow,high,4.0,10169,timeout,0,0,1,400,4,4,0,0
blind_follow,high,4.0,10170,timeout,0,0,1,400,3,6,0,0
blind_follow,high,4.0,10171,trapped_inside,0,0,0,400,3,7,0,1
blind_follow,high,4.0,10172,timeout,0,0,1,400,4,5,0,0
blind_follow,high,4.0,10173,timeout,0,0,1,400,3,5,0,0
blind_follow,high,4.0,10174,timeout,0,0,1,400,3,4,0,0
blind_follow,high,4.0,10175,timeout,0,0,1,400,2,5,0,0
blind_follow,high,4.0,10176,timeout,0,0,1,400,4,4,0,0
blind_follow,high,4.0,10177,timeout,0,0,1,400,4,4,0,0
blind_follow,high,4.0,10178,timeout,0,0,1,400,4,4,0,0
blind_follow,high,4.0,10179,timeout,0,0,1,400,3,5,0,0
blind_follow,high,4.0,10180,timeout,0,0,1,400,4,5,0,0
blind_follow,high,4.0,10181,timeout,0,0,1,400,4,5,0,0
blind_follow,high,4.0,10182,timeout,0,0,1,400,3,6,0,0
blind_follow,high,4.0,10183,timeout,0,0,1,400,4,5,0,0
blind_follow,high,4.0,10184,timeout,0,0,1,400,2,6,0,0
blind_follow,high,4.0,10185,timeout,0,0,1,400,4,5,0,0
blind_follow,high,4.0,10186,timeout,0,0,1,400,2,5,0,0
blind_follow,high,4.0,10187,trapped_inside,0,0,0,400,4,7,0,1
blind_follow,high,4.0,10188,timeout,0,0,1,400,4,4,0,0
blind_follow,high,4.0,10189,timeout,0,0,1,400,4,5,0,0
blind_follow,high,4.0,10190,timeout,0,0,1,400,4,6,0,0
blind_follow,high,4.0,10191,trapped_inside,0,0,0,400,3,7,0,1
blind_follow,high,4.0,10192,trapped_inside,0,0,0,400,4,7,0,1
blind_follow,high,4.0,10193,trapped_inside,0,0,0,400,4,7,0,1
blind_follow,high,4.0,10194,trapped_inside,0,0,0,400,4,7,0,1
blind_follow,high,4.0,10195,timeout,0,0,1,400,4,6,0,0
blind_follow,high,4.0,10196,trapped_inside,0,0,0,400,3,7,0,1
blind_follow,high,4.0,10197,trapped_inside,0,0,0,400,3,7,0,1
blind_follow,high,4.0,10198,timeout,0,0,1,400,4,5,0,0
blind_follow,high,4.0,10199,timeout,0,0,1,400,2,6,0,0
blind_follow,high,4.0,10200,timeout,0,0,1,400,4,5,0,0
blind_follow,high,4.0,10201,timeout,0,0,1,400,4,4,0,0
blind_follow,high,4.0,10202,timeout,0,0,1,400,4,6,0,0
blind_follow,high,4.0,10203,trapped_inside,0,0,0,400,3,7,0,1
blind_follow,high,4.0,10204,timeout,0,0,1,400,4,6,0,0
blind_follow,high,4.0,10205,timeout,0,0,1,400,4,4,0,0
blind_follow,high,4.0,10206,trapped_inside,0,0,0,400,3,7,0,1
blind_follow,high,4.0,10207,trapped_inside,0,0,0,400,3,7,0,1
blind_follow,high,4.0,10208,timeout,0,0,1,400,4,5,0,0
blind_follow,high,4.0,10209,timeout,0,0,1,400,4,5,0,0
blind_follow,high,4.0,10210,timeout,0,0,1,400,4,5,0,0
blind_follow,high,4.0,10211,timeout,0,0,1,400,2,4,0,0
blind_follow,high,4.0,10212,timeout,0,0,1,400,4,4,0,0
blind_follow,high,4.0,10213,timeout,0,0,1,400,4,4,0,0
blind_follow,high,4.0,10214,timeout,0,0,1,400,4,3,0,0
blind_follow,high,4.0,10215,timeout,0,0,1,400,4,5,0,0
blind_follow,high,4.0,10216,timeout,0,0,1,400,4,4,0,0
blind_follow,high,4.0,10217,timeout,0,0,1,400,3,6,0,0
blind_follow,high,4.0,10218,timeout,0,0,1,400,3,6,0,0
blind_follow,high,4.0,10219,trapped_inside,0,0,0,400,4,7,0,1
blind_follow,high,4.0,10220,timeout,0,0,1,400,4,4,0,0
blind_follow,high,4.0,10221,timeout,0,0,1,400,2,6,0,0
blind_follow,high,4.0,10222,trapped_inside,0,0,0,400,3,7,0,1
blind_follow,high,4.0,10223,timeout,0,0,1,400,3,6,0,0
blind_follow,high,4.0,10224,timeout,0,0,1,400,4,6,0,0
blind_follow,high,4.0,10225,timeout,0,0,1,400,4,5,0,0
blind_follow,high,4.0,10226,trapped_inside,0,0,0,400,4,7,0,1
blind_follow,high,4.0,10227,trapped_inside,0,0,0,400,3,7,0,1
blind_follow,high,4.0,10228,timeout,0,0,1,400,3,6,0,0
blind_follow,high,4.0,10229,trapped_inside,0,0,0,400,3,7,0,1
blind_follow,high,4.0,10230,trapped_inside,0,0,0,400,4,7,0,1
blind_follow,high,4.0,10231,timeout,0,0,1,400,3,5,0,0
blind_follow,high,4.0,10232,trapped_inside,0,0,0,400,1,7,0,1
blind_follow,high,4.0,10233,timeout,0,0,1,400,3,5,0,0
blind_follow,high,4.0,10234,trapped_inside,0,0,0,400,4,7,0,1
blind_follow,high,4.0,10235,timeout,0,0,1,400,4,6,0,0
blind_follow,high,4.0,10236,trapped_inside,0,0,0,400,4,7,0,1
blind_follow,high,4.0,10237,timeout,0,0,1,400,4,5,0,0
blind_follow,high,4.0,10238,timeout,0,0,1,400,2,4,0,0
blind_follow,high,4.0,10239,timeout,0,0,1,400,3,6,0,0
blind_follow,high,4.0,10240,timeout,0,0,1,400,2,6,0,0
blind_follow,high,4.0,10241,timeout,0,0,1,400,4,6,0,0
blind_follow,high,4.0,10242,timeout,0,0,1,400,4,6,0,0
blind_follow,high,4.0,10243,timeout,0,0,1,400,4,6,0,0
blind_follow,high,4.0,10244,timeout,0,0,1,400,3,6,0,0
blind_follow,high,4.0,10245,timeout,0,0,1,400,4,5,0,0
blind_follow,high,4.0,10246,trapped_inside,0,0,0,400,2,7,0,1
blind_follow,high,4.0,10247,timeout,0,0,1,400,4,5,0,0
blind_follow,high,4.0,10248,trapped_inside,0,0,0,400,3,7,0,1
blind_follow,high,4.0,10249,timeout,0,0,1,400,4,6,0,0
blind_follow,high,4.0,10250,trapped_inside,0,0,0,400,4,7,0,1
blind_follow,high,4.0,10251,trapped_inside,0,0,0,400,4,7,0,1
blind_follow,high,4.0,10252,timeout,0,0,1,400,3,5,0,0
blind_follow,high,4.0,10253,timeout,0,0,1,400,4,3,0,0
blind_follow,high,4.0,10254,timeout,0,0,1,400,4,4,0,0
blind_follow,high,4.0,10255,timeout,0,0,1,400,4,6,0,0
blind_follow,high,4.0,10256,timeout,0,0,1,400,4,5,0,0
blind_follow,high,4.0,10257,timeout,0,0,1,400,4,4,0,0
blind_follow,high,4.0,10258,timeout,0,0,1,400,4,6,0,0
blind_follow,high,4.0,10259,timeout,0,0,1,400,4,2,0,0
blind_follow,high,4.0,10260,timeout,0,0,1,400,4,4,0,0
blind_follow,high,4.0,10261,timeout,0,0,1,400,4,4,0,0
blind_follow,high,4.0,10262,timeout,0,0,1,400,3,5,0,0
blind_follow,high,4.0,10263,timeout,0,0,1,400,4,6,0,0
blind_follow,high,4.0,10264,trapped_inside,0,0,0,400,1,7,0,1
blind_follow,high,4.0,10265,timeout,0,0,1,400,4,4,0,0
blind_follow,high,4.0,10266,timeout,0,0,1,400,4,5,0,0
blind_follow,high,4.0,10267,timeout,0,0,1,400,4,3,0,0
blind_follow,high,4.0,10268,timeout,0,0,1,400,4,6,0,0
blind_follow,high,4.0,10269,timeout,0,0,1,400,4,5,0,0
blind_follow,high,4.0,10270,timeout,0,0,1,400,4,3,0,0
blind_follow,high,4.0,10271,trapped_inside,0,0,0,400,4,7,0,1
blind_follow,high,4.0,10272,timeout,0,0,1,400,4,4,0,0
blind_follow,high,4.0,10273,trapped_inside,0,0,0,400,4,7,0,1
blind_follow,high,4.0,10274,timeout,0,0,1,400,4,4,0,0
blind_follow,high,4.0,10275,trapped_inside,0,0,0,400,4,7,0,1
blind_follow,high,4.0,10276,trapped_inside,0,0,0,400,4,7,0,1
blind_follow,high,4.0,10277,timeout,0,0,1,400,4,5,0,0
blind_follow,high,4.0,10278,timeout,0,0,1,400,4,5,0,0
blind_follow,high,4.0,10279,trapped_inside,0,0,0,400,3,7,0,1
blind_follow,high,4.0,10280,trapped_inside,0,0,0,400,4,7,0,1
blind_follow,high,4.0,10281,timeout,0,0,1,400,3,5,0,0
blind_follow,high,4.0,10282,timeout,0,0,1,400,3,4,0,0
blind_follow,high,4.0,10283,timeout,0,0,1,400,4,4,0,0
blind_follow,high,4.0,10284,timeout,0,0,1,400,3,5,0,0
blind_follow,high,4.0,10285,timeout,0,0,1,400,4,5,0,0
blind_follow,high,4.0,10286,trapped_inside,0,0,0,400,4,7,0,1
blind_follow,high,4.0,10287,timeout,0,0,1,400,4,4,0,0
blind_follow,high,4.0,10288,timeout,0,0,1,400,4,5,0,0
blind_follow,high,4.0,10289,timeout,0,0,1,400,4,3,0,0
blind_follow,high,4.0,10290,trapped_inside,0,0,0,400,4,7,0,1
blind_follow,high,4.0,10291,trapped_inside,0,0,0,400,5,7,0,1
blind_follow,high,4.0,10292,timeout,0,0,1,400,3,5,0,0
blind_follow,high,4.0,10293,timeout,0,0,1,400,4,3,0,0
blind_follow,high,4.0,10294,trapped_inside,0,0,0,400,3,7,0,1
blind_follow,high,4.0,10295,timeout,0,0,1,400,2,6,0,0
blind_follow,high,4.0,10296,timeout,0,0,1,400,3,6,0,0
blind_follow,high,4.0,10297,timeout,0,0,1,400,4,4,0,0
blind_follow,high,4.0,10298,timeout,0,0,1,400,4,5,0,0
blind_follow,high,4.0,10299,timeout,0,0,1,400,4,5,0,0
blind_follow,high,4.0,10300,trapped_inside,0,0,0,400,3,7,0,1
blind_follow,high,4.0,10301,timeout,0,0,1,400,4,5,0,0
blind_follow,high,4.0,10302,timeout,0,0,1,400,4,5,0,0
blind_follow,high,4.0,10303,trapped_inside,0,0,0,400,3,7,0,1
blind_follow,high,4.0,10304,timeout,0,0,1,400,3,6,0,0
blind_follow,high,4.0,10305,timeout,0,0,1,400,4,3,0,0
blind_follow,high,4.0,10306,timeout,0,0,1,400,3,5,0,0
blind_follow,high,4.0,10307,timeout,0,0,1,400,4,5,0,0
blind_follow,high,4.0,10308,timeout,0,0,1,400,4,6,0,0
blind_follow,high,4.0,10309,timeout,0,0,1,400,4,4,0,0
blind_follow,high,4.0,10310,trapped_inside,0,0,0,400,3,7,0,1
blind_follow,high,4.0,10311,timeout,0,0,1,400,4,6,0,0
blind_follow,high,4.0,10312,timeout,0,0,1,400,4,5,0,0
blind_follow,high,4.0,10313,timeout,0,0,1,400,4,6,0,0
blind_follow,high,4.0,10314,timeout,0,0,1,400,4,3,0,0
blind_follow,high,4.0,10315,trapped_inside,0,0,0,400,4,7,0,1
blind_follow,high,4.0,10316,timeout,0,0,1,400,4,6,0,0
blind_follow,high,4.0,10317,trapped_inside,0,0,0,400,4,7,0,1
blind_follow,high,4.0,10318,trapped_inside,0,0,0,400,4,7,0,1
blind_follow,high,4.0,10319,timeout,0,0,1,400,4,5,0,0
blind_follow,high,4.0,10320,timeout,0,0,1,400,4,5,0,0
blind_follow,high,4.0,10321,timeout,0,0,1,400,4,5,0,0
blind_follow,high,4.0,10322,timeout,0,0,1,400,4,5,0,0
blind_follow,high,4.0,10323,timeout,0,0,1,400,4,3,0,0
blind_follow,high,4.0,10324,timeout,0,0,1,400,4,3,0,0
blind_follow,high,4.0,10325,timeout,0,0,1,400,4,6,0,0
blind_follow,high,4.0,10326,timeout,0,0,1,400,3,6,0,0
blind_follow,high,4.0,10327,timeout,0,0,1,400,4,3,0,0
blind_follow,high,4.0,10328,timeout,0,0,1,400,4,6,0,0
blind_follow,high,4.0,10329,timeout,0,0,1,400,3,5,0,0
blind_follow,high,4.0,10330,timeout,0,0,1,400,4,4,0,0
blind_follow,high,4.0,10331,timeout,0,0,1,400,4,3,0,0
blind_follow,high,4.0,10332,timeout,0,0,1,400,3,5,0,0
blind_follow,high,4.0,10333,timeout,0,0,1,400,4,5,0,0
blind_follow,high,4.0,10334,trapped_inside,0,0,0,400,2,7,0,1
blind_follow,high,4.0,10335,timeout,0,0,1,400,4,4,0,0
blind_follow,high,4.0,10336,trapped_inside,0,0,0,400,3,7,0,1
blind_follow,high,4.0,10337,timeout,0,0,1,400,3,6,0,0
blind_follow,high,4.0,10338,timeout,0,0,1,400,4,5,0,0
blind_follow,high,4.0,10339,timeout,0,0,1,400,4,3,0,0
blind_follow,high,4.0,10340,timeout,0,0,1,400,4,4,0,0
blind_follow,high,4.0,10341,timeout,0,0,1,400,4,5,0,0
blind_follow,high,4.0,10342,trapped_inside,0,0,0,400,4,7,0,1
blind_follow,high,4.0,10343,timeout,0,0,1,400,4,5,0,0
blind_follow,high,4.0,10344,trapped_inside,0,0,0,400,4,7,0,1
blind_follow,high,4.0,10345,timeout,0,0,1,400,4,3,0,0
blind_follow,high,4.0,10346,timeout,0,0,1,400,1,5,0,0
blind_follow,high,4.0,10347,timeout,0,0,1,400,3,6,0,0
blind_follow,high,4.0,10348,timeout,0,0,1,400,4,6,0,0
blind_follow,high,4.0,10349,timeout,0,0,1,400,3,6,0,0
blind_follow,high,4.0,10350,trapped_inside,0,0,0,400,3,7,0,1
blind_follow,high,4.0,10351,trapped_inside,0,0,0,400,3,7,0,1
blind_follow,high,4.0,10352,timeout,0,0,1,400,4,5,0,0
blind_follow,high,4.0,10353,timeout,0,0,1,400,4,5,0,0
blind_follow,high,4.0,10354,trapped_inside,0,0,0,400,4,7,0,1
blind_follow,high,4.0,10355,timeout,0,0,1,400,4,4,0,0
blind_follow,high,4.0,10356,timeout,0,0,1,400,3,6,0,0
blind_follow,high,4.0,10357,timeout,0,0,1,400,3,5,0,0
blind_follow,high,4.0,10358,timeout,0,0,1,400,4,5,0,0
blind_follow,high,4.0,10359,timeout,0,0,1,400,4,4,0,0
blind_follow,high,4.0,10360,timeout,0,0,1,400,4,6,0,0
blind_follow,high,4.0,10361,timeout,0,0,1,400,3,5,0,0
blind_follow,high,4.0,10362,timeout,0,0,1,400,4,4,0,0
blind_follow,high,4.0,10363,timeout,0,0,1,400,4,4,0,0
blind_follow,high,4.0,10364,timeout,0,0,1,400,4,3,0,0
blind_follow,high,4.0,10365,timeout,0,0,1,400,3,5,0,0
blind_follow,high,4.0,10366,timeout,0,0,1,400,4,5,0,0
blind_follow,high,4.0,10367,timeout,0,0,1,400,4,5,0,0
blind_follow,high,4.0,10368,timeout,0,0,1,400,3,5,0,0
blind_follow,high,4.0,10369,timeout,0,0,1,400,3,5,0,0
blind_follow,high,4.0,10370,timeout,0,0,1,400,4,4,0,0
blind_follow,high,4.0,10371,timeout,0,0,1,400,3,5,0,0
blind_follow,high,4.0,10372,trapped_inside,0,0,0,400,2,7,0,1
blind_follow,high,4.0,10373,timeout,0,0,1,400,2,6,0,0
blind_follow,high,4.0,10374,timeout,0,0,1,400,3,4,0,0
blind_follow,high,4.0,10375,timeout,0,0,1,400,3,4,0,0
blind_follow,high,4.0,10376,timeout,0,0,1,400,4,4,0,0
blind_follow,high,4.0,10377,timeout,0,0,1,400,4,4,0,0
blind_follow,high,4.0,10378,wipeout,0,1,0,96,0,7,0,0
blind_follow,high,4.0,10379,trapped_inside,0,0,0,400,5,7,0,1
blind_follow,high,4.0,10380,timeout,0,0,1,400,4,4,0,0
blind_follow,high,4.0,10381,trapped_inside,0,0,0,400,3,7,0,1
blind_follow,high,4.0,10382,timeout,0,0,1,400,4,3,0,0
blind_follow,high,4.0,10383,timeout,0,0,1,400,3,5,0,0
blind_follow,high,4.0,10384,timeout,0,0,1,400,2,5,0,0
blind_follow,high,4.0,10385,trapped_inside,0,0,0,400,5,7,0,1
blind_follow,high,4.0,10386,trapped_inside,0,0,0,400,3,7,0,1
blind_follow,high,4.0,10387,timeout,0,0,1,400,4,4,0,0
blind_follow,high,4.0,10388,timeout,0,0,1,400,3,6,0,0
blind_follow,high,4.0,10389,timeout,0,0,1,400,4,4,0,0
blind_follow,high,4.0,10390,timeout,0,0,1,400,4,4,0,0
blind_follow,high,4.0,10391,timeout,0,0,1,400,4,4,0,0
blind_follow,high,4.0,10392,trapped_inside,0,0,0,400,4,7,0,1
blind_follow,high,4.0,10393,timeout,0,0,1,400,3,5,0,0
blind_follow,high,4.0,10394,timeout,0,0,1,400,3,6,0,0
blind_follow,high,4.0,10395,trapped_inside,0,0,0,400,4,7,0,1
blind_follow,high,4.0,10396,timeout,0,0,1,400,4,5,0,0
blind_follow,high,4.0,10397,timeout,0,0,1,400,4,4,0,0
blind_follow,high,4.0,10398,timeout,0,0,1,400,4,5,0,0
blind_follow,high,4.0,10399,timeout,0,0,1,400,4,4,0,0
blind_follow,high,4.0,10400,timeout,0,0,1,400,3,5,0,0
blind_follow,high,4.0,10401,timeout,0,0,1,400,2,5,0,0
blind_follow,high,4.0,10402,trapped_inside,0,0,0,400,1,7,0,1
blind_follow,high,4.0,10403,trapped_inside,0,0,0,400,3,7,0,1
blind_follow,high,4.0,10404,timeout,0,0,1,400,4,5,0,0
blind_follow,high,4.0,10405,trapped_inside,0,0,0,400,3,7,0,1
blind_follow,high,4.0,10406,timeout,0,0,1,400,4,6,0,0
blind_follow,high,4.0,10407,timeout,0,0,1,400,4,5,0,0
blind_follow,high,4.0,10408,timeout,0,0,1,400,2,5,0,0
blind_follow,high,4.0,10409,timeout,0,0,1,400,4,3,0,0
blind_follow,high,4.0,10410,trapped_inside,0,0,0,400,4,7,0,1
blind_follow,high,4.0,10411,timeout,0,0,1,400,4,5,0,0
blind_follow,high,4.0,10412,timeout,0,0,1,400,4,3,0,0
blind_follow,high,4.0,10413,trapped_inside,0,0,0,400,3,7,0,1
blind_follow,high,4.0,10414,trapped_inside,0,0,0,400,4,7,0,1
blind_follow,high,4.0,10415,timeout,0,0,1,400,4,6,0,0
blind_follow,high,4.0,10416,timeout,0,0,1,400,3,6,0,0
blind_follow,high,4.0,10417,trapped_inside,0,0,0,400,4,7,0,1
blind_follow,high,4.0,10418,timeout,0,0,1,400,3,6,0,0
blind_follow,high,4.0,10419,timeout,0,0,1,400,1,5,0,0
blind_follow,high,4.0,10420,timeout,0,0,1,400,3,5,0,0
blind_follow,high,4.0,10421,timeout,0,0,1,400,3,4,0,0
blind_follow,high,4.0,10422,trapped_inside,0,0,0,400,4,7,0,1
blind_follow,high,4.0,10423,timeout,0,0,1,400,4,4,0,0
blind_follow,high,4.0,10424,timeout,0,0,1,400,4,6,0,0
blind_follow,high,4.0,10425,trapped_inside,0,0,0,400,4,7,0,1
blind_follow,high,4.0,10426,timeout,0,0,1,400,4,5,0,0
blind_follow,high,4.0,10427,timeout,0,0,1,400,4,4,0,0
blind_follow,high,4.0,10428,timeout,0,0,1,400,4,5,0,0
blind_follow,high,4.0,10429,timeout,0,0,1,400,4,3,0,0
blind_follow,high,4.0,10430,trapped_inside,0,0,0,400,3,7,0,1
blind_follow,high,4.0,10431,timeout,0,0,1,400,4,6,0,0
blind_follow,high,4.0,10432,timeout,0,0,1,400,4,6,0,0
blind_follow,high,4.0,10433,timeout,0,0,1,400,4,4,0,0
blind_follow,high,4.0,10434,timeout,0,0,1,400,4,6,0,0
blind_follow,high,4.0,10435,timeout,0,0,1,400,4,5,0,0
blind_follow,high,4.0,10436,trapped_inside,0,0,0,400,4,7,0,1
blind_follow,high,4.0,10437,timeout,0,0,1,400,4,6,0,0
blind_follow,high,4.0,10438,timeout,0,0,1,400,3,5,0,0
blind_follow,high,4.0,10439,timeout,0,0,1,400,2,5,0,0
blind_follow,high,4.0,10440,timeout,0,0,1,400,3,5,0,0
blind_follow,high,4.0,10441,timeout,0,0,1,400,2,5,0,0
blind_follow,high,4.0,10442,timeout,0,0,1,400,4,4,0,0
blind_follow,high,4.0,10443,trapped_inside,0,0,0,400,2,7,0,1
blind_follow,high,4.0,10444,timeout,0,0,1,400,3,6,0,0
blind_follow,high,4.0,10445,timeout,0,0,1,400,4,6,0,0
blind_follow,high,4.0,10446,timeout,0,0,1,400,2,6,0,0
blind_follow,high,4.0,10447,trapped_inside,0,0,0,400,3,7,0,1
blind_follow,high,4.0,10448,trapped_inside,0,0,0,400,4,7,0,1
blind_follow,high,4.0,10449,timeout,0,0,1,400,4,5,0,0
blind_follow,high,4.0,10450,timeout,0,0,1,400,4,6,0,0
blind_follow,high,4.0,10451,trapped_inside,0,0,0,400,1,7,0,1
blind_follow,high,4.0,10452,timeout,0,0,1,400,4,5,0,0
blind_follow,high,4.0,10453,timeout,0,0,1,400,4,5,0,0
blind_follow,high,4.0,10454,timeout,0,0,1,400,3,4,0,0
blind_follow,high,4.0,10455,trapped_inside,0,0,0,400,3,7,0,1
blind_follow,high,4.0,10456,timeout,0,0,1,400,4,3,0,0
blind_follow,high,4.0,10457,timeout,0,0,1,400,4,4,0,0
blind_follow,high,4.0,10458,timeout,0,0,1,400,4,6,0,0
blind_follow,high,4.0,10459,trapped_inside,0,0,0,400,3,7,0,1
blind_follow,high,4.0,10460,timeout,0,0,1,400,4,5,0,0
blind_follow,high,4.0,10461,timeout,0,0,1,400,4,6,0,0
blind_follow,high,4.0,10462,timeout,0,0,1,400,4,5,0,0
blind_follow,high,4.0,10463,timeout,0,0,1,400,3,6,0,0
blind_follow,high,4.0,10464,timeout,0,0,1,400,4,5,0,0
blind_follow,high,4.0,10465,timeout,0,0,1,400,3,5,0,0
blind_follow,high,4.0,10466,timeout,0,0,1,400,3,6,0,0
blind_follow,high,4.0,10467,timeout,0,0,1,400,4,6,0,0
blind_follow,high,4.0,10468,timeout,0,0,1,400,4,5,0,0
blind_follow,high,4.0,10469,timeout,0,0,1,400,4,4,0,0
blind_follow,high,4.0,10470,trapped_inside,0,0,0,400,5,7,0,1
blind_follow,high,4.0,10471,timeout,0,0,1,400,3,5,0,0
blind_follow,high,4.0,10472,trapped_inside,0,0,0,400,4,7,0,1
blind_follow,high,4.0,10473,timeout,0,0,1,400,4,6,0,0
blind_follow,high,4.0,10474,timeout,0,0,1,400,4,5,0,0
blind_follow,high,4.0,10475,timeout,0,0,1,400,4,6,0,0
blind_follow,high,4.0,10476,timeout,0,0,1,400,4,5,0,0
blind_follow,high,4.0,10477,timeout,0,0,1,400,4,4,0,0
blind_follow,high,4.0,10478,timeout,0,0,1,400,3,6,0,0
blind_follow,high,4.0,10479,timeout,0,0,1,400,4,4,0,0
blind_follow,high,4.0,10480,trapped_inside,0,0,0,400,3,7,0,1
blind_follow,high,4.0,10481,timeout,0,0,1,400,3,5,0,0
blind_follow,high,4.0,10482,timeout,0,0,1,400,3,6,0,0
blind_follow,high,4.0,10483,timeout,0,0,1,400,4,4,0,0
blind_follow,high,4.0,10484,timeout,0,0,1,400,4,5,0,0
blind_follow,high,4.0,10485,timeout,0,0,1,400,4,6,0,0
blind_follow,high,4.0,10486,timeout,0,0,1,400,4,4,0,0
blind_follow,high,4.0,10487,timeout,0,0,1,400,4,5,0,0
blind_follow,high,4.0,10488,trapped_inside,0,0,0,400,4,7,0,1
blind_follow,high,4.0,10489,timeout,0,0,1,400,3,4,0,0
blind_follow,high,4.0,10490,trapped_inside,0,0,0,400,5,7,0,1
blind_follow,high,4.0,10491,timeout,0,0,1,400,4,6,0,0
blind_follow,high,4.0,10492,timeout,0,0,1,400,3,5,0,0
blind_follow,high,4.0,10493,trapped_inside,0,0,0,400,4,7,0,1
blind_follow,high,4.0,10494,timeout,0,0,1,400,4,6,0,0
blind_follow,high,4.0,10495,timeout,0,0,1,400,3,6,0,0
blind_follow,high,4.0,10496,timeout,0,0,1,400,3,5,0,0
blind_follow,high,4.0,10497,timeout,0,0,1,400,2,5,0,0
blind_follow,high,4.0,10498,timeout,0,0,1,400,4,6,0,0
blind_follow,high,4.0,10499,timeout,0,0,1,400,4,5,0,0
shared_map,high,4.0,10000,success,1,0,0,192,1,7,854,0
shared_map,high,4.0,10001,wipeout,0,1,0,217,0,7,1736,0
shared_map,high,4.0,10002,success,1,0,0,183,1,7,1894,0
shared_map,high,4.0,10003,wipeout,0,1,0,208,0,7,2354,0
shared_map,high,4.0,10004,success,1,0,0,190,1,7,1430,0
shared_map,high,4.0,10005,success,1,0,0,151,3,7,1216,0
shared_map,high,4.0,10006,trapped_inside,0,0,0,400,3,7,2982,1
shared_map,high,4.0,10007,trapped_inside,0,0,0,400,2,7,2086,1
shared_map,high,4.0,10008,success,1,0,0,206,1,7,1868,0
shared_map,high,4.0,10009,success,1,0,0,197,1,7,2060,0
shared_map,high,4.0,10010,trapped_inside,0,0,0,400,2,7,1556,1
shared_map,high,4.0,10011,trapped_inside,0,0,0,400,2,7,1294,1
shared_map,high,4.0,10012,success,1,0,0,116,1,7,1500,0
shared_map,high,4.0,10013,success,1,0,0,186,2,7,966,0
shared_map,high,4.0,10014,trapped_inside,0,0,0,400,4,7,4552,1
shared_map,high,4.0,10015,timeout,0,0,1,400,1,6,1224,0
shared_map,high,4.0,10016,trapped_inside,0,0,0,400,1,7,1498,1
shared_map,high,4.0,10017,success,1,0,0,210,1,7,934,0
shared_map,high,4.0,10018,success,1,0,0,194,2,7,854,0
shared_map,high,4.0,10019,success,1,0,0,199,1,7,1568,0
shared_map,high,4.0,10020,trapped_inside,0,0,0,400,3,7,1314,1
shared_map,high,4.0,10021,success,1,0,0,215,1,7,1174,0
shared_map,high,4.0,10022,success,1,0,0,144,2,7,772,0
shared_map,high,4.0,10023,trapped_inside,0,0,0,400,3,7,3004,1
shared_map,high,4.0,10024,wipeout,0,1,0,235,0,7,1682,0
shared_map,high,4.0,10025,success,1,0,0,187,1,7,1948,0
shared_map,high,4.0,10026,trapped_inside,0,0,0,400,3,7,2438,1
shared_map,high,4.0,10027,success,1,0,0,193,1,7,1898,0
shared_map,high,4.0,10028,success,1,0,0,140,1,7,1014,0
shared_map,high,4.0,10029,trapped_inside,0,0,0,400,1,7,934,1
shared_map,high,4.0,10030,success,1,0,0,180,1,7,1538,0
shared_map,high,4.0,10031,trapped_inside,0,0,0,400,1,7,978,1
shared_map,high,4.0,10032,success,1,0,0,180,1,7,1152,0
shared_map,high,4.0,10033,trapped_inside,0,0,0,400,3,7,3314,1
shared_map,high,4.0,10034,trapped_inside,0,0,0,400,2,7,1958,1
shared_map,high,4.0,10035,trapped_inside,0,0,0,400,4,7,5014,1
shared_map,high,4.0,10036,success,1,0,0,216,1,7,1386,0
shared_map,high,4.0,10037,success,1,0,0,144,2,7,798,0
shared_map,high,4.0,10038,wipeout,0,1,0,166,0,7,766,0
shared_map,high,4.0,10039,trapped_inside,0,0,0,400,4,7,4900,1
shared_map,high,4.0,10040,trapped_inside,0,0,0,400,2,7,1540,1
shared_map,high,4.0,10041,success,1,0,0,142,1,7,1098,0
shared_map,high,4.0,10042,wipeout,0,1,0,212,0,7,1792,0
shared_map,high,4.0,10043,success,1,0,0,232,1,7,1188,0
shared_map,high,4.0,10044,success,1,0,0,175,1,7,1630,0
shared_map,high,4.0,10045,success,1,0,0,196,1,7,1610,0
shared_map,high,4.0,10046,wipeout,0,1,0,163,0,7,1074,0
shared_map,high,4.0,10047,trapped_inside,0,0,0,400,5,7,6900,1
shared_map,high,4.0,10048,success,1,0,0,161,2,7,1494,0
shared_map,high,4.0,10049,success,1,0,0,179,1,7,1232,0
shared_map,high,4.0,10050,success,1,0,0,150,1,7,732,0
shared_map,high,4.0,10051,success,1,0,0,123,2,7,1288,0
shared_map,high,4.0,10052,success,1,0,0,152,4,7,1944,0
shared_map,high,4.0,10053,success,1,0,0,196,1,7,1700,0
shared_map,high,4.0,10054,success,1,0,0,181,2,7,2128,0
shared_map,high,4.0,10055,trapped_inside,0,0,0,400,4,7,4548,1
shared_map,high,4.0,10056,trapped_inside,0,0,0,400,4,7,2718,1
shared_map,high,4.0,10057,success,1,0,0,140,2,7,984,0
shared_map,high,4.0,10058,trapped_inside,0,0,0,400,3,7,3516,1
shared_map,high,4.0,10059,success,1,0,0,162,1,7,1064,0
shared_map,high,4.0,10060,success,1,0,0,169,2,7,1500,0
shared_map,high,4.0,10061,timeout,0,0,1,400,1,6,686,0
shared_map,high,4.0,10062,success,1,0,0,191,1,7,1836,0
shared_map,high,4.0,10063,trapped_inside,0,0,0,400,1,7,928,1
shared_map,high,4.0,10064,success,1,0,0,231,1,7,1028,0
shared_map,high,4.0,10065,trapped_inside,0,0,0,400,1,7,1264,1
shared_map,high,4.0,10066,trapped_inside,0,0,0,400,4,7,5306,1
shared_map,high,4.0,10067,trapped_inside,0,0,0,400,2,7,1680,1
shared_map,high,4.0,10068,trapped_inside,0,0,0,400,4,7,5208,1
shared_map,high,4.0,10069,success,1,0,0,162,1,7,914,0
shared_map,high,4.0,10070,wipeout,0,1,0,130,0,7,988,0
shared_map,high,4.0,10071,trapped_inside,0,0,0,400,3,7,3370,1
shared_map,high,4.0,10072,success,1,0,0,261,1,7,1550,0
shared_map,high,4.0,10073,success,1,0,0,176,1,7,1132,0
shared_map,high,4.0,10074,trapped_inside,0,0,0,400,4,7,4862,1
shared_map,high,4.0,10075,success,1,0,0,206,1,7,878,0
shared_map,high,4.0,10076,trapped_inside,0,0,0,400,3,7,1484,1
shared_map,high,4.0,10077,success,1,0,0,169,1,7,688,0
shared_map,high,4.0,10078,trapped_inside,0,0,0,400,3,7,3252,1
shared_map,high,4.0,10079,trapped_inside,0,0,0,400,2,7,1344,1
shared_map,high,4.0,10080,success,1,0,0,185,2,7,1314,0
shared_map,high,4.0,10081,success,1,0,0,169,2,7,1118,0
shared_map,high,4.0,10082,success,1,0,0,146,3,7,1836,0
shared_map,high,4.0,10083,success,1,0,0,172,3,7,1404,0
shared_map,high,4.0,10084,success,1,0,0,147,1,7,832,0
shared_map,high,4.0,10085,success,1,0,0,176,1,7,1018,0
shared_map,high,4.0,10086,success,1,0,0,134,2,7,1068,0
shared_map,high,4.0,10087,success,1,0,0,208,1,7,1652,0
shared_map,high,4.0,10088,wipeout,0,1,0,152,0,7,2086,0
shared_map,high,4.0,10089,wipeout,0,1,0,261,0,7,1694,0
shared_map,high,4.0,10090,wipeout,0,1,0,150,0,7,1344,0
shared_map,high,4.0,10091,success,1,0,0,111,1,7,1154,0
shared_map,high,4.0,10092,success,1,0,0,137,2,7,1032,0
shared_map,high,4.0,10093,trapped_inside,0,0,0,400,2,7,1670,1
shared_map,high,4.0,10094,wipeout,0,1,0,186,0,7,1770,0
shared_map,high,4.0,10095,trapped_inside,0,0,0,400,4,7,2910,1
shared_map,high,4.0,10096,success,1,0,0,144,1,7,1008,0
shared_map,high,4.0,10097,success,1,0,0,154,1,7,1264,0
shared_map,high,4.0,10098,success,1,0,0,151,2,7,1404,0
shared_map,high,4.0,10099,success,1,0,0,188,2,7,902,0
shared_map,high,4.0,10100,success,1,0,0,187,2,7,2008,0
shared_map,high,4.0,10101,success,1,0,0,205,2,7,1174,0
shared_map,high,4.0,10102,success,1,0,0,195,1,7,1766,0
shared_map,high,4.0,10103,success,1,0,0,198,1,7,1286,0
shared_map,high,4.0,10104,success,1,0,0,114,2,7,1522,0
shared_map,high,4.0,10105,trapped_inside,0,0,0,400,2,7,1930,1
shared_map,high,4.0,10106,trapped_inside,0,0,0,400,5,7,4400,1
shared_map,high,4.0,10107,success,1,0,0,183,1,7,880,0
shared_map,high,4.0,10108,success,1,0,0,207,1,7,1830,0
shared_map,high,4.0,10109,trapped_inside,0,0,0,400,1,7,1048,1
shared_map,high,4.0,10110,wipeout,0,1,0,270,0,7,866,0
shared_map,high,4.0,10111,trapped_inside,0,0,0,400,5,7,7422,1
shared_map,high,4.0,10112,trapped_inside,0,0,0,400,2,7,1468,1
shared_map,high,4.0,10113,success,1,0,0,190,1,7,866,0
shared_map,high,4.0,10114,trapped_inside,0,0,0,400,2,7,2192,1
shared_map,high,4.0,10115,wipeout,0,1,0,127,0,7,1388,0
shared_map,high,4.0,10116,wipeout,0,1,0,160,0,7,976,0
shared_map,high,4.0,10117,trapped_inside,0,0,0,400,4,7,4734,1
shared_map,high,4.0,10118,success,1,0,0,189,1,7,1678,0
shared_map,high,4.0,10119,trapped_inside,0,0,0,400,4,7,4272,1
shared_map,high,4.0,10120,success,1,0,0,127,2,7,976,0
shared_map,high,4.0,10121,wipeout,0,1,0,173,0,7,1168,0
shared_map,high,4.0,10122,success,1,0,0,141,2,7,1344,0
shared_map,high,4.0,10123,success,1,0,0,92,4,7,1104,0
shared_map,high,4.0,10124,success,1,0,0,183,1,7,1596,0
shared_map,high,4.0,10125,success,1,0,0,108,2,7,1156,0
shared_map,high,4.0,10126,success,1,0,0,160,2,7,1426,0
shared_map,high,4.0,10127,wipeout,0,1,0,169,0,7,1532,0
shared_map,high,4.0,10128,success,1,0,0,152,4,7,1694,0
shared_map,high,4.0,10129,success,1,0,0,149,1,7,1214,0
shared_map,high,4.0,10130,trapped_inside,0,0,0,400,2,7,1564,1
shared_map,high,4.0,10131,trapped_inside,0,0,0,400,3,7,2948,1
shared_map,high,4.0,10132,trapped_inside,0,0,0,400,2,7,1306,1
shared_map,high,4.0,10133,wipeout,0,1,0,129,0,7,1102,0
shared_map,high,4.0,10134,success,1,0,0,203,1,7,1456,0
shared_map,high,4.0,10135,success,1,0,0,170,2,7,968,0
shared_map,high,4.0,10136,timeout,0,0,1,400,1,5,900,0
shared_map,high,4.0,10137,success,1,0,0,211,2,7,1966,0
shared_map,high,4.0,10138,success,1,0,0,149,1,7,1562,0
shared_map,high,4.0,10139,trapped_inside,0,0,0,400,3,7,3600,1
shared_map,high,4.0,10140,success,1,0,0,168,1,7,1216,0
shared_map,high,4.0,10141,trapped_inside,0,0,0,400,4,7,4964,1
shared_map,high,4.0,10142,success,1,0,0,113,4,7,1414,0
shared_map,high,4.0,10143,success,1,0,0,156,1,7,1888,0
shared_map,high,4.0,10144,success,1,0,0,174,1,7,1456,0
shared_map,high,4.0,10145,success,1,0,0,201,1,7,936,0
shared_map,high,4.0,10146,success,1,0,0,226,1,7,1420,0
shared_map,high,4.0,10147,success,1,0,0,154,2,7,1628,0
shared_map,high,4.0,10148,success,1,0,0,194,1,7,1098,0
shared_map,high,4.0,10149,trapped_inside,0,0,0,400,3,7,1732,1
shared_map,high,4.0,10150,success,1,0,0,109,3,7,1768,0
shared_map,high,4.0,10151,success,1,0,0,238,1,7,1232,0
shared_map,high,4.0,10152,trapped_inside,0,0,0,400,3,7,3444,1
shared_map,high,4.0,10153,success,1,0,0,160,1,7,1694,0
shared_map,high,4.0,10154,success,1,0,0,117,2,7,1414,0
shared_map,high,4.0,10155,success,1,0,0,151,3,7,1200,0
shared_map,high,4.0,10156,trapped_inside,0,0,0,400,3,7,2428,1
shared_map,high,4.0,10157,trapped_inside,0,0,0,400,3,7,3462,1
shared_map,high,4.0,10158,success,1,0,0,178,2,7,2010,0
shared_map,high,4.0,10159,success,1,0,0,151,1,7,1478,0
shared_map,high,4.0,10160,trapped_inside,0,0,0,400,3,7,2924,1
shared_map,high,4.0,10161,success,1,0,0,118,2,7,1086,0
shared_map,high,4.0,10162,trapped_inside,0,0,0,400,2,7,1186,1
shared_map,high,4.0,10163,trapped_inside,0,0,0,400,2,7,968,1
shared_map,high,4.0,10164,wipeout,0,1,0,167,0,7,1854,0
shared_map,high,4.0,10165,trapped_inside,0,0,0,400,1,7,1146,1
shared_map,high,4.0,10166,success,1,0,0,185,2,7,1342,0
shared_map,high,4.0,10167,success,1,0,0,168,5,7,2116,0
shared_map,high,4.0,10168,success,1,0,0,118,2,7,1140,0
shared_map,high,4.0,10169,trapped_inside,0,0,0,400,1,7,1252,1
shared_map,high,4.0,10170,success,1,0,0,139,1,7,1216,0
shared_map,high,4.0,10171,wipeout,0,1,0,156,0,7,1028,0
shared_map,high,4.0,10172,success,1,0,0,183,2,7,2070,0
shared_map,high,4.0,10173,success,1,0,0,119,3,7,1050,0
shared_map,high,4.0,10174,trapped_inside,0,0,0,400,1,7,1088,1
shared_map,high,4.0,10175,success,1,0,0,131,2,7,966,0
shared_map,high,4.0,10176,success,1,0,0,215,1,7,1328,0
shared_map,high,4.0,10177,trapped_inside,0,0,0,400,1,7,1362,1
shared_map,high,4.0,10178,trapped_inside,0,0,0,400,1,7,1058,1
shared_map,high,4.0,10179,trapped_inside,0,0,0,400,1,7,680,1
shared_map,high,4.0,10180,wipeout,0,1,0,141,0,7,1140,0
shared_map,high,4.0,10181,success,1,0,0,143,2,7,1216,0
shared_map,high,4.0,10182,trapped_inside,0,0,0,400,2,7,1310,1
shared_map,high,4.0,10183,success,1,0,0,188,1,7,1246,0
shared_map,high,4.0,10184,success,1,0,0,203,1,7,1216,0
shared_map,high,4.0,10185,success,1,0,0,162,1,7,1912,0
shared_map,high,4.0,10186,success,1,0,0,165,1,7,1632,0
shared_map,high,4.0,10187,trapped_inside,0,0,0,400,3,7,2922,1
shared_map,high,4.0,10188,trapped_inside,0,0,0,400,4,7,4852,1
shared_map,high,4.0,10189,success,1,0,0,300,1,7,1536,0
shared_map,high,4.0,10190,wipeout,0,1,0,224,0,7,1538,0
shared_map,high,4.0,10191,success,1,0,0,203,1,7,1548,0
shared_map,high,4.0,10192,trapped_inside,0,0,0,400,4,7,4892,1
shared_map,high,4.0,10193,trapped_inside,0,0,0,400,2,7,1854,1
shared_map,high,4.0,10194,success,1,0,0,205,3,7,1478,0
shared_map,high,4.0,10195,trapped_inside,0,0,0,400,2,7,2298,1
shared_map,high,4.0,10196,trapped_inside,0,0,0,400,3,7,3256,1
shared_map,high,4.0,10197,trapped_inside,0,0,0,400,2,7,1514,1
shared_map,high,4.0,10198,success,1,0,0,185,1,7,1616,0
shared_map,high,4.0,10199,trapped_inside,0,0,0,400,1,7,1616,1
shared_map,high,4.0,10200,success,1,0,0,141,2,7,1092,0
shared_map,high,4.0,10201,trapped_inside,0,0,0,400,2,7,2178,1
shared_map,high,4.0,10202,trapped_inside,0,0,0,400,3,7,2662,1
shared_map,high,4.0,10203,trapped_inside,0,0,0,400,3,7,3040,1
shared_map,high,4.0,10204,trapped_inside,0,0,0,400,3,7,2362,1
shared_map,high,4.0,10205,wipeout,0,1,0,128,0,7,1694,0
shared_map,high,4.0,10206,success,1,0,0,211,1,7,1168,0
shared_map,high,4.0,10207,success,1,0,0,96,2,7,916,0
shared_map,high,4.0,10208,success,1,0,0,170,2,7,1152,0
shared_map,high,4.0,10209,success,1,0,0,214,1,7,1006,0
shared_map,high,4.0,10210,trapped_inside,0,0,0,400,2,7,2584,1
shared_map,high,4.0,10211,wipeout,0,1,0,248,0,7,1270,0
shared_map,high,4.0,10212,wipeout,0,1,0,162,0,6,814,0
shared_map,high,4.0,10213,trapped_inside,0,0,0,400,1,7,1722,1
shared_map,high,4.0,10214,wipeout,0,1,0,139,0,7,1924,0
shared_map,high,4.0,10215,trapped_inside,0,0,0,400,4,7,5288,1
shared_map,high,4.0,10216,success,1,0,0,202,2,7,2034,0
shared_map,high,4.0,10217,success,1,0,0,195,2,7,1276,0
shared_map,high,4.0,10218,success,1,0,0,184,1,7,814,0
shared_map,high,4.0,10219,trapped_inside,0,0,0,400,3,7,2618,1
shared_map,high,4.0,10220,wipeout,0,1,0,123,0,7,1840,0
shared_map,high,4.0,10221,trapped_inside,0,0,0,400,1,7,1452,1
shared_map,high,4.0,10222,wipeout,0,1,0,131,0,7,1012,0
shared_map,high,4.0,10223,success,1,0,0,170,2,7,976,0
shared_map,high,4.0,10224,success,1,0,0,220,1,7,1626,0
shared_map,high,4.0,10225,success,1,0,0,177,2,7,716,0
shared_map,high,4.0,10226,trapped_inside,0,0,0,400,2,7,1124,1
shared_map,high,4.0,10227,trapped_inside,0,0,0,400,4,7,4478,1
shared_map,high,4.0,10228,success,1,0,0,180,2,7,1558,0
shared_map,high,4.0,10229,trapped_inside,0,0,0,400,4,7,4932,1
shared_map,high,4.0,10230,success,1,0,0,143,1,7,728,0
shared_map,high,4.0,10231,trapped_inside,0,0,0,400,1,7,870,1
shared_map,high,4.0,10232,success,1,0,0,157,3,7,1018,0
shared_map,high,4.0,10233,trapped_inside,0,0,0,400,1,7,618,1
shared_map,high,4.0,10234,trapped_inside,0,0,0,400,4,7,2744,1
shared_map,high,4.0,10235,success,1,0,0,141,5,7,2130,0
shared_map,high,4.0,10236,trapped_inside,0,0,0,400,3,7,3230,1
shared_map,high,4.0,10237,success,1,0,0,185,1,7,1172,0
shared_map,high,4.0,10238,success,1,0,0,228,1,7,1872,0
shared_map,high,4.0,10239,success,1,0,0,121,3,7,904,0
shared_map,high,4.0,10240,success,1,0,0,217,2,7,1208,0
shared_map,high,4.0,10241,trapped_inside,0,0,0,400,2,7,1410,1
shared_map,high,4.0,10242,trapped_inside,0,0,0,400,2,7,1958,1
shared_map,high,4.0,10243,success,1,0,0,131,4,7,2116,0
shared_map,high,4.0,10244,success,1,0,0,189,2,7,894,0
shared_map,high,4.0,10245,trapped_inside,0,0,0,400,2,7,2034,1
shared_map,high,4.0,10246,trapped_inside,0,0,0,400,2,7,1790,1
shared_map,high,4.0,10247,trapped_inside,0,0,0,400,1,7,918,1
shared_map,high,4.0,10248,wipeout,0,1,0,223,0,7,1200,0
shared_map,high,4.0,10249,success,1,0,0,85,2,7,1042,0
shared_map,high,4.0,10250,trapped_inside,0,0,0,400,5,7,7288,1
shared_map,high,4.0,10251,trapped_inside,0,0,0,400,3,7,2708,1
shared_map,high,4.0,10252,success,1,0,0,175,1,7,1150,0
shared_map,high,4.0,10253,trapped_inside,0,0,0,400,1,7,1050,1
shared_map,high,4.0,10254,timeout,0,0,1,400,1,5,1248,0
shared_map,high,4.0,10255,trapped_inside,0,0,0,400,3,7,3660,1
shared_map,high,4.0,10256,trapped_inside,0,0,0,400,3,7,1270,1
shared_map,high,4.0,10257,timeout,0,0,1,400,1,6,1028,0
shared_map,high,4.0,10258,trapped_inside,0,0,0,400,3,7,3200,1
shared_map,high,4.0,10259,wipeout,0,1,0,130,0,7,2000,0
shared_map,high,4.0,10260,success,1,0,0,179,3,7,1568,0
shared_map,high,4.0,10261,wipeout,0,1,0,224,0,7,2432,0
shared_map,high,4.0,10262,success,1,0,0,165,1,7,970,0
shared_map,high,4.0,10263,trapped_inside,0,0,0,400,3,7,3328,1
shared_map,high,4.0,10264,wipeout,0,1,0,177,0,7,1368,0
shared_map,high,4.0,10265,trapped_inside,0,0,0,400,2,7,1474,1
shared_map,high,4.0,10266,wipeout,0,1,0,204,0,7,854,0
shared_map,high,4.0,10267,success,1,0,0,223,2,7,1812,0
shared_map,high,4.0,10268,trapped_inside,0,0,0,400,3,7,3164,1
shared_map,high,4.0,10269,trapped_inside,0,0,0,400,2,7,1162,1
shared_map,high,4.0,10270,success,1,0,0,190,2,7,1874,0
shared_map,high,4.0,10271,success,1,0,0,133,2,7,1178,0
shared_map,high,4.0,10272,success,1,0,0,193,1,7,1586,0
shared_map,high,4.0,10273,trapped_inside,0,0,0,400,3,7,3174,1
shared_map,high,4.0,10274,success,1,0,0,178,1,7,1438,0
shared_map,high,4.0,10275,success,1,0,0,198,2,7,2266,0
shared_map,high,4.0,10276,trapped_inside,0,0,0,400,5,7,7058,1
shared_map,high,4.0,10277,success,1,0,0,174,1,7,2158,0
shared_map,high,4.0,10278,trapped_inside,0,0,0,400,2,7,870,1
shared_map,high,4.0,10279,success,1,0,0,223,2,7,946,0
shared_map,high,4.0,10280,trapped_inside,0,0,0,400,4,7,4136,1
shared_map,high,4.0,10281,trapped_inside,0,0,0,400,1,7,666,1
shared_map,high,4.0,10282,success,1,0,0,209,1,7,1392,0
shared_map,high,4.0,10283,wipeout,0,1,0,119,0,7,1832,0
shared_map,high,4.0,10284,trapped_inside,0,0,0,400,3,7,2370,1
shared_map,high,4.0,10285,success,1,0,0,159,1,7,1550,0
shared_map,high,4.0,10286,trapped_inside,0,0,0,400,2,7,1890,1
shared_map,high,4.0,10287,success,1,0,0,163,1,7,1492,0
shared_map,high,4.0,10288,wipeout,0,1,0,163,0,7,1694,0
shared_map,high,4.0,10289,success,1,0,0,182,2,7,1806,0
shared_map,high,4.0,10290,trapped_inside,0,0,0,400,5,7,7788,1
shared_map,high,4.0,10291,trapped_inside,0,0,0,400,3,7,2524,1
shared_map,high,4.0,10292,trapped_inside,0,0,0,400,2,7,2102,1
shared_map,high,4.0,10293,trapped_inside,0,0,0,400,2,7,2406,1
shared_map,high,4.0,10294,trapped_inside,0,0,0,400,2,7,2518,1
shared_map,high,4.0,10295,success,1,0,0,204,2,7,1618,0
shared_map,high,4.0,10296,wipeout,0,1,0,128,0,7,1682,0
shared_map,high,4.0,10297,trapped_inside,0,0,0,400,2,7,1584,1
shared_map,high,4.0,10298,trapped_inside,0,0,0,400,3,7,2902,1
shared_map,high,4.0,10299,trapped_inside,0,0,0,400,4,7,5138,1
shared_map,high,4.0,10300,trapped_inside,0,0,0,400,3,7,2916,1
shared_map,high,4.0,10301,wipeout,0,1,0,106,0,7,1576,0
shared_map,high,4.0,10302,trapped_inside,0,0,0,400,2,7,2028,1
shared_map,high,4.0,10303,success,1,0,0,216,1,7,1238,0
shared_map,high,4.0,10304,trapped_inside,0,0,0,400,4,7,4418,1
shared_map,high,4.0,10305,success,1,0,0,184,2,7,1640,0
shared_map,high,4.0,10306,success,1,0,0,226,1,7,1830,0
shared_map,high,4.0,10307,success,1,0,0,186,2,7,1358,0
shared_map,high,4.0,10308,success,1,0,0,203,1,7,1240,0
shared_map,high,4.0,10309,trapped_inside,0,0,0,400,2,7,1920,1
shared_map,high,4.0,10310,trapped_inside,0,0,0,400,3,7,2754,1
shared_map,high,4.0,10311,trapped_inside,0,0,0,400,2,7,2326,1
shared_map,high,4.0,10312,success,1,0,0,203,1,7,1390,0
shared_map,high,4.0,10313,wipeout,0,1,0,112,0,7,1280,0
shared_map,high,4.0,10314,wipeout,0,1,0,133,0,7,1656,0
shared_map,high,4.0,10315,trapped_inside,0,0,0,400,3,7,3174,1
shared_map,high,4.0,10316,trapped_inside,0,0,0,400,2,7,1748,1
shared_map,high,4.0,10317,success,1,0,0,132,2,7,1210,0
shared_map,high,4.0,10318,trapped_inside,0,0,0,400,3,7,3454,1
shared_map,high,4.0,10319,trapped_inside,0,0,0,400,2,7,1016,1
shared_map,high,4.0,10320,success,1,0,0,113,2,7,1178,0
shared_map,high,4.0,10321,success,1,0,0,125,1,7,1428,0
shared_map,high,4.0,10322,success,1,0,0,169,2,7,1164,0
shared_map,high,4.0,10323,wipeout,0,1,0,146,0,6,1560,0
shared_map,high,4.0,10324,success,1,0,0,183,1,7,1236,0
shared_map,high,4.0,10325,success,1,0,0,174,2,7,1856,0
shared_map,high,4.0,10326,trapped_inside,0,0,0,400,3,7,2480,1
shared_map,high,4.0,10327,success,1,0,0,202,1,7,1650,0
shared_map,high,4.0,10328,trapped_inside,0,0,0,400,1,7,638,1
shared_map,high,4.0,10329,success,1,0,0,125,1,7,1572,0
shared_map,high,4.0,10330,success,1,0,0,236,2,7,2290,0
shared_map,high,4.0,10331,success,1,0,0,234,1,7,1378,0
shared_map,high,4.0,10332,trapped_inside,0,0,0,400,1,7,1930,1
shared_map,high,4.0,10333,trapped_inside,0,0,0,400,1,7,962,1
shared_map,high,4.0,10334,trapped_inside,0,0,0,400,3,7,2476,1
shared_map,high,4.0,10335,wipeout,0,1,0,177,0,7,1478,0
shared_map,high,4.0,10336,trapped_inside,0,0,0,400,3,7,2640,1
shared_map,high,4.0,10337,trapped_inside,0,0,0,400,3,7,3208,1
shared_map,high,4.0,10338,success,1,0,0,130,2,7,754,0
shared_map,high,4.0,10339,trapped_inside,0,0,0,400,2,7,1892,1
shared_map,high,4.0,10340,trapped_inside,0,0,0,400,4,7,5054,1
shared_map,high,4.0,10341,success,1,0,0,209,1,7,1256,0
shared_map,high,4.0,10342,success,1,0,0,119,3,7,1676,0
shared_map,high,4.0,10343,success,1,0,0,323,1,7,934,0
shared_map,high,4.0,10344,trapped_inside,0,0,0,400,4,7,5286,1
shared_map,high,4.0,10345,wipeout,0,1,0,120,0,5,1866,0
shared_map,high,4.0,10346,trapped_inside,0,0,0,400,2,7,1282,1
shared_map,high,4.0,10347,trapped_inside,0,0,0,400,2,7,1834,1
shared_map,high,4.0,10348,trapped_inside,0,0,0,400,4,7,5260,1
shared_map,high,4.0,10349,success,1,0,0,168,1,7,1438,0
shared_map,high,4.0,10350,trapped_inside,0,0,0,400,2,7,2048,1
shared_map,high,4.0,10351,wipeout,0,1,0,183,0,7,1022,0
shared_map,high,4.0,10352,success,1,0,0,245,1,7,1052,0
shared_map,high,4.0,10353,success,1,0,0,110,3,7,1486,0
shared_map,high,4.0,10354,trapped_inside,0,0,0,400,4,7,5100,1
shared_map,high,4.0,10355,success,1,0,0,163,1,7,1408,0
shared_map,high,4.0,10356,success,1,0,0,172,1,7,1488,0
shared_map,high,4.0,10357,trapped_inside,0,0,0,400,2,7,1028,1
shared_map,high,4.0,10358,success,1,0,0,199,2,7,1212,0
shared_map,high,4.0,10359,success,1,0,0,187,1,7,1114,0
shared_map,high,4.0,10360,success,1,0,0,202,3,7,1898,0
shared_map,high,4.0,10361,success,1,0,0,213,1,7,764,0
shared_map,high,4.0,10362,success,1,0,0,239,1,7,1932,0
shared_map,high,4.0,10363,wipeout,0,1,0,196,0,7,1414,0
shared_map,high,4.0,10364,wipeout,0,1,0,137,0,7,1934,0
shared_map,high,4.0,10365,wipeout,0,1,0,146,0,7,2180,0
shared_map,high,4.0,10366,success,1,0,0,157,1,7,1760,0
shared_map,high,4.0,10367,success,1,0,0,186,2,7,1244,0
shared_map,high,4.0,10368,success,1,0,0,191,2,7,2146,0
shared_map,high,4.0,10369,success,1,0,0,268,1,7,540,0
shared_map,high,4.0,10370,trapped_inside,0,0,0,400,1,7,1242,1
shared_map,high,4.0,10371,trapped_inside,0,0,0,400,2,7,1684,1
shared_map,high,4.0,10372,trapped_inside,0,0,0,400,2,7,2284,1
shared_map,high,4.0,10373,trapped_inside,0,0,0,400,2,7,1568,1
shared_map,high,4.0,10374,success,1,0,0,236,1,7,962,0
shared_map,high,4.0,10375,trapped_inside,0,0,0,400,1,7,922,1
shared_map,high,4.0,10376,trapped_inside,0,0,0,400,3,7,3034,1
shared_map,high,4.0,10377,success,1,0,0,185,1,7,958,0
shared_map,high,4.0,10378,success,1,0,0,180,2,7,1448,0
shared_map,high,4.0,10379,trapped_inside,0,0,0,400,3,7,2764,1
shared_map,high,4.0,10380,trapped_inside,0,0,0,400,3,7,2582,1
shared_map,high,4.0,10381,trapped_inside,0,0,0,400,2,7,1852,1
shared_map,high,4.0,10382,trapped_inside,0,0,0,400,2,7,1514,1
shared_map,high,4.0,10383,trapped_inside,0,0,0,400,3,7,3200,1
shared_map,high,4.0,10384,success,1,0,0,175,1,7,680,0
shared_map,high,4.0,10385,trapped_inside,0,0,0,400,4,7,4832,1
shared_map,high,4.0,10386,trapped_inside,0,0,0,400,5,7,4732,1
shared_map,high,4.0,10387,success,1,0,0,191,1,7,1506,0
shared_map,high,4.0,10388,trapped_inside,0,0,0,400,3,7,2428,1
shared_map,high,4.0,10389,trapped_inside,0,0,0,400,3,7,3176,1
shared_map,high,4.0,10390,success,1,0,0,148,2,7,700,0
shared_map,high,4.0,10391,trapped_inside,0,0,0,400,4,7,4888,1
shared_map,high,4.0,10392,success,1,0,0,217,3,7,1752,0
shared_map,high,4.0,10393,trapped_inside,0,0,0,400,2,7,1274,1
shared_map,high,4.0,10394,wipeout,0,1,0,173,0,7,1240,0
shared_map,high,4.0,10395,trapped_inside,0,0,0,400,3,7,3104,1
shared_map,high,4.0,10396,trapped_inside,0,0,0,400,3,7,2694,1
shared_map,high,4.0,10397,success,1,0,0,183,1,7,970,0
shared_map,high,4.0,10398,success,1,0,0,182,1,7,2196,0
shared_map,high,4.0,10399,success,1,0,0,181,1,7,1716,0
shared_map,high,4.0,10400,wipeout,0,1,0,125,0,7,1374,0
shared_map,high,4.0,10401,success,1,0,0,166,1,7,924,0
shared_map,high,4.0,10402,success,1,0,0,211,1,7,1380,0
shared_map,high,4.0,10403,trapped_inside,0,0,0,400,3,7,3842,1
shared_map,high,4.0,10404,trapped_inside,0,0,0,400,3,7,2668,1
shared_map,high,4.0,10405,wipeout,0,1,0,158,0,7,708,0
shared_map,high,4.0,10406,success,1,0,0,203,1,7,1444,0
shared_map,high,4.0,10407,success,1,0,0,185,2,7,1286,0
shared_map,high,4.0,10408,wipeout,0,1,0,229,0,7,1736,0
shared_map,high,4.0,10409,success,1,0,0,186,1,7,1774,0
shared_map,high,4.0,10410,trapped_inside,0,0,0,400,5,7,7406,1
shared_map,high,4.0,10411,trapped_inside,0,0,0,400,3,7,3614,1
shared_map,high,4.0,10412,success,1,0,0,177,1,7,1736,0
shared_map,high,4.0,10413,success,1,0,0,149,1,7,752,0
shared_map,high,4.0,10414,trapped_inside,0,0,0,400,1,7,1630,1
shared_map,high,4.0,10415,trapped_inside,0,0,0,400,3,7,3458,1
shared_map,high,4.0,10416,trapped_inside,0,0,0,400,1,7,1142,1
shared_map,high,4.0,10417,trapped_inside,0,0,0,400,3,7,2722,1
shared_map,high,4.0,10418,success,1,0,0,205,1,7,1476,0
shared_map,high,4.0,10419,success,1,0,0,278,1,7,1374,0
shared_map,high,4.0,10420,success,1,0,0,218,2,7,1250,0
shared_map,high,4.0,10421,success,1,0,0,236,1,7,588,0
shared_map,high,4.0,10422,trapped_inside,0,0,0,400,1,7,1126,1
shared_map,high,4.0,10423,wipeout,0,1,0,196,0,7,1446,0
shared_map,high,4.0,10424,trapped_inside,0,0,0,400,2,7,1724,1
shared_map,high,4.0,10425,trapped_inside,0,0,0,400,2,7,2518,1
shared_map,high,4.0,10426,trapped_inside,0,0,0,400,1,7,722,1
shared_map,high,4.0,10427,success,1,0,0,180,1,7,740,0
shared_map,high,4.0,10428,success,1,0,0,163,3,7,1154,0
shared_map,high,4.0,10429,wipeout,0,1,0,119,0,6,1628,0
shared_map,high,4.0,10430,success,1,0,0,237,2,7,2158,0
shared_map,high,4.0,10431,trapped_inside,0,0,0,400,3,7,2814,1
shared_map,high,4.0,10432,success,1,0,0,186,2,7,1502,0
shared_map,high,4.0,10433,success,1,0,0,176,2,7,954,0
shared_map,high,4.0,10434,success,1,0,0,155,2,7,2320,0
shared_map,high,4.0,10435,success,1,0,0,170,1,7,1358,0
shared_map,high,4.0,10436,trapped_inside,0,0,0,400,4,7,4564,1
shared_map,high,4.0,10437,trapped_inside,0,0,0,400,4,7,5038,1
shared_map,high,4.0,10438,success,1,0,0,263,1,7,798,0
shared_map,high,4.0,10439,wipeout,0,1,0,127,0,7,1162,0
shared_map,high,4.0,10440,wipeout,0,1,0,137,0,5,1260,0
shared_map,high,4.0,10441,success,1,0,0,194,1,7,1576,0
shared_map,high,4.0,10442,trapped_inside,0,0,0,400,4,7,5048,1
shared_map,high,4.0,10443,trapped_inside,0,0,0,400,3,7,3164,1
shared_map,high,4.0,10444,success,1,0,0,215,1,7,1132,0
shared_map,high,4.0,10445,success,1,0,0,128,3,7,1368,0
shared_map,high,4.0,10446,trapped_inside,0,0,0,400,2,7,1660,1
shared_map,high,4.0,10447,trapped_inside,0,0,0,400,2,7,1886,1
shared_map,high,4.0,10448,trapped_inside,0,0,0,400,4,7,2728,1
shared_map,high,4.0,10449,success,1,0,0,150,1,7,1760,0
shared_map,high,4.0,10450,wipeout,0,1,0,126,0,7,1366,0
shared_map,high,4.0,10451,wipeout,0,1,0,156,0,7,1468,0
shared_map,high,4.0,10452,trapped_inside,0,0,0,400,3,7,2812,1
shared_map,high,4.0,10453,trapped_inside,0,0,0,400,1,7,990,1
shared_map,high,4.0,10454,success,1,0,0,208,2,7,1506,0
shared_map,high,4.0,10455,trapped_inside,0,0,0,400,3,7,1448,1
shared_map,high,4.0,10456,wipeout,0,1,0,138,0,7,1636,0
shared_map,high,4.0,10457,wipeout,0,1,0,112,0,7,1222,0
shared_map,high,4.0,10458,wipeout,0,1,0,210,0,7,1014,0
shared_map,high,4.0,10459,trapped_inside,0,0,0,400,1,7,832,1
shared_map,high,4.0,10460,success,1,0,0,220,1,7,1814,0
shared_map,high,4.0,10461,success,1,0,0,156,2,7,1032,0
shared_map,high,4.0,10462,trapped_inside,0,0,0,400,3,7,3172,1
shared_map,high,4.0,10463,trapped_inside,0,0,0,400,1,7,1024,1
shared_map,high,4.0,10464,trapped_inside,0,0,0,400,2,7,2012,1
shared_map,high,4.0,10465,success,1,0,0,226,1,7,982,0
shared_map,high,4.0,10466,trapped_inside,0,0,0,400,2,7,2102,1
shared_map,high,4.0,10467,success,1,0,0,138,1,7,1322,0
shared_map,high,4.0,10468,success,1,0,0,167,1,7,1222,0
shared_map,high,4.0,10469,trapped_inside,0,0,0,400,3,7,3218,1
shared_map,high,4.0,10470,trapped_inside,0,0,0,400,5,7,4798,1
shared_map,high,4.0,10471,success,1,0,0,189,2,7,1162,0
shared_map,high,4.0,10472,trapped_inside,0,0,0,400,2,7,1490,1
shared_map,high,4.0,10473,timeout,0,0,1,400,1,6,852,0
shared_map,high,4.0,10474,success,1,0,0,156,1,7,1432,0
shared_map,high,4.0,10475,trapped_inside,0,0,0,400,3,7,3466,1
shared_map,high,4.0,10476,success,1,0,0,124,2,7,1136,0
shared_map,high,4.0,10477,success,1,0,0,166,1,7,964,0
shared_map,high,4.0,10478,trapped_inside,0,0,0,400,3,7,2648,1
shared_map,high,4.0,10479,success,1,0,0,243,1,7,696,0
shared_map,high,4.0,10480,success,1,0,0,167,2,7,1582,0
shared_map,high,4.0,10481,success,1,0,0,128,1,7,1090,0
shared_map,high,4.0,10482,success,1,0,0,231,1,7,1224,0
shared_map,high,4.0,10483,trapped_inside,0,0,0,400,2,7,2240,1
shared_map,high,4.0,10484,trapped_inside,0,0,0,400,2,7,1712,1
shared_map,high,4.0,10485,success,1,0,0,225,2,7,1222,0
shared_map,high,4.0,10486,success,1,0,0,184,1,7,1346,0
shared_map,high,4.0,10487,success,1,0,0,214,2,7,1504,0
shared_map,high,4.0,10488,success,1,0,0,235,1,7,1712,0
shared_map,high,4.0,10489,success,1,0,0,143,2,7,944,0
shared_map,high,4.0,10490,trapped_inside,0,0,0,400,4,7,4456,1
shared_map,high,4.0,10491,trapped_inside,0,0,0,400,3,7,2994,1
shared_map,high,4.0,10492,wipeout,0,1,0,137,0,7,1810,0
shared_map,high,4.0,10493,success,1,0,0,150,3,7,1548,0
shared_map,high,4.0,10494,success,1,0,0,202,2,7,1672,0
shared_map,high,4.0,10495,success,1,0,0,161,1,7,1574,0
shared_map,high,4.0,10496,success,1,0,0,140,2,7,776,0
shared_map,high,4.0,10497,wipeout,0,1,0,134,0,7,960,0
shared_map,high,4.0,10498,success,1,0,0,111,2,7,726,0
shared_map,high,4.0,10499,success,1,0,0,178,2,7,1582,0
split_exit,high,4.0,10000,wipeout,0,1,0,135,0,7,472,0
split_exit,high,4.0,10001,wipeout,0,1,0,109,0,7,752,0
split_exit,high,4.0,10002,wipeout,0,1,0,116,0,7,762,0
split_exit,high,4.0,10003,wipeout,0,1,0,154,0,7,492,0
split_exit,high,4.0,10004,wipeout,0,1,0,103,0,7,479,0
split_exit,high,4.0,10005,success,1,0,0,150,2,7,542,0
split_exit,high,4.0,10006,wipeout,0,1,0,149,0,7,357,0
split_exit,high,4.0,10007,wipeout,0,1,0,120,0,6,625,0
split_exit,high,4.0,10008,wipeout,0,1,0,116,0,5,608,0
split_exit,high,4.0,10009,wipeout,0,1,0,104,0,6,740,0
split_exit,high,4.0,10010,trapped_inside,0,0,0,400,1,7,362,1
split_exit,high,4.0,10011,trapped_inside,0,0,0,400,1,7,535,1
split_exit,high,4.0,10012,success,1,0,0,114,1,7,458,0
split_exit,high,4.0,10013,success,1,0,0,232,1,7,272,0
split_exit,high,4.0,10014,trapped_inside,0,0,0,400,3,7,2034,1
split_exit,high,4.0,10015,wipeout,0,1,0,155,0,6,284,0
split_exit,high,4.0,10016,wipeout,0,1,0,98,0,7,552,0
split_exit,high,4.0,10017,wipeout,0,1,0,76,0,6,519,0
split_exit,high,4.0,10018,success,1,0,0,232,1,7,151,0
split_exit,high,4.0,10019,wipeout,0,1,0,158,0,7,713,0
split_exit,high,4.0,10020,trapped_inside,0,0,0,400,3,7,2025,1
split_exit,high,4.0,10021,wipeout,0,1,0,183,0,7,234,0
split_exit,high,4.0,10022,success,1,0,0,182,1,7,196,0
split_exit,high,4.0,10023,trapped_inside,0,0,0,400,3,7,2244,1
split_exit,high,4.0,10024,wipeout,0,1,0,158,0,7,610,0
split_exit,high,4.0,10025,wipeout,0,1,0,140,0,6,777,0
split_exit,high,4.0,10026,trapped_inside,0,0,0,400,1,7,619,1
split_exit,high,4.0,10027,wipeout,0,1,0,117,0,7,709,0
split_exit,high,4.0,10028,wipeout,0,1,0,108,0,7,396,0
split_exit,high,4.0,10029,wipeout,0,1,0,182,0,7,278,0
split_exit,high,4.0,10030,wipeout,0,1,0,108,0,7,917,0
split_exit,high,4.0,10031,wipeout,0,1,0,140,0,7,196,0
split_exit,high,4.0,10032,wipeout,0,1,0,151,0,7,519,0
split_exit,high,4.0,10033,trapped_inside,0,0,0,400,1,7,394,1
split_exit,high,4.0,10034,wipeout,0,1,0,103,0,6,534,0
split_exit,high,4.0,10035,trapped_inside,0,0,0,400,3,7,2498,1
split_exit,high,4.0,10036,success,1,0,0,168,1,7,643,0
split_exit,high,4.0,10037,success,1,0,0,157,1,7,171,0
split_exit,high,4.0,10038,wipeout,0,1,0,95,0,5,366,0
split_exit,high,4.0,10039,trapped_inside,0,0,0,400,1,7,582,1
split_exit,high,4.0,10040,wipeout,0,1,0,134,0,7,714,0
split_exit,high,4.0,10041,wipeout,0,1,0,73,0,7,338,0
split_exit,high,4.0,10042,wipeout,0,1,0,178,0,7,641,0
split_exit,high,4.0,10043,wipeout,0,1,0,120,0,7,396,0
split_exit,high,4.0,10044,trapped_inside,0,0,0,400,2,7,1150,1
split_exit,high,4.0,10045,success,1,0,0,193,2,7,870,0
split_exit,high,4.0,10046,wipeout,0,1,0,149,0,5,207,0
split_exit,high,4.0,10047,trapped_inside,0,0,0,400,3,7,2576,1
split_exit,high,4.0,10048,wipeout,0,1,0,108,0,7,494,0
split_exit,high,4.0,10049,success,1,0,0,173,1,7,686,0
split_exit,high,4.0,10050,wipeout,0,1,0,112,0,7,354,0
split_exit,high,4.0,10051,trapped_inside,0,0,0,400,1,7,682,1
split_exit,high,4.0,10052,success,1,0,0,152,2,7,1370,0
split_exit,high,4.0,10053,wipeout,0,1,0,114,0,7,658,0
split_exit,high,4.0,10054,wipeout,0,1,0,115,0,7,605,0
split_exit,high,4.0,10055,trapped_inside,0,0,0,400,2,7,1031,1
split_exit,high,4.0,10056,trapped_inside,0,0,0,400,2,7,697,1
split_exit,high,4.0,10057,success,1,0,0,134,1,7,682,0
split_exit,high,4.0,10058,trapped_inside,0,0,0,400,1,7,548,1
split_exit,high,4.0,10059,wipeout,0,1,0,143,0,7,444,0
split_exit,high,4.0,10060,wipeout,0,1,0,92,0,5,821,0
split_exit,high,4.0,10061,wipeout,0,1,0,125,0,6,211,0
split_exit,high,4.0,10062,wipeout,0,1,0,160,0,7,791,0
split_exit,high,4.0,10063,wipeout,0,1,0,149,0,7,173,0
split_exit,high,4.0,10064,wipeout,0,1,0,198,0,7,231,0
split_exit,high,4.0,10065,wipeout,0,1,0,196,0,7,296,0
split_exit,high,4.0,10066,trapped_inside,0,0,0,400,3,7,2504,1
split_exit,high,4.0,10067,trapped_inside,0,0,0,400,1,7,426,1
split_exit,high,4.0,10068,trapped_inside,0,0,0,400,3,7,3084,1
split_exit,high,4.0,10069,wipeout,0,1,0,97,0,5,363,0
split_exit,high,4.0,10070,wipeout,0,1,0,112,0,7,726,0
split_exit,high,4.0,10071,trapped_inside,0,0,0,400,1,7,529,1
split_exit,high,4.0,10072,success,1,0,0,261,1,7,695,0
split_exit,high,4.0,10073,wipeout,0,1,0,89,0,7,400,0
split_exit,high,4.0,10074,trapped_inside,0,0,0,400,2,7,1601,1
split_exit,high,4.0,10075,wipeout,0,1,0,119,0,7,436,0
split_exit,high,4.0,10076,trapped_inside,0,0,0,400,1,7,162,1
split_exit,high,4.0,10077,wipeout,0,1,0,163,0,7,232,0
split_exit,high,4.0,10078,trapped_inside,0,0,0,400,3,7,2891,1
split_exit,high,4.0,10079,trapped_inside,0,0,0,400,1,7,250,1
split_exit,high,4.0,10080,wipeout,0,1,0,103,0,7,430,0
split_exit,high,4.0,10081,success,1,0,0,168,1,7,578,0
split_exit,high,4.0,10082,wipeout,0,1,0,114,0,7,516,0
split_exit,high,4.0,10083,success,1,0,0,171,2,7,750,0
split_exit,high,4.0,10084,wipeout,0,1,0,142,0,7,236,0
split_exit,high,4.0,10085,wipeout,0,1,0,143,0,7,640,0
split_exit,high,4.0,10086,success,1,0,0,164,1,7,203,0
split_exit,high,4.0,10087,wipeout,0,1,0,107,0,7,811,0
split_exit,high,4.0,10088,wipeout,0,1,0,144,0,7,690,0
split_exit,high,4.0,10089,wipeout,0,1,0,139,0,6,1063,0
split_exit,high,4.0,10090,wipeout,0,1,0,94,0,6,687,0
split_exit,high,4.0,10091,wipeout,0,1,0,101,0,7,657,0
split_exit,high,4.0,10092,wipeout,0,1,0,71,0,6,352,0
split_exit,high,4.0,10093,trapped_inside,0,0,0,400,1,7,378,1
split_exit,high,4.0,10094,wipeout,0,1,0,142,0,7,752,0
split_exit,high,4.0,10095,trapped_inside,0,0,0,400,2,7,744,1
split_exit,high,4.0,10096,wipeout,0,1,0,112,0,7,620,0
split_exit,high,4.0,10097,wipeout,0,1,0,82,0,7,372,0
split_exit,high,4.0,10098,success,1,0,0,150,1,7,756,0
split_exit,high,4.0,10099,success,1,0,0,207,1,7,424,0
split_exit,high,4.0,10100,success,1,0,0,184,1,7,768,0
split_exit,high,4.0,10101,wipeout,0,1,0,143,0,5,199,0
split_exit,high,4.0,10102,wipeout,0,1,0,180,0,7,761,0
split_exit,high,4.0,10103,wipeout,0,1,0,118,0,6,683,0
split_exit,high,4.0,10104,success,1,0,0,113,1,7,893,0
split_exit,high,4.0,10105,wipeout,0,1,0,78,0,7,382,0
split_exit,high,4.0,10106,wipeout,0,1,0,224,0,7,382,0
split_exit,high,4.0,10107,success,1,0,0,179,1,7,398,0
split_exit,high,4.0,10108,wipeout,0,1,0,119,0,7,674,0
split_exit,high,4.0,10109,wipeout,0,1,0,146,0,7,189,0
split_exit,high,4.0,10110,wipeout,0,1,0,177,0,7,565,0
split_exit,high,4.0,10111,trapped_inside,0,0,0,400,3,7,2353,1
split_exit,high,4.0,10112,wipeout,0,1,0,70,0,6,312,0
split_exit,high,4.0,10113,wipeout,0,1,0,183,0,7,348,0
split_exit,high,4.0,10114,trapped_inside,0,0,0,400,1,7,825,1
split_exit,high,4.0,10115,wipeout,0,1,0,112,0,6,574,0
split_exit,high,4.0,10116,wipeout,0,1,0,99,0,7,577,0
split_exit,high,4.0,10117,trapped_inside,0,0,0,400,3,7,2288,1
split_exit,high,4.0,10118,wipeout,0,1,0,176,0,7,683,0
split_exit,high,4.0,10119,wipeout,0,1,0,163,0,7,253,0
split_exit,high,4.0,10120,success,1,0,0,121,2,7,223,0
split_exit,high,4.0,10121,wipeout,0,1,0,169,0,7,322,0
split_exit,high,4.0,10122,success,1,0,0,175,1,7,239,0
split_exit,high,4.0,10123,success,1,0,0,90,3,7,704,0
split_exit,high,4.0,10124,wipeout,0,1,0,100,0,6,542,0
split_exit,high,4.0,10125,success,1,0,0,105,2,7,532,0
split_exit,high,4.0,10126,success,1,0,0,159,1,7,754,0
split_exit,high,4.0,10127,wipeout,0,1,0,89,0,7,568,0
split_exit,high,4.0,10128,success,1,0,0,151,3,7,1073,0
split_exit,high,4.0,10129,wipeout,0,1,0,104,0,7,476,0
split_exit,high,4.0,10130,success,1,0,0,189,1,7,895,0
split_exit,high,4.0,10131,trapped_inside,0,0,0,400,2,7,1182,1
split_exit,high,4.0,10132,trapped_inside,0,0,0,400,1,7,289,1
split_exit,high,4.0,10133,wipeout,0,1,0,88,0,5,430,0
split_exit,high,4.0,10134,wipeout,0,1,0,126,0,7,520,0
split_exit,high,4.0,10135,success,1,0,0,168,2,7,164,0
split_exit,high,4.0,10136,wipeout,0,1,0,123,0,5,170,0
split_exit,high,4.0,10137,success,1,0,0,210,1,7,811,0
split_exit,high,4.0,10138,success,1,0,0,143,1,7,546,0
split_exit,high,4.0,10139,trapped_inside,0,0,0,400,2,7,1190,1
split_exit,high,4.0,10140,wipeout,0,1,0,148,0,7,552,0
split_exit,high,4.0,10141,trapped_inside,0,0,0,400,3,7,2499,1
split_exit,high,4.0,10142,success,1,0,0,129,2,7,938,0
split_exit,high,4.0,10143,success,1,0,0,154,1,7,699,0
split_exit,high,4.0,10144,trapped_inside,0,0,0,400,1,7,1062,1
split_exit,high,4.0,10145,wipeout,0,1,0,89,0,7,730,0
split_exit,high,4.0,10146,wipeout,0,1,0,179,0,7,747,0
split_exit,high,4.0,10147,success,1,0,0,153,1,7,584,0
split_exit,high,4.0,10148,wipeout,0,1,0,171,0,7,709,0
split_exit,high,4.0,10149,trapped_inside,0,0,0,400,2,7,713,1
split_exit,high,4.0,10150,success,1,0,0,108,2,7,570,0
split_exit,high,4.0,10151,wipeout,0,1,0,166,0,7,676,0
split_exit,high,4.0,10152,trapped_inside,0,0,0,400,2,7,1310,1
split_exit,high,4.0,10153,wipeout,0,1,0,117,0,7,794,0
split_exit,high,4.0,10154,wipeout,0,1,0,136,0,7,500,0
split_exit,high,4.0,10155,wipeout,0,1,0,190,0,7,201,0
split_exit,high,4.0,10156,trapped_inside,0,0,0,400,3,7,2482,1
split_exit,high,4.0,10157,trapped_inside,0,0,0,400,2,7,1428,1
split_exit,high,4.0,10158,success,1,0,0,175,1,7,1092,0
split_exit,high,4.0,10159,wipeout,0,1,0,109,0,7,488,0
split_exit,high,4.0,10160,success,1,0,0,146,1,7,793,0
split_exit,high,4.0,10161,wipeout,0,1,0,124,0,7,300,0
split_exit,high,4.0,10162,trapped_inside,0,0,0,400,1,7,253,1
split_exit,high,4.0,10163,trapped_inside,0,0,0,400,1,7,404,1
split_exit,high,4.0,10164,wipeout,0,1,0,155,0,7,501,0
split_exit,high,4.0,10165,trapped_inside,0,0,0,400,1,7,606,1
split_exit,high,4.0,10166,wipeout,0,1,0,175,0,7,458,0
split_exit,high,4.0,10167,success,1,0,0,252,1,7,259,0
split_exit,high,4.0,10168,success,1,0,0,115,1,7,694,0
split_exit,high,4.0,10169,wipeout,0,1,0,105,0,6,528,0
split_exit,high,4.0,10170,wipeout,0,1,0,129,0,7,772,0
split_exit,high,4.0,10171,wipeout,0,1,0,154,0,7,210,0
split_exit,high,4.0,10172,wipeout,0,1,0,109,0,5,656,0
split_exit,high,4.0,10173,wipeout,0,1,0,90,0,7,192,0
split_exit,high,4.0,10174,wipeout,0,1,0,93,0,5,510,0
split_exit,high,4.0,10175,wipeout,0,1,0,120,0,7,502,0
split_exit,high,4.0,10176,success,1,0,0,209,1,7,947,0
split_exit,high,4.0,10177,wipeout,0,1,0,106,0,7,551,0
split_exit,high,4.0,10178,success,1,0,0,238,1,7,268,0
split_exit,high,4.0,10179,wipeout,0,1,0,163,0,7,127,0
split_exit,high,4.0,10180,wipeout,0,1,0,94,0,7,465,0
split_exit,high,4.0,10181,wipeout,0,1,0,135,0,7,644,0
split_exit,high,4.0,10182,trapped_inside,0,0,0,400,1,7,361,1
split_exit,high,4.0,10183,success,1,0,0,182,1,7,566,0
split_exit,high,4.0,10184,wipeout,0,1,0,89,0,6,468,0
split_exit,high,4.0,10185,success,1,0,0,160,1,7,809,0
split_exit,high,4.0,10186,wipeout,0,1,0,91,0,7,458,0
split_exit,high,4.0,10187,wipeout,0,1,0,139,0,7,612,0
split_exit,high,4.0,10188,trapped_inside,0,0,0,400,2,7,1077,1
split_exit,high,4.0,10189,wipeout,0,1,0,148,0,7,532,0
split_exit,high,4.0,10190,wipeout,0,1,0,196,0,7,275,0
split_exit,high,4.0,10191,wipeout,0,1,0,164,0,7,689,0
split_exit,high,4.0,10192,trapped_inside,0,0,0,400,3,7,2386,1
split_exit,high,4.0,10193,trapped_inside,0,0,0,400,1,7,678,1
split_exit,high,4.0,10194,success,1,0,0,200,2,7,509,0
split_exit,high,4.0,10195,trapped_inside,0,0,0,400,1,7,550,1
split_exit,high,4.0,10196,trapped_inside,0,0,0,400,1,7,688,1
split_exit,high,4.0,10197,trapped_inside,0,0,0,400,1,7,262,1
split_exit,high,4.0,10198,wipeout,0,1,0,87,0,6,504,0
split_exit,high,4.0,10199,wipeout,0,1,0,149,0,7,682,0
split_exit,high,4.0,10200,success,1,0,0,138,1,7,463,0
split_exit,high,4.0,10201,trapped_inside,0,0,0,400,2,7,1172,1
split_exit,high,4.0,10202,trapped_inside,0,0,0,400,2,7,859,1
split_exit,high,4.0,10203,trapped_inside,0,0,0,400,1,7,722,1
split_exit,high,4.0,10204,trapped_inside,0,0,0,400,3,7,1790,1
split_exit,high,4.0,10205,wipeout,0,1,0,100,0,7,673,0
split_exit,high,4.0,10206,success,1,0,0,211,1,7,305,0
split_exit,high,4.0,10207,success,1,0,0,94,2,7,285,0
split_exit,high,4.0,10208,wipeout,0,1,0,166,0,7,538,0
split_exit,high,4.0,10209,wipeout,0,1,0,203,0,7,257,0
split_exit,high,4.0,10210,trapped_inside,0,0,0,400,1,7,884,1
split_exit,high,4.0,10211,wipeout,0,1,0,126,0,7,425,0
split_exit,high,4.0,10212,wipeout,0,1,0,150,0,5,331,0
split_exit,high,4.0,10213,wipeout,0,1,0,144,0,7,743,0
split_exit,high,4.0,10214,wipeout,0,1,0,136,0,7,753,0
split_exit,high,4.0,10215,trapped_inside,0,0,0,400,2,7,1146,1
split_exit,high,4.0,10216,success,1,0,0,201,1,7,851,0
split_exit,high,4.0,10217,success,1,0,0,192,1,7,700,0
split_exit,high,4.0,10218,wipeout,0,1,0,113,0,6,205,0
split_exit,high,4.0,10219,trapped_inside,0,0,0,400,3,7,1771,1
split_exit,high,4.0,10220,wipeout,0,1,0,105,0,6,582,0
split_exit,high,4.0,10221,wipeout,0,1,0,109,0,7,576,0
split_exit,high,4.0,10222,wipeout,0,1,0,86,0,7,332,0
split_exit,high,4.0,10223,wipeout,0,1,0,109,0,7,244,0
split_exit,high,4.0,10224,wipeout,0,1,0,184,0,7,297,0
split_exit,high,4.0,10225,wipeout,0,1,0,136,0,7,171,0
split_exit,high,4.0,10226,trapped_inside,0,0,0,400,1,7,292,1
split_exit,high,4.0,10227,trapped_inside,0,0,0,400,2,7,1131,1
split_exit,high,4.0,10228,success,1,0,0,179,1,7,528,0
split_exit,high,4.0,10229,success,1,0,0,212,2,7,853,0
split_exit,high,4.0,10230,success,1,0,0,139,1,7,473,0
split_exit,high,4.0,10231,wipeout,0,1,0,128,0,7,145,0
split_exit,high,4.0,10232,success,1,0,0,164,1,7,432,0
split_exit,high,4.0,10233,wipeout,0,1,0,121,0,7,186,0
split_exit,high,4.0,10234,trapped_inside,0,0,0,400,3,7,2026,1
split_exit,high,4.0,10235,trapped_inside,0,0,0,400,2,7,2319,1
split_exit,high,4.0,10236,trapped_inside,0,0,0,400,1,7,630,1
split_exit,high,4.0,10237,success,1,0,0,177,1,7,920,0
split_exit,high,4.0,10238,wipeout,0,1,0,132,0,6,599,0
split_exit,high,4.0,10239,success,1,0,0,168,1,7,210,0
split_exit,high,4.0,10240,success,1,0,0,216,1,7,503,0
split_exit,high,4.0,10241,trapped_inside,0,0,0,400,1,7,137,1
split_exit,high,4.0,10242,trapped_inside,0,0,0,400,1,7,458,1
split_exit,high,4.0,10243,success,1,0,0,131,2,7,1429,0
split_exit,high,4.0,10244,success,1,0,0,183,2,7,450,0
split_exit,high,4.0,10245,trapped_inside,0,0,0,400,1,7,565,1
split_exit,high,4.0,10246,trapped_inside,0,0,0,400,1,7,316,1
split_exit,high,4.0,10247,wipeout,0,1,0,166,0,7,230,0
split_exit,high,4.0,10248,wipeout,0,1,0,206,0,7,278,0
split_exit,high,4.0,10249,wipeout,0,1,0,60,0,7,377,0
split_exit,high,4.0,10250,wipeout,0,1,0,130,0,7,1221,0
split_exit,high,4.0,10251,trapped_inside,0,0,0,400,2,7,773,1
split_exit,high,4.0,10252,wipeout,0,1,0,167,0,7,496,0
split_exit,high,4.0,10253,wipeout,0,1,0,137,0,7,441,0
split_exit,high,4.0,10254,wipeout,0,1,0,155,0,5,287,0
split_exit,high,4.0,10255,trapped_inside,0,0,0,400,1,7,698,1
split_exit,high,4.0,10256,success,1,0,0,166,2,7,453,0
split_exit,high,4.0,10257,wipeout,0,1,0,134,0,7,220,0
split_exit,high,4.0,10258,trapped_inside,0,0,0,400,2,7,1074,1
split_exit,high,4.0,10259,wipeout,0,1,0,123,0,6,850,0
split_exit,high,4.0,10260,success,1,0,0,179,2,7,838,0
split_exit,high,4.0,10261,wipeout,0,1,0,145,0,7,722,0
split_exit,high,4.0,10262,success,1,0,0,200,1,7,272,0
split_exit,high,4.0,10263,trapped_inside,0,0,0,400,1,7,470,1
split_exit,high,4.0,10264,wipeout,0,1,0,88,0,7,377,0
split_exit,high,4.0,10265,wipeout,0,1,0,130,0,7,235,0
split_exit,high,4.0,10266,wipeout,0,1,0,202,0,7,180,0
split_exit,high,4.0,10267,success,1,0,0,222,1,7,719,0
split_exit,high,4.0,10268,success,1,0,0,147,1,7,632,0
split_exit,high,4.0,10269,wipeout,0,1,0,195,0,7,211,0
split_exit,high,4.0,10270,success,1,0,0,189,1,7,724,0
split_exit,high,4.0,10271,wipeout,0,1,0,90,0,7,387,0
split_exit,high,4.0,10272,wipeout,0,1,0,189,0,7,800,0
split_exit,high,4.0,10273,trapped_inside,0,0,0,400,2,7,1168,1
split_exit,high,4.0,10274,wipeout,0,1,0,85,0,7,638,0
split_exit,high,4.0,10275,wipeout,0,1,0,187,0,7,1195,0
split_exit,high,4.0,10276,trapped_inside,0,0,0,400,3,7,2678,1
split_exit,high,4.0,10277,wipeout,0,1,0,123,0,7,710,0
split_exit,high,4.0,10278,trapped_inside,0,0,0,400,1,7,186,1
split_exit,high,4.0,10279,success,1,0,0,220,1,7,439,0
split_exit,high,4.0,10280,trapped_inside,0,0,0,400,3,7,1916,1
split_exit,high,4.0,10281,wipeout,0,1,0,146,0,7,164,0
split_exit,high,4.0,10282,wipeout,0,1,0,166,0,7,620,0
split_exit,high,4.0,10283,wipeout,0,1,0,113,0,7,602,0
split_exit,high,4.0,10284,trapped_inside,0,0,0,400,1,7,198,1
split_exit,high,4.0,10285,wipeout,0,1,0,145,0,7,642,0
split_exit,high,4.0,10286,trapped_inside,0,0,0,400,1,7,537,1
split_exit,high,4.0,10287,wipeout,0,1,0,138,0,7,444,0
split_exit,high,4.0,10288,wipeout,0,1,0,109,0,7,572,0
split_exit,high,4.0,10289,success,1,0,0,181,1,7,755,0
split_exit,high,4.0,10290,trapped_inside,0,0,0,400,3,7,2454,1
split_exit,high,4.0,10291,trapped_inside,0,0,0,400,2,7,978,1
split_exit,high,4.0,10292,wipeout,0,1,0,131,0,6,453,0
split_exit,high,4.0,10293,wipeout,0,1,0,130,0,7,701,0
split_exit,high,4.0,10294,wipeout,0,1,0,156,0,7,654,0
split_exit,high,4.0,10295,success,1,0,0,202,1,7,600,0
split_exit,high,4.0,10296,wipeout,0,1,0,87,0,7,568,0
split_exit,high,4.0,10297,wipeout,0,1,0,101,0,7,399,0
split_exit,high,4.0,10298,trapped_inside,0,0,0,400,1,7,242,1
split_exit,high,4.0,10299,trapped_inside,0,0,0,400,3,7,2660,1
split_exit,high,4.0,10300,wipeout,0,1,0,75,0,7,342,0
split_exit,high,4.0,10301,wipeout,0,1,0,87,0,5,667,0
split_exit,high,4.0,10302,trapped_inside,0,0,0,400,1,7,771,1
split_exit,high,4.0,10303,wipeout,0,1,0,124,0,7,511,0
split_exit,high,4.0,10304,trapped_inside,0,0,0,400,2,7,810,1
split_exit,high,4.0,10305,wipeout,0,1,0,103,0,7,646,0
split_exit,high,4.0,10306,wipeout,0,1,0,117,0,6,662,0
split_exit,high,4.0,10307,wipeout,0,1,0,91,0,7,399,0
split_exit,high,4.0,10308,wipeout,0,1,0,184,0,7,221,0
split_exit,high,4.0,10309,trapped_inside,0,0,0,400,1,7,582,1
split_exit,high,4.0,10310,trapped_inside,0,0,0,400,2,7,1401,1
split_exit,high,4.0,10311,wipeout,0,1,0,109,0,7,586,0
split_exit,high,4.0,10312,wipeout,0,1,0,184,0,7,509,0
split_exit,high,4.0,10313,wipeout,0,1,0,106,0,7,799,0
split_exit,high,4.0,10314,wipeout,0,1,0,109,0,7,645,0
split_exit,high,4.0,10315,success,1,0,0,120,1,7,436,0
split_exit,high,4.0,10316,wipeout,0,1,0,130,0,7,618,0
split_exit,high,4.0,10317,wipeout,0,1,0,122,0,7,623,0
split_exit,high,4.0,10318,trapped_inside,0,0,0,400,3,7,2034,1
split_exit,high,4.0,10319,trapped_inside,0,0,0,400,1,7,577,1
split_exit,high,4.0,10320,success,1,0,0,112,1,7,614,0
split_exit,high,4.0,10321,wipeout,0,1,0,117,0,7,1019,0
split_exit,high,4.0,10322,success,1,0,0,168,1,7,621,0
split_exit,high,4.0,10323,wipeout,0,1,0,123,0,5,763,0
split_exit,high,4.0,10324,wipeout,0,1,0,120,0,7,692,0
split_exit,high,4.0,10325,success,1,0,0,173,1,7,1071,0
split_exit,high,4.0,10326,trapped_inside,0,0,0,400,2,7,1165,1
split_exit,high,4.0,10327,wipeout,0,1,0,119,0,7,706,0
split_exit,high,4.0,10328,wipeout,0,1,0,114,0,7,141,0
split_exit,high,4.0,10329,wipeout,0,1,0,99,0,7,502,0
split_exit,high,4.0,10330,wipeout,0,1,0,225,0,7,968,0
split_exit,high,4.0,10331,wipeout,0,1,0,145,0,7,612,0
split_exit,high,4.0,10332,wipeout,0,1,0,152,0,7,787,0
split_exit,high,4.0,10333,wipeout,0,1,0,127,0,7,211,0
split_exit,high,4.0,10334,trapped_inside,0,0,0,400,2,7,1209,1
split_exit,high,4.0,10335,wipeout,0,1,0,85,0,7,619,0
split_exit,high,4.0,10336,wipeout,0,1,0,178,0,7,207,0
split_exit,high,4.0,10337,wipeout,0,1,0,123,0,7,563,0
split_exit,high,4.0,10338,success,1,0,0,162,1,7,153,0
split_exit,high,4.0,10339,trapped_inside,0,0,0,400,1,7,605,1
split_exit,high,4.0,10340,success,1,0,0,187,1,7,701,0
split_exit,high,4.0,10341,wipeout,0,1,0,95,0,7,377,0
split_exit,high,4.0,10342,success,1,0,0,118,2,7,881,0
split_exit,high,4.0,10343,wipeout,0,1,0,136,0,7,162,0
split_exit,high,4.0,10344,trapped_inside,0,0,0,400,2,7,1192,1
split_exit,high,4.0,10345,wipeout,0,1,0,115,0,5,657,0
split_exit,high,4.0,10346,wipeout,0,1,0,75,0,5,306,0
split_exit,high,4.0,10347,trapped_inside,0,0,0,400,1,7,600,1
split_exit,high,4.0,10348,trapped_inside,0,0,0,400,3,7,2408,1
split_exit,high,4.0,10349,wipeout,0,1,0,110,0,7,418,0
split_exit,high,4.0,10350,wipeout,0,1,0,110,0,7,538,0
split_exit,high,4.0,10351,wipeout,0,1,0,150,0,7,639,0
split_exit,high,4.0,10352,success,1,0,0,241,1,7,670,0
split_exit,high,4.0,10353,success,1,0,0,109,2,7,1071,0
split_exit,high,4.0,10354,trapped_inside,0,0,0,400,3,7,2869,1
split_exit,high,4.0,10355,success,1,0,0,161,1,7,1023,0
split_exit,high,4.0,10356,wipeout,0,1,0,111,0,7,513,0
split_exit,high,4.0,10357,wipeout,0,1,0,133,0,7,197,0
split_exit,high,4.0,10358,wipeout,0,1,0,143,0,5,200,0
split_exit,high,4.0,10359,wipeout,0,1,0,130,0,7,384,0
split_exit,high,4.0,10360,success,1,0,0,199,2,7,1226,0
split_exit,high,4.0,10361,wipeout,0,1,0,97,0,5,396,0
split_exit,high,4.0,10362,wipeout,0,1,0,105,0,5,541,0
split_exit,high,4.0,10363,wipeout,0,1,0,179,0,7,244,0
split_exit,high,4.0,10364,wipeout,0,1,0,123,0,7,962,0
split_exit,high,4.0,10365,wipeout,0,1,0,120,0,7,680,0
split_exit,high,4.0,10366,wipeout,0,1,0,109,0,7,568,0
split_exit,high,4.0,10367,success,1,0,0,230,1,7,268,0
split_exit,high,4.0,10368,wipeout,0,1,0,144,0,7,630,0
split_exit,high,4.0,10369,success,1,0,0,205,1,7,143,0
split_exit,high,4.0,10370,wipeout,0,1,0,93,0,5,623,0
split_exit,high,4.0,10371,trapped_inside,0,0,0,400,1,7,450,1
split_exit,high,4.0,10372,trapped_inside,0,0,0,400,1,7,477,1
split_exit,high,4.0,10373,trapped_inside,0,0,0,400,2,7,1026,1
split_exit,high,4.0,10374,wipeout,0,1,0,213,0,7,273,0
split_exit,high,4.0,10375,wipeout,0,1,0,141,0,6,160,0
split_exit,high,4.0,10376,wipeout,0,1,0,129,0,7,521,0
split_exit,high,4.0,10377,wipeout,0,1,0,140,0,7,729,0
split_exit,high,4.0,10378,wipeout,0,1,0,141,0,7,409,0
split_exit,high,4.0,10379,trapped_inside,0,0,0,400,3,7,2250,1
split_exit,high,4.0,10380,trapped_inside,0,0,0,400,2,7,872,1
split_exit,high,4.0,10381,trapped_inside,0,0,0,400,1,7,762,1
split_exit,high,4.0,10382,wipeout,0,1,0,162,0,7,252,0
split_exit,high,4.0,10383,trapped_inside,0,0,0,400,2,7,1071,1
split_exit,high,4.0,10384,wipeout,0,1,0,72,0,6,348,0
split_exit,high,4.0,10385,wipeout,0,1,0,79,0,7,575,0
split_exit,high,4.0,10386,trapped_inside,0,0,0,400,3,7,2154,1
split_exit,high,4.0,10387,wipeout,0,1,0,176,0,7,766,0
split_exit,high,4.0,10388,wipeout,0,1,0,138,0,7,166,0
split_exit,high,4.0,10389,trapped_inside,0,0,0,400,2,7,1309,1
split_exit,high,4.0,10390,wipeout,0,1,0,116,0,7,153,0
split_exit,high,4.0,10391,trapped_inside,0,0,0,400,1,7,439,1
split_exit,high,4.0,10392,success,1,0,0,216,2,7,989,0
split_exit,high,4.0,10393,wipeout,0,1,0,106,0,7,356,0
split_exit,high,4.0,10394,wipeout,0,1,0,106,0,7,484,0
split_exit,high,4.0,10395,trapped_inside,0,0,0,400,3,7,2952,1
split_exit,high,4.0,10396,success,1,0,0,267,1,7,432,0
split_exit,high,4.0,10397,wipeout,0,1,0,98,0,7,456,0
split_exit,high,4.0,10398,wipeout,0,1,0,179,0,7,930,0
split_exit,high,4.0,10399,success,1,0,0,177,1,7,572,0
split_exit,high,4.0,10400,wipeout,0,1,0,73,0,5,416,0
split_exit,high,4.0,10401,wipeout,0,1,0,71,0,5,332,0
split_exit,high,4.0,10402,wipeout,0,1,0,115,0,7,590,0
split_exit,high,4.0,10403,trapped_inside,0,0,0,400,3,7,2712,1
split_exit,high,4.0,10404,wipeout,0,1,0,97,0,7,477,0
split_exit,high,4.0,10405,wipeout,0,1,0,109,0,7,348,0
split_exit,high,4.0,10406,wipeout,0,1,0,182,0,7,730,0
split_exit,high,4.0,10407,success,1,0,0,183,1,7,452,0
split_exit,high,4.0,10408,wipeout,0,1,0,142,0,6,456,0
split_exit,high,4.0,10409,wipeout,0,1,0,119,0,7,600,0
split_exit,high,4.0,10410,trapped_inside,0,0,0,400,3,7,2513,1
split_exit,high,4.0,10411,trapped_inside,0,0,0,400,1,7,1067,1
split_exit,high,4.0,10412,trapped_inside,0,0,0,400,1,7,1158,1
split_exit,high,4.0,10413,wipeout,0,1,0,89,0,7,222,0
split_exit,high,4.0,10414,wipeout,0,1,0,117,0,7,438,0
split_exit,high,4.0,10415,trapped_inside,0,0,0,400,3,7,2515,1
split_exit,high,4.0,10416,wipeout,0,1,0,163,0,7,235,0
split_exit,high,4.0,10417,trapped_inside,0,0,0,400,2,7,1137,1
split_exit,high,4.0,10418,wipeout,0,1,0,130,0,7,691,0
split_exit,high,4.0,10419,wipeout,0,1,0,217,0,7,457,0
split_exit,high,4.0,10420,wipeout,0,1,0,208,0,7,452,0
split_exit,high,4.0,10421,wipeout,0,1,0,172,0,7,299,0
split_exit,high,4.0,10422,wipeout,0,1,0,185,0,7,288,0
split_exit,high,4.0,10423,wipeout,0,1,0,160,0,4,569,0
split_exit,high,4.0,10424,trapped_inside,0,0,0,400,1,7,475,1
split_exit,high,4.0,10425,trapped_inside,0,0,0,400,1,7,640,1
split_exit,high,4.0,10426,wipeout,0,1,0,194,0,7,137,0
split_exit,high,4.0,10427,wipeout,0,1,0,164,0,7,642,0
split_exit,high,4.0,10428,success,1,0,0,165,1,7,316,0
split_exit,high,4.0,10429,wipeout,0,1,0,104,0,6,565,0
split_exit,high,4.0,10430,wipeout,0,1,0,214,0,7,614,0
split_exit,high,4.0,10431,trapped_inside,0,0,0,400,1,7,232,1
split_exit,high,4.0,10432,success,1,0,0,183,1,7,821,0
split_exit,high,4.0,10433,success,1,0,0,203,1,7,320,0
split_exit,high,4.0,10434,success,1,0,0,154,1,7,678,0
split_exit,high,4.0,10435,wipeout,0,1,0,161,0,7,538,0
split_exit,high,4.0,10436,trapped_inside,0,0,0,400,2,7,1112,1
split_exit,high,4.0,10437,trapped_inside,0,0,0,400,1,7,623,1
split_exit,high,4.0,10438,wipeout,0,1,0,186,0,7,205,0
split_exit,high,4.0,10439,wipeout,0,1,0,122,0,7,402,0
split_exit,high,4.0,10440,wipeout,0,1,0,128,0,5,419,0
split_exit,high,4.0,10441,wipeout,0,1,0,186,0,7,558,0
split_exit,high,4.0,10442,success,1,0,0,157,1,7,735,0
split_exit,high,4.0,10443,trapped_inside,0,0,0,400,2,7,1093,1
split_exit,high,4.0,10444,wipeout,0,1,0,193,0,7,192,0
split_exit,high,4.0,10445,success,1,0,0,125,2,7,981,0
split_exit,high,4.0,10446,trapped_inside,0,0,0,400,2,7,1461,1
split_exit,high,4.0,10447,trapped_inside,0,0,0,400,1,7,888,1
split_exit,high,4.0,10448,trapped_inside,0,0,0,400,2,7,836,1
split_exit,high,4.0,10449,wipeout,0,1,0,121,0,7,564,0
split_exit,high,4.0,10450,wipeout,0,1,0,122,0,7,479,0
split_exit,high,4.0,10451,wipeout,0,1,0,118,0,7,396,0
split_exit,high,4.0,10452,trapped_inside,0,0,0,400,3,7,2328,1
split_exit,high,4.0,10453,wipeout,0,1,0,89,0,6,340,0
split_exit,high,4.0,10454,success,1,0,0,205,1,7,486,0
split_exit,high,4.0,10455,trapped_inside,0,0,0,400,1,7,186,1
split_exit,high,4.0,10456,wipeout,0,1,0,114,0,7,529,0
split_exit,high,4.0,10457,wipeout,0,1,0,103,0,6,522,0
split_exit,high,4.0,10458,wipeout,0,1,0,149,0,7,217,0
split_exit,high,4.0,10459,wipeout,0,1,0,134,0,7,240,0
split_exit,high,4.0,10460,wipeout,0,1,0,129,0,7,622,0
split_exit,high,4.0,10461,success,1,0,0,192,1,7,325,0
split_exit,high,4.0,10462,trapped_inside,0,0,0,400,1,7,348,1
split_exit,high,4.0,10463,wipeout,0,1,0,151,0,7,244,0
split_exit,high,4.0,10464,trapped_inside,0,0,0,400,2,7,1442,1
split_exit,high,4.0,10465,wipeout,0,1,0,210,0,7,399,0
split_exit,high,4.0,10466,wipeout,0,1,0,117,0,7,580,0
split_exit,high,4.0,10467,wipeout,0,1,0,102,0,7,578,0
split_exit,high,4.0,10468,wipeout,0,1,0,91,0,7,604,0
split_exit,high,4.0,10469,wipeout,0,1,0,108,0,7,815,0
split_exit,high,4.0,10470,trapped_inside,0,0,0,400,3,7,2113,1
split_exit,high,4.0,10471,wipeout,0,1,0,154,0,7,201,0
split_exit,high,4.0,10472,wipeout,0,1,0,75,0,7,346,0
split_exit,high,4.0,10473,wipeout,0,1,0,129,0,6,235,0
split_exit,high,4.0,10474,success,1,0,0,152,1,7,627,0
split_exit,high,4.0,10475,wipeout,0,1,0,108,0,7,944,0
split_exit,high,4.0,10476,trapped_inside,0,0,0,400,2,7,1085,1
split_exit,high,4.0,10477,wipeout,0,1,0,150,0,7,386,0
split_exit,high,4.0,10478,wipeout,0,1,0,168,0,7,167,0
split_exit,high,4.0,10479,wipeout,0,1,0,111,0,7,474,0
split_exit,high,4.0,10480,success,1,0,0,168,1,7,325,0
split_exit,high,4.0,10481,wipeout,0,1,0,59,0,5,328,0
split_exit,high,4.0,10482,wipeout,0,1,0,169,0,6,243,0
split_exit,high,4.0,10483,wipeout,0,1,0,95,0,7,519,0
split_exit,high,4.0,10484,trapped_inside,0,0,0,400,1,7,506,1
split_exit,high,4.0,10485,wipeout,0,1,0,165,0,7,301,0
split_exit,high,4.0,10486,wipeout,0,1,0,99,0,7,462,0
split_exit,high,4.0,10487,success,1,0,0,252,1,7,250,0
split_exit,high,4.0,10488,wipeout,0,1,0,141,0,7,604,0
split_exit,high,4.0,10489,wipeout,0,1,0,129,0,7,186,0
split_exit,high,4.0,10490,trapped_inside,0,0,0,400,3,7,1854,1
split_exit,high,4.0,10491,trapped_inside,0,0,0,400,3,7,2462,1
split_exit,high,4.0,10492,wipeout,0,1,0,113,0,7,661,0
split_exit,high,4.0,10493,success,1,0,0,145,2,7,764,0
split_exit,high,4.0,10494,wipeout,0,1,0,126,0,7,687,0
split_exit,high,4.0,10495,wipeout,0,1,0,105,0,7,462,0
split_exit,high,4.0,10496,success,1,0,0,171,1,7,264,0
split_exit,high,4.0,10497,wipeout,0,1,0,111,0,6,215,0
split_exit,high,4.0,10498,wipeout,0,1,0,141,0,7,172,0
split_exit,high,4.0,10499,success,1,0,0,175,1,7,773,0
oracle,high,15.0,10000,wipeout,0,1,0,73,0,4,0,0
oracle,high,15.0,10001,wipeout,0,1,0,67,0,4,0,0
oracle,high,15.0,10002,wipeout,0,1,0,85,0,4,0,0
oracle,high,15.0,10003,wipeout,0,1,0,86,0,6,0,0
oracle,high,15.0,10004,wipeout,0,1,0,79,0,4,0,0
oracle,high,15.0,10005,wipeout,0,1,0,61,0,5,0,0
oracle,high,15.0,10006,wipeout,0,1,0,66,0,7,0,0
oracle,high,15.0,10007,wipeout,0,1,0,103,0,5,0,0
oracle,high,15.0,10008,wipeout,0,1,0,80,0,4,0,0
oracle,high,15.0,10009,wipeout,0,1,0,93,0,6,0,0
oracle,high,15.0,10010,wipeout,0,1,0,57,0,5,0,0
oracle,high,15.0,10011,wipeout,0,1,0,57,0,7,0,0
oracle,high,15.0,10012,wipeout,0,1,0,59,0,5,0,0
oracle,high,15.0,10013,wipeout,0,1,0,81,0,4,0,0
oracle,high,15.0,10014,wipeout,0,1,0,81,0,7,0,0
oracle,high,15.0,10015,wipeout,0,1,0,97,0,4,0,0
oracle,high,15.0,10016,wipeout,0,1,0,64,0,3,0,0
oracle,high,15.0,10017,wipeout,0,1,0,61,0,5,0,0
oracle,high,15.0,10018,wipeout,0,1,0,60,0,4,0,0
oracle,high,15.0,10019,wipeout,0,1,0,50,0,3,0,0
oracle,high,15.0,10020,wipeout,0,1,0,54,0,6,0,0
oracle,high,15.0,10021,wipeout,0,1,0,75,0,5,0,0
oracle,high,15.0,10022,wipeout,0,1,0,38,0,5,0,0
oracle,high,15.0,10023,wipeout,0,1,0,94,0,7,0,0
oracle,high,15.0,10024,wipeout,0,1,0,109,0,7,0,0
oracle,high,15.0,10025,wipeout,0,1,0,58,0,4,0,0
oracle,high,15.0,10026,wipeout,0,1,0,106,0,6,0,0
oracle,high,15.0,10027,wipeout,0,1,0,67,0,3,0,0
oracle,high,15.0,10028,wipeout,0,1,0,61,0,4,0,0
oracle,high,15.0,10029,wipeout,0,1,0,72,0,7,0,0
oracle,high,15.0,10030,wipeout,0,1,0,58,0,3,0,0
oracle,high,15.0,10031,wipeout,0,1,0,64,0,4,0,0
oracle,high,15.0,10032,wipeout,0,1,0,52,0,4,0,0
oracle,high,15.0,10033,wipeout,0,1,0,57,0,5,0,0
oracle,high,15.0,10034,wipeout,0,1,0,86,0,5,0,0
oracle,high,15.0,10035,wipeout,0,1,0,44,0,7,0,0
oracle,high,15.0,10036,wipeout,0,1,0,85,0,6,0,0
oracle,high,15.0,10037,wipeout,0,1,0,45,0,4,0,0
oracle,high,15.0,10038,wipeout,0,1,0,61,0,4,0,0
oracle,high,15.0,10039,wipeout,0,1,0,80,0,4,0,0
oracle,high,15.0,10040,wipeout,0,1,0,70,0,4,0,0
oracle,high,15.0,10041,wipeout,0,1,0,37,0,4,0,0
oracle,high,15.0,10042,wipeout,0,1,0,59,0,3,0,0
oracle,high,15.0,10043,wipeout,0,1,0,59,0,4,0,0
oracle,high,15.0,10044,wipeout,0,1,0,70,0,5,0,0
oracle,high,15.0,10045,wipeout,0,1,0,48,0,4,0,0
oracle,high,15.0,10046,wipeout,0,1,0,66,0,4,0,0
oracle,high,15.0,10047,wipeout,0,1,0,51,0,7,0,0
oracle,high,15.0,10048,wipeout,0,1,0,86,0,6,0,0
oracle,high,15.0,10049,wipeout,0,1,0,54,0,6,0,0
oracle,high,15.0,10050,wipeout,0,1,0,65,0,6,0,0
oracle,high,15.0,10051,wipeout,0,1,0,56,0,5,0,0
oracle,high,15.0,10052,wipeout,0,1,0,57,0,7,0,0
oracle,high,15.0,10053,wipeout,0,1,0,64,0,3,0,0
oracle,high,15.0,10054,wipeout,0,1,0,88,0,4,0,0
oracle,high,15.0,10055,wipeout,0,1,0,47,0,5,0,0
oracle,high,15.0,10056,wipeout,0,1,0,38,0,5,0,0
oracle,high,15.0,10057,wipeout,0,1,0,52,0,5,0,0
oracle,high,15.0,10058,wipeout,0,1,0,79,0,5,0,0
oracle,high,15.0,10059,wipeout,0,1,0,58,0,5,0,0
oracle,high,15.0,10060,wipeout,0,1,0,56,0,5,0,0
oracle,high,15.0,10061,wipeout,0,1,0,57,0,4,0,0
oracle,high,15.0,10062,wipeout,0,1,0,74,0,4,0,0
oracle,high,15.0,10063,wipeout,0,1,0,67,0,4,0,0
oracle,high,15.0,10064,wipeout,0,1,0,66,0,4,0,0
oracle,high,15.0,10065,wipeout,0,1,0,95,0,4,0,0
oracle,high,15.0,10066,wipeout,0,1,0,72,0,6,0,0
oracle,high,15.0,10067,wipeout,0,1,0,59,0,6,0,0
oracle,high,15.0,10068,wipeout,0,1,0,65,0,7,0,0
oracle,high,15.0,10069,wipeout,0,1,0,75,0,5,0,0
oracle,high,15.0,10070,wipeout,0,1,0,75,0,2,0,0
oracle,high,15.0,10071,wipeout,0,1,0,79,0,7,0,0
oracle,high,15.0,10072,wipeout,0,1,0,43,0,6,0,0
oracle,high,15.0,10073,wipeout,0,1,0,68,0,6,0,0
oracle,high,15.0,10074,wipeout,0,1,0,61,0,6,0,0
oracle,high,15.0,10075,wipeout,0,1,0,59,0,4,0,0
oracle,high,15.0,10076,wipeout,0,1,0,63,0,4,0,0
oracle,high,15.0,10077,wipeout,0,1,0,39,0,5,0,0
oracle,high,15.0,10078,wipeout,0,1,0,78,0,5,0,0
oracle,high,15.0,10079,wipeout,0,1,0,97,0,5,0,0
oracle,high,15.0,10080,wipeout,0,1,0,47,0,5,0,0
oracle,high,15.0,10081,wipeout,0,1,0,52,0,4,0,0
oracle,high,15.0,10082,wipeout,0,1,0,73,0,5,0,0
oracle,high,15.0,10083,wipeout,0,1,0,45,0,5,0,0
oracle,high,15.0,10084,wipeout,0,1,0,55,0,5,0,0
oracle,high,15.0,10085,wipeout,0,1,0,54,0,5,0,0
oracle,high,15.0,10086,wipeout,0,1,0,77,0,6,0,0
oracle,high,15.0,10087,wipeout,0,1,0,68,0,4,0,0
oracle,high,15.0,10088,wipeout,0,1,0,97,0,7,0,0
oracle,high,15.0,10089,wipeout,0,1,0,106,0,4,0,0
oracle,high,15.0,10090,wipeout,0,1,0,76,0,5,0,0
oracle,high,15.0,10091,wipeout,0,1,0,41,0,6,0,0
oracle,high,15.0,10092,wipeout,0,1,0,61,0,5,0,0
oracle,high,15.0,10093,wipeout,0,1,0,61,0,5,0,0
oracle,high,15.0,10094,wipeout,0,1,0,49,0,7,0,0
oracle,high,15.0,10095,wipeout,0,1,0,70,0,7,0,0
oracle,high,15.0,10096,wipeout,0,1,0,54,0,7,0,0
oracle,high,15.0,10097,wipeout,0,1,0,51,0,5,0,0
oracle,high,15.0,10098,wipeout,0,1,0,54,0,4,0,0
oracle,high,15.0,10099,wipeout,0,1,0,64,0,4,0,0
oracle,high,15.0,10100,wipeout,0,1,0,89,0,7,0,0
oracle,high,15.0,10101,wipeout,0,1,0,87,0,5,0,0
oracle,high,15.0,10102,wipeout,0,1,0,80,0,3,0,0
oracle,high,15.0,10103,wipeout,0,1,0,74,0,3,0,0
oracle,high,15.0,10104,wipeout,0,1,0,59,0,6,0,0
oracle,high,15.0,10105,wipeout,0,1,0,58,0,6,0,0
oracle,high,15.0,10106,wipeout,0,1,0,89,0,6,0,0
oracle,high,15.0,10107,wipeout,0,1,0,60,0,4,0,0
oracle,high,15.0,10108,wipeout,0,1,0,68,0,6,0,0
oracle,high,15.0,10109,wipeout,0,1,0,72,0,3,0,0
oracle,high,15.0,10110,wipeout,0,1,0,88,0,6,0,0
oracle,high,15.0,10111,wipeout,0,1,0,58,0,7,0,0
oracle,high,15.0,10112,wipeout,0,1,0,50,0,5,0,0
oracle,high,15.0,10113,wipeout,0,1,0,48,0,5,0,0
oracle,high,15.0,10114,wipeout,0,1,0,60,0,2,0,0
oracle,high,15.0,10115,wipeout,0,1,0,77,0,3,0,0
oracle,high,15.0,10116,wipeout,0,1,0,49,0,3,0,0
oracle,high,15.0,10117,wipeout,0,1,0,51,0,7,0,0
oracle,high,15.0,10118,wipeout,0,1,0,63,0,5,0,0
oracle,high,15.0,10119,wipeout,0,1,0,69,0,4,0,0
oracle,high,15.0,10120,wipeout,0,1,0,51,0,7,0,0
oracle,high,15.0,10121,wipeout,0,1,0,54,0,2,0,0
oracle,high,15.0,10122,wipeout,0,1,0,74,0,6,0,0
oracle,high,15.0,10123,wipeout,0,1,0,36,0,7,0,0
oracle,high,15.0,10124,wipeout,0,1,0,69,0,4,0,0
oracle,high,15.0,10125,wipeout,0,1,0,42,0,5,0,0
oracle,high,15.0,10126,wipeout,0,1,0,53,0,4,0,0
oracle,high,15.0,10127,wipeout,0,1,0,71,0,5,0,0
oracle,high,15.0,10128,wipeout,0,1,0,86,0,6,0,0
oracle,high,15.0,10129,wipeout,0,1,0,67,0,6,0,0
oracle,high,15.0,10130,wipeout,0,1,0,71,0,5,0,0
oracle,high,15.0,10131,wipeout,0,1,0,50,0,5,0,0
oracle,high,15.0,10132,wipeout,0,1,0,67,0,5,0,0
oracle,high,15.0,10133,wipeout,0,1,0,62,0,5,0,0
oracle,high,15.0,10134,wipeout,0,1,0,90,0,6,0,0
oracle,high,15.0,10135,wipeout,0,1,0,61,0,5,0,0
oracle,high,15.0,10136,wipeout,0,1,0,59,0,4,0,0
oracle,high,15.0,10137,wipeout,0,1,0,84,0,6,0,0
oracle,high,15.0,10138,wipeout,0,1,0,53,0,3,0,0
oracle,high,15.0,10139,wipeout,0,1,0,66,0,4,0,0
oracle,high,15.0,10140,wipeout,0,1,0,48,0,6,0,0
oracle,high,15.0,10141,wipeout,0,1,0,68,0,7,0,0
oracle,high,15.0,10142,wipeout,0,1,0,24,0,7,0,0
oracle,high,15.0,10143,wipeout,0,1,0,61,0,6,0,0
oracle,high,15.0,10144,wipeout,0,1,0,54,0,4,0,0
oracle,high,15.0,10145,wipeout,0,1,0,62,0,4,0,0
oracle,high,15.0,10146,wipeout,0,1,0,67,0,5,0,0
oracle,high,15.0,10147,wipeout,0,1,0,79,0,7,0,0
oracle,high,15.0,10148,wipeout,0,1,0,72,0,5,0,0
oracle,high,15.0,10149,wipeout,0,1,0,100,0,5,0,0
oracle,high,15.0,10150,wipeout,0,1,0,66,0,7,0,0
oracle,high,15.0,10151,wipeout,0,1,0,86,0,4,0,0
oracle,high,15.0,10152,wipeout,0,1,0,76,0,6,0,0
oracle,high,15.0,10153,wipeout,0,1,0,85,0,4,0,0
oracle,high,15.0,10154,wipeout,0,1,0,47,0,6,0,0
oracle,high,15.0,10155,wipeout,0,1,0,75,0,5,0,0
oracle,high,15.0,10156,wipeout,0,1,0,63,0,5,0,0
oracle,high,15.0,10157,wipeout,0,1,0,77,0,7,0,0
oracle,high,15.0,10158,wipeout,0,1,0,61,0,5,0,0
oracle,high,15.0,10159,wipeout,0,1,0,59,0,5,0,0
oracle,high,15.0,10160,wipeout,0,1,0,51,0,5,0,0
oracle,high,15.0,10161,wipeout,0,1,0,72,0,7,0,0
oracle,high,15.0,10162,wipeout,0,1,0,73,0,2,0,0
oracle,high,15.0,10163,wipeout,0,1,0,66,0,4,0,0
oracle,high,15.0,10164,wipeout,0,1,0,97,0,6,0,0
oracle,high,15.0,10165,wipeout,0,1,0,93,0,5,0,0
oracle,high,15.0,10166,wipeout,0,1,0,68,0,4,0,0
oracle,high,15.0,10167,wipeout,0,1,0,90,0,7,0,0
oracle,high,15.0,10168,wipeout,0,1,0,48,0,6,0,0
oracle,high,15.0,10169,wipeout,0,1,0,73,0,2,0,0
oracle,high,15.0,10170,wipeout,0,1,0,54,0,6,0,0
oracle,high,15.0,10171,wipeout,0,1,0,71,0,4,0,0
oracle,high,15.0,10172,wipeout,0,1,0,97,0,5,0,0
oracle,high,15.0,10173,wipeout,0,1,0,47,0,4,0,0
oracle,high,15.0,10174,wipeout,0,1,0,58,0,3,0,0
oracle,high,15.0,10175,wipeout,0,1,0,53,0,5,0,0
oracle,high,15.0,10176,wipeout,0,1,0,81,0,4,0,0
oracle,high,15.0,10177,wipeout,0,1,0,52,0,4,0,0
oracle,high,15.0,10178,wipeout,0,1,0,63,0,3,0,0
oracle,high,15.0,10179,wipeout,0,1,0,53,0,5,0,0
oracle,high,15.0,10180,wipeout,0,1,0,74,0,3,0,0
oracle,high,15.0,10181,wipeout,0,1,0,36,0,5,0,0
oracle,high,15.0,10182,wipeout,0,1,0,72,0,4,0,0
oracle,high,15.0,10183,wipeout,0,1,0,60,0,4,0,0
oracle,high,15.0,10184,wipeout,0,1,0,67,0,5,0,0
oracle,high,15.0,10185,wipeout,0,1,0,63,0,4,0,0
oracle,high,15.0,10186,wipeout,0,1,0,66,0,4,0,0
oracle,high,15.0,10187,wipeout,0,1,0,70,0,7,0,0
oracle,high,15.0,10188,wipeout,0,1,0,100,0,4,0,0
oracle,high,15.0,10189,wipeout,0,1,0,64,0,5,0,0
oracle,high,15.0,10190,wipeout,0,1,0,84,0,3,0,0
oracle,high,15.0,10191,wipeout,0,1,0,87,0,6,0,0
oracle,high,15.0,10192,wipeout,0,1,0,66,0,5,0,0
oracle,high,15.0,10193,wipeout,0,1,0,73,0,7,0,0
oracle,high,15.0,10194,wipeout,0,1,0,101,0,7,0,0
oracle,high,15.0,10195,wipeout,0,1,0,96,0,4,0,0
oracle,high,15.0,10196,wipeout,0,1,0,63,0,7,0,0
oracle,high,15.0,10197,wipeout,0,1,0,41,0,5,0,0
oracle,high,15.0,10198,wipeout,0,1,0,74,0,5,0,0
oracle,high,15.0,10199,wipeout,0,1,0,63,0,5,0,0
oracle,high,15.0,10200,wipeout,0,1,0,45,0,5,0,0
oracle,high,15.0,10201,wipeout,0,1,0,68,0,3,0,0
oracle,high,15.0,10202,wipeout,0,1,0,79,0,5,0,0
oracle,high,15.0,10203,wipeout,0,1,0,50,0,7,0,0
oracle,high,15.0,10204,wipeout,0,1,0,69,0,6,0,0
oracle,high,15.0,10205,wipeout,0,1,0,65,0,4,0,0
oracle,high,15.0,10206,wipeout,0,1,0,73,0,4,0,0
oracle,high,15.0,10207,wipeout,0,1,0,63,0,7,0,0
oracle,high,15.0,10208,wipeout,0,1,0,42,0,5,0,0
oracle,high,15.0,10209,wipeout,0,1,0,56,0,5,0,0
oracle,high,15.0,10210,wipeout,0,1,0,114,0,5,0,0
oracle,high,15.0,10211,wipeout,0,1,0,84,0,4,0,0
oracle,high,15.0,10212,wipeout,0,1,0,71,0,4,0,0
oracle,high,15.0,10213,wipeout,0,1,0,48,0,4,0,0
oracle,high,15.0,10214,wipeout,0,1,0,78,0,3,0,0
oracle,high,15.0,10215,wipeout,0,1,0,64,0,4,0,0
oracle,high,15.0,10216,wipeout,0,1,0,71,0,4,0,0
oracle,high,15.0,10217,wipeout,0,1,0,92,0,6,0,0
oracle,high,15.0,10218,wipeout,0,1,0,49,0,3,0,0
oracle,high,15.0,10219,wipeout,0,1,0,97,0,7,0,0
oracle,high,15.0,10220,wipeout,0,1,0,82,0,4,0,0
oracle,high,15.0,10221,wipeout,0,1,0,73,0,4,0,0
oracle,high,15.0,10222,wipeout,0,1,0,52,0,7,0,0
oracle,high,15.0,10223,wipeout,0,1,0,70,0,6,0,0
oracle,high,15.0,10224,wipeout,0,1,0,115,0,5,0,0
oracle,high,15.0,10225,wipeout,0,1,0,54,0,5,0,0
oracle,high,15.0,10226,wipeout,0,1,0,92,0,7,0,0
oracle,high,15.0,10227,wipeout,0,1,0,59,0,6,0,0
oracle,high,15.0,10228,wipeout,0,1,0,87,0,5,0,0
oracle,high,15.0,10229,wipeout,0,1,0,83,0,6,0,0
oracle,high,15.0,10230,wipeout,0,1,0,48,0,7,0,0
oracle,high,15.0,10231,wipeout,0,1,0,58,0,3,0,0
oracle,high,15.0,10232,wipeout,0,1,0,51,0,6,0,0
oracle,high,15.0,10233,wipeout,0,1,0,47,0,5,0,0
oracle,high,15.0,10234,wipeout,0,1,0,93,0,7,0,0
oracle,high,15.0,10235,wipeout,0,1,0,80,0,6,0,0
oracle,high,15.0,10236,wipeout,0,1,0,57,0,7,0,0
oracle,high,15.0,10237,wipeout,0,1,0,60,0,5,0,0
oracle,high,15.0,10238,wipeout,0,1,0,82,0,3,0,0
oracle,high,15.0,10239,wipeout,0,1,0,62,0,5,0,0
oracle,high,15.0,10240,wipeout,0,1,0,68,0,5,0,0
oracle,high,15.0,10241,wipeout,0,1,0,52,0,6,0,0
oracle,high,15.0,10242,wipeout,0,1,0,69,0,4,0,0
oracle,high,15.0,10243,wipeout,0,1,0,55,0,6,0,0
oracle,high,15.0,10244,wipeout,0,1,0,66,0,5,0,0
oracle,high,15.0,10245,wipeout,0,1,0,58,0,5,0,0
oracle,high,15.0,10246,wipeout,0,1,0,69,0,4,0,0
oracle,high,15.0,10247,wipeout,0,1,0,74,0,5,0,0
oracle,high,15.0,10248,wipeout,0,1,0,97,0,6,0,0
oracle,high,15.0,10249,wipeout,0,1,0,41,0,6,0,0
oracle,high,15.0,10250,wipeout,0,1,0,53,0,7,0,0
oracle,high,15.0,10251,wipeout,0,1,0,85,0,6,0,0
oracle,high,15.0,10252,wipeout,0,1,0,56,0,5,0,0
oracle,high,15.0,10253,wipeout,0,1,0,70,0,3,0,0
oracle,high,15.0,10254,wipeout,0,1,0,100,0,4,0,0
oracle,high,15.0,10255,wipeout,0,1,0,90,0,6,0,0
oracle,high,15.0,10256,wipeout,0,1,0,45,0,5,0,0
oracle,high,15.0,10257,wipeout,0,1,0,73,0,2,0,0
oracle,high,15.0,10258,wipeout,0,1,0,86,0,5,0,0
oracle,high,15.0,10259,wipeout,0,1,0,78,0,2,0,0
oracle,high,15.0,10260,wipeout,0,1,0,71,0,4,0,0
oracle,high,15.0,10261,wipeout,0,1,0,98,0,4,0,0
oracle,high,15.0,10262,wipeout,0,1,0,47,0,4,0,0
oracle,high,15.0,10263,wipeout,0,1,0,59,0,5,0,0
oracle,high,15.0,10264,wipeout,0,1,0,58,0,7,0,0
oracle,high,15.0,10265,wipeout,0,1,0,57,0,3,0,0
oracle,high,15.0,10266,wipeout,0,1,0,63,0,5,0,0
oracle,high,15.0,10267,wipeout,0,1,0,53,0,3,0,0
oracle,high,15.0,10268,wipeout,0,1,0,62,0,6,0,0
oracle,high,15.0,10269,wipeout,0,1,0,68,0,5,0,0
oracle,high,15.0,10270,wipeout,0,1,0,68,0,3,0,0
oracle,high,15.0,10271,wipeout,0,1,0,56,0,6,0,0
oracle,high,15.0,10272,wipeout,0,1,0,58,0,4,0,0
oracle,high,15.0,10273,wipeout,0,1,0,86,0,7,0,0
oracle,high,15.0,10274,wipeout,0,1,0,58,0,4,0,0
oracle,high,15.0,10275,wipeout,0,1,0,109,0,7,0,0
oracle,high,15.0,10276,wipeout,0,1,0,79,0,7,0,0
oracle,high,15.0,10277,wipeout,0,1,0,89,0,5,0,0
oracle,high,15.0,10278,wipeout,0,1,0,65,0,5,0,0
oracle,high,15.0,10279,wipeout,0,1,0,64,0,6,0,0
oracle,high,15.0,10280,wipeout,0,1,0,57,0,7,0,0
oracle,high,15.0,10281,wipeout,0,1,0,50,0,5,0,0
oracle,high,15.0,10282,wipeout,0,1,0,61,0,3,0,0
oracle,high,15.0,10283,wipeout,0,1,0,76,0,4,0,0
oracle,high,15.0,10284,wipeout,0,1,0,65,0,4,0,0
oracle,high,15.0,10285,wipeout,0,1,0,68,0,5,0,0
oracle,high,15.0,10286,wipeout,0,1,0,51,0,7,0,0
oracle,high,15.0,10287,wipeout,0,1,0,57,0,4,0,0
oracle,high,15.0,10288,wipeout,0,1,0,65,0,5,0,0
oracle,high,15.0,10289,wipeout,0,1,0,71,0,3,0,0
oracle,high,15.0,10290,wipeout,0,1,0,70,0,7,0,0
oracle,high,15.0,10291,wipeout,0,1,0,28,0,7,0,0
oracle,high,15.0,10292,wipeout,0,1,0,88,0,4,0,0
oracle,high,15.0,10293,wipeout,0,1,0,76,0,3,0,0
oracle,high,15.0,10294,wipeout,0,1,0,104,0,6,0,0
oracle,high,15.0,10295,wipeout,0,1,0,68,0,4,0,0
oracle,high,15.0,10296,wipeout,0,1,0,77,0,6,0,0
oracle,high,15.0,10297,wipeout,0,1,0,59,0,4,0,0
oracle,high,15.0,10298,wipeout,0,1,0,40,0,5,0,0
oracle,high,15.0,10299,wipeout,0,1,0,46,0,5,0,0
oracle,high,15.0,10300,wipeout,0,1,0,55,0,5,0,0
oracle,high,15.0,10301,wipeout,0,1,0,76,0,5,0,0
oracle,high,15.0,10302,wipeout,0,1,0,58,0,5,0,0
oracle,high,15.0,10303,wipeout,0,1,0,53,0,4,0,0
oracle,high,15.0,10304,wipeout,0,1,0,56,0,4,0,0
oracle,high,15.0,10305,wipeout,0,1,0,56,0,3,0,0
oracle,high,15.0,10306,wipeout,0,1,0,73,0,3,0,0
oracle,high,15.0,10307,wipeout,0,1,0,72,0,5,0,0
oracle,high,15.0,10308,wipeout,0,1,0,90,0,5,0,0
oracle,high,15.0,10309,wipeout,0,1,0,69,0,3,0,0
oracle,high,15.0,10310,wipeout,0,1,0,69,0,7,0,0
oracle,high,15.0,10311,wipeout,0,1,0,91,0,6,0,0
oracle,high,15.0,10312,wipeout,0,1,0,75,0,4,0,0
oracle,high,15.0,10313,wipeout,0,1,0,53,0,6,0,0
oracle,high,15.0,10314,wipeout,0,1,0,73,0,3,0,0
oracle,high,15.0,10315,wipeout,0,1,0,56,0,7,0,0
oracle,high,15.0,10316,wipeout,0,1,0,98,0,6,0,0
oracle,high,15.0,10317,wipeout,0,1,0,45,0,6,0,0
oracle,high,15.0,10318,wipeout,0,1,0,82,0,7,0,0
oracle,high,15.0,10319,wipeout,0,1,0,79,0,5,0,0
oracle,high,15.0,10320,wipeout,0,1,0,35,0,5,0,0
oracle,high,15.0,10321,wipeout,0,1,0,51,0,5,0,0
oracle,high,15.0,10322,wipeout,0,1,0,24,0,5,0,0
oracle,high,15.0,10323,wipeout,0,1,0,84,0,3,0,0
oracle,high,15.0,10324,wipeout,0,1,0,76,0,3,0,0
oracle,high,15.0,10325,wipeout,0,1,0,102,0,6,0,0
oracle,high,15.0,10326,wipeout,0,1,0,57,0,5,0,0
oracle,high,15.0,10327,wipeout,0,1,0,78,0,3,0,0
oracle,high,15.0,10328,wipeout,0,1,0,49,0,6,0,0
oracle,high,15.0,10329,wipeout,0,1,0,67,0,5,0,0
oracle,high,15.0,10330,wipeout,0,1,0,88,0,4,0,0
oracle,high,15.0,10331,wipeout,0,1,0,77,0,3,0,0
oracle,high,15.0,10332,wipeout,0,1,0,87,0,4,0,0
oracle,high,15.0,10333,wipeout,0,1,0,68,0,3,0,0
oracle,high,15.0,10334,wipeout,0,1,0,60,0,5,0,0
oracle,high,15.0,10335,wipeout,0,1,0,58,0,4,0,0
oracle,high,15.0,10336,wipeout,0,1,0,48,0,4,0,0
oracle,high,15.0,10337,wipeout,0,1,0,71,0,5,0,0
oracle,high,15.0,10338,wipeout,0,1,0,40,0,5,0,0
oracle,high,15.0,10339,wipeout,0,1,0,42,0,3,0,0
oracle,high,15.0,10340,wipeout,0,1,0,59,0,4,0,0
oracle,high,15.0,10341,wipeout,0,1,0,69,0,5,0,0
oracle,high,15.0,10342,wipeout,0,1,0,39,0,7,0,0
oracle,high,15.0,10343,wipeout,0,1,0,63,0,5,0,0
oracle,high,15.0,10344,wipeout,0,1,0,90,0,7,0,0
oracle,high,15.0,10345,wipeout,0,1,0,84,0,3,0,0
oracle,high,15.0,10346,wipeout,0,1,0,52,0,4,0,0
oracle,high,15.0,10347,wipeout,0,1,0,76,0,3,0,0
oracle,high,15.0,10348,wipeout,0,1,0,88,0,6,0,0
oracle,high,15.0,10349,wipeout,0,1,0,54,0,5,0,0
oracle,high,15.0,10350,wipeout,0,1,0,87,0,5,0,0
oracle,high,15.0,10351,wipeout,0,1,0,72,0,7,0,0
oracle,high,15.0,10352,wipeout,0,1,0,32,0,5,0,0
oracle,high,15.0,10353,wipeout,0,1,0,56,0,5,0,0
oracle,high,15.0,10354,wipeout,0,1,0,36,0,6,0,0
oracle,high,15.0,10355,wipeout,0,1,0,50,0,4,0,0
oracle,high,15.0,10356,wipeout,0,1,0,61,0,6,0,0
oracle,high,15.0,10357,wipeout,0,1,0,64,0,4,0,0
oracle,high,15.0,10358,wipeout,0,1,0,85,0,5,0,0
oracle,high,15.0,10359,wipeout,0,1,0,48,0,4,0,0
oracle,high,15.0,10360,wipeout,0,1,0,91,0,6,0,0
oracle,high,15.0,10361,wipeout,0,1,0,61,0,5,0,0
oracle,high,15.0,10362,wipeout,0,1,0,65,0,4,0,0
oracle,high,15.0,10363,wipeout,0,1,0,78,0,3,0,0
oracle,high,15.0,10364,wipeout,0,1,0,78,0,3,0,0
oracle,high,15.0,10365,wipeout,0,1,0,99,0,4,0,0
oracle,high,15.0,10366,wipeout,0,1,0,76,0,5,0,0
oracle,high,15.0,10367,wipeout,0,1,0,54,0,5,0,0
oracle,high,15.0,10368,wipeout,0,1,0,81,0,5,0,0
oracle,high,15.0,10369,wipeout,0,1,0,38,0,5,0,0
oracle,high,15.0,10370,wipeout,0,1,0,74,0,4,0,0
oracle,high,15.0,10371,wipeout,0,1,0,67,0,5,0,0
oracle,high,15.0,10372,wipeout,0,1,0,73,0,6,0,0
oracle,high,15.0,10373,wipeout,0,1,0,107,0,6,0,0
oracle,high,15.0,10374,wipeout,0,1,0,62,0,4,0,0
oracle,high,15.0,10375,wipeout,0,1,0,67,0,4,0,0
oracle,high,15.0,10376,wipeout,0,1,0,43,0,4,0,0
oracle,high,15.0,10377,wipeout,0,1,0,56,0,4,0,0
oracle,high,15.0,10378,wipeout,0,1,0,76,0,5,0,0
oracle,high,15.0,10379,wipeout,0,1,0,88,0,6,0,0
oracle,high,15.0,10380,wipeout,0,1,0,91,0,4,0,0
oracle,high,15.0,10381,wipeout,0,1,0,75,0,7,0,0
oracle,high,15.0,10382,wipeout,0,1,0,65,0,3,0,0
oracle,high,15.0,10383,wipeout,0,1,0,57,0,5,0,0
oracle,high,15.0,10384,wipeout,0,1,0,55,0,5,0,0
oracle,high,15.0,10385,wipeout,0,1,0,22,0,7,0,0
oracle,high,15.0,10386,wipeout,0,1,0,44,0,6,0,0
oracle,high,15.0,10387,wipeout,0,1,0,55,0,4,0,0
oracle,high,15.0,10388,wipeout,0,1,0,60,0,6,0,0
oracle,high,15.0,10389,wipeout,0,1,0,79,0,4,0,0
oracle,high,15.0,10390,wipeout,0,1,0,47,0,4,0,0
oracle,high,15.0,10391,wipeout,0,1,0,71,0,3,0,0
oracle,high,15.0,10392,wipeout,0,1,0,60,0,7,0,0
oracle,high,15.0,10393,wipeout,0,1,0,61,0,5,0,0
oracle,high,15.0,10394,wipeout,0,1,0,76,0,5,0,0
oracle,high,15.0,10395,wipeout,0,1,0,61,0,7,0,0
oracle,high,15.0,10396,wipeout,0,1,0,65,0,5,0,0
oracle,high,15.0,10397,wipeout,0,1,0,59,0,3,0,0
oracle,high,15.0,10398,wipeout,0,1,0,73,0,5,0,0
oracle,high,15.0,10399,wipeout,0,1,0,62,0,4,0,0
oracle,high,15.0,10400,wipeout,0,1,0,61,0,4,0,0
oracle,high,15.0,10401,wipeout,0,1,0,56,0,5,0,0
oracle,high,15.0,10402,wipeout,0,1,0,78,0,4,0,0
oracle,high,15.0,10403,wipeout,0,1,0,67,0,7,0,0
oracle,high,15.0,10404,wipeout,0,1,0,62,0,5,0,0
oracle,high,15.0,10405,wipeout,0,1,0,36,0,5,0,0
oracle,high,15.0,10406,wipeout,0,1,0,68,0,6,0,0
oracle,high,15.0,10407,wipeout,0,1,0,69,0,4,0,0
oracle,high,15.0,10408,wipeout,0,1,0,74,0,4,0,0
oracle,high,15.0,10409,wipeout,0,1,0,70,0,3,0,0
oracle,high,15.0,10410,wipeout,0,1,0,93,0,7,0,0
oracle,high,15.0,10411,wipeout,0,1,0,85,0,5,0,0
oracle,high,15.0,10412,wipeout,0,1,0,61,0,3,0,0
oracle,high,15.0,10413,wipeout,0,1,0,63,0,6,0,0
oracle,high,15.0,10414,wipeout,0,1,0,66,0,5,0,0
oracle,high,15.0,10415,wipeout,0,1,0,85,0,6,0,0
oracle,high,15.0,10416,wipeout,0,1,0,81,0,4,0,0
oracle,high,15.0,10417,wipeout,0,1,0,64,0,7,0,0
oracle,high,15.0,10418,wipeout,0,1,0,73,0,2,0,0
oracle,high,15.0,10419,wipeout,0,1,0,71,0,4,0,0
oracle,high,15.0,10420,wipeout,0,1,0,68,0,4,0,0
oracle,high,15.0,10421,wipeout,0,1,0,73,0,4,0,0
oracle,high,15.0,10422,wipeout,0,1,0,112,0,6,0,0
oracle,high,15.0,10423,wipeout,0,1,0,73,0,3,0,0
oracle,high,15.0,10424,wipeout,0,1,0,39,0,6,0,0
oracle,high,15.0,10425,wipeout,0,1,0,90,0,7,0,0
oracle,high,15.0,10426,wipeout,0,1,0,51,0,4,0,0
oracle,high,15.0,10427,wipeout,0,1,0,62,0,3,0,0
oracle,high,15.0,10428,wipeout,0,1,0,40,0,5,0,0
oracle,high,15.0,10429,wipeout,0,1,0,65,0,3,0,0
oracle,high,15.0,10430,wipeout,0,1,0,90,0,7,0,0
oracle,high,15.0,10431,wipeout,0,1,0,79,0,5,0,0
oracle,high,15.0,10432,wipeout,0,1,0,81,0,6,0,0
oracle,high,15.0,10433,wipeout,0,1,0,85,0,4,0,0
oracle,high,15.0,10434,wipeout,0,1,0,85,0,6,0,0
oracle,high,15.0,10435,wipeout,0,1,0,69,0,5,0,0
oracle,high,15.0,10436,wipeout,0,1,0,48,0,7,0,0
oracle,high,15.0,10437,wipeout,0,1,0,70,0,6,0,0
oracle,high,15.0,10438,wipeout,0,1,0,57,0,4,0,0
oracle,high,15.0,10439,wipeout,0,1,0,75,0,4,0,0
oracle,high,15.0,10440,wipeout,0,1,0,72,0,4,0,0
oracle,high,15.0,10441,wipeout,0,1,0,76,0,4,0,0
oracle,high,15.0,10442,wipeout,0,1,0,52,0,4,0,0
oracle,high,15.0,10443,wipeout,0,1,0,64,0,5,0,0
oracle,high,15.0,10444,wipeout,0,1,0,74,0,6,0,0
oracle,high,15.0,10445,wipeout,0,1,0,73,0,6,0,0
oracle,high,15.0,10446,wipeout,0,1,0,54,0,5,0,0
oracle,high,15.0,10447,wipeout,0,1,0,80,0,5,0,0
oracle,high,15.0,10448,wipeout,0,1,0,31,0,7,0,0
oracle,high,15.0,10449,wipeout,0,1,0,81,0,5,0,0
oracle,high,15.0,10450,wipeout,0,1,0,79,0,6,0,0
oracle,high,15.0,10451,wipeout,0,1,0,86,0,4,0,0
oracle,high,15.0,10452,wipeout,0,1,0,105,0,5,0,0
oracle,high,15.0,10453,wipeout,0,1,0,63,0,4,0,0
oracle,high,15.0,10454,wipeout,0,1,0,62,0,4,0,0
oracle,high,15.0,10455,wipeout,0,1,0,67,0,6,0,0
oracle,high,15.0,10456,wipeout,0,1,0,63,0,3,0,0
oracle,high,15.0,10457,wipeout,0,1,0,72,0,3,0,0
oracle,high,15.0,10458,wipeout,0,1,0,73,0,4,0,0
oracle,high,15.0,10459,wipeout,0,1,0,74,0,6,0,0
oracle,high,15.0,10460,wipeout,0,1,0,84,0,5,0,0
oracle,high,15.0,10461,wipeout,0,1,0,74,0,6,0,0
oracle,high,15.0,10462,wipeout,0,1,0,49,0,5,0,0
oracle,high,15.0,10463,wipeout,0,1,0,58,0,3,0,0
oracle,high,15.0,10464,wipeout,0,1,0,84,0,5,0,0
oracle,high,15.0,10465,wipeout,0,1,0,75,0,5,0,0
oracle,high,15.0,10466,wipeout,0,1,0,85,0,4,0,0
oracle,high,15.0,10467,wipeout,0,1,0,65,0,5,0,0
oracle,high,15.0,10468,wipeout,0,1,0,55,0,5,0,0
oracle,high,15.0,10469,wipeout,0,1,0,74,0,4,0,0
oracle,high,15.0,10470,wipeout,0,1,0,44,0,7,0,0
oracle,high,15.0,10471,wipeout,0,1,0,87,0,4,0,0
oracle,high,15.0,10472,wipeout,0,1,0,43,0,6,0,0
oracle,high,15.0,10473,wipeout,0,1,0,93,0,6,0,0
oracle,high,15.0,10474,wipeout,0,1,0,46,0,5,0,0
oracle,high,15.0,10475,wipeout,0,1,0,75,0,6,0,0
oracle,high,15.0,10476,wipeout,0,1,0,44,0,5,0,0
oracle,high,15.0,10477,wipeout,0,1,0,56,0,4,0,0
oracle,high,15.0,10478,wipeout,0,1,0,55,0,5,0,0
oracle,high,15.0,10479,wipeout,0,1,0,58,0,4,0,0
oracle,high,15.0,10480,wipeout,0,1,0,34,0,6,0,0
oracle,high,15.0,10481,wipeout,0,1,0,47,0,5,0,0
oracle,high,15.0,10482,wipeout,0,1,0,77,0,3,0,0
oracle,high,15.0,10483,wipeout,0,1,0,68,0,4,0,0
oracle,high,15.0,10484,wipeout,0,1,0,69,0,5,0,0
oracle,high,15.0,10485,wipeout,0,1,0,76,0,3,0,0
oracle,high,15.0,10486,wipeout,0,1,0,56,0,4,0,0
oracle,high,15.0,10487,wipeout,0,1,0,92,0,5,0,0
oracle,high,15.0,10488,wipeout,0,1,0,111,0,7,0,0
oracle,high,15.0,10489,wipeout,0,1,0,67,0,3,0,0
oracle,high,15.0,10490,wipeout,0,1,0,54,0,7,0,0
oracle,high,15.0,10491,wipeout,0,1,0,69,0,6,0,0
oracle,high,15.0,10492,wipeout,0,1,0,72,0,3,0,0
oracle,high,15.0,10493,wipeout,0,1,0,61,0,7,0,0
oracle,high,15.0,10494,wipeout,0,1,0,85,0,6,0,0
oracle,high,15.0,10495,wipeout,0,1,0,66,0,4,0,0
oracle,high,15.0,10496,wipeout,0,1,0,52,0,5,0,0
oracle,high,15.0,10497,wipeout,0,1,0,61,0,4,0,0
oracle,high,15.0,10498,wipeout,0,1,0,48,0,6,0,0
oracle,high,15.0,10499,wipeout,0,1,0,89,0,5,0,0
lone_entry,high,15.0,10000,wipeout,0,1,0,73,0,4,0,0
lone_entry,high,15.0,10001,wipeout,0,1,0,67,0,4,0,0
lone_entry,high,15.0,10002,wipeout,0,1,0,85,0,4,0,0
lone_entry,high,15.0,10003,wipeout,0,1,0,86,0,6,0,0
lone_entry,high,15.0,10004,wipeout,0,1,0,79,0,4,0,0
lone_entry,high,15.0,10005,wipeout,0,1,0,61,0,5,0,0
lone_entry,high,15.0,10006,wipeout,0,1,0,66,0,7,0,0
lone_entry,high,15.0,10007,wipeout,0,1,0,103,0,5,0,0
lone_entry,high,15.0,10008,wipeout,0,1,0,80,0,4,0,0
lone_entry,high,15.0,10009,wipeout,0,1,0,93,0,6,0,0
lone_entry,high,15.0,10010,wipeout,0,1,0,57,0,5,0,0
lone_entry,high,15.0,10011,wipeout,0,1,0,57,0,7,0,0
lone_entry,high,15.0,10012,wipeout,0,1,0,59,0,5,0,0
lone_entry,high,15.0,10013,wipeout,0,1,0,81,0,4,0,0
lone_entry,high,15.0,10014,wipeout,0,1,0,81,0,7,0,0
lone_entry,high,15.0,10015,wipeout,0,1,0,97,0,4,0,0
lone_entry,high,15.0,10016,wipeout,0,1,0,64,0,3,0,0
lone_entry,high,15.0,10017,wipeout,0,1,0,61,0,5,0,0
lone_entry,high,15.0,10018,wipeout,0,1,0,60,0,4,0,0
lone_entry,high,15.0,10019,wipeout,0,1,0,50,0,3,0,0
lone_entry,high,15.0,10020,wipeout,0,1,0,54,0,6,0,0
lone_entry,high,15.0,10021,wipeout,0,1,0,75,0,5,0,0
lone_entry,high,15.0,10022,wipeout,0,1,0,38,0,5,0,0
lone_entry,high,15.0,10023,wipeout,0,1,0,94,0,7,0,0
lone_entry,high,15.0,10024,wipeout,0,1,0,109,0,7,0,0
lone_entry,high,15.0,10025,wipeout,0,1,0,58,0,4,0,0
lone_entry,high,15.0,10026,wipeout,0,1,0,106,0,6,0,0
lone_entry,high,15.0,10027,wipeout,0,1,0,67,0,3,0,0
lone_entry,high,15.0,10028,wipeout,0,1,0,61,0,4,0,0
lone_entry,high,15.0,10029,wipeout,0,1,0,72,0,7,0,0
lone_entry,high,15.0,10030,wipeout,0,1,0,58,0,3,0,0
lone_entry,high,15.0,10031,wipeout,0,1,0,64,0,4,0,0
lone_entry,high,15.0,10032,wipeout,0,1,0,52,0,4,0,0
lone_entry,high,15.0,10033,wipeout,0,1,0,57,0,5,0,0
lone_entry,high,15.0,10034,wipeout,0,1,0,86,0,5,0,0
lone_entry,high,15.0,10035,wipeout,0,1,0,44,0,7,0,0
lone_entry,high,15.0,10036,wipeout,0,1,0,85,0,6,0,0
lone_entry,high,15.0,10037,wipeout,0,1,0,45,0,4,0,0
lone_entry,high,15.0,10038,wipeout,0,1,0,61,0,4,0,0
lone_entry,high,15.0,10039,wipeout,0,1,0,80,0,4,0,0
lone_entry,high,15.0,10040,wipeout,0,1,0,70,0,4,0,0
lone_entry,high,15.0,10041,wipeout,0,1,0,37,0,4,0,0
lone_entry,high,15.0,10042,wipeout,0,1,0,59,0,3,0,0
lone_entry,high,15.0,10043,wipeout,0,1,0,59,0,4,0,0
lone_entry,high,15.0,10044,wipeout,0,1,0,70,0,5,0,0
lone_entry,high,15.0,10045,wipeout,0,1,0,48,0,4,0,0
lone_entry,high,15.0,10046,wipeout,0,1,0,66,0,4,0,0
lone_entry,high,15.0,10047,wipeout,0,1,0,51,0,7,0,0
lone_entry,high,15.0,10048,wipeout,0,1,0,86,0,6,0,0
lone_entry,high,15.0,10049,wipeout,0,1,0,54,0,6,0,0
lone_entry,high,15.0,10050,wipeout,0,1,0,65,0,6,0,0
lone_entry,high,15.0,10051,wipeout,0,1,0,56,0,5,0,0
lone_entry,high,15.0,10052,wipeout,0,1,0,57,0,7,0,0
lone_entry,high,15.0,10053,wipeout,0,1,0,64,0,3,0,0
lone_entry,high,15.0,10054,wipeout,0,1,0,88,0,4,0,0
lone_entry,high,15.0,10055,wipeout,0,1,0,47,0,5,0,0
lone_entry,high,15.0,10056,wipeout,0,1,0,38,0,5,0,0
lone_entry,high,15.0,10057,wipeout,0,1,0,52,0,5,0,0
lone_entry,high,15.0,10058,wipeout,0,1,0,79,0,5,0,0
lone_entry,high,15.0,10059,wipeout,0,1,0,58,0,5,0,0
lone_entry,high,15.0,10060,wipeout,0,1,0,56,0,5,0,0
lone_entry,high,15.0,10061,wipeout,0,1,0,57,0,4,0,0
lone_entry,high,15.0,10062,wipeout,0,1,0,74,0,4,0,0
lone_entry,high,15.0,10063,wipeout,0,1,0,67,0,4,0,0
lone_entry,high,15.0,10064,wipeout,0,1,0,66,0,4,0,0
lone_entry,high,15.0,10065,wipeout,0,1,0,95,0,4,0,0
lone_entry,high,15.0,10066,wipeout,0,1,0,72,0,6,0,0
lone_entry,high,15.0,10067,wipeout,0,1,0,59,0,6,0,0
lone_entry,high,15.0,10068,wipeout,0,1,0,65,0,7,0,0
lone_entry,high,15.0,10069,wipeout,0,1,0,75,0,5,0,0
lone_entry,high,15.0,10070,wipeout,0,1,0,75,0,2,0,0
lone_entry,high,15.0,10071,wipeout,0,1,0,79,0,7,0,0
lone_entry,high,15.0,10072,wipeout,0,1,0,43,0,6,0,0
lone_entry,high,15.0,10073,wipeout,0,1,0,68,0,6,0,0
lone_entry,high,15.0,10074,wipeout,0,1,0,61,0,6,0,0
lone_entry,high,15.0,10075,wipeout,0,1,0,59,0,4,0,0
lone_entry,high,15.0,10076,wipeout,0,1,0,63,0,4,0,0
lone_entry,high,15.0,10077,wipeout,0,1,0,39,0,5,0,0
lone_entry,high,15.0,10078,wipeout,0,1,0,78,0,5,0,0
lone_entry,high,15.0,10079,wipeout,0,1,0,97,0,5,0,0
lone_entry,high,15.0,10080,wipeout,0,1,0,47,0,5,0,0
lone_entry,high,15.0,10081,wipeout,0,1,0,52,0,4,0,0
lone_entry,high,15.0,10082,wipeout,0,1,0,73,0,5,0,0
lone_entry,high,15.0,10083,wipeout,0,1,0,45,0,5,0,0
lone_entry,high,15.0,10084,wipeout,0,1,0,55,0,5,0,0
lone_entry,high,15.0,10085,wipeout,0,1,0,54,0,5,0,0
lone_entry,high,15.0,10086,wipeout,0,1,0,77,0,6,0,0
lone_entry,high,15.0,10087,wipeout,0,1,0,68,0,4,0,0
lone_entry,high,15.0,10088,wipeout,0,1,0,97,0,7,0,0
lone_entry,high,15.0,10089,wipeout,0,1,0,106,0,4,0,0
lone_entry,high,15.0,10090,wipeout,0,1,0,76,0,5,0,0
lone_entry,high,15.0,10091,wipeout,0,1,0,41,0,6,0,0
lone_entry,high,15.0,10092,wipeout,0,1,0,61,0,5,0,0
lone_entry,high,15.0,10093,wipeout,0,1,0,61,0,5,0,0
lone_entry,high,15.0,10094,wipeout,0,1,0,49,0,7,0,0
lone_entry,high,15.0,10095,wipeout,0,1,0,70,0,7,0,0
lone_entry,high,15.0,10096,wipeout,0,1,0,54,0,7,0,0
lone_entry,high,15.0,10097,wipeout,0,1,0,51,0,5,0,0
lone_entry,high,15.0,10098,wipeout,0,1,0,54,0,4,0,0
lone_entry,high,15.0,10099,wipeout,0,1,0,64,0,4,0,0
lone_entry,high,15.0,10100,wipeout,0,1,0,89,0,7,0,0
lone_entry,high,15.0,10101,wipeout,0,1,0,87,0,5,0,0
lone_entry,high,15.0,10102,wipeout,0,1,0,80,0,3,0,0
lone_entry,high,15.0,10103,wipeout,0,1,0,74,0,3,0,0
lone_entry,high,15.0,10104,wipeout,0,1,0,59,0,6,0,0
lone_entry,high,15.0,10105,wipeout,0,1,0,58,0,6,0,0
lone_entry,high,15.0,10106,wipeout,0,1,0,89,0,6,0,0
lone_entry,high,15.0,10107,wipeout,0,1,0,60,0,4,0,0
lone_entry,high,15.0,10108,wipeout,0,1,0,68,0,6,0,0
lone_entry,high,15.0,10109,wipeout,0,1,0,72,0,3,0,0
lone_entry,high,15.0,10110,wipeout,0,1,0,88,0,6,0,0
lone_entry,high,15.0,10111,wipeout,0,1,0,58,0,7,0,0
lone_entry,high,15.0,10112,wipeout,0,1,0,50,0,5,0,0
lone_entry,high,15.0,10113,wipeout,0,1,0,48,0,5,0,0
lone_entry,high,15.0,10114,wipeout,0,1,0,60,0,2,0,0
lone_entry,high,15.0,10115,wipeout,0,1,0,77,0,3,0,0
lone_entry,high,15.0,10116,wipeout,0,1,0,49,0,3,0,0
lone_entry,high,15.0,10117,wipeout,0,1,0,51,0,7,0,0
lone_entry,high,15.0,10118,wipeout,0,1,0,63,0,5,0,0
lone_entry,high,15.0,10119,wipeout,0,1,0,69,0,4,0,0
lone_entry,high,15.0,10120,wipeout,0,1,0,51,0,7,0,0
lone_entry,high,15.0,10121,wipeout,0,1,0,54,0,2,0,0
lone_entry,high,15.0,10122,wipeout,0,1,0,74,0,6,0,0
lone_entry,high,15.0,10123,wipeout,0,1,0,36,0,7,0,0
lone_entry,high,15.0,10124,wipeout,0,1,0,69,0,4,0,0
lone_entry,high,15.0,10125,wipeout,0,1,0,42,0,5,0,0
lone_entry,high,15.0,10126,wipeout,0,1,0,53,0,4,0,0
lone_entry,high,15.0,10127,wipeout,0,1,0,71,0,5,0,0
lone_entry,high,15.0,10128,wipeout,0,1,0,86,0,6,0,0
lone_entry,high,15.0,10129,wipeout,0,1,0,67,0,6,0,0
lone_entry,high,15.0,10130,wipeout,0,1,0,71,0,5,0,0
lone_entry,high,15.0,10131,wipeout,0,1,0,50,0,5,0,0
lone_entry,high,15.0,10132,wipeout,0,1,0,67,0,5,0,0
lone_entry,high,15.0,10133,wipeout,0,1,0,62,0,5,0,0
lone_entry,high,15.0,10134,wipeout,0,1,0,90,0,6,0,0
lone_entry,high,15.0,10135,wipeout,0,1,0,61,0,5,0,0
lone_entry,high,15.0,10136,wipeout,0,1,0,59,0,4,0,0
lone_entry,high,15.0,10137,wipeout,0,1,0,84,0,6,0,0
lone_entry,high,15.0,10138,wipeout,0,1,0,53,0,3,0,0
lone_entry,high,15.0,10139,wipeout,0,1,0,66,0,4,0,0
lone_entry,high,15.0,10140,wipeout,0,1,0,48,0,6,0,0
lone_entry,high,15.0,10141,wipeout,0,1,0,68,0,7,0,0
lone_entry,high,15.0,10142,wipeout,0,1,0,24,0,7,0,0
lone_entry,high,15.0,10143,wipeout,0,1,0,61,0,6,0,0
lone_entry,high,15.0,10144,wipeout,0,1,0,54,0,4,0,0
lone_entry,high,15.0,10145,wipeout,0,1,0,62,0,4,0,0
lone_entry,high,15.0,10146,wipeout,0,1,0,67,0,5,0,0
lone_entry,high,15.0,10147,wipeout,0,1,0,79,0,7,0,0
lone_entry,high,15.0,10148,wipeout,0,1,0,72,0,5,0,0
lone_entry,high,15.0,10149,wipeout,0,1,0,100,0,5,0,0
lone_entry,high,15.0,10150,wipeout,0,1,0,66,0,7,0,0
lone_entry,high,15.0,10151,wipeout,0,1,0,86,0,4,0,0
lone_entry,high,15.0,10152,wipeout,0,1,0,76,0,6,0,0
lone_entry,high,15.0,10153,wipeout,0,1,0,85,0,4,0,0
lone_entry,high,15.0,10154,wipeout,0,1,0,47,0,6,0,0
lone_entry,high,15.0,10155,wipeout,0,1,0,75,0,5,0,0
lone_entry,high,15.0,10156,wipeout,0,1,0,63,0,5,0,0
lone_entry,high,15.0,10157,wipeout,0,1,0,77,0,7,0,0
lone_entry,high,15.0,10158,wipeout,0,1,0,61,0,5,0,0
lone_entry,high,15.0,10159,wipeout,0,1,0,59,0,5,0,0
lone_entry,high,15.0,10160,wipeout,0,1,0,51,0,5,0,0
lone_entry,high,15.0,10161,wipeout,0,1,0,72,0,7,0,0
lone_entry,high,15.0,10162,wipeout,0,1,0,73,0,2,0,0
lone_entry,high,15.0,10163,wipeout,0,1,0,66,0,4,0,0
lone_entry,high,15.0,10164,wipeout,0,1,0,97,0,6,0,0
lone_entry,high,15.0,10165,wipeout,0,1,0,93,0,5,0,0
lone_entry,high,15.0,10166,wipeout,0,1,0,68,0,4,0,0
lone_entry,high,15.0,10167,wipeout,0,1,0,90,0,7,0,0
lone_entry,high,15.0,10168,wipeout,0,1,0,48,0,6,0,0
lone_entry,high,15.0,10169,wipeout,0,1,0,73,0,2,0,0
lone_entry,high,15.0,10170,wipeout,0,1,0,54,0,6,0,0
lone_entry,high,15.0,10171,wipeout,0,1,0,71,0,4,0,0
lone_entry,high,15.0,10172,wipeout,0,1,0,97,0,5,0,0
lone_entry,high,15.0,10173,wipeout,0,1,0,47,0,4,0,0
lone_entry,high,15.0,10174,wipeout,0,1,0,58,0,3,0,0
lone_entry,high,15.0,10175,wipeout,0,1,0,53,0,5,0,0
lone_entry,high,15.0,10176,wipeout,0,1,0,81,0,4,0,0
lone_entry,high,15.0,10177,wipeout,0,1,0,52,0,4,0,0
lone_entry,high,15.0,10178,wipeout,0,1,0,63,0,3,0,0
lone_entry,high,15.0,10179,wipeout,0,1,0,53,0,5,0,0
lone_entry,high,15.0,10180,wipeout,0,1,0,74,0,3,0,0
lone_entry,high,15.0,10181,wipeout,0,1,0,36,0,5,0,0
lone_entry,high,15.0,10182,wipeout,0,1,0,72,0,4,0,0
lone_entry,high,15.0,10183,wipeout,0,1,0,60,0,4,0,0
lone_entry,high,15.0,10184,wipeout,0,1,0,67,0,5,0,0
lone_entry,high,15.0,10185,wipeout,0,1,0,63,0,4,0,0
lone_entry,high,15.0,10186,wipeout,0,1,0,66,0,4,0,0
lone_entry,high,15.0,10187,wipeout,0,1,0,70,0,7,0,0
lone_entry,high,15.0,10188,wipeout,0,1,0,100,0,4,0,0
lone_entry,high,15.0,10189,wipeout,0,1,0,64,0,5,0,0
lone_entry,high,15.0,10190,wipeout,0,1,0,84,0,3,0,0
lone_entry,high,15.0,10191,wipeout,0,1,0,87,0,6,0,0
lone_entry,high,15.0,10192,wipeout,0,1,0,66,0,5,0,0
lone_entry,high,15.0,10193,wipeout,0,1,0,73,0,7,0,0
lone_entry,high,15.0,10194,wipeout,0,1,0,101,0,7,0,0
lone_entry,high,15.0,10195,wipeout,0,1,0,96,0,4,0,0
lone_entry,high,15.0,10196,wipeout,0,1,0,63,0,7,0,0
lone_entry,high,15.0,10197,wipeout,0,1,0,41,0,5,0,0
lone_entry,high,15.0,10198,wipeout,0,1,0,74,0,5,0,0
lone_entry,high,15.0,10199,wipeout,0,1,0,63,0,5,0,0
lone_entry,high,15.0,10200,wipeout,0,1,0,45,0,5,0,0
lone_entry,high,15.0,10201,wipeout,0,1,0,68,0,3,0,0
lone_entry,high,15.0,10202,wipeout,0,1,0,79,0,5,0,0
lone_entry,high,15.0,10203,wipeout,0,1,0,50,0,7,0,0
lone_entry,high,15.0,10204,wipeout,0,1,0,69,0,6,0,0
lone_entry,high,15.0,10205,wipeout,0,1,0,65,0,4,0,0
lone_entry,high,15.0,10206,wipeout,0,1,0,73,0,4,0,0
lone_entry,high,15.0,10207,wipeout,0,1,0,63,0,7,0,0
lone_entry,high,15.0,10208,wipeout,0,1,0,42,0,5,0,0
lone_entry,high,15.0,10209,wipeout,0,1,0,56,0,5,0,0
lone_entry,high,15.0,10210,wipeout,0,1,0,114,0,5,0,0
lone_entry,high,15.0,10211,wipeout,0,1,0,84,0,4,0,0
lone_entry,high,15.0,10212,wipeout,0,1,0,71,0,4,0,0
lone_entry,high,15.0,10213,wipeout,0,1,0,48,0,4,0,0
lone_entry,high,15.0,10214,wipeout,0,1,0,78,0,3,0,0
lone_entry,high,15.0,10215,wipeout,0,1,0,64,0,4,0,0
lone_entry,high,15.0,10216,wipeout,0,1,0,71,0,4,0,0
lone_entry,high,15.0,10217,wipeout,0,1,0,92,0,6,0,0
lone_entry,high,15.0,10218,wipeout,0,1,0,49,0,3,0,0
lone_entry,high,15.0,10219,wipeout,0,1,0,97,0,7,0,0
lone_entry,high,15.0,10220,wipeout,0,1,0,82,0,4,0,0
lone_entry,high,15.0,10221,wipeout,0,1,0,73,0,4,0,0
lone_entry,high,15.0,10222,wipeout,0,1,0,52,0,7,0,0
lone_entry,high,15.0,10223,wipeout,0,1,0,70,0,6,0,0
lone_entry,high,15.0,10224,wipeout,0,1,0,115,0,5,0,0
lone_entry,high,15.0,10225,wipeout,0,1,0,54,0,5,0,0
lone_entry,high,15.0,10226,wipeout,0,1,0,92,0,7,0,0
lone_entry,high,15.0,10227,wipeout,0,1,0,59,0,6,0,0
lone_entry,high,15.0,10228,wipeout,0,1,0,87,0,5,0,0
lone_entry,high,15.0,10229,wipeout,0,1,0,83,0,6,0,0
lone_entry,high,15.0,10230,wipeout,0,1,0,48,0,7,0,0
lone_entry,high,15.0,10231,wipeout,0,1,0,58,0,3,0,0
lone_entry,high,15.0,10232,wipeout,0,1,0,51,0,6,0,0
lone_entry,high,15.0,10233,wipeout,0,1,0,47,0,5,0,0
lone_entry,high,15.0,10234,wipeout,0,1,0,93,0,7,0,0
lone_entry,high,15.0,10235,wipeout,0,1,0,80,0,6,0,0
lone_entry,high,15.0,10236,wipeout,0,1,0,57,0,7,0,0
lone_entry,high,15.0,10237,wipeout,0,1,0,60,0,5,0,0
lone_entry,high,15.0,10238,wipeout,0,1,0,82,0,3,0,0
lone_entry,high,15.0,10239,wipeout,0,1,0,62,0,5,0,0
lone_entry,high,15.0,10240,wipeout,0,1,0,68,0,5,0,0
lone_entry,high,15.0,10241,wipeout,0,1,0,52,0,6,0,0
lone_entry,high,15.0,10242,wipeout,0,1,0,69,0,4,0,0
lone_entry,high,15.0,10243,wipeout,0,1,0,55,0,6,0,0
lone_entry,high,15.0,10244,wipeout,0,1,0,66,0,5,0,0
lone_entry,high,15.0,10245,wipeout,0,1,0,58,0,5,0,0
lone_entry,high,15.0,10246,wipeout,0,1,0,69,0,4,0,0
lone_entry,high,15.0,10247,wipeout,0,1,0,74,0,5,0,0
lone_entry,high,15.0,10248,wipeout,0,1,0,97,0,6,0,0
lone_entry,high,15.0,10249,wipeout,0,1,0,41,0,6,0,0
lone_entry,high,15.0,10250,wipeout,0,1,0,53,0,7,0,0
lone_entry,high,15.0,10251,wipeout,0,1,0,85,0,6,0,0
lone_entry,high,15.0,10252,wipeout,0,1,0,56,0,5,0,0
lone_entry,high,15.0,10253,wipeout,0,1,0,70,0,3,0,0
lone_entry,high,15.0,10254,wipeout,0,1,0,100,0,4,0,0
lone_entry,high,15.0,10255,wipeout,0,1,0,90,0,6,0,0
lone_entry,high,15.0,10256,wipeout,0,1,0,45,0,5,0,0
lone_entry,high,15.0,10257,wipeout,0,1,0,73,0,2,0,0
lone_entry,high,15.0,10258,wipeout,0,1,0,86,0,5,0,0
lone_entry,high,15.0,10259,wipeout,0,1,0,78,0,2,0,0
lone_entry,high,15.0,10260,wipeout,0,1,0,71,0,4,0,0
lone_entry,high,15.0,10261,wipeout,0,1,0,98,0,4,0,0
lone_entry,high,15.0,10262,wipeout,0,1,0,47,0,4,0,0
lone_entry,high,15.0,10263,wipeout,0,1,0,59,0,5,0,0
lone_entry,high,15.0,10264,wipeout,0,1,0,58,0,7,0,0
lone_entry,high,15.0,10265,wipeout,0,1,0,57,0,3,0,0
lone_entry,high,15.0,10266,wipeout,0,1,0,63,0,5,0,0
lone_entry,high,15.0,10267,wipeout,0,1,0,53,0,3,0,0
lone_entry,high,15.0,10268,wipeout,0,1,0,62,0,6,0,0
lone_entry,high,15.0,10269,wipeout,0,1,0,68,0,5,0,0
lone_entry,high,15.0,10270,wipeout,0,1,0,68,0,3,0,0
lone_entry,high,15.0,10271,wipeout,0,1,0,56,0,6,0,0
lone_entry,high,15.0,10272,wipeout,0,1,0,58,0,4,0,0
lone_entry,high,15.0,10273,wipeout,0,1,0,86,0,7,0,0
lone_entry,high,15.0,10274,wipeout,0,1,0,58,0,4,0,0
lone_entry,high,15.0,10275,wipeout,0,1,0,109,0,7,0,0
lone_entry,high,15.0,10276,wipeout,0,1,0,79,0,7,0,0
lone_entry,high,15.0,10277,wipeout,0,1,0,89,0,5,0,0
lone_entry,high,15.0,10278,wipeout,0,1,0,65,0,5,0,0
lone_entry,high,15.0,10279,wipeout,0,1,0,64,0,6,0,0
lone_entry,high,15.0,10280,wipeout,0,1,0,57,0,7,0,0
lone_entry,high,15.0,10281,wipeout,0,1,0,50,0,5,0,0
lone_entry,high,15.0,10282,wipeout,0,1,0,61,0,3,0,0
lone_entry,high,15.0,10283,wipeout,0,1,0,76,0,4,0,0
lone_entry,high,15.0,10284,wipeout,0,1,0,65,0,4,0,0
lone_entry,high,15.0,10285,wipeout,0,1,0,68,0,5,0,0
lone_entry,high,15.0,10286,wipeout,0,1,0,51,0,7,0,0
lone_entry,high,15.0,10287,wipeout,0,1,0,57,0,4,0,0
lone_entry,high,15.0,10288,wipeout,0,1,0,65,0,5,0,0
lone_entry,high,15.0,10289,wipeout,0,1,0,71,0,3,0,0
lone_entry,high,15.0,10290,wipeout,0,1,0,70,0,7,0,0
lone_entry,high,15.0,10291,wipeout,0,1,0,28,0,7,0,0
lone_entry,high,15.0,10292,wipeout,0,1,0,88,0,4,0,0
lone_entry,high,15.0,10293,wipeout,0,1,0,76,0,3,0,0
lone_entry,high,15.0,10294,wipeout,0,1,0,104,0,6,0,0
lone_entry,high,15.0,10295,wipeout,0,1,0,68,0,4,0,0
lone_entry,high,15.0,10296,wipeout,0,1,0,77,0,6,0,0
lone_entry,high,15.0,10297,wipeout,0,1,0,59,0,4,0,0
lone_entry,high,15.0,10298,wipeout,0,1,0,40,0,5,0,0
lone_entry,high,15.0,10299,wipeout,0,1,0,46,0,5,0,0
lone_entry,high,15.0,10300,wipeout,0,1,0,55,0,5,0,0
lone_entry,high,15.0,10301,wipeout,0,1,0,76,0,5,0,0
lone_entry,high,15.0,10302,wipeout,0,1,0,58,0,5,0,0
lone_entry,high,15.0,10303,wipeout,0,1,0,53,0,4,0,0
lone_entry,high,15.0,10304,wipeout,0,1,0,56,0,4,0,0
lone_entry,high,15.0,10305,wipeout,0,1,0,56,0,3,0,0
lone_entry,high,15.0,10306,wipeout,0,1,0,73,0,3,0,0
lone_entry,high,15.0,10307,wipeout,0,1,0,72,0,5,0,0
lone_entry,high,15.0,10308,wipeout,0,1,0,90,0,5,0,0
lone_entry,high,15.0,10309,wipeout,0,1,0,69,0,3,0,0
lone_entry,high,15.0,10310,wipeout,0,1,0,69,0,7,0,0
lone_entry,high,15.0,10311,wipeout,0,1,0,91,0,6,0,0
lone_entry,high,15.0,10312,wipeout,0,1,0,75,0,4,0,0
lone_entry,high,15.0,10313,wipeout,0,1,0,53,0,6,0,0
lone_entry,high,15.0,10314,wipeout,0,1,0,73,0,3,0,0
lone_entry,high,15.0,10315,wipeout,0,1,0,56,0,7,0,0
lone_entry,high,15.0,10316,wipeout,0,1,0,98,0,6,0,0
lone_entry,high,15.0,10317,wipeout,0,1,0,45,0,6,0,0
lone_entry,high,15.0,10318,wipeout,0,1,0,82,0,7,0,0
lone_entry,high,15.0,10319,wipeout,0,1,0,79,0,5,0,0
lone_entry,high,15.0,10320,wipeout,0,1,0,35,0,5,0,0
lone_entry,high,15.0,10321,wipeout,0,1,0,51,0,5,0,0
lone_entry,high,15.0,10322,wipeout,0,1,0,24,0,5,0,0
lone_entry,high,15.0,10323,wipeout,0,1,0,84,0,3,0,0
lone_entry,high,15.0,10324,wipeout,0,1,0,76,0,3,0,0
lone_entry,high,15.0,10325,wipeout,0,1,0,102,0,6,0,0
lone_entry,high,15.0,10326,wipeout,0,1,0,57,0,5,0,0
lone_entry,high,15.0,10327,wipeout,0,1,0,78,0,3,0,0
lone_entry,high,15.0,10328,wipeout,0,1,0,49,0,6,0,0
lone_entry,high,15.0,10329,wipeout,0,1,0,67,0,5,0,0
lone_entry,high,15.0,10330,wipeout,0,1,0,88,0,4,0,0
lone_entry,high,15.0,10331,wipeout,0,1,0,77,0,3,0,0
lone_entry,high,15.0,10332,wipeout,0,1,0,87,0,4,0,0
lone_entry,high,15.0,10333,wipeout,0,1,0,68,0,3,0,0
lone_entry,high,15.0,10334,wipeout,0,1,0,60,0,5,0,0
lone_entry,high,15.0,10335,wipeout,0,1,0,58,0,4,0,0
lone_entry,high,15.0,10336,wipeout,0,1,0,48,0,4,0,0
lone_entry,high,15.0,10337,wipeout,0,1,0,71,0,5,0,0
lone_entry,high,15.0,10338,wipeout,0,1,0,40,0,5,0,0
lone_entry,high,15.0,10339,wipeout,0,1,0,42,0,3,0,0
lone_entry,high,15.0,10340,wipeout,0,1,0,59,0,4,0,0
lone_entry,high,15.0,10341,wipeout,0,1,0,69,0,5,0,0
lone_entry,high,15.0,10342,wipeout,0,1,0,39,0,7,0,0
lone_entry,high,15.0,10343,wipeout,0,1,0,63,0,5,0,0
lone_entry,high,15.0,10344,wipeout,0,1,0,90,0,7,0,0
lone_entry,high,15.0,10345,wipeout,0,1,0,84,0,3,0,0
lone_entry,high,15.0,10346,wipeout,0,1,0,52,0,4,0,0
lone_entry,high,15.0,10347,wipeout,0,1,0,76,0,3,0,0
lone_entry,high,15.0,10348,wipeout,0,1,0,88,0,6,0,0
lone_entry,high,15.0,10349,wipeout,0,1,0,54,0,5,0,0
lone_entry,high,15.0,10350,wipeout,0,1,0,87,0,5,0,0
lone_entry,high,15.0,10351,wipeout,0,1,0,72,0,7,0,0
lone_entry,high,15.0,10352,wipeout,0,1,0,32,0,5,0,0
lone_entry,high,15.0,10353,wipeout,0,1,0,56,0,5,0,0
lone_entry,high,15.0,10354,wipeout,0,1,0,36,0,6,0,0
lone_entry,high,15.0,10355,wipeout,0,1,0,50,0,4,0,0
lone_entry,high,15.0,10356,wipeout,0,1,0,61,0,6,0,0
lone_entry,high,15.0,10357,wipeout,0,1,0,64,0,4,0,0
lone_entry,high,15.0,10358,wipeout,0,1,0,85,0,5,0,0
lone_entry,high,15.0,10359,wipeout,0,1,0,48,0,4,0,0
lone_entry,high,15.0,10360,wipeout,0,1,0,91,0,6,0,0
lone_entry,high,15.0,10361,wipeout,0,1,0,61,0,5,0,0
lone_entry,high,15.0,10362,wipeout,0,1,0,65,0,4,0,0
lone_entry,high,15.0,10363,wipeout,0,1,0,78,0,3,0,0
lone_entry,high,15.0,10364,wipeout,0,1,0,78,0,3,0,0
lone_entry,high,15.0,10365,wipeout,0,1,0,99,0,4,0,0
lone_entry,high,15.0,10366,wipeout,0,1,0,76,0,5,0,0
lone_entry,high,15.0,10367,wipeout,0,1,0,54,0,5,0,0
lone_entry,high,15.0,10368,wipeout,0,1,0,81,0,5,0,0
lone_entry,high,15.0,10369,wipeout,0,1,0,38,0,5,0,0
lone_entry,high,15.0,10370,wipeout,0,1,0,74,0,4,0,0
lone_entry,high,15.0,10371,wipeout,0,1,0,67,0,5,0,0
lone_entry,high,15.0,10372,wipeout,0,1,0,73,0,6,0,0
lone_entry,high,15.0,10373,wipeout,0,1,0,107,0,6,0,0
lone_entry,high,15.0,10374,wipeout,0,1,0,62,0,4,0,0
lone_entry,high,15.0,10375,wipeout,0,1,0,67,0,4,0,0
lone_entry,high,15.0,10376,wipeout,0,1,0,43,0,4,0,0
lone_entry,high,15.0,10377,wipeout,0,1,0,56,0,4,0,0
lone_entry,high,15.0,10378,wipeout,0,1,0,76,0,5,0,0
lone_entry,high,15.0,10379,wipeout,0,1,0,88,0,6,0,0
lone_entry,high,15.0,10380,wipeout,0,1,0,91,0,4,0,0
lone_entry,high,15.0,10381,wipeout,0,1,0,75,0,7,0,0
lone_entry,high,15.0,10382,wipeout,0,1,0,65,0,3,0,0
lone_entry,high,15.0,10383,wipeout,0,1,0,57,0,5,0,0
lone_entry,high,15.0,10384,wipeout,0,1,0,55,0,5,0,0
lone_entry,high,15.0,10385,wipeout,0,1,0,22,0,7,0,0
lone_entry,high,15.0,10386,wipeout,0,1,0,44,0,6,0,0
lone_entry,high,15.0,10387,wipeout,0,1,0,55,0,4,0,0
lone_entry,high,15.0,10388,wipeout,0,1,0,60,0,6,0,0
lone_entry,high,15.0,10389,wipeout,0,1,0,79,0,4,0,0
lone_entry,high,15.0,10390,wipeout,0,1,0,47,0,4,0,0
lone_entry,high,15.0,10391,wipeout,0,1,0,71,0,3,0,0
lone_entry,high,15.0,10392,wipeout,0,1,0,60,0,7,0,0
lone_entry,high,15.0,10393,wipeout,0,1,0,61,0,5,0,0
lone_entry,high,15.0,10394,wipeout,0,1,0,76,0,5,0,0
lone_entry,high,15.0,10395,wipeout,0,1,0,61,0,7,0,0
lone_entry,high,15.0,10396,wipeout,0,1,0,65,0,5,0,0
lone_entry,high,15.0,10397,wipeout,0,1,0,59,0,3,0,0
lone_entry,high,15.0,10398,wipeout,0,1,0,73,0,5,0,0
lone_entry,high,15.0,10399,wipeout,0,1,0,62,0,4,0,0
lone_entry,high,15.0,10400,wipeout,0,1,0,61,0,4,0,0
lone_entry,high,15.0,10401,wipeout,0,1,0,56,0,5,0,0
lone_entry,high,15.0,10402,wipeout,0,1,0,78,0,4,0,0
lone_entry,high,15.0,10403,wipeout,0,1,0,67,0,7,0,0
lone_entry,high,15.0,10404,wipeout,0,1,0,62,0,5,0,0
lone_entry,high,15.0,10405,wipeout,0,1,0,36,0,5,0,0
lone_entry,high,15.0,10406,wipeout,0,1,0,68,0,6,0,0
lone_entry,high,15.0,10407,wipeout,0,1,0,69,0,4,0,0
lone_entry,high,15.0,10408,wipeout,0,1,0,74,0,4,0,0
lone_entry,high,15.0,10409,wipeout,0,1,0,70,0,3,0,0
lone_entry,high,15.0,10410,wipeout,0,1,0,93,0,7,0,0
lone_entry,high,15.0,10411,wipeout,0,1,0,85,0,5,0,0
lone_entry,high,15.0,10412,wipeout,0,1,0,61,0,3,0,0
lone_entry,high,15.0,10413,wipeout,0,1,0,63,0,6,0,0
lone_entry,high,15.0,10414,wipeout,0,1,0,66,0,5,0,0
lone_entry,high,15.0,10415,wipeout,0,1,0,85,0,6,0,0
lone_entry,high,15.0,10416,wipeout,0,1,0,81,0,4,0,0
lone_entry,high,15.0,10417,wipeout,0,1,0,64,0,7,0,0
lone_entry,high,15.0,10418,wipeout,0,1,0,73,0,2,0,0
lone_entry,high,15.0,10419,wipeout,0,1,0,71,0,4,0,0
lone_entry,high,15.0,10420,wipeout,0,1,0,68,0,4,0,0
lone_entry,high,15.0,10421,wipeout,0,1,0,73,0,4,0,0
lone_entry,high,15.0,10422,wipeout,0,1,0,112,0,6,0,0
lone_entry,high,15.0,10423,wipeout,0,1,0,73,0,3,0,0
lone_entry,high,15.0,10424,wipeout,0,1,0,39,0,6,0,0
lone_entry,high,15.0,10425,wipeout,0,1,0,90,0,7,0,0
lone_entry,high,15.0,10426,wipeout,0,1,0,51,0,4,0,0
lone_entry,high,15.0,10427,wipeout,0,1,0,62,0,3,0,0
lone_entry,high,15.0,10428,wipeout,0,1,0,40,0,5,0,0
lone_entry,high,15.0,10429,wipeout,0,1,0,65,0,3,0,0
lone_entry,high,15.0,10430,wipeout,0,1,0,90,0,7,0,0
lone_entry,high,15.0,10431,wipeout,0,1,0,79,0,5,0,0
lone_entry,high,15.0,10432,wipeout,0,1,0,81,0,6,0,0
lone_entry,high,15.0,10433,wipeout,0,1,0,85,0,4,0,0
lone_entry,high,15.0,10434,wipeout,0,1,0,85,0,6,0,0
lone_entry,high,15.0,10435,wipeout,0,1,0,69,0,5,0,0
lone_entry,high,15.0,10436,wipeout,0,1,0,48,0,7,0,0
lone_entry,high,15.0,10437,wipeout,0,1,0,70,0,6,0,0
lone_entry,high,15.0,10438,wipeout,0,1,0,57,0,4,0,0
lone_entry,high,15.0,10439,wipeout,0,1,0,75,0,4,0,0
lone_entry,high,15.0,10440,wipeout,0,1,0,72,0,4,0,0
lone_entry,high,15.0,10441,wipeout,0,1,0,76,0,4,0,0
lone_entry,high,15.0,10442,wipeout,0,1,0,52,0,4,0,0
lone_entry,high,15.0,10443,wipeout,0,1,0,64,0,5,0,0
lone_entry,high,15.0,10444,wipeout,0,1,0,74,0,6,0,0
lone_entry,high,15.0,10445,wipeout,0,1,0,73,0,6,0,0
lone_entry,high,15.0,10446,wipeout,0,1,0,54,0,5,0,0
lone_entry,high,15.0,10447,wipeout,0,1,0,80,0,5,0,0
lone_entry,high,15.0,10448,wipeout,0,1,0,31,0,7,0,0
lone_entry,high,15.0,10449,wipeout,0,1,0,81,0,5,0,0
lone_entry,high,15.0,10450,wipeout,0,1,0,79,0,6,0,0
lone_entry,high,15.0,10451,wipeout,0,1,0,86,0,4,0,0
lone_entry,high,15.0,10452,wipeout,0,1,0,105,0,5,0,0
lone_entry,high,15.0,10453,wipeout,0,1,0,63,0,4,0,0
lone_entry,high,15.0,10454,wipeout,0,1,0,62,0,4,0,0
lone_entry,high,15.0,10455,wipeout,0,1,0,67,0,6,0,0
lone_entry,high,15.0,10456,wipeout,0,1,0,63,0,3,0,0
lone_entry,high,15.0,10457,wipeout,0,1,0,72,0,3,0,0
lone_entry,high,15.0,10458,wipeout,0,1,0,73,0,4,0,0
lone_entry,high,15.0,10459,wipeout,0,1,0,74,0,6,0,0
lone_entry,high,15.0,10460,wipeout,0,1,0,84,0,5,0,0
lone_entry,high,15.0,10461,wipeout,0,1,0,74,0,6,0,0
lone_entry,high,15.0,10462,wipeout,0,1,0,49,0,5,0,0
lone_entry,high,15.0,10463,wipeout,0,1,0,58,0,3,0,0
lone_entry,high,15.0,10464,wipeout,0,1,0,84,0,5,0,0
lone_entry,high,15.0,10465,wipeout,0,1,0,75,0,5,0,0
lone_entry,high,15.0,10466,wipeout,0,1,0,85,0,4,0,0
lone_entry,high,15.0,10467,wipeout,0,1,0,65,0,5,0,0
lone_entry,high,15.0,10468,wipeout,0,1,0,55,0,5,0,0
lone_entry,high,15.0,10469,wipeout,0,1,0,74,0,4,0,0
lone_entry,high,15.0,10470,wipeout,0,1,0,44,0,7,0,0
lone_entry,high,15.0,10471,wipeout,0,1,0,87,0,4,0,0
lone_entry,high,15.0,10472,wipeout,0,1,0,43,0,6,0,0
lone_entry,high,15.0,10473,wipeout,0,1,0,93,0,6,0,0
lone_entry,high,15.0,10474,wipeout,0,1,0,46,0,5,0,0
lone_entry,high,15.0,10475,wipeout,0,1,0,75,0,6,0,0
lone_entry,high,15.0,10476,wipeout,0,1,0,44,0,5,0,0
lone_entry,high,15.0,10477,wipeout,0,1,0,56,0,4,0,0
lone_entry,high,15.0,10478,wipeout,0,1,0,55,0,5,0,0
lone_entry,high,15.0,10479,wipeout,0,1,0,58,0,4,0,0
lone_entry,high,15.0,10480,wipeout,0,1,0,34,0,6,0,0
lone_entry,high,15.0,10481,wipeout,0,1,0,47,0,5,0,0
lone_entry,high,15.0,10482,wipeout,0,1,0,77,0,3,0,0
lone_entry,high,15.0,10483,wipeout,0,1,0,68,0,4,0,0
lone_entry,high,15.0,10484,wipeout,0,1,0,69,0,5,0,0
lone_entry,high,15.0,10485,wipeout,0,1,0,76,0,3,0,0
lone_entry,high,15.0,10486,wipeout,0,1,0,56,0,4,0,0
lone_entry,high,15.0,10487,wipeout,0,1,0,92,0,5,0,0
lone_entry,high,15.0,10488,wipeout,0,1,0,111,0,7,0,0
lone_entry,high,15.0,10489,wipeout,0,1,0,67,0,3,0,0
lone_entry,high,15.0,10490,wipeout,0,1,0,54,0,7,0,0
lone_entry,high,15.0,10491,wipeout,0,1,0,69,0,6,0,0
lone_entry,high,15.0,10492,wipeout,0,1,0,72,0,3,0,0
lone_entry,high,15.0,10493,wipeout,0,1,0,61,0,7,0,0
lone_entry,high,15.0,10494,wipeout,0,1,0,85,0,6,0,0
lone_entry,high,15.0,10495,wipeout,0,1,0,66,0,4,0,0
lone_entry,high,15.0,10496,wipeout,0,1,0,52,0,5,0,0
lone_entry,high,15.0,10497,wipeout,0,1,0,61,0,4,0,0
lone_entry,high,15.0,10498,wipeout,0,1,0,48,0,6,0,0
lone_entry,high,15.0,10499,wipeout,0,1,0,89,0,5,0,0
blind_follow,high,15.0,10000,timeout,0,0,1,400,3,6,0,0
blind_follow,high,15.0,10001,timeout,0,0,1,400,4,4,0,0
blind_follow,high,15.0,10002,timeout,0,0,1,400,4,4,0,0
blind_follow,high,15.0,10003,trapped_inside,0,0,0,400,3,7,0,1
blind_follow,high,15.0,10004,timeout,0,0,1,400,3,6,0,0
blind_follow,high,15.0,10005,timeout,0,0,1,400,4,5,0,0
blind_follow,high,15.0,10006,trapped_inside,0,0,0,400,2,7,0,1
blind_follow,high,15.0,10007,timeout,0,0,1,400,3,5,0,0
blind_follow,high,15.0,10008,timeout,0,0,1,400,3,4,0,0
blind_follow,high,15.0,10009,timeout,0,0,1,400,4,6,0,0
blind_follow,high,15.0,10010,timeout,0,0,1,400,2,5,0,0
blind_follow,high,15.0,10011,trapped_inside,0,0,0,400,3,7,0,1
blind_follow,high,15.0,10012,timeout,0,0,1,400,4,5,0,0
blind_follow,high,15.0,10013,timeout,0,0,1,400,4,5,0,0
blind_follow,high,15.0,10014,trapped_inside,0,0,0,400,4,7,0,1
blind_follow,high,15.0,10015,timeout,0,0,1,400,4,4,0,0
blind_follow,high,15.0,10016,timeout,0,0,1,400,4,3,0,0
blind_follow,high,15.0,10017,timeout,0,0,1,400,4,5,0,0
blind_follow,high,15.0,10018,timeout,0,0,1,400,4,4,0,0
blind_follow,high,15.0,10019,timeout,0,0,1,400,4,3,0,0
blind_follow,high,15.0,10020,timeout,0,0,1,400,4,6,0,0
blind_follow,high,15.0,10021,timeout,0,0,1,400,3,5,0,0
blind_follow,high,15.0,10022,timeout,0,0,1,400,4,5,0,0
blind_follow,high,15.0,10023,trapped_inside,0,0,0,400,3,7,0,1
blind_follow,high,15.0,10024,trapped_inside,0,0,0,400,4,7,0,1
blind_follow,high,15.0,10025,timeout,0,0,1,400,3,4,0,0
blind_follow,high,15.0,10026,trapped_inside,0,0,0,400,3,7,0,1
blind_follow,high,15.0,10027,timeout,0,0,1,400,4,3,0,0
blind_follow,high,15.0,10028,timeout,0,0,1,400,3,5,0,0
blind_follow,high,15.0,10029,trapped_inside,0,0,0,400,4,7,0,1
blind_follow,high,15.0,10030,timeout,0,0,1,400,4,3,0,0
blind_follow,high,15.0,10031,timeout,0,0,1,400,4,5,0,0
blind_follow,high,15.0,10032,timeout,0,0,1,400,4,5,0,0
blind_follow,high,15.0,10033,timeout,0,0,1,400,4,5,0,0
blind_follow,high,15.0,10034,timeout,0,0,1,400,3,5,0,0
blind_follow,high,15.0,10035,trapped_inside,0,0,0,400,4,7,0,1
blind_follow,high,15.0,10036,timeout,0,0,1,400,2,6,0,0
blind_follow,high,15.0,10037,timeout,0,0,1,400,3,5,0,0
blind_follow,high,15.0,10038,timeout,0,0,1,400,4,4,0,0
blind_follow,high,15.0,10039,timeout,0,0,1,400,4,6,0,0
blind_follow,high,15.0,10040,timeout,0,0,1,400,3,4,0,0
blind_follow,high,15.0,10041,timeout,0,0,1,400,4,4,0,0
blind_follow,high,15.0,10042,timeout,0,0,1,400,3,4,0,0
blind_follow,high,15.0,10043,timeout,0,0,1,400,2,6,0,0
blind_follow,high,15.0,10044,timeout,0,0,1,400,4,5,0,0
blind_follow,high,15.0,10045,timeout,0,0,1,400,4,4,0,0
blind_follow,high,15.0,10046,timeout,0,0,1,400,4,5,0,0
blind_follow,high,15.0,10047,trapped_inside,0,0,0,400,4,7,0,1
blind_follow,high,15.0,10048,timeout,0,0,1,400,3,6,0,0
blind_follow,high,15.0,10049,timeout,0,0,1,400,4,6,0,0
blind_follow,high,15.0,10050,timeout,0,0,1,400,2,6,0,0
blind_follow,high,15.0,10051,timeout,0,0,1,400,4,5,0,0
blind_follow,high,15.0,10052,trapped_inside,0,0,0,400,4,7,0,1
blind_follow,high,15.0,10053,timeout,0,0,1,400,4,3,0,0
blind_follow,high,15.0,10054,timeout,0,0,1,400,3,4,0,0
blind_follow,high,15.0,10055,timeout,0,0,1,400,4,6,0,0
blind_follow,high,15.0,10056,timeout,0,0,1,400,4,5,0,0
blind_follow,high,15.0,10057,timeout,0,0,1,400,3,6,0,0
blind_follow,high,15.0,10058,timeout,0,0,1,400,4,5,0,0
blind_follow,high,15.0,10059,timeout,0,0,1,400,4,5,0,0
blind_follow,high,15.0,10060,timeout,0,0,1,400,4,5,0,0
blind_follow,high,15.0,10061,timeout,0,0,1,400,4,4,0,0
blind_follow,high,15.0,10062,timeout,0,0,1,400,4,4,0,0
blind_follow,high,15.0,10063,timeout,0,0,1,400,4,4,0,0
blind_follow,high,15.0,10064,timeout,0,0,1,400,4,4,0,0
blind_follow,high,15.0,10065,timeout,0,0,1,400,4,6,0,0
blind_follow,high,15.0,10066,timeout,0,0,1,400,4,6,0,0
blind_follow,high,15.0,10067,trapped_inside,0,0,0,400,3,7,0,1
blind_follow,high,15.0,10068,trapped_inside,0,0,0,400,4,7,0,1
blind_follow,high,15.0,10069,timeout,0,0,1,400,2,5,0,0
blind_follow,high,15.0,10070,timeout,0,0,1,400,3,4,0,0
blind_follow,high,15.0,10071,trapped_inside,0,0,0,400,4,7,0,1
blind_follow,high,15.0,10072,timeout,0,0,1,400,4,6,0,0
blind_follow,high,15.0,10073,timeout,0,0,1,400,3,6,0,0
blind_follow,high,15.0,10074,trapped_inside,0,0,0,400,4,7,0,1
blind_follow,high,15.0,10075,timeout,0,0,1,400,4,4,0,0
blind_follow,high,15.0,10076,timeout,0,0,1,400,3,5,0,0
blind_follow,high,15.0,10077,timeout,0,0,1,400,3,6,0,0
blind_follow,high,15.0,10078,timeout,0,0,1,400,4,5,0,0
blind_follow,high,15.0,10079,timeout,0,0,1,400,4,5,0,0
blind_follow,high,15.0,10080,timeout,0,0,1,400,3,5,0,0
blind_follow,high,15.0,10081,timeout,0,0,1,400,4,4,0,0
blind_follow,high,15.0,10082,timeout,0,0,1,400,3,5,0,0
blind_follow,high,15.0,10083,trapped_inside,0,0,0,400,2,7,0,1
blind_follow,high,15.0,10084,timeout,0,0,1,400,4,5,0,0
blind_follow,high,15.0,10085,timeout,0,0,1,400,3,6,0,0
blind_follow,high,15.0,10086,trapped_inside,0,0,0,400,4,7,0,1
blind_follow,high,15.0,10087,timeout,0,0,1,400,4,4,0,0
blind_follow,high,15.0,10088,trapped_inside,0,0,0,400,4,7,0,1
blind_follow,high,15.0,10089,timeout,0,0,1,400,4,4,0,0
blind_follow,high,15.0,10090,timeout,0,0,1,400,3,5,0,0
blind_follow,high,15.0,10091,timeout,0,0,1,400,4,6,0,0
blind_follow,high,15.0,10092,timeout,0,0,1,400,2,5,0,0
blind_follow,high,15.0,10093,timeout,0,0,1,400,4,5,0,0
blind_follow,high,15.0,10094,trapped_inside,0,0,0,400,3,7,0,1
blind_follow,high,15.0,10095,trapped_inside,0,0,0,400,4,7,0,1
blind_follow,high,15.0,10096,trapped_inside,0,0,0,400,4,7,0,1
blind_follow,high,15.0,10097,timeout,0,0,1,400,4,5,0,0
blind_follow,high,15.0,10098,timeout,0,0,1,400,4,4,0,0
blind_follow,high,15.0,10099,timeout,0,0,1,400,4,4,0,0
blind_follow,high,15.0,10100,trapped_inside,0,0,0,400,4,7,0,1
blind_follow,high,15.0,10101,timeout,0,0,1,400,4,5,0,0
blind_follow,high,15.0,10102,timeout,0,0,1,400,4,3,0,0
blind_follow,high,15.0,10103,timeout,0,0,1,400,4,3,0,0
blind_follow,high,15.0,10104,timeout,0,0,1,400,4,6,0,0
blind_follow,high,15.0,10105,timeout,0,0,1,400,3,6,0,0
blind_follow,high,15.0,10106,timeout,0,0,1,400,3,6,0,0
blind_follow,high,15.0,10107,trapped_inside,0,0,0,400,2,7,0,1
blind_follow,high,15.0,10108,timeout,0,0,1,400,4,6,0,0
blind_follow,high,15.0,10109,timeout,0,0,1,400,4,4,0,0
blind_follow,high,15.0,10110,timeout,0,0,1,400,2,6,0,0
blind_follow,high,15.0,10111,trapped_inside,0,0,0,400,5,7,0,1
blind_follow,high,15.0,10112,timeout,0,0,1,400,2,5,0,0
blind_follow,high,15.0,10113,timeout,0,0,1,400,3,5,0,0
blind_follow,high,15.0,10114,timeout,0,0,1,400,4,2,0,0
blind_follow,high,15.0,10115,timeout,0,0,1,400,3,5,0,0
blind_follow,high,15.0,10116,timeout,0,0,1,400,3,4,0,0
blind_follow,high,15.0,10117,trapped_inside,0,0,0,400,4,7,0,1
blind_follow,high,15.0,10118,timeout,0,0,1,400,4,5,0,0
blind_follow,high,15.0,10119,timeout,0,0,1,400,4,4,0,0
blind_follow,high,15.0,10120,trapped_inside,0,0,0,400,4,7,0,1
blind_follow,high,15.0,10121,timeout,0,0,1,400,4,3,0,0
blind_follow,high,15.0,10122,timeout,0,0,1,400,3,6,0,0
blind_follow,high,15.0,10123,trapped_inside,0,0,0,400,4,7,0,1
blind_follow,high,15.0,10124,timeout,0,0,1,400,4,4,0,0
blind_follow,high,15.0,10125,timeout,0,0,1,400,4,5,0,0
blind_follow,high,15.0,10126,timeout,0,0,1,400,4,4,0,0
blind_follow,high,15.0,10127,timeout,0,0,1,400,3,5,0,0
blind_follow,high,15.0,10128,timeout,0,0,1,400,4,6,0,0
blind_follow,high,15.0,10129,timeout,0,0,1,400,3,6,0,0
blind_follow,high,15.0,10130,timeout,0,0,1,400,3,5,0,0
blind_follow,high,15.0,10131,timeout,0,0,1,400,3,6,0,0
blind_follow,high,15.0,10132,trapped_inside,0,0,0,400,3,7,0,1
blind_follow,high,15.0,10133,timeout,0,0,1,400,4,5,0,0
blind_follow,high,15.0,10134,timeout,0,0,1,400,3,6,0,0
blind_follow,high,15.0,10135,timeout,0,0,1,400,4,6,0,0
blind_follow,high,15.0,10136,timeout,0,0,1,400,4,4,0,0
blind_follow,high,15.0,10137,timeout,0,0,1,400,4,6,0,0
blind_follow,high,15.0,10138,timeout,0,0,1,400,4,3,0,0
blind_follow,high,15.0,10139,trapped_inside,0,0,0,400,3,7,0,1
blind_follow,high,15.0,10140,trapped_inside,0,0,0,400,4,7,0,1
blind_follow,high,15.0,10141,trapped_inside,0,0,0,400,4,7,0,1
blind_follow,high,15.0,10142,trapped_inside,0,0,0,400,4,7,0,1
blind_follow,high,15.0,10143,timeout,0,0,1,400,4,6,0,0
blind_follow,high,15.0,10144,timeout,0,0,1,400,4,4,0,0
blind_follow,high,15.0,10145,timeout,0,0,1,400,3,4,0,0
blind_follow,high,15.0,10146,timeout,0,0,1,400,4,5,0,0
blind_follow,high,15.0,10147,trapped_inside,0,0,0,400,3,7,0,1
blind_follow,high,15.0,10148,trapped_inside,0,0,0,400,1,7,0,1
blind_follow,high,15.0,10149,timeout,0,0,1,400,4,6,0,0
blind_follow,high,15.0,10150,trapped_inside,0,0,0,400,4,7,0,1
blind_follow,high,15.0,10151,trapped_inside,0,0,0,400,3,7,0,1
blind_follow,high,15.0,10152,timeout,0,0,1,400,4,6,0,0
blind_follow,high,15.0,10153,timeout,0,0,1,400,4,4,0,0
blind_follow,high,15.0,10154,trapped_inside,0,0,0,400,2,7,0,1
blind_follow,high,15.0,10155,timeout,0,0,1,400,4,6,0,0
blind_follow,high,15.0,10156,timeout,0,0,1,400,4,5,0,0
blind_follow,high,15.0,10157,trapped_inside,0,0,0,400,4,7,0,1
blind_follow,high,15.0,10158,timeout,0,0,1,400,4,5,0,0
blind_follow,high,15.0,10159,trapped_inside,0,0,0,400,3,7,0,1
blind_follow,high,15.0,10160,timeout,0,0,1,400,4,5,0,0
blind_follow,high,15.0,10161,trapped_inside,0,0,0,400,4,7,0,1
blind_follow,high,15.0,10162,trapped_inside,0,0,0,400,4,7,0,1
blind_follow,high,15.0,10163,timeout,0,0,1,400,3,5,0,0
blind_follow,high,15.0,10164,trapped_inside,0,0,0,400,3,7,0,1
blind_follow,high,15.0,10165,timeout,0,0,1,400,4,5,0,0
blind_follow,high,15.0,10166,timeout,0,0,1,400,3,6,0,0
blind_follow,high,15.0,10167,trapped_inside,0,0,0,400,4,7,0,1
blind_follow,high,15.0,10168,timeout,0,0,1,400,4,6,0,0
blind_follow,high,15.0,10169,timeout,0,0,1,400,4,4,0,0
blind_follow,high,15.0,10170,timeout,0,0,1,400,3,6,0,0
blind_follow,high,15.0,10171,trapped_inside,0,0,0,400,3,7,0,1
blind_follow,high,15.0,10172,timeout,0,0,1,400,4,5,0,0
blind_follow,high,15.0,10173,timeout,0,0,1,400,3,5,0,0
blind_follow,high,15.0,10174,timeout,0,0,1,400,3,4,0,0
blind_follow,high,15.0,10175,timeout,0,0,1,400,2,5,0,0
blind_follow,high,15.0,10176,timeout,0,0,1,400,4,4,0,0
blind_follow,high,15.0,10177,timeout,0,0,1,400,4,4,0,0
blind_follow,high,15.0,10178,timeout,0,0,1,400,4,4,0,0
blind_follow,high,15.0,10179,timeout,0,0,1,400,3,5,0,0
blind_follow,high,15.0,10180,timeout,0,0,1,400,4,5,0,0
blind_follow,high,15.0,10181,timeout,0,0,1,400,4,5,0,0
blind_follow,high,15.0,10182,timeout,0,0,1,400,3,6,0,0
blind_follow,high,15.0,10183,timeout,0,0,1,400,4,5,0,0
blind_follow,high,15.0,10184,timeout,0,0,1,400,2,6,0,0
blind_follow,high,15.0,10185,timeout,0,0,1,400,4,5,0,0
blind_follow,high,15.0,10186,timeout,0,0,1,400,2,5,0,0
blind_follow,high,15.0,10187,trapped_inside,0,0,0,400,4,7,0,1
blind_follow,high,15.0,10188,timeout,0,0,1,400,4,4,0,0
blind_follow,high,15.0,10189,timeout,0,0,1,400,4,5,0,0
blind_follow,high,15.0,10190,timeout,0,0,1,400,4,6,0,0
blind_follow,high,15.0,10191,trapped_inside,0,0,0,400,3,7,0,1
blind_follow,high,15.0,10192,trapped_inside,0,0,0,400,4,7,0,1
blind_follow,high,15.0,10193,trapped_inside,0,0,0,400,4,7,0,1
blind_follow,high,15.0,10194,trapped_inside,0,0,0,400,4,7,0,1
blind_follow,high,15.0,10195,timeout,0,0,1,400,4,6,0,0
blind_follow,high,15.0,10196,trapped_inside,0,0,0,400,3,7,0,1
blind_follow,high,15.0,10197,trapped_inside,0,0,0,400,3,7,0,1
blind_follow,high,15.0,10198,timeout,0,0,1,400,4,5,0,0
blind_follow,high,15.0,10199,timeout,0,0,1,400,2,6,0,0
blind_follow,high,15.0,10200,timeout,0,0,1,400,4,5,0,0
blind_follow,high,15.0,10201,timeout,0,0,1,400,4,4,0,0
blind_follow,high,15.0,10202,timeout,0,0,1,400,4,6,0,0
blind_follow,high,15.0,10203,trapped_inside,0,0,0,400,3,7,0,1
blind_follow,high,15.0,10204,timeout,0,0,1,400,4,6,0,0
blind_follow,high,15.0,10205,timeout,0,0,1,400,4,4,0,0
blind_follow,high,15.0,10206,trapped_inside,0,0,0,400,3,7,0,1
blind_follow,high,15.0,10207,trapped_inside,0,0,0,400,3,7,0,1
blind_follow,high,15.0,10208,timeout,0,0,1,400,4,5,0,0
blind_follow,high,15.0,10209,timeout,0,0,1,400,4,5,0,0
blind_follow,high,15.0,10210,timeout,0,0,1,400,4,5,0,0
blind_follow,high,15.0,10211,timeout,0,0,1,400,2,4,0,0
blind_follow,high,15.0,10212,timeout,0,0,1,400,4,4,0,0
blind_follow,high,15.0,10213,timeout,0,0,1,400,4,4,0,0
blind_follow,high,15.0,10214,timeout,0,0,1,400,4,3,0,0
blind_follow,high,15.0,10215,timeout,0,0,1,400,4,5,0,0
blind_follow,high,15.0,10216,timeout,0,0,1,400,4,4,0,0
blind_follow,high,15.0,10217,timeout,0,0,1,400,3,6,0,0
blind_follow,high,15.0,10218,timeout,0,0,1,400,3,6,0,0
blind_follow,high,15.0,10219,trapped_inside,0,0,0,400,4,7,0,1
blind_follow,high,15.0,10220,timeout,0,0,1,400,4,4,0,0
blind_follow,high,15.0,10221,timeout,0,0,1,400,2,6,0,0
blind_follow,high,15.0,10222,trapped_inside,0,0,0,400,3,7,0,1
blind_follow,high,15.0,10223,timeout,0,0,1,400,3,6,0,0
blind_follow,high,15.0,10224,timeout,0,0,1,400,4,6,0,0
blind_follow,high,15.0,10225,timeout,0,0,1,400,4,5,0,0
blind_follow,high,15.0,10226,trapped_inside,0,0,0,400,4,7,0,1
blind_follow,high,15.0,10227,trapped_inside,0,0,0,400,3,7,0,1
blind_follow,high,15.0,10228,timeout,0,0,1,400,3,6,0,0
blind_follow,high,15.0,10229,trapped_inside,0,0,0,400,3,7,0,1
blind_follow,high,15.0,10230,trapped_inside,0,0,0,400,4,7,0,1
blind_follow,high,15.0,10231,timeout,0,0,1,400,3,5,0,0
blind_follow,high,15.0,10232,trapped_inside,0,0,0,400,1,7,0,1
blind_follow,high,15.0,10233,timeout,0,0,1,400,3,5,0,0
blind_follow,high,15.0,10234,trapped_inside,0,0,0,400,4,7,0,1
blind_follow,high,15.0,10235,timeout,0,0,1,400,4,6,0,0
blind_follow,high,15.0,10236,trapped_inside,0,0,0,400,4,7,0,1
blind_follow,high,15.0,10237,timeout,0,0,1,400,4,5,0,0
blind_follow,high,15.0,10238,timeout,0,0,1,400,2,4,0,0
blind_follow,high,15.0,10239,timeout,0,0,1,400,3,6,0,0
blind_follow,high,15.0,10240,timeout,0,0,1,400,2,6,0,0
blind_follow,high,15.0,10241,timeout,0,0,1,400,4,6,0,0
blind_follow,high,15.0,10242,timeout,0,0,1,400,4,6,0,0
blind_follow,high,15.0,10243,timeout,0,0,1,400,4,6,0,0
blind_follow,high,15.0,10244,timeout,0,0,1,400,3,6,0,0
blind_follow,high,15.0,10245,timeout,0,0,1,400,4,5,0,0
blind_follow,high,15.0,10246,trapped_inside,0,0,0,400,2,7,0,1
blind_follow,high,15.0,10247,timeout,0,0,1,400,4,5,0,0
blind_follow,high,15.0,10248,trapped_inside,0,0,0,400,3,7,0,1
blind_follow,high,15.0,10249,timeout,0,0,1,400,4,6,0,0
blind_follow,high,15.0,10250,trapped_inside,0,0,0,400,4,7,0,1
blind_follow,high,15.0,10251,trapped_inside,0,0,0,400,4,7,0,1
blind_follow,high,15.0,10252,timeout,0,0,1,400,3,5,0,0
blind_follow,high,15.0,10253,timeout,0,0,1,400,4,3,0,0
blind_follow,high,15.0,10254,timeout,0,0,1,400,4,4,0,0
blind_follow,high,15.0,10255,timeout,0,0,1,400,4,6,0,0
blind_follow,high,15.0,10256,timeout,0,0,1,400,4,5,0,0
blind_follow,high,15.0,10257,timeout,0,0,1,400,4,4,0,0
blind_follow,high,15.0,10258,timeout,0,0,1,400,4,6,0,0
blind_follow,high,15.0,10259,timeout,0,0,1,400,4,2,0,0
blind_follow,high,15.0,10260,timeout,0,0,1,400,4,4,0,0
blind_follow,high,15.0,10261,timeout,0,0,1,400,4,4,0,0
blind_follow,high,15.0,10262,timeout,0,0,1,400,3,5,0,0
blind_follow,high,15.0,10263,timeout,0,0,1,400,4,6,0,0
blind_follow,high,15.0,10264,trapped_inside,0,0,0,400,1,7,0,1
blind_follow,high,15.0,10265,timeout,0,0,1,400,4,4,0,0
blind_follow,high,15.0,10266,timeout,0,0,1,400,4,5,0,0
blind_follow,high,15.0,10267,timeout,0,0,1,400,4,3,0,0
blind_follow,high,15.0,10268,timeout,0,0,1,400,4,6,0,0
blind_follow,high,15.0,10269,timeout,0,0,1,400,4,5,0,0
blind_follow,high,15.0,10270,timeout,0,0,1,400,4,3,0,0
blind_follow,high,15.0,10271,trapped_inside,0,0,0,400,4,7,0,1
blind_follow,high,15.0,10272,timeout,0,0,1,400,4,4,0,0
blind_follow,high,15.0,10273,trapped_inside,0,0,0,400,4,7,0,1
blind_follow,high,15.0,10274,timeout,0,0,1,400,4,4,0,0
blind_follow,high,15.0,10275,trapped_inside,0,0,0,400,4,7,0,1
blind_follow,high,15.0,10276,trapped_inside,0,0,0,400,4,7,0,1
blind_follow,high,15.0,10277,timeout,0,0,1,400,4,5,0,0
blind_follow,high,15.0,10278,timeout,0,0,1,400,4,5,0,0
blind_follow,high,15.0,10279,trapped_inside,0,0,0,400,3,7,0,1
blind_follow,high,15.0,10280,trapped_inside,0,0,0,400,4,7,0,1
blind_follow,high,15.0,10281,timeout,0,0,1,400,3,5,0,0
blind_follow,high,15.0,10282,timeout,0,0,1,400,3,4,0,0
blind_follow,high,15.0,10283,timeout,0,0,1,400,4,4,0,0
blind_follow,high,15.0,10284,timeout,0,0,1,400,3,5,0,0
blind_follow,high,15.0,10285,timeout,0,0,1,400,4,5,0,0
blind_follow,high,15.0,10286,trapped_inside,0,0,0,400,4,7,0,1
blind_follow,high,15.0,10287,timeout,0,0,1,400,4,4,0,0
blind_follow,high,15.0,10288,timeout,0,0,1,400,4,5,0,0
blind_follow,high,15.0,10289,timeout,0,0,1,400,4,3,0,0
blind_follow,high,15.0,10290,trapped_inside,0,0,0,400,4,7,0,1
blind_follow,high,15.0,10291,trapped_inside,0,0,0,400,5,7,0,1
blind_follow,high,15.0,10292,timeout,0,0,1,400,3,5,0,0
blind_follow,high,15.0,10293,timeout,0,0,1,400,4,3,0,0
blind_follow,high,15.0,10294,trapped_inside,0,0,0,400,3,7,0,1
blind_follow,high,15.0,10295,timeout,0,0,1,400,2,6,0,0
blind_follow,high,15.0,10296,timeout,0,0,1,400,3,6,0,0
blind_follow,high,15.0,10297,timeout,0,0,1,400,4,4,0,0
blind_follow,high,15.0,10298,timeout,0,0,1,400,4,5,0,0
blind_follow,high,15.0,10299,timeout,0,0,1,400,4,5,0,0
blind_follow,high,15.0,10300,trapped_inside,0,0,0,400,3,7,0,1
blind_follow,high,15.0,10301,timeout,0,0,1,400,4,5,0,0
blind_follow,high,15.0,10302,timeout,0,0,1,400,4,5,0,0
blind_follow,high,15.0,10303,trapped_inside,0,0,0,400,3,7,0,1
blind_follow,high,15.0,10304,timeout,0,0,1,400,3,6,0,0
blind_follow,high,15.0,10305,timeout,0,0,1,400,4,3,0,0
blind_follow,high,15.0,10306,timeout,0,0,1,400,3,5,0,0
blind_follow,high,15.0,10307,timeout,0,0,1,400,4,5,0,0
blind_follow,high,15.0,10308,timeout,0,0,1,400,4,6,0,0
blind_follow,high,15.0,10309,timeout,0,0,1,400,4,4,0,0
blind_follow,high,15.0,10310,trapped_inside,0,0,0,400,3,7,0,1
blind_follow,high,15.0,10311,timeout,0,0,1,400,4,6,0,0
blind_follow,high,15.0,10312,timeout,0,0,1,400,4,5,0,0
blind_follow,high,15.0,10313,timeout,0,0,1,400,4,6,0,0
blind_follow,high,15.0,10314,timeout,0,0,1,400,4,3,0,0
blind_follow,high,15.0,10315,trapped_inside,0,0,0,400,4,7,0,1
blind_follow,high,15.0,10316,timeout,0,0,1,400,4,6,0,0
blind_follow,high,15.0,10317,trapped_inside,0,0,0,400,4,7,0,1
blind_follow,high,15.0,10318,trapped_inside,0,0,0,400,4,7,0,1
blind_follow,high,15.0,10319,timeout,0,0,1,400,4,5,0,0
blind_follow,high,15.0,10320,timeout,0,0,1,400,4,5,0,0
blind_follow,high,15.0,10321,timeout,0,0,1,400,4,5,0,0
blind_follow,high,15.0,10322,timeout,0,0,1,400,4,5,0,0
blind_follow,high,15.0,10323,timeout,0,0,1,400,4,3,0,0
blind_follow,high,15.0,10324,timeout,0,0,1,400,4,3,0,0
blind_follow,high,15.0,10325,timeout,0,0,1,400,4,6,0,0
blind_follow,high,15.0,10326,timeout,0,0,1,400,3,6,0,0
blind_follow,high,15.0,10327,timeout,0,0,1,400,4,3,0,0
blind_follow,high,15.0,10328,timeout,0,0,1,400,4,6,0,0
blind_follow,high,15.0,10329,timeout,0,0,1,400,3,5,0,0
blind_follow,high,15.0,10330,timeout,0,0,1,400,4,4,0,0
blind_follow,high,15.0,10331,timeout,0,0,1,400,4,3,0,0
blind_follow,high,15.0,10332,timeout,0,0,1,400,3,5,0,0
blind_follow,high,15.0,10333,timeout,0,0,1,400,4,5,0,0
blind_follow,high,15.0,10334,trapped_inside,0,0,0,400,2,7,0,1
blind_follow,high,15.0,10335,timeout,0,0,1,400,4,4,0,0
blind_follow,high,15.0,10336,trapped_inside,0,0,0,400,3,7,0,1
blind_follow,high,15.0,10337,timeout,0,0,1,400,3,6,0,0
blind_follow,high,15.0,10338,timeout,0,0,1,400,4,5,0,0
blind_follow,high,15.0,10339,timeout,0,0,1,400,4,3,0,0
blind_follow,high,15.0,10340,timeout,0,0,1,400,4,4,0,0
blind_follow,high,15.0,10341,timeout,0,0,1,400,4,5,0,0
blind_follow,high,15.0,10342,trapped_inside,0,0,0,400,4,7,0,1
blind_follow,high,15.0,10343,timeout,0,0,1,400,4,5,0,0
blind_follow,high,15.0,10344,trapped_inside,0,0,0,400,4,7,0,1
blind_follow,high,15.0,10345,timeout,0,0,1,400,4,3,0,0
blind_follow,high,15.0,10346,timeout,0,0,1,400,1,5,0,0
blind_follow,high,15.0,10347,timeout,0,0,1,400,3,6,0,0
blind_follow,high,15.0,10348,timeout,0,0,1,400,4,6,0,0
blind_follow,high,15.0,10349,timeout,0,0,1,400,3,6,0,0
blind_follow,high,15.0,10350,trapped_inside,0,0,0,400,3,7,0,1
blind_follow,high,15.0,10351,trapped_inside,0,0,0,400,3,7,0,1
blind_follow,high,15.0,10352,timeout,0,0,1,400,4,5,0,0
blind_follow,high,15.0,10353,timeout,0,0,1,400,4,5,0,0
blind_follow,high,15.0,10354,trapped_inside,0,0,0,400,4,7,0,1
blind_follow,high,15.0,10355,timeout,0,0,1,400,4,4,0,0
blind_follow,high,15.0,10356,timeout,0,0,1,400,3,6,0,0
blind_follow,high,15.0,10357,timeout,0,0,1,400,3,5,0,0
blind_follow,high,15.0,10358,timeout,0,0,1,400,4,5,0,0
blind_follow,high,15.0,10359,timeout,0,0,1,400,4,4,0,0
blind_follow,high,15.0,10360,timeout,0,0,1,400,4,6,0,0
blind_follow,high,15.0,10361,timeout,0,0,1,400,3,5,0,0
blind_follow,high,15.0,10362,timeout,0,0,1,400,4,4,0,0
blind_follow,high,15.0,10363,timeout,0,0,1,400,4,4,0,0
blind_follow,high,15.0,10364,timeout,0,0,1,400,4,3,0,0
blind_follow,high,15.0,10365,timeout,0,0,1,400,3,5,0,0
blind_follow,high,15.0,10366,timeout,0,0,1,400,4,5,0,0
blind_follow,high,15.0,10367,timeout,0,0,1,400,4,5,0,0
blind_follow,high,15.0,10368,timeout,0,0,1,400,3,5,0,0
blind_follow,high,15.0,10369,timeout,0,0,1,400,3,5,0,0
blind_follow,high,15.0,10370,timeout,0,0,1,400,4,4,0,0
blind_follow,high,15.0,10371,timeout,0,0,1,400,3,5,0,0
blind_follow,high,15.0,10372,trapped_inside,0,0,0,400,2,7,0,1
blind_follow,high,15.0,10373,timeout,0,0,1,400,2,6,0,0
blind_follow,high,15.0,10374,timeout,0,0,1,400,3,4,0,0
blind_follow,high,15.0,10375,timeout,0,0,1,400,3,4,0,0
blind_follow,high,15.0,10376,timeout,0,0,1,400,4,4,0,0
blind_follow,high,15.0,10377,timeout,0,0,1,400,4,4,0,0
blind_follow,high,15.0,10378,wipeout,0,1,0,96,0,7,0,0
blind_follow,high,15.0,10379,trapped_inside,0,0,0,400,5,7,0,1
blind_follow,high,15.0,10380,timeout,0,0,1,400,4,4,0,0
blind_follow,high,15.0,10381,trapped_inside,0,0,0,400,3,7,0,1
blind_follow,high,15.0,10382,timeout,0,0,1,400,4,3,0,0
blind_follow,high,15.0,10383,timeout,0,0,1,400,3,5,0,0
blind_follow,high,15.0,10384,timeout,0,0,1,400,2,5,0,0
blind_follow,high,15.0,10385,trapped_inside,0,0,0,400,5,7,0,1
blind_follow,high,15.0,10386,trapped_inside,0,0,0,400,3,7,0,1
blind_follow,high,15.0,10387,timeout,0,0,1,400,4,4,0,0
blind_follow,high,15.0,10388,timeout,0,0,1,400,3,6,0,0
blind_follow,high,15.0,10389,timeout,0,0,1,400,4,4,0,0
blind_follow,high,15.0,10390,timeout,0,0,1,400,4,4,0,0
blind_follow,high,15.0,10391,timeout,0,0,1,400,4,4,0,0
blind_follow,high,15.0,10392,trapped_inside,0,0,0,400,4,7,0,1
blind_follow,high,15.0,10393,timeout,0,0,1,400,3,5,0,0
blind_follow,high,15.0,10394,timeout,0,0,1,400,3,6,0,0
blind_follow,high,15.0,10395,trapped_inside,0,0,0,400,4,7,0,1
blind_follow,high,15.0,10396,timeout,0,0,1,400,4,5,0,0
blind_follow,high,15.0,10397,timeout,0,0,1,400,4,4,0,0
blind_follow,high,15.0,10398,timeout,0,0,1,400,4,5,0,0
blind_follow,high,15.0,10399,timeout,0,0,1,400,4,4,0,0
blind_follow,high,15.0,10400,timeout,0,0,1,400,3,5,0,0
blind_follow,high,15.0,10401,timeout,0,0,1,400,2,5,0,0
blind_follow,high,15.0,10402,trapped_inside,0,0,0,400,1,7,0,1
blind_follow,high,15.0,10403,trapped_inside,0,0,0,400,3,7,0,1
blind_follow,high,15.0,10404,timeout,0,0,1,400,4,5,0,0
blind_follow,high,15.0,10405,trapped_inside,0,0,0,400,3,7,0,1
blind_follow,high,15.0,10406,timeout,0,0,1,400,4,6,0,0
blind_follow,high,15.0,10407,timeout,0,0,1,400,4,5,0,0
blind_follow,high,15.0,10408,timeout,0,0,1,400,2,5,0,0
blind_follow,high,15.0,10409,timeout,0,0,1,400,4,3,0,0
blind_follow,high,15.0,10410,trapped_inside,0,0,0,400,4,7,0,1
blind_follow,high,15.0,10411,timeout,0,0,1,400,4,5,0,0
blind_follow,high,15.0,10412,timeout,0,0,1,400,4,3,0,0
blind_follow,high,15.0,10413,trapped_inside,0,0,0,400,3,7,0,1
blind_follow,high,15.0,10414,trapped_inside,0,0,0,400,4,7,0,1
blind_follow,high,15.0,10415,timeout,0,0,1,400,4,6,0,0
blind_follow,high,15.0,10416,timeout,0,0,1,400,3,6,0,0
blind_follow,high,15.0,10417,trapped_inside,0,0,0,400,4,7,0,1
blind_follow,high,15.0,10418,timeout,0,0,1,400,3,6,0,0
blind_follow,high,15.0,10419,timeout,0,0,1,400,1,5,0,0
blind_follow,high,15.0,10420,timeout,0,0,1,400,3,5,0,0
blind_follow,high,15.0,10421,timeout,0,0,1,400,3,4,0,0
blind_follow,high,15.0,10422,trapped_inside,0,0,0,400,4,7,0,1
blind_follow,high,15.0,10423,timeout,0,0,1,400,4,4,0,0
blind_follow,high,15.0,10424,timeout,0,0,1,400,4,6,0,0
blind_follow,high,15.0,10425,trapped_inside,0,0,0,400,4,7,0,1
blind_follow,high,15.0,10426,timeout,0,0,1,400,4,5,0,0
blind_follow,high,15.0,10427,timeout,0,0,1,400,4,4,0,0
blind_follow,high,15.0,10428,timeout,0,0,1,400,4,5,0,0
blind_follow,high,15.0,10429,timeout,0,0,1,400,4,3,0,0
blind_follow,high,15.0,10430,trapped_inside,0,0,0,400,3,7,0,1
blind_follow,high,15.0,10431,timeout,0,0,1,400,4,6,0,0
blind_follow,high,15.0,10432,timeout,0,0,1,400,4,6,0,0
blind_follow,high,15.0,10433,timeout,0,0,1,400,4,4,0,0
blind_follow,high,15.0,10434,timeout,0,0,1,400,4,6,0,0
blind_follow,high,15.0,10435,timeout,0,0,1,400,4,5,0,0
blind_follow,high,15.0,10436,trapped_inside,0,0,0,400,4,7,0,1
blind_follow,high,15.0,10437,timeout,0,0,1,400,4,6,0,0
blind_follow,high,15.0,10438,timeout,0,0,1,400,3,5,0,0
blind_follow,high,15.0,10439,timeout,0,0,1,400,2,5,0,0
blind_follow,high,15.0,10440,timeout,0,0,1,400,3,5,0,0
blind_follow,high,15.0,10441,timeout,0,0,1,400,2,5,0,0
blind_follow,high,15.0,10442,timeout,0,0,1,400,4,4,0,0
blind_follow,high,15.0,10443,trapped_inside,0,0,0,400,2,7,0,1
blind_follow,high,15.0,10444,timeout,0,0,1,400,3,6,0,0
blind_follow,high,15.0,10445,timeout,0,0,1,400,4,6,0,0
blind_follow,high,15.0,10446,timeout,0,0,1,400,2,6,0,0
blind_follow,high,15.0,10447,trapped_inside,0,0,0,400,3,7,0,1
blind_follow,high,15.0,10448,trapped_inside,0,0,0,400,4,7,0,1
blind_follow,high,15.0,10449,timeout,0,0,1,400,4,5,0,0
blind_follow,high,15.0,10450,timeout,0,0,1,400,4,6,0,0
blind_follow,high,15.0,10451,trapped_inside,0,0,0,400,1,7,0,1
blind_follow,high,15.0,10452,timeout,0,0,1,400,4,5,0,0
blind_follow,high,15.0,10453,timeout,0,0,1,400,4,5,0,0
blind_follow,high,15.0,10454,timeout,0,0,1,400,3,4,0,0
blind_follow,high,15.0,10455,trapped_inside,0,0,0,400,3,7,0,1
blind_follow,high,15.0,10456,timeout,0,0,1,400,4,3,0,0
blind_follow,high,15.0,10457,timeout,0,0,1,400,4,4,0,0
blind_follow,high,15.0,10458,timeout,0,0,1,400,4,6,0,0
blind_follow,high,15.0,10459,trapped_inside,0,0,0,400,3,7,0,1
blind_follow,high,15.0,10460,timeout,0,0,1,400,4,5,0,0
blind_follow,high,15.0,10461,timeout,0,0,1,400,4,6,0,0
blind_follow,high,15.0,10462,timeout,0,0,1,400,4,5,0,0
blind_follow,high,15.0,10463,timeout,0,0,1,400,3,6,0,0
blind_follow,high,15.0,10464,timeout,0,0,1,400,4,5,0,0
blind_follow,high,15.0,10465,timeout,0,0,1,400,3,5,0,0
blind_follow,high,15.0,10466,timeout,0,0,1,400,3,6,0,0
blind_follow,high,15.0,10467,timeout,0,0,1,400,4,6,0,0
blind_follow,high,15.0,10468,timeout,0,0,1,400,4,5,0,0
blind_follow,high,15.0,10469,timeout,0,0,1,400,4,4,0,0
blind_follow,high,15.0,10470,trapped_inside,0,0,0,400,5,7,0,1
blind_follow,high,15.0,10471,timeout,0,0,1,400,3,5,0,0
blind_follow,high,15.0,10472,trapped_inside,0,0,0,400,4,7,0,1
blind_follow,high,15.0,10473,timeout,0,0,1,400,4,6,0,0
blind_follow,high,15.0,10474,timeout,0,0,1,400,4,5,0,0
blind_follow,high,15.0,10475,timeout,0,0,1,400,4,6,0,0
blind_follow,high,15.0,10476,timeout,0,0,1,400,4,5,0,0
blind_follow,high,15.0,10477,timeout,0,0,1,400,4,4,0,0
blind_follow,high,15.0,10478,timeout,0,0,1,400,3,6,0,0
blind_follow,high,15.0,10479,timeout,0,0,1,400,4,4,0,0
blind_follow,high,15.0,10480,trapped_inside,0,0,0,400,3,7,0,1
blind_follow,high,15.0,10481,timeout,0,0,1,400,3,5,0,0
blind_follow,high,15.0,10482,timeout,0,0,1,400,3,6,0,0
blind_follow,high,15.0,10483,timeout,0,0,1,400,4,4,0,0
blind_follow,high,15.0,10484,timeout,0,0,1,400,4,5,0,0
blind_follow,high,15.0,10485,timeout,0,0,1,400,4,6,0,0
blind_follow,high,15.0,10486,timeout,0,0,1,400,4,4,0,0
blind_follow,high,15.0,10487,timeout,0,0,1,400,4,5,0,0
blind_follow,high,15.0,10488,trapped_inside,0,0,0,400,4,7,0,1
blind_follow,high,15.0,10489,timeout,0,0,1,400,3,4,0,0
blind_follow,high,15.0,10490,trapped_inside,0,0,0,400,5,7,0,1
blind_follow,high,15.0,10491,timeout,0,0,1,400,4,6,0,0
blind_follow,high,15.0,10492,timeout,0,0,1,400,3,5,0,0
blind_follow,high,15.0,10493,trapped_inside,0,0,0,400,4,7,0,1
blind_follow,high,15.0,10494,timeout,0,0,1,400,4,6,0,0
blind_follow,high,15.0,10495,timeout,0,0,1,400,3,6,0,0
blind_follow,high,15.0,10496,timeout,0,0,1,400,3,5,0,0
blind_follow,high,15.0,10497,timeout,0,0,1,400,2,5,0,0
blind_follow,high,15.0,10498,timeout,0,0,1,400,4,6,0,0
blind_follow,high,15.0,10499,timeout,0,0,1,400,4,5,0,0
shared_map,high,15.0,10000,success,1,0,0,192,1,7,1022,0
shared_map,high,15.0,10001,wipeout,0,1,0,217,0,7,1772,0
shared_map,high,15.0,10002,success,1,0,0,183,1,7,1950,0
shared_map,high,15.0,10003,wipeout,0,1,0,208,0,7,2622,0
shared_map,high,15.0,10004,success,1,0,0,190,1,7,1868,0
shared_map,high,15.0,10005,success,1,0,0,151,3,7,1888,0
shared_map,high,15.0,10006,trapped_inside,0,0,0,400,3,7,3070,1
shared_map,high,15.0,10007,trapped_inside,0,0,0,400,2,7,2754,1
shared_map,high,15.0,10008,success,1,0,0,206,1,7,1904,0
shared_map,high,15.0,10009,success,1,0,0,197,1,7,2088,0
shared_map,high,15.0,10010,trapped_inside,0,0,0,400,2,7,1934,1
shared_map,high,15.0,10011,trapped_inside,0,0,0,400,2,7,1956,1
shared_map,high,15.0,10012,success,1,0,0,116,1,7,1528,0
shared_map,high,15.0,10013,success,1,0,0,186,2,7,1440,0
shared_map,high,15.0,10014,trapped_inside,0,0,0,400,4,7,5102,1
shared_map,high,15.0,10015,wipeout,0,1,0,197,0,7,1366,0
shared_map,high,15.0,10016,trapped_inside,0,0,0,400,1,7,1622,1
shared_map,high,15.0,10017,success,1,0,0,210,1,7,1606,0
shared_map,high,15.0,10018,success,1,0,0,194,2,7,1178,0
shared_map,high,15.0,10019,success,1,0,0,199,1,7,1586,0
shared_map,high,15.0,10020,trapped_inside,0,0,0,400,3,7,2992,1
shared_map,high,15.0,10021,success,1,0,0,215,1,7,1476,0
shared_map,high,15.0,10022,success,1,0,0,144,2,7,1218,0
shared_map,high,15.0,10023,trapped_inside,0,0,0,400,3,7,3822,1
shared_map,high,15.0,10024,wipeout,0,1,0,235,0,7,2594,0
shared_map,high,15.0,10025,success,1,0,0,187,1,7,2182,0
shared_map,high,15.0,10026,trapped_inside,0,0,0,400,3,7,3828,1
shared_map,high,15.0,10027,success,1,0,0,193,1,7,1922,0
shared_map,high,15.0,10028,success,1,0,0,140,1,7,1466,0
shared_map,high,15.0,10029,success,1,0,0,194,1,7,1812,0
shared_map,high,15.0,10030,success,1,0,0,180,1,7,1572,0
shared_map,high,15.0,10031,success,1,0,0,249,1,7,1360,0
shared_map,high,15.0,10032,success,1,0,0,180,1,7,1344,0
shared_map,high,15.0,10033,trapped_inside,0,0,0,400,3,7,3332,1
shared_map,high,15.0,10034,trapped_inside,0,0,0,400,2,7,2540,1
shared_map,high,15.0,10035,trapped_inside,0,0,0,400,4,7,5064,1
shared_map,high,15.0,10036,success,1,0,0,216,1,7,2000,0
shared_map,high,15.0,10037,success,1,0,0,144,2,7,1446,0
shared_map,high,15.0,10038,wipeout,0,1,0,166,0,7,1516,0
shared_map,high,15.0,10039,trapped_inside,0,0,0,400,4,7,5568,1
shared_map,high,15.0,10040,trapped_inside,0,0,0,400,2,7,1586,1
shared_map,high,15.0,10041,success,1,0,0,142,1,7,1126,0
shared_map,high,15.0,10042,wipeout,0,1,0,212,0,7,1828,0
shared_map,high,15.0,10043,success,1,0,0,232,1,7,1904,0
shared_map,high,15.0,10044,success,1,0,0,175,1,7,1808,0
shared_map,high,15.0,10045,success,1,0,0,196,1,7,1644,0
shared_map,high,15.0,10046,wipeout,0,1,0,163,0,7,1174,0
shared_map,high,15.0,10047,trapped_inside,0,0,0,400,5,7,8000,1
shared_map,high,15.0,10048,success,1,0,0,161,2,7,2078,0
shared_map,high,15.0,10049,success,1,0,0,179,1,7,1684,0
shared_map,high,15.0,10050,success,1,0,0,150,1,7,1502,0
shared_map,high,15.0,10051,success,1,0,0,123,2,7,1316,0
shared_map,high,15.0,10052,success,1,0,0,152,4,7,2312,0
shared_map,high,15.0,10053,success,1,0,0,196,1,7,1804,0
shared_map,high,15.0,10054,success,1,0,0,181,2,7,2162,0
shared_map,high,15.0,10055,trapped_inside,0,0,0,400,4,7,5214,1
shared_map,high,15.0,10056,trapped_inside,0,0,0,400,4,7,4850,1
shared_map,high,15.0,10057,success,1,0,0,140,2,7,1590,0
shared_map,high,15.0,10058,trapped_inside,0,0,0,400,3,7,3568,1
shared_map,high,15.0,10059,success,1,0,0,162,1,7,1340,0
shared_map,high,15.0,10060,success,1,0,0,169,2,7,1528,0
shared_map,high,15.0,10061,wipeout,0,1,0,158,0,6,770,0
shared_map,high,15.0,10062,success,1,0,0,191,1,7,1886,0
shared_map,high,15.0,10063,wipeout,0,1,0,175,0,7,1072,0
shared_map,high,15.0,10064,success,1,0,0,231,1,7,1380,0
shared_map,high,15.0,10065,wipeout,0,1,0,213,0,7,1492,0
shared_map,high,15.0,10066,trapped_inside,0,0,0,400,4,7,5424,1
shared_map,high,15.0,10067,trapped_inside,0,0,0,400,2,7,2112,1
shared_map,high,15.0,10068,trapped_inside,0,0,0,400,4,7,5336,1
shared_map,high,15.0,10069,success,1,0,0,162,1,7,1616,0
shared_map,high,15.0,10070,wipeout,0,1,0,130,0,7,1716,0
shared_map,high,15.0,10071,trapped_inside,0,0,0,400,3,7,3542,1
shared_map,high,15.0,10072,success,1,0,0,261,1,7,1582,0
shared_map,high,15.0,10073,success,1,0,0,176,1,7,1570,0
shared_map,high,15.0,10074,trapped_inside,0,0,0,400,4,7,5296,1
shared_map,high,15.0,10075,success,1,0,0,206,1,7,1432,0
shared_map,high,15.0,10076,trapped_inside,0,0,0,400,3,7,2876,1
shared_map,high,15.0,10077,success,1,0,0,169,1,7,940,0
shared_map,high,15.0,10078,trapped_inside,0,0,0,400,3,7,3546,1
shared_map,high,15.0,10079,trapped_inside,0,0,0,400,2,7,2100,1
shared_map,high,15.0,10080,success,1,0,0,185,2,7,1348,0
shared_map,high,15.0,10081,success,1,0,0,169,2,7,1486,0
shared_map,high,15.0,10082,success,1,0,0,146,3,7,1922,0
shared_map,high,15.0,10083,success,1,0,0,172,3,7,2334,0
shared_map,high,15.0,10084,success,1,0,0,147,1,7,1344,0
shared_map,high,15.0,10085,success,1,0,0,176,1,7,1188,0
shared_map,high,15.0,10086,success,1,0,0,134,2,7,1446,0
shared_map,high,15.0,10087,success,1,0,0,208,1,7,1690,0
shared_map,high,15.0,10088,wipeout,0,1,0,152,0,7,2132,0
shared_map,high,15.0,10089,wipeout,0,1,0,261,0,7,2304,0
shared_map,high,15.0,10090,wipeout,0,1,0,150,0,7,1840,0
shared_map,high,15.0,10091,success,1,0,0,111,1,7,1192,0
shared_map,high,15.0,10092,success,1,0,0,137,2,7,1432,0
shared_map,high,15.0,10093,trapped_inside,0,0,0,400,2,7,2064,1
shared_map,high,15.0,10094,wipeout,0,1,0,186,0,7,2076,0
shared_map,high,15.0,10095,trapped_inside,0,0,0,400,4,7,5246,1
shared_map,high,15.0,10096,success,1,0,0,144,1,7,1436,0
shared_map,high,15.0,10097,success,1,0,0,154,1,7,1302,0
shared_map,high,15.0,10098,success,1,0,0,151,2,7,1428,0
shared_map,high,15.0,10099,success,1,0,0,188,2,7,1456,0
shared_map,high,15.0,10100,success,1,0,0,187,2,7,2400,0
shared_map,high,15.0,10101,success,1,0,0,205,2,7,1430,0
shared_map,high,15.0,10102,success,1,0,0,195,1,7,1800,0
shared_map,high,15.0,10103,success,1,0,0,198,1,7,1816,0
shared_map,high,15.0,10104,success,1,0,0,114,2,7,1560,0
shared_map,high,15.0,10105,trapped_inside,0,0,0,400,2,7,1956,1
shared_map,high,15.0,10106,trapped_inside,0,0,0,400,5,7,7578,1
shared_map,high,15.0,10107,success,1,0,0,183,1,7,1512,0
shared_map,high,15.0,10108,success,1,0,0,207,1,7,1900,0
shared_map,high,15.0,10109,success,1,0,0,311,1,7,1252,0
shared_map,high,15.0,10110,wipeout,0,1,0,270,0,7,1206,0
shared_map,high,15.0,10111,trapped_inside,0,0,0,400,5,7,7926,1
shared_map,high,15.0,10112,trapped_inside,0,0,0,400,2,7,1814,1
shared_map,high,15.0,10113,success,1,0,0,190,1,7,1338,0
shared_map,high,15.0,10114,trapped_inside,0,0,0,400,2,7,2220,1
shared_map,high,15.0,10115,wipeout,0,1,0,127,0,7,1950,0
shared_map,high,15.0,10116,wipeout,0,1,0,160,0,7,1496,0
shared_map,high,15.0,10117,trapped_inside,0,0,0,400,4,7,5200,1
shared_map,high,15.0,10118,success,1,0,0,189,1,7,1774,0
shared_map,high,15.0,10119,trapped_inside,0,0,0,400,4,7,4808,1
shared_map,high,15.0,10120,success,1,0,0,127,2,7,1504,0
shared_map,high,15.0,10121,wipeout,0,1,0,173,0,7,1370,0
shared_map,high,15.0,10122,success,1,0,0,141,2,7,1704,0
shared_map,high,15.0,10123,success,1,0,0,92,4,7,1656,0
shared_map,high,15.0,10124,success,1,0,0,183,1,7,1632,0
shared_map,high,15.0,10125,success,1,0,0,108,2,7,1212,0
shared_map,high,15.0,10126,success,1,0,0,160,2,7,1460,0
shared_map,high,15.0,10127,wipeout,0,1,0,169,0,7,1694,0
shared_map,high,15.0,10128,success,1,0,0,152,4,7,2616,0
shared_map,high,15.0,10129,success,1,0,0,149,1,7,1648,0
shared_map,high,15.0,10130,trapped_inside,0,0,0,400,2,7,2208,1
shared_map,high,15.0,10131,trapped_inside,0,0,0,400,3,7,3198,1
shared_map,high,15.0,10132,trapped_inside,0,0,0,400,2,7,2034,1
shared_map,high,15.0,10133,wipeout,0,1,0,129,0,7,1458,0
shared_map,high,15.0,10134,success,1,0,0,203,1,7,2034,0
shared_map,high,15.0,10135,success,1,0,0,170,2,7,1400,0
shared_map,high,15.0,10136,wipeout,0,1,0,209,0,7,994,0
shared_map,high,15.0,10137,success,1,0,0,211,2,7,2012,0
shared_map,high,15.0,10138,success,1,0,0,149,1,7,1598,0
shared_map,high,15.0,10139,trapped_inside,0,0,0,400,3,7,3636,1
shared_map,high,15.0,10140,success,1,0,0,168,1,7,1462,0
shared_map,high,15.0,10141,trapped_inside,0,0,0,400,4,7,5384,1
shared_map,high,15.0,10142,success,1,0,0,113,4,7,2068,0
shared_map,high,15.0,10143,success,1,0,0,156,1,7,1940,0
shared_map,high,15.0,10144,success,1,0,0,174,1,7,1494,0
shared_map,high,15.0,10145,success,1,0,0,201,1,7,1452,0
shared_map,high,15.0,10146,success,1,0,0,226,1,7,2046,0
shared_map,high,15.0,10147,success,1,0,0,154,2,7,1902,0
shared_map,high,15.0,10148,success,1,0,0,194,1,7,1702,0
shared_map,high,15.0,10149,trapped_inside,0,0,0,400,3,7,3590,1
shared_map,high,15.0,10150,success,1,0,0,109,3,7,1798,0
shared_map,high,15.0,10151,success,1,0,0,238,1,7,1596,0
shared_map,high,15.0,10152,trapped_inside,0,0,0,400,3,7,3506,1
shared_map,high,15.0,10153,success,1,0,0,160,1,7,1934,0
shared_map,high,15.0,10154,success,1,0,0,117,2,7,1450,0
shared_map,high,15.0,10155,trapped_inside,0,0,0,400,2,7,1980,1
shared_map,high,15.0,10156,trapped_inside,0,0,0,400,3,7,3328,1
shared_map,high,15.0,10157,trapped_inside,0,0,0,400,3,7,3550,1
shared_map,high,15.0,10158,success,1,0,0,178,2,7,2256,0
shared_map,high,15.0,10159,success,1,0,0,151,1,7,1512,0
shared_map,high,15.0,10160,trapped_inside,0,0,0,400,3,7,3186,1
shared_map,high,15.0,10161,success,1,0,0,118,2,7,1596,0
shared_map,high,15.0,10162,trapped_inside,0,0,0,400,2,7,1884,1
shared_map,high,15.0,10163,trapped_inside,0,0,0,400,2,7,968,1
shared_map,high,15.0,10164,wipeout,0,1,0,167,0,7,2238,0
shared_map,high,15.0,10165,trapped_inside,0,0,0,400,1,7,2052,1
shared_map,high,15.0,10166,success,1,0,0,185,2,7,1806,0
shared_map,high,15.0,10167,success,1,0,0,168,5,7,3068,0
shared_map,high,15.0,10168,success,1,0,0,118,2,7,1428,0
shared_map,high,15.0,10169,trapped_inside,0,0,0,400,1,7,1764,1
shared_map,high,15.0,10170,success,1,0,0,139,1,7,1342,0
shared_map,high,15.0,10171,wipeout,0,1,0,156,0,7,1340,0
shared_map,high,15.0,10172,success,1,0,0,183,2,7,2256,0
shared_map,high,15.0,10173,success,1,0,0,119,3,7,1088,0
shared_map,high,15.0,10174,trapped_inside,0,0,0,400,1,7,1496,1
shared_map,high,15.0,10175,success,1,0,0,131,2,7,1382,0
shared_map,high,15.0,10176,success,1,0,0,215,1,7,1800,0
shared_map,high,15.0,10177,trapped_inside,0,0,0,400,1,7,1394,1
shared_map,high,15.0,10178,success,1,0,0,266,1,7,1272,0
shared_map,high,15.0,10179,success,1,0,0,285,1,7,780,0
shared_map,high,15.0,10180,wipeout,0,1,0,141,0,7,1630,0
shared_map,high,15.0,10181,success,1,0,0,143,2,7,1444,0
shared_map,high,15.0,10182,trapped_inside,0,0,0,400,2,7,1494,1
shared_map,high,15.0,10183,success,1,0,0,188,1,7,1966,0
shared_map,high,15.0,10184,success,1,0,0,203,1,7,1638,0
shared_map,high,15.0,10185,success,1,0,0,162,1,7,1956,0
shared_map,high,15.0,10186,success,1,0,0,165,1,7,1658,0
shared_map,high,15.0,10187,trapped_inside,0,0,0,400,3,7,3446,1
shared_map,high,15.0,10188,trapped_inside,0,0,0,400,4,7,5194,1
shared_map,high,15.0,10189,success,1,0,0,300,1,7,1562,0
shared_map,high,15.0,10190,wipeout,0,1,0,224,0,7,1978,0
shared_map,high,15.0,10191,success,1,0,0,203,1,7,2456,0
shared_map,high,15.0,10192,trapped_inside,0,0,0,400,4,7,5384,1
shared_map,high,15.0,10193,trapped_inside,0,0,0,400,2,7,2370,1
shared_map,high,15.0,10194,success,1,0,0,205,3,7,2572,0
shared_map,high,15.0,10195,trapped_inside,0,0,0,400,2,7,3048,1
shared_map,high,15.0,10196,trapped_inside,0,0,0,400,3,7,3296,1
shared_map,high,15.0,10197,trapped_inside,0,0,0,400,2,7,1896,1
shared_map,high,15.0,10198,success,1,0,0,185,1,7,1650,0
shared_map,high,15.0,10199,trapped_inside,0,0,0,400,1,7,1978,1
shared_map,high,15.0,10200,success,1,0,0,141,2,7,1304,0
shared_map,high,15.0,10201,trapped_inside,0,0,0,400,2,7,2326,1
shared_map,high,15.0,10202,trapped_inside,0,0,0,400,3,7,3238,1
shared_map,high,15.0,10203,trapped_inside,0,0,0,400,3,7,3312,1
shared_map,high,15.0,10204,trapped_inside,0,0,0,400,3,7,2970,1
shared_map,high,15.0,10205,wipeout,0,1,0,128,0,7,1742,0
shared_map,high,15.0,10206,success,1,0,0,211,1,7,1482,0
shared_map,high,15.0,10207,success,1,0,0,96,2,7,954,0
shared_map,high,15.0,10208,success,1,0,0,170,2,7,1230,0
shared_map,high,15.0,10209,success,1,0,0,214,1,7,1266,0
shared_map,high,15.0,10210,trapped_inside,0,0,0,400,2,7,3056,1
shared_map,high,15.0,10211,wipeout,0,1,0,248,0,7,1960,0
shared_map,high,15.0,10212,wipeout,0,1,0,162,0,6,1320,0
shared_map,high,15.0,10213,trapped_inside,0,0,0,400,1,7,1752,1
shared_map,high,15.0,10214,wipeout,0,1,0,139,0,7,1956,0
shared_map,high,15.0,10215,trapped_inside,0,0,0,400,4,7,5312,1
shared_map,high,15.0,10216,success,1,0,0,202,2,7,2090,0
shared_map,high,15.0,10217,success,1,0,0,195,2,7,2210,0
shared_map,high,15.0,10218,success,1,0,0,184,1,7,976,0
shared_map,high,15.0,10219,trapped_inside,0,0,0,400,3,7,3552,1
shared_map,high,15.0,10220,wipeout,0,1,0,123,0,7,1866,0
shared_map,high,15.0,10221,trapped_inside,0,0,0,400,1,7,2010,1
shared_map,high,15.0,10222,wipeout,0,1,0,131,0,7,1384,0
shared_map,high,15.0,10223,success,1,0,0,170,2,7,1826,0
shared_map,high,15.0,10224,success,1,0,0,220,1,7,2084,0
shared_map,high,15.0,10225,success,1,0,0,177,2,7,950,0
shared_map,high,15.0,10226,trapped_inside,0,0,0,400,2,7,2232,1
shared_map,high,15.0,10227,trapped_inside,0,0,0,400,4,7,5180,1
shared_map,high,15.0,10228,success,1,0,0,180,2,7,2056,0
shared_map,high,15.0,10229,trapped_inside,0,0,0,400,4,7,5264,1
shared_map,high,15.0,10230,success,1,0,0,143,1,7,1284,0
shared_map,high,15.0,10231,wipeout,0,1,0,187,0,7,896,0
shared_map,high,15.0,10232,success,1,0,0,157,3,7,1730,0
shared_map,high,15.0,10233,wipeout,0,1,0,150,0,7,658,0
shared_map,high,15.0,10234,trapped_inside,0,0,0,400,4,7,5212,1
shared_map,high,15.0,10235,success,1,0,0,141,5,7,2820,0
shared_map,high,15.0,10236,trapped_inside,0,0,0,400,3,7,3414,1
shared_map,high,15.0,10237,success,1,0,0,185,1,7,1570,0
shared_map,high,15.0,10238,success,1,0,0,228,1,7,2030,0
shared_map,high,15.0,10239,success,1,0,0,121,3,7,1336,0
shared_map,high,15.0,10240,success,1,0,0,217,2,7,1958,0
shared_map,high,15.0,10241,trapped_inside,0,0,0,400,2,7,1842,1
shared_map,high,15.0,10242,trapped_inside,0,0,0,400,2,7,2204,1
shared_map,high,15.0,10243,success,1,0,0,131,4,7,2580,0
shared_map,high,15.0,10244,success,1,0,0,189,2,7,2118,0
shared_map,high,15.0,10245,trapped_inside,0,0,0,400,2,7,2086,1
shared_map,high,15.0,10246,trapped_inside,0,0,0,400,2,7,2316,1
shared_map,high,15.0,10247,wipeout,0,1,0,239,0,7,1474,0
shared_map,high,15.0,10248,wipeout,0,1,0,223,0,7,2092,0
shared_map,high,15.0,10249,success,1,0,0,85,2,7,1078,0
shared_map,high,15.0,10250,trapped_inside,0,0,0,400,5,7,8000,1
shared_map,high,15.0,10251,trapped_inside,0,0,0,400,3,7,3338,1
shared_map,high,15.0,10252,success,1,0,0,175,1,7,1478,0
shared_map,high,15.0,10253,wipeout,0,1,0,231,0,7,1218,0
shared_map,high,15.0,10254,success,1,0,0,254,1,7,1394,0
shared_map,high,15.0,10255,trapped_inside,0,0,0,400,3,7,3790,1
shared_map,high,15.0,10256,trapped_inside,0,0,0,400,3,7,2944,1
shared_map,high,15.0,10257,timeout,0,0,1,400,1,6,1028,0
shared_map,high,15.0,10258,trapped_inside,0,0,0,400,3,7,3630,1
shared_map,high,15.0,10259,wipeout,0,1,0,130,0,7,2028,0
shared_map,high,15.0,10260,success,1,0,0,179,3,7,2158,0
shared_map,high,15.0,10261,wipeout,0,1,0,224,0,7,2468,0
shared_map,high,15.0,10262,success,1,0,0,165,1,7,1144,0
shared_map,high,15.0,10263,trapped_inside,0,0,0,400,3,7,3374,1
shared_map,high,15.0,10264,wipeout,0,1,0,177,0,7,1570,0
shared_map,high,15.0,10265,trapped_inside,0,0,0,400,2,7,1768,1
shared_map,high,15.0,10266,wipeout,0,1,0,204,0,7,1006,0
shared_map,high,15.0,10267,success,1,0,0,223,2,7,1928,0
shared_map,high,15.0,10268,trapped_inside,0,0,0,400,3,7,3364,1
shared_map,high,15.0,10269,trapped_inside,0,0,0,400,2,7,1620,1
shared_map,high,15.0,10270,success,1,0,0,190,2,7,1898,0
shared_map,high,15.0,10271,success,1,0,0,133,2,7,1584,0
shared_map,high,15.0,10272,success,1,0,0,193,1,7,1636,0
shared_map,high,15.0,10273,trapped_inside,0,0,0,400,3,7,3696,1
shared_map,high,15.0,10274,success,1,0,0,178,1,7,1468,0
shared_map,high,15.0,10275,success,1,0,0,198,2,7,2750,0
shared_map,high,15.0,10276,trapped_inside,0,0,0,400,5,7,8000,1
shared_map,high,15.0,10277,success,1,0,0,174,1,7,2306,0
shared_map,high,15.0,10278,trapped_inside,0,0,0,400,2,7,1476,1
shared_map,high,15.0,10279,success,1,0,0,223,2,7,1666,0
shared_map,high,15.0,10280,trapped_inside,0,0,0,400,4,7,4944,1
shared_map,high,15.0,10281,success,1,0,0,194,1,7,708,0
shared_map,high,15.0,10282,success,1,0,0,209,1,7,1588,0
shared_map,high,15.0,10283,wipeout,0,1,0,119,0,7,1870,0
shared_map,high,15.0,10284,trapped_inside,0,0,0,400,3,7,2934,1
shared_map,high,15.0,10285,success,1,0,0,159,1,7,1742,0
shared_map,high,15.0,10286,trapped_inside,0,0,0,400,2,7,2054,1
shared_map,high,15.0,10287,success,1,0,0,163,1,7,1528,0
shared_map,high,15.0,10288,wipeout,0,1,0,163,0,7,1730,0
shared_map,high,15.0,10289,success,1,0,0,182,2,7,1834,0
shared_map,high,15.0,10290,trapped_inside,0,0,0,400,5,7,8000,1
shared_map,high,15.0,10291,trapped_inside,0,0,0,400,3,7,3092,1
shared_map,high,15.0,10292,trapped_inside,0,0,0,400,2,7,2252,1
shared_map,high,15.0,10293,trapped_inside,0,0,0,400,2,7,2448,1
shared_map,high,15.0,10294,trapped_inside,0,0,0,400,2,7,2928,1
shared_map,high,15.0,10295,success,1,0,0,204,2,7,1782,0
shared_map,high,15.0,10296,wipeout,0,1,0,128,0,7,1706,0
shared_map,high,15.0,10297,trapped_inside,0,0,0,400,2,7,2156,1
shared_map,high,15.0,10298,trapped_inside,0,0,0,400,3,7,3444,1
shared_map,high,15.0,10299,trapped_inside,0,0,0,400,4,7,5168,1
shared_map,high,15.0,10300,trapped_inside,0,0,0,400,3,7,3252,1
shared_map,high,15.0,10301,wipeout,0,1,0,106,0,7,1620,0
shared_map,high,15.0,10302,trapped_inside,0,0,0,400,2,7,2054,1
shared_map,high,15.0,10303,success,1,0,0,216,1,7,1926,0
shared_map,high,15.0,10304,trapped_inside,0,0,0,400,4,7,4990,1
shared_map,high,15.0,10305,success,1,0,0,184,2,7,1670,0
shared_map,high,15.0,10306,success,1,0,0,226,1,7,2054,0
shared_map,high,15.0,10307,success,1,0,0,186,2,7,1828,0
shared_map,high,15.0,10308,success,1,0,0,203,1,7,1600,0
shared_map,high,15.0,10309,trapped_inside,0,0,0,400,2,7,2460,1
shared_map,high,15.0,10310,trapped_inside,0,0,0,400,3,7,3448,1
shared_map,high,15.0,10311,trapped_inside,0,0,0,400,2,7,2564,1
shared_map,high,15.0,10312,success,1,0,0,203,1,7,2092,0
shared_map,high,15.0,10313,wipeout,0,1,0,112,0,7,1318,0
shared_map,high,15.0,10314,wipeout,0,1,0,133,0,7,1686,0
shared_map,high,15.0,10315,trapped_inside,0,0,0,400,3,7,3226,1
shared_map,high,15.0,10316,trapped_inside,0,0,0,400,2,7,2726,1
shared_map,high,15.0,10317,success,1,0,0,132,2,7,1476,0
shared_map,high,15.0,10318,trapped_inside,0,0,0,400,3,7,3752,1
shared_map,high,15.0,10319,trapped_inside,0,0,0,400,2,7,1796,1
shared_map,high,15.0,10320,success,1,0,0,113,2,7,1196,0
shared_map,high,15.0,10321,success,1,0,0,125,1,7,1464,0
shared_map,high,15.0,10322,success,1,0,0,169,2,7,1236,0
shared_map,high,15.0,10323,wipeout,0,1,0,146,0,6,2118,0
shared_map,high,15.0,10324,success,1,0,0,183,1,7,1964,0
shared_map,high,15.0,10325,success,1,0,0,174,2,7,2326,0
shared_map,high,15.0,10326,trapped_inside,0,0,0,400,3,7,3206,1
shared_map,high,15.0,10327,success,1,0,0,202,1,7,1790,0
shared_map,high,15.0,10328,success,1,0,0,175,1,7,852,0
shared_map,high,15.0,10329,success,1,0,0,125,1,7,1602,0
shared_map,high,15.0,10330,success,1,0,0,236,2,7,2320,0
shared_map,high,15.0,10331,success,1,0,0,234,1,7,1774,0
shared_map,high,15.0,10332,trapped_inside,0,0,0,400,1,7,2064,1
shared_map,high,15.0,10333,wipeout,0,1,0,176,0,7,1052,0
shared_map,high,15.0,10334,trapped_inside,0,0,0,400,3,7,2938,1
shared_map,high,15.0,10335,wipeout,0,1,0,177,0,7,1518,0
shared_map,high,15.0,10336,trapped_inside,0,0,0,400,3,7,3044,1
shared_map,high,15.0,10337,trapped_inside,0,0,0,400,3,7,3458,1
shared_map,high,15.0,10338,success,1,0,0,130,2,7,1024,0
shared_map,high,15.0,10339,trapped_inside,0,0,0,400,2,7,2284,1
shared_map,high,15.0,10340,trapped_inside,0,0,0,400,4,7,5280,1
shared_map,high,15.0,10341,success,1,0,0,209,1,7,1716,0
shared_map,high,15.0,10342,success,1,0,0,119,3,7,1698,0
shared_map,high,15.0,10343,success,1,0,0,237,1,7,1166,0
shared_map,high,15.0,10344,trapped_inside,0,0,0,400,4,7,5544,1
shared_map,high,15.0,10345,wipeout,0,1,0,120,0,5,1900,0
shared_map,high,15.0,10346,trapped_inside,0,0,0,400,2,7,1926,1
shared_map,high,15.0,10347,trapped_inside,0,0,0,400,2,7,2794,1
shared_map,high,15.0,10348,trapped_inside,0,0,0,400,4,7,5504,1
shared_map,high,15.0,10349,success,1,0,0,168,1,7,1492,0
shared_map,high,15.0,10350,trapped_inside,0,0,0,400,2,7,2602,1
shared_map,high,15.0,10351,wipeout,0,1,0,183,0,7,1332,0
shared_map,high,15.0,10352,success,1,0,0,245,1,7,1080,0
shared_map,high,15.0,10353,success,1,0,0,110,3,7,1510,0
shared_map,high,15.0,10354,trapped_inside,0,0,0,400,4,7,5128,1
shared_map,high,15.0,10355,success,1,0,0,163,1,7,1450,0
shared_map,high,15.0,10356,success,1,0,0,172,1,7,1544,0
shared_map,high,15.0,10357,trapped_inside,0,0,0,400,2,7,1028,1
shared_map,high,15.0,10358,success,1,0,0,206,2,7,1686,0
shared_map,high,15.0,10359,success,1,0,0,187,1,7,1546,0
shared_map,high,15.0,10360,success,1,0,0,202,3,7,2532,0
shared_map,high,15.0,10361,success,1,0,0,213,1,7,1404,0
shared_map,high,15.0,10362,success,1,0,0,239,1,7,1968,0
shared_map,high,15.0,10363,wipeout,0,1,0,196,0,7,1596,0
shared_map,high,15.0,10364,wipeout,0,1,0,137,0,7,1962,0
shared_map,high,15.0,10365,wipeout,0,1,0,146,0,7,2236,0
shared_map,high,15.0,10366,success,1,0,0,157,1,7,1788,0
shared_map,high,15.0,10367,success,1,0,0,186,2,7,1754,0
shared_map,high,15.0,10368,success,1,0,0,191,2,7,2180,0
shared_map,high,15.0,10369,success,1,0,0,208,1,7,510,0
shared_map,high,15.0,10370,trapped_inside,0,0,0,400,1,7,1632,1
shared_map,high,15.0,10371,trapped_inside,0,0,0,400,2,7,2102,1
shared_map,high,15.0,10372,success,1,0,0,172,1,7,1962,0
shared_map,high,15.0,10373,trapped_inside,0,0,0,400,2,7,2786,1
shared_map,high,15.0,10374,success,1,0,0,236,1,7,1136,0
shared_map,high,15.0,10375,success,1,0,0,301,1,7,988,0
shared_map,high,15.0,10376,trapped_inside,0,0,0,400,3,7,3188,1
shared_map,high,15.0,10377,success,1,0,0,185,1,7,1530,0
shared_map,high,15.0,10378,success,1,0,0,180,2,7,1932,0
shared_map,high,15.0,10379,trapped_inside,0,0,0,400,3,7,3708,1
shared_map,high,15.0,10380,trapped_inside,0,0,0,400,3,7,3502,1
shared_map,high,15.0,10381,trapped_inside,0,0,0,400,2,7,2284,1
shared_map,high,15.0,10382,trapped_inside,0,0,0,400,2,7,1726,1
shared_map,high,15.0,10383,trapped_inside,0,0,0,400,3,7,3230,1
shared_map,high,15.0,10384,success,1,0,0,175,1,7,1054,0
shared_map,high,15.0,10385,trapped_inside,0,0,0,400,4,7,5080,1
shared_map,high,15.0,10386,trapped_inside,0,0,0,400,5,7,4800,1
shared_map,high,15.0,10387,success,1,0,0,191,1,7,1546,0
shared_map,high,15.0,10388,trapped_inside,0,0,0,400,3,7,2924,1
shared_map,high,15.0,10389,trapped_inside,0,0,0,400,3,7,3604,1
shared_map,high,15.0,10390,success,1,0,0,148,2,7,986,0
shared_map,high,15.0,10391,trapped_inside,0,0,0,400,4,7,5424,1
shared_map,high,15.0,10392,success,1,0,0,217,3,7,2198,0
shared_map,high,15.0,10393,trapped_inside,0,0,0,400,2,7,2192,1
shared_map,high,15.0,10394,wipeout,0,1,0,173,0,7,1764,0
shared_map,high,15.0,10395,trapped_inside,0,0,0,400,3,7,3412,1
shared_map,high,15.0,10396,trapped_inside,0,0,0,400,3,7,3138,1
shared_map,high,15.0,10397,success,1,0,0,183,1,7,1470,0
shared_map,high,15.0,10398,success,1,0,0,182,1,7,2236,0
shared_map,high,15.0,10399,success,1,0,0,181,1,7,1758,0
shared_map,high,15.0,10400,wipeout,0,1,0,125,0,7,1410,0
shared_map,high,15.0,10401,success,1,0,0,166,1,7,1324,0
shared_map,high,15.0,10402,success,1,0,0,211,1,7,1930,0
shared_map,high,15.0,10403,trapped_inside,0,0,0,400,3,7,3926,1
shared_map,high,15.0,10404,trapped_inside,0,0,0,400,3,7,3388,1
shared_map,high,15.0,10405,wipeout,0,1,0,158,0,7,1162,0
shared_map,high,15.0,10406,success,1,0,0,203,1,7,2140,0
shared_map,high,15.0,10407,success,1,0,0,185,2,7,1776,0
shared_map,high,15.0,10408,wipeout,0,1,0,229,0,7,2020,0
shared_map,high,15.0,10409,success,1,0,0,186,1,7,1924,0
shared_map,high,15.0,10410,trapped_inside,0,0,0,400,5,7,8000,1
shared_map,high,15.0,10411,trapped_inside,0,0,0,400,3,7,3662,1
shared_map,high,15.0,10412,success,1,0,0,177,1,7,1774,0
shared_map,high,15.0,10413,success,1,0,0,149,1,7,1496,0
shared_map,high,15.0,10414,trapped_inside,0,0,0,400,1,7,1736,1
shared_map,high,15.0,10415,trapped_inside,0,0,0,400,3,7,3726,1
shared_map,high,15.0,10416,trapped_inside,0,0,0,400,1,7,1326,1
shared_map,high,15.0,10417,trapped_inside,0,0,0,400,3,7,3266,1
shared_map,high,15.0,10418,success,1,0,0,205,1,7,2048,0
shared_map,high,15.0,10419,success,1,0,0,278,1,7,2128,0
shared_map,high,15.0,10420,success,1,0,0,218,2,7,1864,0
shared_map,high,15.0,10421,success,1,0,0,236,1,7,1756,0
shared_map,high,15.0,10422,trapped_inside,0,0,0,400,1,7,2108,1
shared_map,high,15.0,10423,wipeout,0,1,0,196,0,7,2126,0
shared_map,high,15.0,10424,trapped_inside,0,0,0,400,2,7,1762,1
shared_map,high,15.0,10425,trapped_inside,0,0,0,400,2,7,2564,1
shared_map,high,15.0,10426,success,1,0,0,195,1,7,894,0
shared_map,high,15.0,10427,success,1,0,0,180,1,7,1462,0
shared_map,high,15.0,10428,success,1,0,0,163,3,7,2086,0
shared_map,high,15.0,10429,wipeout,0,1,0,119,0,6,1696,0
shared_map,high,15.0,10430,success,1,0,0,237,2,7,3050,0
shared_map,high,15.0,10431,trapped_inside,0,0,0,400,3,7,3264,1
shared_map,high,15.0,10432,success,1,0,0,186,2,7,1930,0
shared_map,high,15.0,10433,success,1,0,0,176,2,7,1532,0
shared_map,high,15.0,10434,success,1,0,0,155,2,7,2346,0
shared_map,high,15.0,10435,success,1,0,0,170,1,7,1780,0
shared_map,high,15.0,10436,trapped_inside,0,0,0,400,4,7,5110,1
shared_map,high,15.0,10437,trapped_inside,0,0,0,400,4,7,5368,1
shared_map,high,15.0,10438,success,1,0,0,201,1,7,908,0
shared_map,high,15.0,10439,wipeout,0,1,0,127,0,7,1716,0
shared_map,high,15.0,10440,wipeout,0,1,0,137,0,5,1510,0
shared_map,high,15.0,10441,success,1,0,0,194,1,7,2154,0
shared_map,high,15.0,10442,trapped_inside,0,0,0,400,4,7,5216,1
shared_map,high,15.0,10443,trapped_inside,0,0,0,400,3,7,3402,1
shared_map,high,15.0,10444,success,1,0,0,215,1,7,1402,0
shared_map,high,15.0,10445,success,1,0,0,128,3,7,1864,0
shared_map,high,15.0,10446,trapped_inside,0,0,0,400,2,7,2032,1
shared_map,high,15.0,10447,trapped_inside,0,0,0,400,2,7,2612,1
shared_map,high,15.0,10448,trapped_inside,0,0,0,400,4,7,4916,1
shared_map,high,15.0,10449,success,1,0,0,150,1,7,1806,0
shared_map,high,15.0,10450,wipeout,0,1,0,126,0,7,1888,0
shared_map,high,15.0,10451,wipeout,0,1,0,156,0,7,1850,0
shared_map,high,15.0,10452,trapped_inside,0,0,0,400,3,7,3936,1
shared_map,high,15.0,10453,trapped_inside,0,0,0,400,1,7,1474,1
shared_map,high,15.0,10454,success,1,0,0,208,2,7,1932,0
shared_map,high,15.0,10455,trapped_inside,0,0,0,400,3,7,2952,1
shared_map,high,15.0,10456,wipeout,0,1,0,138,0,7,1670,0
shared_map,high,15.0,10457,wipeout,0,1,0,112,0,7,1742,0
shared_map,high,15.0,10458,wipeout,0,1,0,210,0,7,1514,0
shared_map,high,15.0,10459,wipeout,0,1,0,176,0,7,1206,0
shared_map,high,15.0,10460,success,1,0,0,220,1,7,2258,0
shared_map,high,15.0,10461,success,1,0,0,156,2,7,1626,0
shared_map,high,15.0,10462,trapped_inside,0,0,0,400,3,7,3202,1
shared_map,high,15.0,10463,success,1,0,0,236,1,7,1514,0
shared_map,high,15.0,10464,trapped_inside,0,0,0,400,2,7,2502,1
shared_map,high,15.0,10465,success,1,0,0,226,1,7,1612,0
shared_map,high,15.0,10466,trapped_inside,0,0,0,400,2,7,2618,1
shared_map,high,15.0,10467,success,1,0,0,138,1,7,1584,0
shared_map,high,15.0,10468,success,1,0,0,167,1,7,1574,0
shared_map,high,15.0,10469,trapped_inside,0,0,0,400,3,7,3490,1
shared_map,high,15.0,10470,trapped_inside,0,0,0,400,5,7,7728,1
shared_map,high,15.0,10471,success,1,0,0,189,2,7,1376,0
shared_map,high,15.0,10472,trapped_inside,0,0,0,400,2,7,1778,1
shared_map,high,15.0,10473,wipeout,0,1,0,180,0,7,1218,0
shared_map,high,15.0,10474,success,1,0,0,156,1,7,1526,0
shared_map,high,15.0,10475,trapped_inside,0,0,0,400,3,7,3526,1
shared_map,high,15.0,10476,success,1,0,0,124,2,7,1184,0
shared_map,high,15.0,10477,success,1,0,0,166,1,7,1382,0
shared_map,high,15.0,10478,trapped_inside,0,0,0,400,3,7,2902,1
shared_map,high,15.0,10479,success,1,0,0,243,1,7,1204,0
shared_map,high,15.0,10480,success,1,0,0,167,2,7,1616,0
shared_map,high,15.0,10481,success,1,0,0,128,1,7,1122,0
shared_map,high,15.0,10482,success,1,0,0,231,1,7,1538,0
shared_map,high,15.0,10483,trapped_inside,0,0,0,400,2,7,2270,1
shared_map,high,15.0,10484,trapped_inside,0,0,0,400,2,7,2166,1
shared_map,high,15.0,10485,success,1,0,0,225,2,7,1600,0
shared_map,high,15.0,10486,success,1,0,0,184,1,7,1590,0
shared_map,high,15.0,10487,success,1,0,0,214,2,7,2080,0
shared_map,high,15.0,10488,success,1,0,0,235,1,7,2516,0
shared_map,high,15.0,10489,success,1,0,0,143,2,7,1142,0
shared_map,high,15.0,10490,trapped_inside,0,0,0,400,4,7,5248,1
shared_map,high,15.0,10491,trapped_inside,0,0,0,400,3,7,3412,1
shared_map,high,15.0,10492,wipeout,0,1,0,137,0,7,1848,0
shared_map,high,15.0,10493,success,1,0,0,150,3,7,2174,0
shared_map,high,15.0,10494,success,1,0,0,202,2,7,2116,0
shared_map,high,15.0,10495,success,1,0,0,161,1,7,1604,0
shared_map,high,15.0,10496,success,1,0,0,140,2,7,1102,0
shared_map,high,15.0,10497,wipeout,0,1,0,134,0,7,1054,0
shared_map,high,15.0,10498,success,1,0,0,111,2,7,952,0
shared_map,high,15.0,10499,success,1,0,0,178,2,7,2086,0
split_exit,high,15.0,10000,wipeout,0,1,0,135,0,7,962,0
split_exit,high,15.0,10001,wipeout,0,1,0,109,0,7,966,0
split_exit,high,15.0,10002,wipeout,0,1,0,116,0,7,935,0
split_exit,high,15.0,10003,wipeout,0,1,0,154,0,7,774,0
split_exit,high,15.0,10004,wipeout,0,1,0,103,0,7,790,0
split_exit,high,15.0,10005,success,1,0,0,150,2,7,601,0
split_exit,high,15.0,10006,wipeout,0,1,0,98,0,7,629,0
split_exit,high,15.0,10007,wipeout,0,1,0,120,0,6,733,0
split_exit,high,15.0,10008,wipeout,0,1,0,116,0,5,662,0
split_exit,high,15.0,10009,wipeout,0,1,0,104,0,6,882,0
split_exit,high,15.0,10010,trapped_inside,0,0,0,400,1,7,404,1
split_exit,high,15.0,10011,trapped_inside,0,0,0,400,1,7,712,1
split_exit,high,15.0,10012,success,1,0,0,114,1,7,575,0
split_exit,high,15.0,10013,success,1,0,0,232,1,7,497,0
split_exit,high,15.0,10014,trapped_inside,0,0,0,400,3,7,2484,1
split_exit,high,15.0,10015,wipeout,0,1,0,155,0,6,437,0
split_exit,high,15.0,10016,wipeout,0,1,0,98,0,7,671,0
split_exit,high,15.0,10017,wipeout,0,1,0,76,0,6,676,0
split_exit,high,15.0,10018,success,1,0,0,232,1,7,335,0
split_exit,high,15.0,10019,wipeout,0,1,0,158,0,7,854,0
split_exit,high,15.0,10020,trapped_inside,0,0,0,400,3,7,2489,1
split_exit,high,15.0,10021,wipeout,0,1,0,183,0,7,467,0
split_exit,high,15.0,10022,success,1,0,0,182,1,7,534,0
split_exit,high,15.0,10023,trapped_inside,0,0,0,400,3,7,2587,1
split_exit,high,15.0,10024,wipeout,0,1,0,158,0,7,909,0
split_exit,high,15.0,10025,wipeout,0,1,0,140,0,6,1350,0
split_exit,high,15.0,10026,trapped_inside,0,0,0,400,1,7,1221,1
split_exit,high,15.0,10027,wipeout,0,1,0,117,0,7,839,0
split_exit,high,15.0,10028,wipeout,0,1,0,108,0,7,498,0
split_exit,high,15.0,10029,success,1,0,0,194,1,7,565,0
split_exit,high,15.0,10030,wipeout,0,1,0,108,0,7,982,0
split_exit,high,15.0,10031,wipeout,0,1,0,140,0,7,421,0
split_exit,high,15.0,10032,wipeout,0,1,0,151,0,7,1012,0
split_exit,high,15.0,10033,trapped_inside,0,0,0,400,1,7,459,1
split_exit,high,15.0,10034,wipeout,0,1,0,103,0,6,605,0
split_exit,high,15.0,10035,trapped_inside,0,0,0,400,3,7,2644,1
split_exit,high,15.0,10036,success,1,0,0,168,1,7,846,0
split_exit,high,15.0,10037,success,1,0,0,157,1,7,763,0
split_exit,high,15.0,10038,wipeout,0,1,0,95,0,5,773,0
split_exit,high,15.0,10039,trapped_inside,0,0,0,400,1,7,665,1
split_exit,high,15.0,10040,wipeout,0,1,0,134,0,7,976,0
split_exit,high,15.0,10041,wipeout,0,1,0,73,0,7,394,0
split_exit,high,15.0,10042,wipeout,0,1,0,178,0,7,831,0
split_exit,high,15.0,10043,wipeout,0,1,0,120,0,7,632,0
split_exit,high,15.0,10044,trapped_inside,0,0,0,400,2,7,1273,1
split_exit,high,15.0,10045,success,1,0,0,193,2,7,1104,0
split_exit,high,15.0,10046,wipeout,0,1,0,149,0,5,313,0
split_exit,high,15.0,10047,trapped_inside,0,0,0,400,3,7,2694,1
split_exit,high,15.0,10048,wipeout,0,1,0,108,0,7,552,0
split_exit,high,15.0,10049,success,1,0,0,173,1,7,1134,0
split_exit,high,15.0,10050,wipeout,0,1,0,112,0,7,797,0
split_exit,high,15.0,10051,trapped_inside,0,0,0,400,1,7,718,1
split_exit,high,15.0,10052,wipeout,0,1,0,151,0,7,1440,0
split_exit,high,15.0,10053,wipeout,0,1,0,114,0,7,873,0
split_exit,high,15.0,10054,wipeout,0,1,0,115,0,7,712,0
split_exit,high,15.0,10055,trapped_inside,0,0,0,400,2,7,1302,1
split_exit,high,15.0,10056,trapped_inside,0,0,0,400,1,7,245,1
split_exit,high,15.0,10057,success,1,0,0,134,1,7,968,0
split_exit,high,15.0,10058,trapped_inside,0,0,0,400,1,7,674,1
split_exit,high,15.0,10059,wipeout,0,1,0,143,0,7,634,0
split_exit,high,15.0,10060,wipeout,0,1,0,88,0,5,1251,0
split_exit,high,15.0,10061,wipeout,0,1,0,125,0,6,248,0
split_exit,high,15.0,10062,wipeout,0,1,0,160,0,7,982,0
split_exit,high,15.0,10063,wipeout,0,1,0,149,0,7,282,0
split_exit,high,15.0,10064,wipeout,0,1,0,198,0,7,475,0
split_exit,high,15.0,10065,wipeout,0,1,0,196,0,7,446,0
split_exit,high,15.0,10066,trapped_inside,0,0,0,400,3,7,2731,1
split_exit,high,15.0,10067,trapped_inside,0,0,0,400,1,7,600,1
split_exit,high,15.0,10068,trapped_inside,0,0,0,400,3,7,3182,1
split_exit,high,15.0,10069,wipeout,0,1,0,97,0,5,784,0
split_exit,high,15.0,10070,wipeout,0,1,0,112,0,7,918,0
split_exit,high,15.0,10071,wipeout,0,1,0,150,0,7,768,0
split_exit,high,15.0,10072,success,1,0,0,261,1,7,808,0
split_exit,high,15.0,10073,wipeout,0,1,0,89,0,7,453,0
split_exit,high,15.0,10074,trapped_inside,0,0,0,400,2,7,2067,1
split_exit,high,15.0,10075,wipeout,0,1,0,119,0,7,568,0
split_exit,high,15.0,10076,trapped_inside,0,0,0,400,1,7,430,1
split_exit,high,15.0,10077,wipeout,0,1,0,163,0,7,506,0
split_exit,high,15.0,10078,trapped_inside,0,0,0,400,3,7,3036,1
split_exit,high,15.0,10079,trapped_inside,0,0,0,400,1,7,489,1
split_exit,high,15.0,10080,wipeout,0,1,0,103,0,7,647,0
split_exit,high,15.0,10081,success,1,0,0,168,1,7,864,0
split_exit,high,15.0,10082,wipeout,0,1,0,110,0,7,824,0
split_exit,high,15.0,10083,success,1,0,0,171,2,7,1174,0
split_exit,high,15.0,10084,wipeout,0,1,0,142,0,7,607,0
split_exit,high,15.0,10085,wipeout,0,1,0,143,0,7,882,0
split_exit,high,15.0,10086,success,1,0,0,164,1,7,510,0
split_exit,high,15.0,10087,wipeout,0,1,0,107,0,7,1064,0
split_exit,high,15.0,10088,wipeout,0,1,0,144,0,7,833,0
split_exit,high,15.0,10089,wipeout,0,1,0,139,0,6,1297,0
split_exit,high,15.0,10090,wipeout,0,1,0,94,0,6,850,0
split_exit,high,15.0,10091,wipeout,0,1,0,101,0,7,809,0
split_exit,high,15.0,10092,wipeout,0,1,0,71,0,6,408,0
split_exit,high,15.0,10093,trapped_inside,0,0,0,400,1,7,414,1
split_exit,high,15.0,10094,wipeout,0,1,0,103,0,7,1316,0
split_exit,high,15.0,10095,trapped_inside,0,0,0,400,2,7,1146,1
split_exit,high,15.0,10096,wipeout,0,1,0,112,0,7,923,0
split_exit,high,15.0,10097,wipeout,0,1,0,82,0,7,681,0
split_exit,high,15.0,10098,wipeout,0,1,0,125,0,7,1091,0
split_exit,high,15.0,10099,success,1,0,0,207,1,7,900,0
split_exit,high,15.0,10100,success,1,0,0,184,1,7,1068,0
split_exit,high,15.0,10101,wipeout,0,1,0,143,0,5,325,0
split_exit,high,15.0,10102,wipeout,0,1,0,180,0,7,976,0
split_exit,high,15.0,10103,wipeout,0,1,0,118,0,6,1045,0
split_exit,high,15.0,10104,success,1,0,0,113,1,7,1054,0
split_exit,high,15.0,10105,wipeout,0,1,0,78,0,7,467,0
split_exit,high,15.0,10106,wipeout,0,1,0,224,0,7,741,0
split_exit,high,15.0,10107,success,1,0,0,179,1,7,606,0
split_exit,high,15.0,10108,wipeout,0,1,0,119,0,7,954,0
split_exit,high,15.0,10109,wipeout,0,1,0,146,0,7,313,0
split_exit,high,15.0,10110,wipeout,0,1,0,177,0,7,947,0
split_exit,high,15.0,10111,trapped_inside,0,0,0,400,3,7,2914,1
split_exit,high,15.0,10112,wipeout,0,1,0,70,0,6,374,0
split_exit,high,15.0,10113,wipeout,0,1,0,183,0,7,584,0
split_exit,high,15.0,10114,success,1,0,0,165,1,7,1019,0
split_exit,high,15.0,10115,wipeout,0,1,0,112,0,6,642,0
split_exit,high,15.0,10116,wipeout,0,1,0,99,0,7,890,0
split_exit,high,15.0,10117,success,1,0,0,130,1,7,868,0
split_exit,high,15.0,10118,wipeout,0,1,0,176,0,7,872,0
split_exit,high,15.0,10119,wipeout,0,1,0,163,0,7,429,0
split_exit,high,15.0,10120,success,1,0,0,121,2,7,460,0
split_exit,high,15.0,10121,wipeout,0,1,0,169,0,7,577,0
split_exit,high,15.0,10122,success,1,0,0,175,1,7,474,0
split_exit,high,15.0,10123,success,1,0,0,90,3,7,850,0
split_exit,high,15.0,10124,wipeout,0,1,0,100,0,6,704,0
split_exit,high,15.0,10125,success,1,0,0,105,2,7,694,0
split_exit,high,15.0,10126,success,1,0,0,159,1,7,886,0
split_exit,high,15.0,10127,wipeout,0,1,0,89,0,7,705,0
split_exit,high,15.0,10128,success,1,0,0,151,3,7,1703,0
split_exit,high,15.0,10129,wipeout,0,1,0,104,0,7,856,0
split_exit,high,15.0,10130,success,1,0,0,189,1,7,1294,0
split_exit,high,15.0,10131,trapped_inside,0,0,0,400,2,7,1816,1
split_exit,high,15.0,10132,wipeout,0,1,0,121,0,7,814,0
split_exit,high,15.0,10133,wipeout,0,1,0,88,0,5,556,0
split_exit,high,15.0,10134,wipeout,0,1,0,126,0,7,706,0
split_exit,high,15.0,10135,success,1,0,0,168,2,7,449,0
split_exit,high,15.0,10136,wipeout,0,1,0,123,0,5,390,0
split_exit,high,15.0,10137,success,1,0,0,210,1,7,954,0
split_exit,high,15.0,10138,success,1,0,0,143,1,7,854,0
split_exit,high,15.0,10139,trapped_inside,0,0,0,400,2,7,1270,1
split_exit,high,15.0,10140,wipeout,0,1,0,148,0,7,998,0
split_exit,high,15.0,10141,trapped_inside,0,0,0,400,3,7,2739,1
split_exit,high,15.0,10142,success,1,0,0,129,2,7,1139,0
split_exit,high,15.0,10143,success,1,0,0,154,1,7,1018,0
split_exit,high,15.0,10144,wipeout,0,1,0,95,0,7,1218,0
split_exit,high,15.0,10145,wipeout,0,1,0,89,0,7,812,0
split_exit,high,15.0,10146,wipeout,0,1,0,179,0,7,1478,0
split_exit,high,15.0,10147,success,1,0,0,153,1,7,723,0
split_exit,high,15.0,10148,wipeout,0,1,0,171,0,7,993,0
split_exit,high,15.0,10149,trapped_inside,0,0,0,400,2,7,1134,1
split_exit,high,15.0,10150,success,1,0,0,108,2,7,650,0
split_exit,high,15.0,10151,wipeout,0,1,0,166,0,7,944,0
split_exit,high,15.0,10152,trapped_inside,0,0,0,400,2,7,1560,1
split_exit,high,15.0,10153,wipeout,0,1,0,117,0,7,976,0
split_exit,high,15.0,10154,wipeout,0,1,0,136,0,7,678,0
split_exit,high,15.0,10155,wipeout,0,1,0,174,0,7,356,0
split_exit,high,15.0,10156,trapped_inside,0,0,0,400,3,7,2700,1
split_exit,high,15.0,10157,trapped_inside,0,0,0,400,2,7,1786,1
split_exit,high,15.0,10158,success,1,0,0,175,1,7,1268,0
split_exit,high,15.0,10159,wipeout,0,1,0,109,0,7,587,0
split_exit,high,15.0,10160,success,1,0,0,146,1,7,938,0
split_exit,high,15.0,10161,wipeout,0,1,0,124,0,7,648,0
split_exit,high,15.0,10162,trapped_inside,0,0,0,400,1,7,312,1
split_exit,high,15.0,10163,wipeout,0,1,0,152,0,7,594,0
split_exit,high,15.0,10164,wipeout,0,1,0,155,0,7,812,0
split_exit,high,15.0,10165,trapped_inside,0,0,0,400,1,7,662,1
split_exit,high,15.0,10166,wipeout,0,1,0,175,0,7,629,0
split_exit,high,15.0,10167,success,1,0,0,252,1,7,601,0
split_exit,high,15.0,10168,success,1,0,0,115,1,7,974,0
split_exit,high,15.0,10169,wipeout,0,1,0,105,0,6,623,0
split_exit,high,15.0,10170,wipeout,0,1,0,129,0,7,1017,0
split_exit,high,15.0,10171,wipeout,0,1,0,154,0,7,419,0
split_exit,high,15.0,10172,wipeout,0,1,0,109,0,5,766,0
split_exit,high,15.0,10173,wipeout,0,1,0,90,0,7,547,0
split_exit,high,15.0,10174,wipeout,0,1,0,93,0,5,654,0
split_exit,high,15.0,10175,success,1,0,0,130,1,7,795,0
split_exit,high,15.0,10176,success,1,0,0,209,1,7,1117,0
split_exit,high,15.0,10177,wipeout,0,1,0,106,0,7,720,0
split_exit,high,15.0,10178,success,1,0,0,238,1,7,343,0
split_exit,high,15.0,10179,wipeout,0,1,0,163,0,7,186,0
split_exit,high,15.0,10180,wipeout,0,1,0,94,0,7,601,0
split_exit,high,15.0,10181,wipeout,0,1,0,135,0,7,932,0
split_exit,high,15.0,10182,trapped_inside,0,0,0,400,1,7,527,1
split_exit,high,15.0,10183,success,1,0,0,182,1,7,808,0
split_exit,high,15.0,10184,wipeout,0,1,0,89,0,6,561,0
split_exit,high,15.0,10185,success,1,0,0,160,1,7,1034,0
split_exit,high,15.0,10186,wipeout,0,1,0,91,0,7,580,0
split_exit,high,15.0,10187,wipeout,0,1,0,139,0,7,1071,0
split_exit,high,15.0,10188,trapped_inside,0,0,0,400,2,7,1587,1
split_exit,high,15.0,10189,wipeout,0,1,0,148,0,7,842,0
split_exit,high,15.0,10190,wipeout,0,1,0,196,0,7,524,0
split_exit,high,15.0,10191,wipeout,0,1,0,164,0,7,1079,0
split_exit,high,15.0,10192,trapped_inside,0,0,0,400,3,7,2436,1
split_exit,high,15.0,10193,trapped_inside,0,0,0,400,1,7,996,1
split_exit,high,15.0,10194,success,1,0,0,200,2,7,977,0
split_exit,high,15.0,10195,trapped_inside,0,0,0,400,1,7,1170,1
split_exit,high,15.0,10196,trapped_inside,0,0,0,400,1,7,1060,1
split_exit,high,15.0,10197,trapped_inside,0,0,0,400,1,7,378,1
split_exit,high,15.0,10198,wipeout,0,1,0,87,0,6,648,0
split_exit,high,15.0,10199,wipeout,0,1,0,149,0,7,1231,0
split_exit,high,15.0,10200,success,1,0,0,138,1,7,612,0
split_exit,high,15.0,10201,wipeout,0,1,0,141,0,7,1214,0
split_exit,high,15.0,10202,trapped_inside,0,0,0,400,2,7,1278,1
split_exit,high,15.0,10203,trapped_inside,0,0,0,400,1,7,1116,1
split_exit,high,15.0,10204,trapped_inside,0,0,0,400,3,7,2299,1
split_exit,high,15.0,10205,wipeout,0,1,0,100,0,7,958,0
split_exit,high,15.0,10206,success,1,0,0,211,1,7,610,0
split_exit,high,15.0,10207,success,1,0,0,94,2,7,606,0
split_exit,high,15.0,10208,wipeout,0,1,0,166,0,7,612,0
split_exit,high,15.0,10209,wipeout,0,1,0,203,0,7,489,0
split_exit,high,15.0,10210,trapped_inside,0,0,0,400,1,7,1337,1
split_exit,high,15.0,10211,wipeout,0,1,0,126,0,7,719,0
split_exit,high,15.0,10212,wipeout,0,1,0,150,0,5,498,0
split_exit,high,15.0,10213,wipeout,0,1,0,144,0,7,914,0
split_exit,high,15.0,10214,wipeout,0,1,0,136,0,7,976,0
split_exit,high,15.0,10215,trapped_inside,0,0,0,400,2,7,1318,1
split_exit,high,15.0,10216,success,1,0,0,201,1,7,1271,0
split_exit,high,15.0,10217,success,1,0,0,192,1,7,1085,0
split_exit,high,15.0,10218,wipeout,0,1,0,113,0,6,412,0
split_exit,high,15.0,10219,trapped_inside,0,0,0,400,3,7,2394,1
split_exit,high,15.0,10220,wipeout,0,1,0,105,0,6,645,0
split_exit,high,15.0,10221,wipeout,0,1,0,109,0,7,642,0
split_exit,high,15.0,10222,wipeout,0,1,0,86,0,7,380,0
split_exit,high,15.0,10223,wipeout,0,1,0,109,0,7,686,0
split_exit,high,15.0,10224,wipeout,0,1,0,184,0,7,567,0
split_exit,high,15.0,10225,wipeout,0,1,0,136,0,7,282,0
split_exit,high,15.0,10226,trapped_inside,0,0,0,400,1,7,564,1
split_exit,high,15.0,10227,wipeout,0,1,0,116,0,7,1256,0
split_exit,high,15.0,10228,success,1,0,0,179,1,7,579,0
split_exit,high,15.0,10229,success,1,0,0,212,2,7,1752,0
split_exit,high,15.0,10230,success,1,0,0,139,1,7,848,0
split_exit,high,15.0,10231,wipeout,0,1,0,128,0,7,239,0
split_exit,high,15.0,10232,success,1,0,0,143,1,7,1208,0
split_exit,high,15.0,10233,wipeout,0,1,0,121,0,7,210,0
split_exit,high,15.0,10234,trapped_inside,0,0,0,400,3,7,2528,1
split_exit,high,15.0,10235,trapped_inside,0,0,0,400,2,7,3307,1
split_exit,high,15.0,10236,wipeout,0,1,0,123,0,7,876,0
split_exit,high,15.0,10237,success,1,0,0,177,1,7,1042,0
split_exit,high,15.0,10238,wipeout,0,1,0,132,0,6,993,0
split_exit,high,15.0,10239,success,1,0,0,168,1,7,458,0
split_exit,high,15.0,10240,success,1,0,0,216,1,7,822,0
split_exit,high,15.0,10241,trapped_inside,0,0,0,400,1,7,314,1
split_exit,high,15.0,10242,trapped_inside,0,0,0,400,1,7,595,1
split_exit,high,15.0,10243,wipeout,0,1,0,121,0,7,1556,0
split_exit,high,15.0,10244,success,1,0,0,183,2,7,1224,0
split_exit,high,15.0,10245,wipeout,0,1,0,146,0,7,774,0
split_exit,high,15.0,10246,wipeout,0,1,0,201,0,7,727,0
split_exit,high,15.0,10247,wipeout,0,1,0,166,0,7,514,0
split_exit,high,15.0,10248,wipeout,0,1,0,206,0,7,719,0
split_exit,high,15.0,10249,wipeout,0,1,0,60,0,7,449,0
split_exit,high,15.0,10250,wipeout,0,1,0,130,0,7,1384,0
split_exit,high,15.0,10251,trapped_inside,0,0,0,400,2,7,1276,1
split_exit,high,15.0,10252,wipeout,0,1,0,167,0,7,794,0
split_exit,high,15.0,10253,wipeout,0,1,0,137,0,7,601,0
split_exit,high,15.0,10254,wipeout,0,1,0,155,0,5,428,0
split_exit,high,15.0,10255,success,1,0,0,186,1,7,753,0
split_exit,high,15.0,10256,success,1,0,0,166,2,7,977,0
split_exit,high,15.0,10257,wipeout,0,1,0,135,0,7,550,0
split_exit,high,15.0,10258,wipeout,0,1,0,175,0,7,729,0
split_exit,high,15.0,10259,wipeout,0,1,0,123,0,6,968,0
split_exit,high,15.0,10260,success,1,0,0,179,2,7,1440,0
split_exit,high,15.0,10261,wipeout,0,1,0,145,0,7,951,0
split_exit,high,15.0,10262,success,1,0,0,200,1,7,763,0
split_exit,high,15.0,10263,trapped_inside,0,0,0,400,1,7,511,1
split_exit,high,15.0,10264,wipeout,0,1,0,89,0,7,1017,0
split_exit,high,15.0,10265,wipeout,0,1,0,130,0,7,476,0
split_exit,high,15.0,10266,wipeout,0,1,0,202,0,7,375,0
split_exit,high,15.0,10267,success,1,0,0,222,1,7,892,0
split_exit,high,15.0,10268,success,1,0,0,147,1,7,806,0
split_exit,high,15.0,10269,wipeout,0,1,0,195,0,7,326,0
split_exit,high,15.0,10270,success,1,0,0,189,1,7,867,0
split_exit,high,15.0,10271,wipeout,0,1,0,90,0,7,494,0
split_exit,high,15.0,10272,wipeout,0,1,0,189,0,7,1010,0
split_exit,high,15.0,10273,trapped_inside,0,0,0,400,2,7,1415,1
split_exit,high,15.0,10274,wipeout,0,1,0,85,0,7,809,0
split_exit,high,15.0,10275,wipeout,0,1,0,187,0,7,1470,0
split_exit,high,15.0,10276,trapped_inside,0,0,0,400,3,7,2858,1
split_exit,high,15.0,10277,wipeout,0,1,0,123,0,7,845,0
split_exit,high,15.0,10278,wipeout,0,1,0,147,0,7,480,0
split_exit,high,15.0,10279,success,1,0,0,220,1,7,548,0
split_exit,high,15.0,10280,trapped_inside,0,0,0,400,3,7,2423,1
split_exit,high,15.0,10281,wipeout,0,1,0,146,0,7,219,0
split_exit,high,15.0,10282,wipeout,0,1,0,166,0,7,1458,0
split_exit,high,15.0,10283,wipeout,0,1,0,113,0,7,637,0
split_exit,high,15.0,10284,trapped_inside,0,0,0,400,1,7,427,1
split_exit,high,15.0,10285,wipeout,0,1,0,145,0,7,786,0
split_exit,high,15.0,10286,success,1,0,0,115,1,7,793,0
split_exit,high,15.0,10287,wipeout,0,1,0,138,0,7,546,0
split_exit,high,15.0,10288,wipeout,0,1,0,109,0,7,784,0
split_exit,high,15.0,10289,success,1,0,0,181,1,7,948,0
split_exit,high,15.0,10290,trapped_inside,0,0,0,400,3,7,2769,1
split_exit,high,15.0,10291,trapped_inside,0,0,0,400,2,7,1232,1
split_exit,high,15.0,10292,wipeout,0,1,0,131,0,6,786,0
split_exit,high,15.0,10293,wipeout,0,1,0,130,0,7,960,0
split_exit,high,15.0,10294,wipeout,0,1,0,156,0,7,1227,0
split_exit,high,15.0,10295,success,1,0,0,202,1,7,731,0
split_exit,high,15.0,10296,wipeout,0,1,0,125,0,7,713,0
split_exit,high,15.0,10297,wipeout,0,1,0,101,0,7,886,0
split_exit,high,15.0,10298,wipeout,0,1,0,132,0,7,310,0
split_exit,high,15.0,10299,trapped_inside,0,0,0,400,3,7,2781,1
split_exit,high,15.0,10300,wipeout,0,1,0,75,0,7,557,0
split_exit,high,15.0,10301,wipeout,0,1,0,87,0,5,790,0
split_exit,high,15.0,10302,wipeout,0,1,0,133,0,5,897,0
split_exit,high,15.0,10303,wipeout,0,1,0,124,0,7,707,0
split_exit,high,15.0,10304,trapped_inside,0,0,0,400,2,7,1210,1
split_exit,high,15.0,10305,wipeout,0,1,0,100,0,7,866,0
split_exit,high,15.0,10306,wipeout,0,1,0,117,0,6,744,0
split_exit,high,15.0,10307,wipeout,0,1,0,91,0,7,547,0
split_exit,high,15.0,10308,wipeout,0,1,0,184,0,7,435,0
split_exit,high,15.0,10309,wipeout,0,1,0,155,0,7,988,0
split_exit,high,15.0,10310,trapped_inside,0,0,0,400,2,7,1536,1
split_exit,high,15.0,10311,wipeout,0,1,0,109,0,7,652,0
split_exit,high,15.0,10312,wipeout,0,1,0,184,0,7,1038,0
split_exit,high,15.0,10313,wipeout,0,1,0,106,0,7,916,0
split_exit,high,15.0,10314,wipeout,0,1,0,109,0,7,883,0
split_exit,high,15.0,10315,trapped_inside,0,0,0,400,2,7,1284,1
split_exit,high,15.0,10316,wipeout,0,1,0,130,0,7,650,0
split_exit,high,15.0,10317,wipeout,0,1,0,118,0,7,976,0
split_exit,high,15.0,10318,trapped_inside,0,0,0,400,3,7,2839,1
split_exit,high,15.0,10319,trapped_inside,0,0,0,400,1,7,998,1
split_exit,high,15.0,10320,success,1,0,0,112,1,7,824,0
split_exit,high,15.0,10321,wipeout,0,1,0,117,0,7,1266,0
split_exit,high,15.0,10322,success,1,0,0,168,1,7,732,0
split_exit,high,15.0,10323,wipeout,0,1,0,123,0,5,1006,0
split_exit,high,15.0,10324,wipeout,0,1,0,120,0,7,807,0
split_exit,high,15.0,10325,success,1,0,0,173,1,7,1386,0
split_exit,high,15.0,10326,trapped_inside,0,0,0,400,2,7,1244,1
split_exit,high,15.0,10327,wipeout,0,1,0,119,0,7,936,0
split_exit,high,15.0,10328,wipeout,0,1,0,114,0,7,260,0
split_exit,high,15.0,10329,wipeout,0,1,0,99,0,7,536,0
split_exit,high,15.0,10330,success,1,0,0,235,1,7,1265,0
split_exit,high,15.0,10331,wipeout,0,1,0,145,0,7,898,0
split_exit,high,15.0,10332,wipeout,0,1,0,152,0,7,1281,0
split_exit,high,15.0,10333,wipeout,0,1,0,127,0,7,421,0
split_exit,high,15.0,10334,wipeout,0,1,0,94,0,7,785,0
split_exit,high,15.0,10335,wipeout,0,1,0,83,0,7,729,0
split_exit,high,15.0,10336,wipeout,0,1,0,178,0,7,356,0
split_exit,high,15.0,10337,wipeout,0,1,0,123,0,7,993,0
split_exit,high,15.0,10338,success,1,0,0,162,1,7,353,0
split_exit,high,15.0,10339,trapped_inside,0,0,0,400,1,7,838,1
split_exit,high,15.0,10340,success,1,0,0,187,1,7,890,0
split_exit,high,15.0,10341,wipeout,0,1,0,95,0,7,521,0
split_exit,high,15.0,10342,wipeout,0,1,0,113,0,7,866,0
split_exit,high,15.0,10343,wipeout,0,1,0,136,0,7,426,0
split_exit,high,15.0,10344,trapped_inside,0,0,0,400,2,7,1332,1
split_exit,high,15.0,10345,wipeout,0,1,0,115,0,5,888,0
split_exit,high,15.0,10346,wipeout,0,1,0,75,0,5,933,0
split_exit,high,15.0,10347,trapped_inside,0,0,0,400,1,7,1055,1
split_exit,high,15.0,10348,trapped_inside,0,0,0,400,3,7,2502,1
split_exit,high,15.0,10349,wipeout,0,1,0,110,0,7,500,0
split_exit,high,15.0,10350,wipeout,0,1,0,110,0,7,638,0
split_exit,high,15.0,10351,wipeout,0,1,0,150,0,7,954,0
split_exit,high,15.0,10352,trapped_inside,0,0,0,400,2,7,1347,1
split_exit,high,15.0,10353,success,1,0,0,121,2,7,1346,0
split_exit,high,15.0,10354,success,1,0,0,95,1,7,1102,0
split_exit,high,15.0,10355,success,1,0,0,161,1,7,1220,0
split_exit,high,15.0,10356,wipeout,0,1,0,111,0,7,672,0
split_exit,high,15.0,10357,wipeout,0,1,0,133,0,7,381,0
split_exit,high,15.0,10358,wipeout,0,1,0,143,0,5,412,0
split_exit,high,15.0,10359,wipeout,0,1,0,130,0,7,414,0
split_exit,high,15.0,10360,success,1,0,0,199,2,7,1683,0
split_exit,high,15.0,10361,wipeout,0,1,0,97,0,5,775,0
split_exit,high,15.0,10362,wipeout,0,1,0,105,0,5,792,0
split_exit,high,15.0,10363,wipeout,0,1,0,179,0,7,423,0
split_exit,high,15.0,10364,wipeout,0,1,0,123,0,7,1262,0
split_exit,high,15.0,10365,wipeout,0,1,0,120,0,7,840,0
split_exit,high,15.0,10366,wipeout,0,1,0,125,0,7,626,0
split_exit,high,15.0,10367,success,1,0,0,230,1,7,626,0
split_exit,high,15.0,10368,wipeout,0,1,0,144,0,7,677,0
split_exit,high,15.0,10369,success,1,0,0,205,1,7,208,0
split_exit,high,15.0,10370,wipeout,0,1,0,93,0,5,786,0
split_exit,high,15.0,10371,trapped_inside,0,0,0,400,1,7,486,1
split_exit,high,15.0,10372,wipeout,0,1,0,140,0,7,802,0
split_exit,high,15.0,10373,trapped_inside,0,0,0,400,2,7,1551,1
split_exit,high,15.0,10374,wipeout,0,1,0,213,0,7,582,0
split_exit,high,15.0,10375,wipeout,0,1,0,141,0,6,273,0
split_exit,high,15.0,10376,wipeout,0,1,0,129,0,7,589,0
split_exit,high,15.0,10377,wipeout,0,1,0,102,0,6,924,0
split_exit,high,15.0,10378,wipeout,0,1,0,141,0,7,1054,0
split_exit,high,15.0,10379,trapped_inside,0,0,0,400,3,7,2850,1
split_exit,high,15.0,10380,trapped_inside,0,0,0,400,2,7,1320,1
split_exit,high,15.0,10381,trapped_inside,0,0,0,400,1,7,870,1
split_exit,high,15.0,10382,wipeout,0,1,0,162,0,7,435,0
split_exit,high,15.0,10383,trapped_inside,0,0,0,400,2,7,1238,1
split_exit,high,15.0,10384,wipeout,0,1,0,72,0,6,513,0
split_exit,high,15.0,10385,wipeout,0,1,0,79,0,7,672,0
split_exit,high,15.0,10386,trapped_inside,0,0,0,400,1,7,622,1
split_exit,high,15.0,10387,wipeout,0,1,0,176,0,7,958,0
split_exit,high,15.0,10388,wipeout,0,1,0,138,0,7,388,0
split_exit,high,15.0,10389,trapped_inside,0,0,0,400,2,7,1542,1
split_exit,high,15.0,10390,wipeout,0,1,0,116,0,7,350,0
split_exit,high,15.0,10391,trapped_inside,0,0,0,400,1,7,934,1
split_exit,high,15.0,10392,success,1,0,0,216,2,7,1240,0
split_exit,high,15.0,10393,wipeout,0,1,0,106,0,7,703,0
split_exit,high,15.0,10394,wipeout,0,1,0,106,0,7,550,0
split_exit,high,15.0,10395,trapped_inside,0,0,0,400,3,7,3128,1
split_exit,high,15.0,10396,success,1,0,0,228,1,7,926,0
split_exit,high,15.0,10397,wipeout,0,1,0,98,0,7,542,0
split_exit,high,15.0,10398,wipeout,0,1,0,179,0,7,1126,0
split_exit,high,15.0,10399,success,1,0,0,177,1,7,675,0
split_exit,high,15.0,10400,wipeout,0,1,0,73,0,5,487,0
split_exit,high,15.0,10401,wipeout,0,1,0,71,0,5,402,0
split_exit,high,15.0,10402,wipeout,0,1,0,115,0,7,700,0
split_exit,high,15.0,10403,trapped_inside,0,0,0,400,3,7,3126,1
split_exit,high,15.0,10404,wipeout,0,1,0,97,0,7,778,0
split_exit,high,15.0,10405,wipeout,0,1,0,109,0,7,590,0
split_exit,high,15.0,10406,wipeout,0,1,0,182,0,7,1273,0
split_exit,high,15.0,10407,success,1,0,0,183,1,7,578,0
split_exit,high,15.0,10408,wipeout,0,1,0,142,0,6,910,0
split_exit,high,15.0,10409,wipeout,0,1,0,119,0,7,648,0
split_exit,high,15.0,10410,trapped_inside,0,0,0,400,3,7,2740,1
split_exit,high,15.0,10411,trapped_inside,0,0,0,400,1,7,1186,1
split_exit,high,15.0,10412,trapped_inside,0,0,0,400,1,7,1578,1
split_exit,high,15.0,10413,trapped_inside,0,0,0,400,1,7,785,1
split_exit,high,15.0,10414,wipeout,0,1,0,117,0,7,766,0
split_exit,high,15.0,10415,trapped_inside,0,0,0,400,3,7,2776,1
split_exit,high,15.0,10416,wipeout,0,1,0,163,0,7,361,0
split_exit,high,15.0,10417,trapped_inside,0,0,0,400,2,7,1354,1
split_exit,high,15.0,10418,wipeout,0,1,0,130,0,7,829,0
split_exit,high,15.0,10419,wipeout,0,1,0,217,0,7,774,0
split_exit,high,15.0,10420,wipeout,0,1,0,208,0,7,678,0
split_exit,high,15.0,10421,wipeout,0,1,0,172,0,7,832,0
split_exit,high,15.0,10422,wipeout,0,1,0,185,0,7,693,0
split_exit,high,15.0,10423,wipeout,0,1,0,160,0,4,865,0
split_exit,high,15.0,10424,trapped_inside,0,0,0,400,1,7,606,1
split_exit,high,15.0,10425,trapped_inside,0,0,0,400,1,7,711,1
split_exit,high,15.0,10426,wipeout,0,1,0,194,0,7,304,0
split_exit,high,15.0,10427,wipeout,0,1,0,164,0,7,1002,0
split_exit,high,15.0,10428,success,1,0,0,165,1,7,580,0
split_exit,high,15.0,10429,wipeout,0,1,0,104,0,6,776,0
split_exit,high,15.0,10430,wipeout,0,1,0,214,0,7,1086,0
split_exit,high,15.0,10431,trapped_inside,0,0,0,400,1,7,606,1
split_exit,high,15.0,10432,success,1,0,0,183,3,7,1946,0
split_exit,high,15.0,10433,success,1,0,0,203,1,7,534,0
split_exit,high,15.0,10434,success,1,0,0,154,1,7,792,0
split_exit,high,15.0,10435,wipeout,0,1,0,161,0,7,708,0
split_exit,high,15.0,10436,trapped_inside,0,0,0,400,2,7,1868,1
split_exit,high,15.0,10437,success,1,0,0,164,1,7,986,0
split_exit,high,15.0,10438,wipeout,0,1,0,186,0,7,344,0
split_exit,high,15.0,10439,wipeout,0,1,0,122,0,7,668,0
split_exit,high,15.0,10440,wipeout,0,1,0,128,0,5,620,0
split_exit,high,15.0,10441,wipeout,0,1,0,186,0,7,641,0
split_exit,high,15.0,10442,success,1,0,0,157,1,7,856,0
split_exit,high,15.0,10443,trapped_inside,0,0,0,400,2,7,1552,1
split_exit,high,15.0,10444,wipeout,0,1,0,193,0,7,308,0
split_exit,high,15.0,10445,success,1,0,0,125,2,7,1216,0
split_exit,high,15.0,10446,trapped_inside,0,0,0,400,2,7,2012,1
split_exit,high,15.0,10447,trapped_inside,0,0,0,400,1,7,1053,1
split_exit,high,15.0,10448,trapped_inside,0,0,0,400,2,7,1007,1
split_exit,high,15.0,10449,wipeout,0,1,0,121,0,7,622,0
split_exit,high,15.0,10450,wipeout,0,1,0,122,0,7,1102,0
split_exit,high,15.0,10451,wipeout,0,1,0,118,0,7,887,0
split_exit,high,15.0,10452,trapped_inside,0,0,0,400,3,7,2724,1
split_exit,high,15.0,10453,wipeout,0,1,0,89,0,6,948,0
split_exit,high,15.0,10454,success,1,0,0,205,1,7,774,0
split_exit,high,15.0,10455,trapped_inside,0,0,0,400,1,7,367,1
split_exit,high,15.0,10456,wipeout,0,1,0,114,0,7,720,0
split_exit,high,15.0,10457,wipeout,0,1,0,103,0,6,596,0
split_exit,high,15.0,10458,wipeout,0,1,0,149,0,7,425,0
split_exit,high,15.0,10459,wipeout,0,1,0,132,0,7,440,0
split_exit,high,15.0,10460,wipeout,0,1,0,129,0,7,882,0
split_exit,high,15.0,10461,success,1,0,0,192,1,7,988,0
split_exit,high,15.0,10462,wipeout,0,1,0,108,0,7,390,0
split_exit,high,15.0,10463,wipeout,0,1,0,151,0,7,507,0
split_exit,high,15.0,10464,trapped_inside,0,0,0,400,2,7,1753,1
split_exit,high,15.0,10465,wipeout,0,1,0,210,0,7,673,0
split_exit,high,15.0,10466,wipeout,0,1,0,117,0,7,732,0
split_exit,high,15.0,10467,wipeout,0,1,0,102,0,7,908,0
split_exit,high,15.0,10468,wipeout,0,1,0,91,0,7,1182,0
split_exit,high,15.0,10469,wipeout,0,1,0,108,0,7,973,0
split_exit,high,15.0,10470,trapped_inside,0,0,0,400,3,7,2467,1
split_exit,high,15.0,10471,wipeout,0,1,0,154,0,7,360,0
split_exit,high,15.0,10472,wipeout,0,1,0,75,0,7,432,0
split_exit,high,15.0,10473,wipeout,0,1,0,129,0,6,495,0
split_exit,high,15.0,10474,success,1,0,0,152,1,7,791,0
split_exit,high,15.0,10475,wipeout,0,1,0,108,0,7,1098,0
split_exit,high,15.0,10476,trapped_inside,0,0,0,400,2,7,1787,1
split_exit,high,15.0,10477,wipeout,0,1,0,150,0,7,495,0
split_exit,high,15.0,10478,wipeout,0,1,0,168,0,7,385,0
split_exit,high,15.0,10479,wipeout,0,1,0,111,0,7,642,0
split_exit,high,15.0,10480,trapped_inside,0,0,0,400,2,7,1174,1
split_exit,high,15.0,10481,wipeout,0,1,0,59,0,5,419,0
split_exit,high,15.0,10482,wipeout,0,1,0,169,0,6,421,0
split_exit,high,15.0,10483,wipeout,0,1,0,95,0,7,658,0
split_exit,high,15.0,10484,trapped_inside,0,0,0,400,1,7,708,1
split_exit,high,15.0,10485,wipeout,0,1,0,165,0,7,428,0
split_exit,high,15.0,10486,wipeout,0,1,0,99,0,7,912,0
split_exit,high,15.0,10487,success,1,0,0,252,1,7,465,0
split_exit,high,15.0,10488,wipeout,0,1,0,141,0,7,864,0
split_exit,high,15.0,10489,wipeout,0,1,0,129,0,7,348,0
split_exit,high,15.0,10490,trapped_inside,0,0,0,400,3,7,2299,1
split_exit,high,15.0,10491,trapped_inside,0,0,0,400,3,7,2774,1
split_exit,high,15.0,10492,wipeout,0,1,0,113,0,7,766,0
split_exit,high,15.0,10493,success,1,0,0,145,2,7,1254,0
split_exit,high,15.0,10494,wipeout,0,1,0,126,0,7,874,0
split_exit,high,15.0,10495,wipeout,0,1,0,105,0,7,532,0
split_exit,high,15.0,10496,success,1,0,0,171,1,7,654,0
split_exit,high,15.0,10497,wipeout,0,1,0,111,0,6,580,0
split_exit,high,15.0,10498,wipeout,0,1,0,141,0,7,335,0
split_exit,high,15.0,10499,success,1,0,0,175,1,7,1102,0
